iata,icao,name,city,country,lat,lon,elevation_ft,type
WKK,,Aleknagik / New Airport,Aleknagik,US,59.2826004028,-158.617996216,66.0,medium_airport
BBQ,TAPB,Burton-Nibbs International Airport,Codrington,AG,17.621194,-61.798347,28.0,medium_airport
HIR,AGGH,Honiara International Airport,Honiara,SB,-9.428,160.054993,28.0,large_airport
MUA,AGGM,Munda Airport,Munda,SB,-8.32797,157.263,10.0,medium_airport
INU,ANYN,Nauru International Airport,Yaren,NR,-0.547893,166.919525,22.0,medium_airport
AXF,ZBAL,Alxa Left Banner Bayanhot Airport,Bayanhot,CN,38.748317,105.58416,4560.0,medium_airport
VMU,AYBA,Baimuru Airport,Baimuru,PG,-7.496955,144.821756,27.0,medium_airport
BUA,AYBK,Buka Airport,Buka Island,PG,-5.422299,154.672698,11.0,medium_airport
OPU,AYBM,Balimo Airport,Balimo,PG,-8.05000019073,142.932998657,51.0,medium_airport
CMU,AYCH,Chimbu Airport,Kundiawa,PG,-6.024290084838867,144.9709930419922,4974.0,medium_airport
DAU,AYDU,Daru Airport,Daru,PG,-9.08676,143.207993,20.0,medium_airport
GKA,AYGA,Goroka Airport,Goronka,PG,-6.081689834590001,145.391998291,5282.0,medium_airport
GUR,AYGN,Gurney Airport,Gurney,PG,-10.3114995956,150.333999634,88.0,medium_airport
PNP,AYGR,Girua Airport,Popondetta,PG,-8.80453968048,148.309005737,311.0,medium_airport
HKN,AYHK,Hoskins Airport,Kimbe,PG,-5.463846,150.407327,66.0,medium_airport
KMA,AYKM,Kerema Airport,Kerema,PG,-7.96361017227,145.770996094,10.0,medium_airport
KVG,AYKV,Kavieng Airport,Kavieng,PG,-2.57940006256,150.807998657,7.0,medium_airport
MAG,AYMD,Madang Airport,Madang,PG,-5.20707988739,145.789001465,20.0,medium_airport
HGU,AYMH,Mount Hagen Kagamuga Airport,Mount Hagen,PG,-5.828212,144.299412,5388.0,medium_airport
MDU,AYMN,Mendi Airport,Mendi,PG,-6.14774,143.656998,5680.0,medium_airport
MAS,AYMO,Momote Airport,Manus Island,PG,-2.06189,147.423996,12.0,medium_airport
LAE,AYNZ,Nadzab Tomodachi International Airport,Lae,PG,-6.567995,146.726544,239.0,large_airport
POM,AYPY,Port Moresby Jacksons International Airport,Port Moresby,PG,-9.44338035583496,147.22000122070312,146.0,large_airport
RAB,AYTK,Tokua Airport,Kokopo,PG,-4.34046,152.380005,49.0,medium_airport
VAI,AYVN,Vanimo Airport,Vanimo,PG,-2.6926,141.3028,10.0,medium_airport
WBM,AYWD,Wapenamanda Airport,Wapenamanda,PG,-5.635293,143.892231,5889.0,medium_airport
WWK,AYWK,Wewak International Airport,Wewak,PG,-3.58383011818,143.669006348,19.0,medium_airport
JEG,BGAA,Aasiaat Airport,Aasiaat,GL,68.721802,-52.784698,74.0,medium_airport
CNP,BGCO,Neerlerit Inaat Airport,Neerlerit Inaat,GL,70.743103,-22.650499,45.0,medium_airport
GOH,BGGH,Nuuk International Airport,Nuuk,GL,64.191066,-51.67914,283.0,large_airport
JAV,BGJN,Ilulissat Airport,Ilulissat,GL,69.243202,-51.057098,95.0,medium_airport
KUS,BGKK,Kulusuk Airport,Kulusuk,GL,65.573601,-37.1236,117.0,medium_airport
NAQ,BGQQ,Qaanaaq Airport,Qaanaaq,GL,77.488602,-69.388702,51.0,medium_airport
SFJ,BGSF,Kangerlussuaq International Airport,Kangerlussuaq,GL,67.010446,-50.715294,165.0,medium_airport
JHS,BGSS,Sisimiut Airport,Sisimiut,GL,66.951302,-53.729301,33.0,medium_airport
THU,BGTL,Pituffik Space Base,Pituffik,GL,76.53063,-68.700541,251.0,medium_airport
AEY,BIAR,Akureyri International Airport,Akureyri,IS,65.656573,-18.072018,6.0,large_airport
EGS,BIEG,Egilsstaðir Airport,Egilsstaðir,IS,65.2833023071289,-14.401399612426758,76.0,medium_airport
GRY,BIGR,Grímsey Airport,Grímsey/Sandvík,IS,66.5458,-18.0173,66.0,medium_airport
HFN,BIHN,Hornafjörður Airport,Höfn,IS,64.295601,-15.2272,24.0,medium_airport
IFJ,BIIS,Ísafjörður Airport,Ísafjörður,IS,66.058098,-23.1353,8.0,medium_airport
KEF,BIKF,Keflavik International Airport,Reykjavík,IS,63.985001,-22.6056,171.0,large_airport
RKV,BIRK,Reykjavík Domestic Airport,Reykjavík,IS,64.128732,-21.93759,48.0,medium_airport
VPN,BIVO,Vopnafjörður Airport,Vopnafjörður,IS,65.720596,-14.8506,16.0,medium_airport
PRN,BKPR,Priština Adem Jashari International Airport,Prishtina,XK,42.5728,21.035801,1789.0,large_airport
VDC,SBVC,Glauber de Andrade Rocha Airport,Vitória da Conquista,BR,-14.907885,-40.914804,2940.0,medium_airport
CUK,MZCK,Caye Caulker Airport,Caye Caulker,BZ,17.735015,-88.032862,2.0,medium_airport
CYC,MZCP,Caye Chapel Airport,Caye Chapel,BZ,17.683792,-88.044985,3.0,medium_airport
CZH,MZCZ,Corozal Airport,Corozal,BZ,18.3822,-88.411903,40.0,medium_airport
DGA,MZPB,Dangriga Airport,Dangriga,BZ,16.98251,-88.230988,10.0,medium_airport
SPR,MZSP,John Greif II Airport,San Pedro,BZ,17.9139,-87.9711,4.0,medium_airport
TZA,MZBE,Sir Barry Bowen Municipal Airport,Belize City,BZ,17.517239,-88.195775,8.0,medium_airport
YAA,,Anahim Lake Airport,Anahim Lake,CA,52.451501,-125.303776,3635.0,medium_airport
XQU,,Qualicum Beach Airport,Qualicum Beach,CA,49.337456,-124.393086,191.0,medium_airport
ZEL,CBBC,Bella Bella (Campbell Island) Airport,Bella Bella,CA,52.185001,-128.156994,141.0,medium_airport
BZX,ZUBZ,Bazhong Enyang Airport,Bazhong,CN,31.73842,106.644872,1804.0,medium_airport
HSC,ZGSG,Shaoguan Danxia Airport,Shaoguan,CN,24.9786,113.420998,280.0,medium_airport
JGS,ZSGS,Jinggangshan Airport,Ji'an,CN,26.856899,114.737,281.0,medium_airport
JNH,ZSJX,Jiaxing Nanhu Airport,"Xiuzhou, Hangzhou",CN,30.698056,120.663056,15.0,medium_airport
DDR,ZUDR,Shigatse Tingri Airport,Xigazê (Dingri),CN,28.604567,86.798,14108.0,medium_airport
HQL,ZWTK,Tashikuergan Hongqilafu Airport,Tashikuergan,CN,37.661333,75.288877,10499.0,medium_airport
LSG,,Leshan Airport,Leshan (Wutongqiao),CN,29.438627,103.749218,1189.0,medium_airport
ZAT,ZPZT,Zhaotong Zhaoyang Airport,Zhaotong,CN,27.205843,103.691511,,medium_airport
BFY,ZSBA,Bengbu Tenghu Airport,Bengbu,CN,33.166292,117.058344,,medium_airport
YAG,CYAG,Fort Frances Municipal Airport,Fort Frances,CA,48.655749,-93.44349,1125.0,medium_airport
YAM,CYAM,Sault Ste Marie Airport,Sault Ste Marie,CA,46.483216,-84.508467,630.0,medium_airport
XKS,CYAQ,Kasabonika Airport,Kasabonika,CA,53.52470016479492,-88.6427993774414,672.0,medium_airport
YAY,CYAY,St. Anthony Airport,St. Anthony,CA,51.391909,-56.08321,108.0,medium_airport
YAZ,CYAZ,Tofino / Long Beach Airport,Tofino,CA,49.079833,-125.775583,80.0,medium_airport
YBC,CYBC,Baie-Comeau Airport,Baie-Comeau,CA,49.1325,-68.204399,71.0,medium_airport
QBC,CYBD,Bella Coola Airport,Bella Coola,CA,52.387501,-126.596001,117.0,medium_airport
YBY,CYBF,Bonnyville Airport,Bonnyville,CA,54.304199,-110.744003,1836.0,medium_airport
YBG,CYBG,Saguenay-Bagotville Airport,Saguenay,CA,48.330123,-70.992012,522.0,medium_airport
YBK,CYBK,Baker Lake Airport,Baker Lake,CA,64.29889678960001,-96.077796936,59.0,medium_airport
YBL,CYBL,Campbell River Airport,Campbell River,CA,49.950802,-125.271004,346.0,medium_airport
YBR,CYBR,Brandon Municipal Airport,Brandon,CA,49.91,-99.951897,1343.0,medium_airport
YBX,CYBX,Lourdes-de-Blanc-Sablon Airport,Blanc-Sablon,CA,51.4436,-57.185299,121.0,medium_airport
YCB,CYCB,Cambridge Bay Airport,Cambridge Bay,CA,69.1081008911,-105.138000488,90.0,medium_airport
YCD,CYCD,Nanaimo Airport,Nanaimo,CA,49.05497,-123.869863,92.0,medium_airport
YCG,CYCG,Castlegar/West Kootenay Regional Airport,Castlegar,CA,49.296398,-117.632004,1624.0,medium_airport
YCL,CYCL,Charlo Airport,Charlo,CA,47.990799,-66.330299,132.0,medium_airport
YDA,CYDA,Dawson City Airport,Dawson City,CA,64.04309844970703,-139.1280059814453,1215.0,medium_airport
YDF,CYDF,Deer Lake Airport,Deer Lake,CA,49.208159,-57.396147,72.0,medium_airport
YDN,CYDN,Dauphin Barker Airport,Dauphin,CA,51.1008,-100.052002,999.0,medium_airport
YEG,CYEG,Edmonton International Airport,Edmonton,CA,53.3097,-113.580002,2373.0,large_airport
YEV,CYEV,Inuvik Mike Zubko Airport,Inuvik,CA,68.30419921880001,-133.483001709,224.0,medium_airport
YFB,CYFB,Iqaluit Airport,Iqaluit,CA,63.756402,-68.555801,110.0,medium_airport
YFC,CYFC,Fredericton International Airport,Fredericton,CA,45.868697,-66.529891,68.0,medium_airport
YFS,CYFS,Fort Simpson Airport,Fort Simpson,CA,61.76020050048828,-121.23699951171876,555.0,medium_airport
YGL,CYGL,La Grande Rivière Airport,La Grande Rivière,CA,53.625301361083984,-77.7042007446289,639.0,medium_airport
YGP,CYGP,Michel-Pouliot Gaspé Airport,Gaspé,CA,48.774915,-64.481893,112.0,medium_airport
YGR,CYGR,Îles-de-la-Madeleine Airport,Les Îles-de-la-Madeleine,CA,47.425242,-61.778612,35.0,medium_airport
YGV,CYGV,Havre-Saint-Pierre Airport,Havre-Saint-Pierre,CA,50.281898,-63.611401,124.0,medium_airport
YGW,CYGW,Kuujjuarapik Airport,Kuujjuarapik,CA,55.28189849853515,-77.76529693603516,34.0,medium_airport
YHM,CYHM,John C. Munro Hamilton International Airport,Hamilton,CA,43.17348,-79.931185,780.0,medium_airport
YHU,CYHU,Montréal / Saint-Hubert Metropolitan Airport,Montréal,CA,45.517502,-73.416901,90.0,medium_airport
YHY,CYHY,Hay River / Merlyn Carter Airport,Hay River,CA,60.8396987915,-115.782997131,541.0,medium_airport
YHZ,CYHZ,Halifax / Stanfield International Airport,Halifax,CA,44.8807983398,-63.5085983276,477.0,large_airport
YIF,CYIF,St Augustin Airport,St-Augustin,CA,51.2117,-58.658298,20.0,medium_airport
YIV,CYIV,Island Lake Airport,Island Lake,CA,53.857200622558594,-94.65360260009766,770.0,medium_airport
YJT,CYJT,Stephenville Dymond International Airport,Stephenville,CA,48.54339,-58.552892,84.0,medium_airport
YKA,CYKA,Kamloops John Moose Fulton Field Regional Airport,Kamloops,CA,50.703038,-120.448641,1133.0,medium_airport
YKF,CYKF,Region of Waterloo International Airport,Breslau,CA,43.4608,-80.378601,1054.0,medium_airport
YKL,CYKL,Schefferville Airport,Schefferville,CA,54.805301666259766,-66.8052978515625,1709.0,medium_airport
YLL,CYLL,Lloydminster Airport,Lloydminster,CA,53.3092,-110.072998,2193.0,medium_airport
YLK,CYLS,Barrie-Lake Simcoe Regional Airport,Barrie,CA,44.485056,-79.554663,972.0,medium_airport
YLW,CYLW,Kelowna International Airport,Kelowna,CA,49.9561,-119.377998,1421.0,large_airport
YMM,CYMM,Fort McMurray International Airport,Fort McMurray,CA,56.653301,-111.222,1211.0,medium_airport
YMO,CYMO,Moosonee Airport,Moosonee,CA,51.29109954833984,-80.60780334472656,30.0,medium_airport
YMT,CYMT,Chapais Airport,Chibougamau,CA,49.77190017700195,-74.5280990600586,1270.0,medium_airport
YMX,CYMX,Montreal Mirabel International Airport,Montréal,CA,45.679501,-74.038696,270.0,medium_airport
YNA,CYNA,Natashquan Airport,Natashquan,CA,50.190114,-61.78898,39.0,medium_airport
YND,CYND,Ottawa / Gatineau Airport,Gatineau,CA,45.521702,-75.563599,211.0,medium_airport
YNL,CYNL,Points North Landing Airport,Points North Landing,CA,58.27669906616211,-104.08200073242188,1605.0,medium_airport
YOJ,CYOJ,High Level Airport,High Level,CA,58.62139892578125,-117.16500091552734,1110.0,medium_airport
YOW,CYOW,Ottawa Macdonald-Cartier International Airport,Ottawa,CA,45.322498,-75.669197,374.0,large_airport
YPA,CYPA,Prince Albert Glass Field,Prince Albert,CA,53.2141990662,-105.672996521,1405.0,medium_airport
YPE,CYPE,Peace River Airport,Peace River,CA,56.226898,-117.446999,1873.0,medium_airport
YPL,CYPL,Pickle Lake Airport,Pickle Lake,CA,51.4463996887207,-90.21420288085938,1267.0,medium_airport
YPN,CYPN,Port-Menier Airport,Port-Menier,CA,49.836399,-64.288597,167.0,medium_airport
YPQ,CYPQ,Peterborough Regional Airport,Peterborough,CA,44.232251,-78.362053,628.0,medium_airport
YPR,CYPR,Prince Rupert Airport,Prince Rupert,CA,54.2860984802,-130.445007324,116.0,medium_airport
YPW,CYPW,Powell River Airport,Powell River,CA,49.83420181274414,-124.5,425.0,medium_airport
YPX,CYPX,Puvirnituq Airport,Puvirnituq,CA,60.050598,-77.286903,74.0,medium_airport
YPY,CYPY,Fort Chipewyan Airport,Fort Chipewyan,CA,58.7672004699707,-111.11699676513672,761.0,medium_airport
YPZ,CYPZ,Burns Lake Airport,Burns Lake,CA,54.3764,-125.950996,2343.0,medium_airport
YQA,CYQA,Muskoka Airport,Gravenhurst,CA,44.975376,-79.306546,925.0,medium_airport
YQB,CYQB,Quebec Jean Lesage International Airport,Quebec,CA,46.7911,-71.393303,244.0,large_airport
YQD,CYQD,The Pas Airport,The Pas,CA,53.97140121459961,-101.09100341796876,887.0,medium_airport
YQG,CYQG,Windsor International Airport,Windsor,CA,42.2756,-82.955597,622.0,medium_airport
YQH,CYQH,Watson Lake Airport,Watson Lake,CA,60.116839,-128.821993,2255.0,medium_airport
YQK,CYQK,Kenora Airport,Kenora,CA,49.788299560546875,-94.36309814453124,1332.0,medium_airport
YQL,CYQL,Lethbridge County Airport,Lethbridge,CA,49.6302986145,-112.800003052,3048.0,medium_airport
YQM,CYQM,Greater Moncton Roméo LeBlanc International Airport,Moncton,CA,46.113189,-64.67719,232.0,medium_airport
YQN,CYQN,Nakina Airport,Nakina,CA,50.18280029296875,-86.69640350341797,1057.0,medium_airport
YQQ,CYQQ,Comox Valley International Airport / CFB Comox,Comox,CA,49.7108,-124.887001,84.0,medium_airport
YQR,CYQR,Regina International Airport,Regina,CA,50.431938,-104.660906,1894.0,medium_airport
YQT,CYQT,Thunder Bay International Airport,Thunder Bay,CA,48.371899,-89.323898,653.0,medium_airport
YQU,CYQU,Grande Prairie Airport,Grande Prairie,CA,55.1796989441,-118.885002136,2195.0,medium_airport
YQX,CYQX,Gander International Airport,Gander,CA,48.936258,-54.567719,496.0,medium_airport
YQY,CYQY,Sydney / J.A. Douglas McCurdy Airport,Sydney,CA,46.161072,-60.049759,203.0,medium_airport
YQZ,CYQZ,Quesnel Airport,Quesnel,CA,53.026100158691406,-122.51000213623048,1789.0,medium_airport
YRB,CYRB,Resolute Bay Airport,Resolute Bay,CA,74.7169036865,-94.9693984985,215.0,medium_airport
YRJ,CYRJ,Roberval Airport,Roberval,CA,48.519665,-72.265735,586.0,medium_airport
YRL,CYRL,Red Lake Airport,Red Lake,CA,51.066898345947266,-93.79309844970705,1265.0,medium_airport
YRO,CYRO,Ottawa / Rockcliffe Airport,Ottawa,CA,45.460496,-75.644001,188.0,medium_airport
YRT,CYRT,Rankin Inlet Airport,Rankin Inlet,CA,62.8114013672,-92.1157989502,94.0,medium_airport
YSB,CYSB,Sudbury Airport,Sudbury,CA,46.625,-80.79889678955078,1141.0,medium_airport
YSF,CYSF,Stony Rapids Airport,Stony Rapids,CA,59.250301361083984,-105.84100341796876,805.0,medium_airport
YSJ,CYSJ,Saint John Airport,Saint John,CA,45.31610107421875,-65.89029693603516,357.0,medium_airport
YSL,CYSL,Saint-Léonard Airport,Saint-Léonard,CA,47.157097,-67.836242,793.0,medium_airport
YSM,CYSM,Fort Smith Airport,Fort Smith,CA,60.020302,-111.961998,671.0,medium_airport
YCM,CYSN,Niagara District Airport,Niagara-on-the-Lake,CA,43.191598,-79.171686,321.0,medium_airport
YTH,CYTH,Thompson Airport,Thompson,CA,55.80110168457031,-97.86419677734376,729.0,medium_airport
YTS,CYTS,Timmins/Victor M. Power,Timmins,CA,48.5696983337,-81.376701355,967.0,medium_airport
YTZ,CYTZ,Billy Bishop Toronto City Airport,Toronto,CA,43.627852,-79.39553,252.0,medium_airport
YUL,CYUL,Montreal / Pierre Elliott Trudeau International Airport,Montréal,CA,45.467837,-73.742294,118.0,large_airport
YUX,CYUX,Hall Beach Airport,Sanirajak,CA,68.7761,-81.2425,30.0,medium_airport
YUY,CYUY,Rouyn Noranda Airport,Rouyn-Noranda,CA,48.20610046386719,-78.83560180664062,988.0,medium_airport
YVB,CYVB,Bonaventure Airport,Bonaventure,CA,48.071098,-65.460297,123.0,medium_airport
YVC,CYVC,La Ronge Airport,La Ronge,CA,55.1514015198,-105.262001038,1242.0,medium_airport
YVO,CYVO,Val-d'Or Airport,Val-d'Or,CA,48.0532989502,-77.7827987671,1107.0,medium_airport
YVP,CYVP,Kuujjuaq Airport,Kuujjuaq,CA,58.096099853515625,-68.4269027709961,129.0,medium_airport
YVQ,CYVQ,Norman Wells Airport,Norman Wells,CA,65.28160095214844,-126.7979965209961,238.0,medium_airport
YVR,CYVR,Vancouver International Airport,Vancouver,CA,49.193901,-123.183998,14.0,large_airport
YVV,CYVV,Wiarton Airport,Wiarton,CA,44.7458,-81.107201,729.0,medium_airport
YWG,CYWG,Winnipeg / James Armstrong Richardson International Airport,Winnipeg,CA,49.909999847399995,-97.2398986816,783.0,large_airport
YWK,CYWK,Wabush Airport,Wabush,CA,52.92190170288086,-66.8644027709961,1808.0,medium_airport
YWL,CYWL,Williams Lake Airport,Williams Lake,CA,52.1831016541,-122.054000854,3085.0,medium_airport
YXC,CYXC,Cranbrook/Canadian Rockies International Airport,Cranbrook,CA,49.610802,-115.781998,3082.0,medium_airport
YXE,CYXE,Saskatoon John G. Diefenbaker International Airport,Saskatoon,CA,52.170723,-106.700793,1653.0,large_airport
YXH,CYXH,Medicine Hat Regional Airport,Medicine Hat,CA,50.018902,-110.721001,2352.0,medium_airport
YXJ,CYXJ,Fort St John / North Peace Regional Airport,Fort Saint John,CA,56.238098,-120.739998,2280.0,medium_airport
YXK,CYXK,Rimouski Airport,Rimouski,CA,48.477644,-68.496323,82.0,medium_airport
YXL,CYXL,Sioux Lookout Airport,Sioux Lookout,CA,50.11389923095703,-91.9052963256836,1258.0,medium_airport
YXS,CYXS,Prince George (International) Airport,Prince George,CA,53.884311,-122.666554,2267.0,medium_airport
YXT,CYXT,Northwest Regional Airport Terrace-Kitimat,Terrace,CA,54.468498,-128.576009,713.0,medium_airport
YXU,CYXU,London International Airport,London,CA,43.032845,-81.149003,912.0,medium_airport
YXX,CYXX,Abbotsford International Airport,Abbotsford,CA,49.025299,-122.361,195.0,medium_airport
YXY,CYXY,Whitehorse / Erik Nielsen International Airport,Whitehorse,CA,60.708533,-135.065705,2317.0,medium_airport
YYB,CYYB,North Bay Jack Garland Airport,North Bay,CA,46.363602,-79.422798,1215.0,medium_airport
YYC,CYYC,Calgary International Airport,Calgary,CA,51.118822,-114.009933,3557.0,large_airport
YYD,CYYD,Smithers Airport,Smithers,CA,54.82469940185547,-127.18299865722656,1712.0,medium_airport
YYE,CYYE,Fort Nelson Airport,Fort Nelson,CA,58.8363990784,-122.597000122,1253.0,medium_airport
YYF,CYYF,Penticton Airport,Penticton,CA,49.46310043334961,-119.60199737548828,1129.0,medium_airport
YYG,CYYG,Charlottetown Airport,Charlottetown,CA,46.288911,-63.125174,160.0,medium_airport
YYJ,CYYJ,Victoria International Airport,Victoria,CA,48.647201,-123.427792,63.0,large_airport
YYL,CYYL,Lynn Lake Airport,Lynn Lake,CA,56.86389923095703,-101.07599639892578,1170.0,medium_airport
YYQ,CYYQ,Churchill Airport,Churchill,CA,58.739200592041016,-94.06500244140624,94.0,medium_airport
YYR,CYYR,Goose Bay Airport,Goose Bay,CA,53.3191986084,-60.4258003235,160.0,medium_airport
YYT,CYYT,St. John's International Airport,St. John's,CA,47.618599,-52.7519,461.0,large_airport
YYY,CYYY,Mont Joli Airport,Mont-Joli,CA,48.60860061645508,-68.20809936523438,172.0,medium_airport
YYZ,CYYZ,Toronto Pearson International Airport,Toronto,CA,43.675935,-79.629421,569.0,large_airport
YZF,CYZF,Yellowknife International Airport,Yellowknife,CA,62.462799,-114.440002,675.0,medium_airport
YZP,CYZP,Sandspit Airport,Sandspit,CA,53.25429916379999,-131.813995361,21.0,medium_airport
YZS,CYZS,Coral Harbour Airport,Coral Harbour,CA,64.1932983398,-83.3593978882,210.0,medium_airport
YZT,CYZT,Port Hardy Airport,Port Hardy,CA,50.68059921264648,-127.36699676513672,71.0,medium_airport
YZU,CYZU,Whitecourt Airport,Whitecourt,CA,54.143902,-115.787003,2567.0,medium_airport
YZV,CYZV,Sept-Îles Airport,Sept-Îles,CA,50.22330093383789,-66.2656021118164,180.0,medium_airport
ZBF,CZBF,Bathurst Airport,South Tetagouche,CA,47.6297,-65.738899,193.0,medium_airport
ZMT,CZMT,Masset Airport,Masset,CA,54.0275,-132.125,25.0,medium_airport
ZSJ,CZSJ,Sandy Lake Airport,Sandy Lake,CA,53.06420135498047,-93.34439849853516,951.0,medium_airport
BJA,DAAE,Soummam–Abane Ramdane Airport,Béjaïa,DZ,36.712547,5.069909,20.0,large_airport
ALG,DAAG,Houari Boumediene Airport,Algiers,DZ,36.693886,3.214531,82.0,large_airport
DJG,DAAJ,Tiska Djanet Airport,Djanet,DZ,24.285448,9.463652,3176.0,large_airport
VVZ,DAAP,Illizi Takhamalt Airport,Illizi,DZ,26.723499,8.62265,1778.0,medium_airport
QSF,DAAS,Ain Arnat Airport,Sétif,DZ,36.178488,5.329909,3360.0,medium_airport
TMR,DAAT,Aguenar – Hadj Bey Akhamok Airport,Tamanrasset,DZ,22.810992,5.450832,4518.0,large_airport
GJL,DAAV,Jijel Ferhat Abbas Airport,Tahir,DZ,36.794125,5.873652,36.0,large_airport
MZW,DAAY,Mecheria Airport,Mecheria,DZ,33.5359,-0.242353,3855.0,medium_airport
AAE,DABB,Annaba Rabah Bitat Airport,Annaba,DZ,36.826781,7.81334,16.0,large_airport
CZL,DABC,Mohamed Boudiaf International Airport,Constantine,DZ,36.276001,6.62039,2265.0,large_airport
TEE,DABS,Cheikh Larbi Tébessi Airport,Tébessi,DZ,35.4315986633,8.12071990967,2661.0,medium_airport
BLJ,DABT,Batna Mostefa Ben Boulaid Airport,Batna,DZ,35.752102,6.30859,2697.0,large_airport
TIN,DAOF,Tindouf Airport,Tindouf,DZ,27.7003993988,-8.167099952700001,1453.0,medium_airport
CFK,DAOI,Chlef Aboubakr Belkaid International Airport,Chlef,DZ,36.216614,1.341114,463.0,large_airport
TLM,DAON,Zenata – Messali El Hadj Airport,Zenata,DZ,35.012732,-1.457117,814.0,large_airport
ORN,DAOO,Oran Es-Sénia (Ahmed Ben Bella) International Airport,Es-Sénia,DZ,35.620648,-0.622486,295.0,large_airport
CBH,DAOR,Béchar Boudghene Ben Ali Lotfi Airport,Béchar,DZ,31.64570045471191,-2.269860029220581,2661.0,medium_airport
BMW,DATM,Bordj Badji Mokhtar Airport,Bordj Badji Mokhtar,DZ,21.3778,0.92698,1303.0,medium_airport
AZR,DAUA,Touat-Cheikh Sidi Mohamed Belkebir Airport,Adrar,DZ,27.837601,-0.186414,919.0,medium_airport
BSK,DAUB,Biskra - Mohamed Khider Airport,Biskra,DZ,34.79318,5.738899,289.0,large_airport
ELG,DAUE,El Golea Airport,El Menia,DZ,30.580732,2.861595,1306.0,medium_airport
GHA,DAUG,Noumérat - Moufdi Zakaria Airport,El Atteuf,DZ,32.384102,3.79411,1512.0,medium_airport
HME,DAUH,Hassi Messaoud-Oued Irara Krim Belkacem Airport,Hassi Messaoud,DZ,31.673,6.14044,463.0,medium_airport
INZ,DAUI,In Salah Airport,In Salah,DZ,27.250999,2.51202,896.0,medium_airport
TGR,DAUK,Touggourt Sidi Madhi Airport,Touggourt,DZ,33.067799,6.08867,279.0,medium_airport
LOO,DAUL,Laghouat - Molay Ahmed Medeghri Airport,Laghouat,DZ,33.7644,2.92834,2510.0,medium_airport
ELU,DAUO,Guemar Airport - مطار قمار بالوادي,Guemar,DZ,33.511398,6.77679,203.0,medium_airport
TMX,DAUT,Timimoun Airport,Timimoun,DZ,29.237101,0.276033,1027.0,medium_airport
OGX,DAUU,Ain Beida Airport,Ouargla,DZ,31.9172,5.41278,492.0,medium_airport
IAM,DAUZ,Zarzaitine - In Aménas Airport,In Aménas,DZ,28.0515,9.64291,1847.0,medium_airport
COO,DBBB,Cotonou Cadjehoun International Airport,Cotonou,BJ,6.35723,2.38435,19.0,large_airport
OUA,DFFD,Ouagadougou Thomas Sankara International Airport,Ouagadougou,BF,12.3532,-1.51242,1037.0,large_airport
BOY,DFOO,Bobo Dioulasso Airport,Bobo Dioulasso,BF,11.1601,-4.33097,1511.0,large_airport
ACC,DGAA,Kotoka International Airport,Accra,GH,5.605189800262451,-0.1667860001325607,205.0,large_airport
TML,DGLE,Yakubu Tali International Airport,Tamale,GH,9.553909,-0.86606,553.0,large_airport
KMS,DGSI,Prempeh I International Airport,Kumasi,GH,6.71456,-1.59082,942.0,large_airport
NYI,DGSN,Sunyani Airport,Sunyani,GH,7.36183,-2.32876,1014.0,medium_airport
TKD,DGTK,Takoradi Airport,Sekondi-Takoradi,GH,4.896059989929199,-1.7747600078582764,21.0,medium_airport
ABJ,DIAP,Félix-Houphouët-Boigny International Airport,Abidjan,CI,5.26139,-3.92629,21.0,large_airport
BYK,DIBK,Bouaké Airport,Bouaké,CI,7.7388,-5.07367,1230.0,medium_airport
HGO,DIKO,Korhogo Airport,Korhogo,CI,9.38718,-5.55666,1214.0,medium_airport
SPY,DISP,San Pedro Airport,,CI,4.74672,-6.66082,26.0,medium_airport
DKA,DNKT,Umaru Musa Yar'adua Airport,Katsina,NG,13.0078,7.66045,1660.0,medium_airport
ABV,DNAA,Nnamdi Azikiwe International Airport,Abuja,NG,9.00679,7.26317,1123.0,large_airport
QUO,DNAI,Akwa Ibom International Airport,Uyo,NG,4.8725,8.093,170.0,medium_airport
AKR,DNAK,Akure Airport,Akure,NG,7.246739864349365,5.3010101318359375,1100.0,medium_airport
ABB,DNAS,Asaba International Airport,Asaba,NG,6.204167,6.665278,305.0,large_airport
BCU,DNBC,Sir Abubakar Tafawa Balewa Bauchi State International Airport,Bauchi,NG,10.482833,9.744,1965.0,large_airport
BNI,DNBE,Benin Airport,Benin,NG,6.316979885101318,5.5995001792907715,258.0,medium_airport
CBQ,DNCA,Margaret Ekpo International Airport,Calabar,NG,4.976019859313965,8.347200393676758,210.0,medium_airport
ENU,DNEN,Akanu Ibiam International Airport,Enegu,NG,6.473718,7.560463,466.0,large_airport
GMO,DNGO,Gombe Lawanti International Airport,Gombe,NG,10.298889,10.9,1590.0,medium_airport
IBA,DNIB,Ibadan Airport,Ibadan,NG,7.362460136413574,3.97832989692688,725.0,medium_airport
ILR,DNIL,General Tunde Idiagbon International Airport,Ilorin/Ogbomosho,NG,8.44021,4.49392,1126.0,large_airport
QOW,DNIM,Sam Mbakwe International Cargo Airport,Owerri,NG,5.42706,7.20603,373.0,medium_airport
JOS,DNJO,Yakubu Gowon Airport,Jos,NG,9.639829635620115,8.869050025939941,4232.0,medium_airport
KAD,DNKA,Kaduna International Airport,Kaduna,NG,10.696,7.32011,2073.0,large_airport
KAN,DNKN,Mallam Aminu Kano International Airport,Kano,NG,12.045613,8.523566,1562.0,large_airport
MIU,DNMA,Maiduguri International Airport,Maiduguri,NG,11.854163,13.080702,1099.0,large_airport
MDI,DNMK,Makurdi Airport,Makurdi,NG,7.70388,8.61394,371.0,medium_airport
LOS,DNMM,Murtala Muhammed International Airport,Lagos,NG,6.57737,3.32116,135.0,large_airport
PHC,DNPO,Port Harcourt International Airport,Port Harcourt,NG,5.01549,6.94959,87.0,large_airport
SKO,DNSO,Sadiq Abubakar III International Airport,Sokoto,NG,12.915729,5.207547,1010.0,large_airport
QRW,DNSU,Warri Airport,Okpe,NG,5.59821,5.8187,242.0,medium_airport
YOL,DNYO,Yola Airport,Yola,NG,9.257550239562988,12.430399894714355,599.0,medium_airport
NIM,DRRN,Diori Hamani International Airport,Niamey,NE,13.4815,2.18361,732.0,large_airport
ZND,DRZR,Zinder Airport,Zinder,NE,13.779000282287598,8.983759880065918,1516.0,medium_airport
TBJ,DTKA,Tabarka-Aïn Draham International Airport,Tabarka,TN,36.98,8.87694,230.0,medium_airport
MIR,DTMB,Monastir Habib Bourguiba International Airport,Monastir,TN,35.75809860229492,10.75469970703125,9.0,medium_airport
NBE,DTNH,Enfidha - Hammamet International Airport,Enfidha,TN,36.075833,10.438611,21.0,medium_airport
TUN,DTTA,Tunis Carthage International Airport,Tunis,TN,36.851002,10.2272,22.0,large_airport
DJE,DTTJ,Djerba Zarzis International Airport,Mellita,TN,33.873719,10.7773,19.0,large_airport
SFA,DTTX,Sfax Thyna International Airport,Sfax,TN,34.717999,10.691,85.0,medium_airport
TOE,DTTZ,Tozeur Nefta International Airport,Tozeur,TN,33.939701080322266,8.110560417175293,287.0,medium_airport
LFW,DXXX,Lomé–Tokoin International Airport,Lomé,TG,6.16561,1.25451,72.0,large_airport
ANR,EBAW,Antwerp International Airport (Deurne),Antwerp,BE,51.190667,4.463153,39.0,medium_airport
BRU,EBBR,Brussels Airport,Zaventem,BE,50.901402,4.48444,175.0,large_airport
CRL,EBCI,Brussels South Charleroi Airport,Charleroi,BE,50.461963,4.459562,614.0,large_airport
LGG,EBLG,Liège Airport,Grâce-Hollogne,BE,50.638574,5.443897,659.0,medium_airport
OST,EBOS,Ostend-Bruges International Airport,Oostende,BE,51.1998,2.874673,13.0,large_airport
HDF,EDAH,Heringsdorf Airport,Zirchow,DE,53.8787,14.1523,94.0,medium_airport
BER,EDDB,Berlin Brandenburg Airport,Berlin,DE,52.361738,13.502341,157.0,large_airport
DRS,EDDC,Dresden Airport,Dresden,DE,51.134123,13.767831,755.0,large_airport
ERF,EDDE,Erfurt-Weimar Airport,Erfurt,DE,50.978281,10.960713,1036.0,large_airport
FRA,EDDF,Frankfurt Main Airport,Frankfurt am Main,DE,50.026706,8.55835,364.0,large_airport
FMO,EDDG,Münster Osnabrück Airport,Greven,DE,52.133816,7.688482,160.0,large_airport
HAM,EDDH,Hamburg Helmut Schmidt Airport,Hamburg,DE,53.630402,9.98823,53.0,large_airport
CGN,EDDK,Cologne Bonn Airport,Köln (Cologne),DE,50.865898,7.14274,302.0,large_airport
DUS,EDDL,Düsseldorf Airport,Düsseldorf,DE,51.289501,6.76678,147.0,large_airport
MUC,EDDM,Munich Airport,Munich,DE,48.353802,11.7861,1487.0,large_airport
NUE,EDDN,Nuremberg Airport,Nuremberg,DE,49.498699,11.078056,1046.0,large_airport
LEJ,EDDP,Leipzig/Halle Airport,Schkeuditz,DE,51.420657,12.232705,465.0,large_airport
SCN,EDDR,Saarbrücken Airport,Saarbrücken,DE,49.214545,7.109735,1058.0,medium_airport
STR,EDDS,Stuttgart Airport,Stuttgart,DE,48.689899,9.22196,1276.0,large_airport
HAJ,EDDV,Hannover Airport,Hannover,DE,52.461102,9.68508,183.0,large_airport
BRE,EDDW,Bremen Airport,Bremen,DE,53.046786,8.78932,14.0,large_airport
HHN,EDFH,Frankfurt-Hahn Airport,Frankfurt am Main (Lautzenhausen),DE,49.946353,7.261734,1649.0,large_airport
MHG,EDFM,Mannheim-City Airport,Mannheim,DE,49.473057,8.514167,308.0,medium_airport
LBC,EDHL,Lübeck Blankensee Airport,Lübeck,DE,53.805401,10.7192,53.0,medium_airport
FMM,EDJA,Memmingen Allgau Airport,Memmingen,DE,47.988092,10.238248,2077.0,large_airport
PAD,EDLP,Paderborn Lippstadt Airport,Büren,DE,51.612527,8.617459,699.0,large_airport
NRN,EDLV,Weeze (Niederrhein) Airport,Weeze,DE,51.601362,6.141228,106.0,large_airport
DTM,EDLW,Dortmund Airport,Dortmund,DE,51.518299,7.61224,425.0,large_airport
FDH,EDNY,Bodensee Airport Friedrichshafen,Friedrichshafen,DE,47.671299,9.51149,1367.0,large_airport
FKB,EDSB,Karlsruhe Baden-Baden Airport,Rheinmünster,DE,48.7794,8.0805,408.0,large_airport
KSF,EDVK,Kassel Airport,Calden,DE,51.418395,9.391638,820.0,large_airport
GWT,EDXW,Westerland Sylt Airport,Sylt,DE,54.9132,8.34047,51.0,medium_airport
KDL,EEKA,Kärdla Airport,Kärdla,EE,58.99079895019531,22.830699920654297,18.0,medium_airport
URE,EEKE,Kuressaare Airport,Kuressaare,EE,58.22990036010742,22.50950050354004,14.0,medium_airport
EPU,EEPU,Pärnu Airport,Pärnu,EE,58.41899871826172,24.47279930114746,47.0,medium_airport
TLL,EETN,Lennart Meri Tallinn Airport,Tallinn,EE,59.413246,24.83264,131.0,large_airport
TAY,EETU,Tartu Airport,Tartu,EE,58.307438,26.686473,220.0,medium_airport
ENF,EFET,Enontekio Airport,Enontekio,FI,68.362602233887,23.424299240112,1005.0,medium_airport
HEL,EFHK,Helsinki Vantaa Airport,Helsinki (Vantaa),FI,60.318363,24.963341,179.0,large_airport
IVL,EFIV,Ivalo Airport,Ivalo,FI,68.6073,27.4053,481.0,large_airport
JOE,EFJO,Joensuu Airport,Joensuu,FI,62.658815,29.619398,398.0,medium_airport
JYV,EFJY,Jyväskylä Airport,Jyväskylän Maalaiskunta,FI,62.399502,25.678301,459.0,medium_airport
KEM,EFKE,Kemi-Tornio Airport,Kemi / Tornio,FI,65.778701782227,24.582099914551,61.0,medium_airport
KAJ,EFKI,Kajaani Airport,Kajaani,FI,64.2855,27.6924,483.0,medium_airport
KOK,EFKK,Kokkola-Pietarsaari Airport,Kokkola / Kruunupyy,FI,63.721199,23.143101,84.0,medium_airport
KAO,EFKS,Kuusamo Airport,Kuusamo,FI,65.987602,29.239401,866.0,medium_airport
KTT,EFKT,Kittilä International Airport,Kittilä,FI,67.700996,24.8468,644.0,large_airport
KUO,EFKU,Kuopio Airport,Kuopio / Siilinjärvi,FI,63.007099,27.7978,323.0,large_airport
LPP,EFLP,Lappeenranta Airport,Lappeenranta,FI,61.044601,28.144743,349.0,large_airport
MHQ,EFMA,Mariehamn Airport,Mariehamn,FI,60.1222,19.898199,17.0,medium_airport
OUL,EFOU,Oulu Airport,Oulu / Oulunsalo,FI,64.930099,25.354601,47.0,large_airport
POR,EFPO,Pori Airport,Pori,FI,61.4617,21.799999,44.0,medium_airport
RVN,EFRO,Rovaniemi Airport,Rovaniemi,FI,66.563327,25.829751,642.0,large_airport
SVL,EFSA,Savonlinna Airport,Savonlinna,FI,61.9431,28.945101,311.0,medium_airport
TMP,EFTP,Tampere-Pirkkala Airport,Tampere / Pirkkala,FI,61.414101,23.604401,390.0,large_airport
TKU,EFTU,Turku Airport,Turku,FI,60.514099,22.2628,161.0,large_airport
VAA,EFVA,Vaasa Airport,Vaasa,FI,63.05023,21.762543,19.0,large_airport
BFS,EGAA,Belfast International Airport,Belfast,GB,54.6575012207,-6.2158298492399995,268.0,large_airport
BHD,EGAC,George Best Belfast City Airport,Belfast,GB,54.618099,-5.8725,15.0,medium_airport
LDY,EGAE,City of Derry Airport,"Derry, Derry and Strabane",GB,55.042801,-7.16111,22.0,medium_airport
BHX,EGBB,Birmingham Airport,"Birmingham, West Midlands",GB,52.453899,-1.74803,327.0,large_airport
MAN,EGCC,Manchester Airport,"Manchester, Greater Manchester",GB,53.349375,-2.279521,257.0,large_airport
CAL,EGEC,Campbeltown Airport,Campbeltown,GB,55.437199,-5.68639,42.0,medium_airport
EOI,EGED,Eday Airport,Eday,GB,59.19060134887695,-2.7722198963165283,10.0,medium_airport
CWL,EGFF,Cardiff International Airport,Cardiff,GB,51.396702,-3.34333,220.0,large_airport
BRS,EGGD,Bristol Airport,Bristol,GB,51.382326,-2.716453,622.0,large_airport
LPL,EGGP,Liverpool John Lennon Airport,Liverpool,GB,53.334863,-2.849637,80.0,large_airport
LTN,EGGW,London Luton Airport,"Luton, Luton",GB,51.874699,-0.368333,526.0,large_airport
BOH,EGHH,Bournemouth Airport,Bournemouth,GB,50.780483,-1.839576,38.0,medium_airport
SOU,EGHI,Southampton Airport,Southampton,GB,50.950298,-1.3568,44.0,medium_airport
NQY,EGHQ,Cornwall Airport Newquay,Newquay,GB,50.440601,-4.99541,390.0,medium_airport
ACI,EGJA,Alderney Airport,Saint Anne,GG,49.706104,-2.21472,290.0,medium_airport
GCI,EGJB,Guernsey Airport,Saint Peter Port,GG,49.435001,-2.60197,336.0,medium_airport
JER,EGJJ,Jersey Airport,St. Peter,JE,49.207901,-2.19551,277.0,medium_airport
LGW,EGKK,London Gatwick Airport,London,GB,51.148744,-0.185739,202.0,large_airport
LCY,EGLC,London City Airport,London,GB,51.505299,0.055278,19.0,medium_airport
LHR,EGLL,London Heathrow Airport,London,GB,51.470748,-0.459909,83.0,large_airport
SEN,EGMC,London Southend Airport,"Southend-on-Sea, Essex",GB,51.570562,0.693627,49.0,medium_airport
HUY,EGNJ,Humberside Airport,"Grimsby, Lincolnshire",GB,53.576152,-0.34954,121.0,medium_airport
LBA,EGNM,Leeds Bradford Airport,"Leeds, West Yorkshire",GB,53.865898,-1.66057,681.0,large_airport
IOM,EGNS,Isle of Man Airport,Castletown,IM,54.083081,-4.623871,52.0,large_airport
NCL,EGNT,Newcastle International Airport,"Newcastle upon Tyne, Tyne and Wear",GB,55.037958,-1.689577,266.0,large_airport
MME,EGNV,Teesside International Airport,"Darlington, Durham",GB,54.509201,-1.42941,120.0,medium_airport
EMA,EGNX,East Midlands Airport,"Nottingham, Leicestershire",GB,52.8311,-1.32806,306.0,large_airport
KOI,EGPA,Kirkwall Airport,"Kirkwall, Orkney Islands",GB,58.957903,-2.905077,50.0,medium_airport
LSI,EGPB,Sumburgh Airport,"Lerwick, Shetland",GB,59.878899,-1.29556,20.0,medium_airport
WIC,EGPC,Wick John O'Groats Airport,Wick,GB,58.4589,-3.09306,126.0,medium_airport
ABZ,EGPD,Aberdeen International Airport,Aberdeen,GB,57.2019,-2.19778,215.0,large_airport
INV,EGPE,Inverness Airport,Inverness,GB,57.5425,-4.0475,31.0,medium_airport
GLA,EGPF,Glasgow Airport,Glasgow,GB,55.871899,-4.43306,26.0,large_airport
EDI,EGPH,Edinburgh Airport,"Ingliston, Edinburgh",GB,55.950145,-3.372288,135.0,large_airport
ILY,EGPI,Islay Airport,"Isle of Islay, Argyll and Bute",GB,55.682708,-6.257525,56.0,medium_airport
PIK,EGPK,Glasgow Prestwick Airport,"Prestwick, South Ayrshire",GB,55.501499,-4.577182,65.0,large_airport
BEB,EGPL,Benbecula Airport,Balivanich,GB,57.481098,-7.36278,19.0,medium_airport
DND,EGPN,Dundee Airport,Dundee,GB,56.452499,-3.02583,17.0,medium_airport
SYY,EGPO,Stornoway Airport,"Stornoway, Western Isles",GB,58.215599,-6.33111,26.0,medium_airport
BRR,EGPR,Barra Airport,Eoligarry,GB,57.0228,-7.44306,5.0,medium_airport
TRE,EGPU,Tiree Airport,"Balemartine, Argyll and Bute",GB,56.499199,-6.86917,38.0,medium_airport
NWI,EGSH,Norwich Airport,"Norwich, Norfolk",GB,52.6758,1.28278,118.0,medium_airport
STN,EGSS,London Stansted Airport,"London, Essex",GB,51.884998,0.235,348.0,large_airport
EXT,EGTE,Exeter International Airport,"Exeter, Devon",GB,50.734261,-3.413984,102.0,medium_airport
MPN,EGYP,Mount Pleasant Airport / RAF Mount Pleasant,Mount Pleasant,FK,-51.822642,-58.445777,244.0,large_airport
AMS,EHAM,Amsterdam Airport Schiphol,Amsterdam,NL,52.308601,4.76389,-11.0,large_airport
MST,EHBK,Maastricht Aachen Airport,Maastricht,NL,50.911087,5.769401,375.0,large_airport
EIN,EHEH,Eindhoven Airport,Eindhoven,NL,51.4500999451,5.37452983856,74.0,large_airport
GRQ,EHGG,Groningen Airport Eelde,Groningen,NL,53.119107,6.577652,17.0,large_airport
RTM,EHRD,Rotterdam The Hague Airport,Rotterdam,NL,51.956902,4.43722,-15.0,large_airport
ORK,EICK,Cork International Airport,Cork,IE,51.841301,-8.49111,502.0,large_airport
CFN,EIDL,Donegal Airport,Donegal,IE,55.0442008972168,-8.340999603271484,30.0,medium_airport
DUB,EIDW,Dublin Airport,Dublin,IE,53.428713,-6.262121,242.0,large_airport
NOC,EIKN,Ireland West Airport Knock,Charlestown,IE,53.910439,-8.817002,665.0,large_airport
KIR,EIKY,Kerry Airport,Farranfore,IE,52.180901,-9.52378,112.0,medium_airport
SNN,EINN,Shannon Airport,Shannon,IE,52.702,-8.92482,46.0,large_airport
AAR,EKAH,Aarhus Airport,Aarhus,DK,56.303331,10.618286,82.0,large_airport
BLL,EKBI,Billund Airport,Billund,DK,55.740335,9.157019,247.0,large_airport
CPH,EKCH,Copenhagen Kastrup Airport,Copenhagen,DK,55.617900848389,12.656000137329,17.0,large_airport
EBJ,EKEB,Esbjerg Airport,Esbjerg,DK,55.525902,8.5534,97.0,medium_airport
KRP,EKKA,Midtjyllands Airport / Air Base Karup,Karup,DK,56.297139,9.104311,170.0,medium_airport
ODE,EKOD,Odense Hans Christian Andersen Airport,Odense,DK,55.475307,10.327206,56.0,large_airport
RKE,EKRK,Copenhagen Roskilde Airport,Roskilde,DK,55.585602,12.1314,146.0,medium_airport
RNN,EKRN,Bornholm Airport,Rønne,DK,55.063301,14.7596,52.0,medium_airport
SGD,EKSB,Sønderborg Airport,Sønderborg,DK,54.96440124511719,9.791729927062988,24.0,medium_airport
FAE,EKVG,Vágar Airport,Vágar,FO,62.063256,-7.275782,280.0,large_airport
AAL,EKYT,Aalborg Airport,Aalborg,DK,57.094763,9.84993,10.0,large_airport
LUX,ELLX,Luxembourg-Findel International Airport,Luxembourg,LU,49.626845,6.212134,1234.0,large_airport
AES,ENAL,Ålesund Airport,Ålesund,NO,62.560443,6.110845,69.0,large_airport
ANX,ENAN,"Andøya Airport, Andenes",Andenes,NO,69.295193,16.139379,43.0,medium_airport
ALF,ENAT,Alta Airport,Alta,NO,69.976097,23.3717,9.0,medium_airport
BNN,ENBN,"Brønnøysund Airport, Brønnøy",Brønnøy,NO,65.461098,12.2175,25.0,medium_airport
BOO,ENBO,Bodø Airport,Bodø,NO,67.269203,14.3653,42.0,large_airport
BGO,ENBR,"Bergen Airport, Flesland",Bergen,NO,60.2934,5.21814,170.0,large_airport
BJF,ENBS,Båtsfjord Airport,Båtsfjord,NO,70.60025,29.692612,490.0,medium_airport
BVG,ENBV,Berlevåg Airport,Berlevåg,NO,70.871517,29.034097,42.0,medium_airport
KRS,ENCN,Kristiansand Airport,Kristiansand(Kjevik),NO,58.204201,8.08537,57.0,large_airport
BDU,ENDU,Bardufoss Airport,Målselv,NO,69.055801,18.5404,252.0,medium_airport
EVE,ENEV,Harstad/Narvik Airport,Evenes,NO,68.491302,16.678101,84.0,large_airport
FRO,ENFL,Florø Airport,Florø,NO,61.583599090576,5.0247201919556,37.0,medium_airport
OSL,ENGM,Oslo-Gardermoen International Airport,Oslo (Gardermoen),NO,60.193901,11.1004,681.0,large_airport
HAU,ENHD,"Haugesund Airport, Karmøy",Karmøy,NO,59.345299,5.20836,86.0,medium_airport
HFT,ENHF,Hammerfest Airport,Hammerfest,NO,70.679703,23.6686,266.0,medium_airport
HVG,ENHV,"Honningsvåg Airport, Valan",Honningsvåg,NO,71.009697,25.983601,44.0,medium_airport
KSU,ENKB,"Kristiansund Airport, Kvernberget",Kvernberget,NO,63.111801,7.82452,204.0,medium_airport
KKN,ENKR,"Kirkenes Airport, Høybuktmoen",Kirkenes,NO,69.7258,29.8913,283.0,medium_airport
LKN,ENLK,Leknes Airport,Leknes,NO,68.152496337891,13.609399795532,78.0,medium_airport
MEH,ENMH,Mehamn Airport,Mehamn,NO,71.029701,27.8267,39.0,medium_airport
MOL,ENML,"Molde Airport, Årø",Årø,NO,62.744701,7.2625,10.0,medium_airport
MJF,ENMS,"Mosjøen Airport, Kjærstad",Mosjøen,NO,65.783997,13.2149,237.0,medium_airport
LKL,ENNA,"Lakselv Airport, Banak",Lakselv,NO,70.068802,24.973499,25.0,medium_airport
OLA,ENOL,Ørland Airport,Ørland,NO,63.69889831542969,9.604000091552734,28.0,medium_airport
HOV,ENOV,"Ørsta-Volda Airport, Hovden",Ørsta,NO,62.180000305176,6.0741000175476,243.0,medium_airport
MQN,ENRA,"Mo i Rana Airport, Røssvoll",Mo i Rana,NO,66.363899230957,14.301400184631,229.0,medium_airport
RVK,ENRM,"Rørvik Airport, Ryum",Rørvik,NO,64.838302612305,11.14610004425,14.0,medium_airport
RRS,ENRO,Røros Airport,Røros,NO,62.578399658203,11.342300415039,2054.0,medium_airport
LYR,ENSB,"Svalbard Airport, Longyear",Longyearbyen,NO,78.246101,15.4656,88.0,medium_airport
SVJ,ENSH,"Svolvær Airport, Helle",Svolvær,NO,68.243301,14.6692,27.0,medium_airport
SKN,ENSK,"Stokmarknes Airport, Skagen",Hadsel,NO,68.578827,15.033417,11.0,medium_airport
SRP,ENSO,"Stord Airport, Sørstokken",Leirvik,NO,59.791901,5.34085,160.0,medium_airport
SOJ,ENSR,Sørkjosen Airport,Sørkjosen,NO,69.786797,20.9594,16.0,medium_airport
VAW,ENSS,"Vardø Airport, Svartnes",Vardø,NO,70.3554,31.044901,42.0,medium_airport
SSJ,ENST,"Sandnessjøen Airport, Stokka",Alstahaug,NO,65.956802,12.4689,56.0,medium_airport
TOS,ENTC,Tromsø Airport,Tromsø,NO,69.683296,18.9189,31.0,large_airport
TRF,ENTO,"Sandefjord Airport, Torp",Sandefjord(Torp),NO,59.186699,10.2586,286.0,large_airport
TRD,ENVA,"Trondheim Airport, Værnes",Trondheim,NO,63.457802,10.924,56.0,large_airport
VDS,ENVD,Vadsø Airport,Vadsø,NO,70.0653,29.8447,127.0,medium_airport
SVG,ENZV,"Stavanger Airport, Sola",Stavanger,NO,58.876701,5.63778,29.0,large_airport
BZG,EPBY,Ignacy Jan Paderewski Bydgoszcz Airport,Bydgoszcz,PL,53.096802,17.977699,235.0,medium_airport
GDN,EPGD,Gdańsk Lech Wałęsa Airport,Gdańsk,PL,54.377602,18.4662,489.0,large_airport
KRK,EPKK,Kraków John Paul II International Airport,Balice,PL,50.077702,19.7848,791.0,large_airport
KTW,EPKT,Katowice Wojciech Korfanty International Airport,Katowice,PL,50.476015,19.080705,995.0,large_airport
LUZ,EPLB,Lublin Airport,Lublin,PL,51.240157,22.713461,633.0,large_airport
LCJ,EPLL,Łódź Władysław Reymont Airport,Łódź,PL,51.721901,19.3981,604.0,large_airport
WMI,EPMO,Warsaw Modlin Airport,Nowy Dwór Mazowiecki,PL,52.451099,20.6518,341.0,large_airport
POZ,EPPO,Poznań-Ławica Airport,Poznań,PL,52.421598,16.823359,308.0,large_airport
RDO,EPRA,Warsaw Radom Airport,Radom,PL,51.38937,21.214742,610.0,medium_airport
RZE,EPRZ,Rzeszów-Jasionka Airport,Jasionka,PL,50.109791,22.024155,693.0,large_airport
SZZ,EPSC,Solidarity Szczecin–Goleniów Airport,Szczecin(Glewice),PL,53.584702,14.9022,154.0,large_airport
SZY,EPSY,Olsztyn-Mazury Airport,Szymany,PL,53.481899,20.9377,463.0,medium_airport
WAW,EPWA,Warsaw Chopin Airport,Warsaw,PL,52.165699,20.9671,362.0,large_airport
WRO,EPWR,Copernicus Wrocław Airport,Wrocław,PL,51.103719,16.882096,404.0,large_airport
IEG,EPZG,Zielona Góra-Babimost Airport,Nowe Kramsko,PL,52.1385,15.7986,194.0,medium_airport
RNB,ESDF,Ronneby Airport,Ronneby,SE,56.266701,15.265,191.0,medium_airport
GOT,ESGG,Göteborg Landvetter Airport,Göteborg,SE,57.6628,12.2798,506.0,large_airport
JKG,ESGJ,Jönköping Airport,Jönköping,SE,57.757598876953125,14.068699836730955,741.0,medium_airport
THN,ESGT,Trollhättan-Vänersborg Airport,Trollhättan,SE,58.31809997558594,12.345000267028809,137.0,medium_airport
MXX,ESKM,Mora Airport,Mora,SE,60.957901,14.5114,634.0,medium_airport
NYO,ESKN,Stockholm Skavsta Airport,Nyköping,SE,58.789656,16.911479,140.0,large_airport
SCR,ESKS,Scandinavian Mountains Airport,Malung-Sälen,SE,61.16508,12.83352,1608.0,large_airport
KLR,ESMQ,Kalmar Airport,Kalmar,SE,56.685501,16.2876,17.0,medium_airport
MMX,ESMS,Malmö Sturup Airport,Malmö,SE,55.535564,13.376327,236.0,large_airport
HAD,ESMT,Halmstad Airport,Halmstad,SE,56.69110107421875,12.820199966430664,101.0,medium_airport
VXO,ESMX,Växjö Kronoberg Airport,Växjö,SE,56.929100036621094,14.727999687194824,610.0,medium_airport
GEV,ESNG,Gällivare Airport,Gällivare,SE,67.13240051269531,20.814599990844727,1027.0,medium_airport
KRF,ESNK,Kramfors-Sollefteå Höga Kusten Airport,Nyland,SE,63.048599,17.7689,34.0,medium_airport
LYC,ESNL,Lycksele Airport,Lycksele,SE,64.548302,18.7162,705.0,medium_airport
SDL,ESNN,Sundsvall-Härnösand Airport,Sundsvall/ Härnösand,SE,62.528099060058594,17.443899154663086,16.0,medium_airport
OER,ESNO,Örnsköldsvik Airport,Örnsköldsvik,SE,63.40829849243164,18.989999771118164,354.0,medium_airport
KRN,ESNQ,Kiruna Airport,Kiruna,SE,67.821999,20.3368,1508.0,large_airport
SFT,ESNS,Skellefteå Airport,Skellefteå,SE,64.62480163574219,21.076900482177734,157.0,medium_airport
UME,ESNU,Umeå Airport,Umeå,SE,63.791801,20.282801,24.0,large_airport
VHM,ESNV,Vilhelmina South Lapland Airport,Vilhelmina,SE,64.579102,16.833599,1140.0,medium_airport
AJR,ESNX,Arvidsjaur Airport,Arvidsjaur,SE,65.59030151367188,19.28190040588379,1245.0,medium_airport
OSD,ESNZ,Åre Östersund Airport,Östersund,SE,63.193546,14.504168,1233.0,medium_airport
ORB,ESOE,Örebro Airport,Örebro,SE,59.22370147705078,15.038000106811523,188.0,medium_airport
KSD,ESOK,Karlstad Airport,Karlstad,SE,59.444698,13.3374,352.0,medium_airport
VST,ESOW,Stockholm Västerås Airport,Stockholm / Västerås,SE,59.589401,16.6336,21.0,large_airport
LLA,ESPA,Luleå Airport,Luleå,SE,65.5438,22.122,65.0,large_airport
ARN,ESSA,Stockholm-Arlanda Airport,Stockholm,SE,59.64849,17.928829,137.0,large_airport
BMA,ESSB,Stockholm-Bromma Airport,Stockholm,SE,59.354401,17.9417,47.0,medium_airport
BLE,ESSD,Dala Airport,Borlange,SE,60.422001,15.5152,503.0,medium_airport
LPI,ESSL,Linköping City Airport,Linköping,SE,58.404909,15.684499,172.0,large_airport
NRK,ESSP,Norrköping Airport,Norrköping,SE,58.586299896240234,16.250600814819336,32.0,medium_airport
TYF,ESST,Torsby Airport,Torsby,SE,60.1576,12.9913,393.0,medium_airport
VBY,ESSV,Visby Airport,Visby,SE,57.6628,18.346201,164.0,large_airport
AGH,ESTA,Ängelholm-Helsingborg Airport,Ängelholm,SE,56.29610061645508,12.847100257873535,68.0,medium_airport
FCN,ETMN,Sea-Airport Cuxhaven/Nordholz / Nordholz Naval Airbase,Wurster Nordseeküste,DE,53.767689,8.659201,74.0,medium_airport
RLG,ETNL,Rostock-Laage Airport,Laage,DE,53.918201,12.2783,138.0,medium_airport
RIX,EVRA,Riga International Airport,Riga,LV,56.920752,23.970711,36.0,large_airport
KUN,EYKA,Kaunas International Airport,Kaunas,LT,54.963965,24.08582,256.0,large_airport
PLQ,EYPA,Palanga International Airport,Palanga,LT,55.973202,21.093901,33.0,large_airport
VNO,EYVI,Vilnius International Airport,Vilnius,LT,54.634102,25.285801,648.0,large_airport
BFN,FABL,Bram Fischer International Airport,Bloemfontein,ZA,-29.092699,26.302401,4457.0,large_airport
CPT,FACT,Cape Town International Airport,Cape Town,ZA,-33.97403,18.604333,151.0,large_airport
ELS,FAEL,King Phalo Airport,East London,ZA,-33.035599,27.825899,435.0,large_airport
GRJ,FAGG,George Airport,George,ZA,-34.0056,22.378902,648.0,large_airport
HDS,FAHS,Eastgate Airport / Air Force Base Hoedspruit,Hoedspruit,ZA,-24.361864,31.052921,1801.0,medium_airport
KIM,FAKM,Kimberley Airport,Kimberley,ZA,-28.805401,24.764872,3950.0,large_airport
MQP,FAKN,Kruger Mpumalanga International Airport,Mbombela,ZA,-25.383327,31.105325,2829.0,large_airport
HLA,FALA,Lanseria International Airport,Johannesburg,ZA,-25.938964,27.926642,4517.0,large_airport
DUR,FALE,King Shaka International Airport,Durban,ZA,-29.6144444444,31.1197222222,295.0,large_airport
MGH,FAMG,Margate Airport,Margate,ZA,-30.8574008942,30.343000412,495.0,medium_airport
MBD,FAMM,Mmabatho International Airport,Mafeking,ZA,-25.798400878900004,25.548000335699996,4181.0,medium_airport
MZQ,FAMU,Mkuze Airport,Mkuze,ZA,-27.626101,32.0443,400.0,medium_airport
JNB,FAOR,O.R. Tambo International Airport,Johannesburg,ZA,-26.140081,28.246801,5558.0,large_airport
PLZ,FAPE,Chief Dawid Stuurman International Airport,Gqeberha (Port Elizabeth),ZA,-33.989715,25.617353,226.0,large_airport
PHW,FAPH,Hendrik Van Eck Airport,Phalaborwa,ZA,-23.9372005463,31.1553993225,1432.0,medium_airport
PZB,FAPM,Pietermaritzburg Airport,Pietermaritzburg,ZA,-29.649000167799997,30.3987007141,2423.0,medium_airport
PTG,FAPP,Polokwane International Airport,Polokwane,ZA,-23.845269,29.458615,4076.0,large_airport
RCB,FARB,Richards Bay Airport,Richards Bay,ZA,-28.740999221800003,32.0920982361,109.0,medium_airport
SIS,FASS,Sishen Airport,Sishen,ZA,-27.6486,22.9993,3848.0,medium_airport
SZK,FASZ,Skukuza Airport,Skukuza,ZA,-24.96085,31.588587,1020.0,medium_airport
UTN,FAUP,Upington Airport,Upington,ZA,-28.400246,21.263592,2782.0,medium_airport
UTT,FAUT,K. D. Matanzima Airport,Mthatha,ZA,-31.5463631849,28.6733551025,2400.0,medium_airport
FRW,FBPM,Phillip Gaonwe Matante International Airport,Francistown,BW,-21.159183,27.468826,3283.0,large_airport
BBK,FBKE,Kasane International Airport,Kasane,BW,-17.831653,25.166195,3289.0,large_airport
MUB,FBMN,Maun International Airport,Maun,BW,-19.970491,23.431409,3093.0,large_airport
GBE,FBSK,Sir Seretse Khama International Airport,Gaborone,BW,-24.555201,25.9182,3299.0,large_airport
BZV,FCBB,Maya-Maya International Airport,Brazzaville,CG,-4.2517,15.253,1048.0,large_airport
PNR,FCPP,Antonio Agostinho-Neto International Airport,Pointe Noire,CG,-4.81603,11.8866,55.0,large_airport
SHO,FDSK,King Mswati III International Airport,Mpaka,SZ,-26.358611,31.716944,1092.0,large_airport
BGF,FEFF,Bangui M'Poko International Airport,Bangui,CF,4.39848,18.518801,1208.0,large_airport
BSG,FGBT,Bata International Airport,Bata,GQ,1.90547,9.80568,13.0,large_airport
GEM,FGMY,President Obiang Nguema International Airport,Mengomeyén,GQ,1.676437,11.024904,2165.0,medium_airport
SSG,FGSL,Malabo International Airport,Malabo,GQ,3.75527,8.70872,76.0,large_airport
ASI,FHAW,RAF Ascension Island,Cat Hill,SH,-7.970179,-14.392744,278.0,medium_airport
HLE,FHSH,Saint Helena International Airport,Jamestown,SH,-15.958898,-5.646066,1017.0,medium_airport
MRU,FIMP,Sir Seewoosagur Ramgoolam International Airport,Plaine Magnien,MU,-20.430201,57.683601,186.0,large_airport
RRG,FIMR,Sir Charles Gaetan Duval Airport,Port Mathurin,MU,-19.756696,63.359326,95.0,medium_airport
DLA,FKKD,Douala International Airport,Douala,CM,4.00608,9.71948,33.0,large_airport
MVR,FKKL,Salak Airport,Maroua,CM,10.45139980316162,14.257399559020996,1390.0,medium_airport
NGE,FKKN,N'Gaoundéré Airport,N'Gaoundéré,CM,7.357009887695312,13.559200286865234,3655.0,medium_airport
GOU,FKKR,Garoua International Airport,Garoua,CM,9.334785,13.372129,794.0,large_airport
NSI,FKYS,Yaoundé Nsimalen International Airport,Yaoundé,CM,3.72256,11.5533,2278.0,large_airport
LVI,FLHN,Harry Mwanga Nkumbula International Airport,Livingstone,ZM,-17.821524,25.819642,3302.0,large_airport
LUN,FLKK,Kenneth Kaunda International Airport,Lusaka,ZM,-15.330833,28.452722,3779.0,large_airport
MFU,FLMF,Mfuwe International Airport,Mfuwe,ZM,-13.2589,31.9366,1853.0,large_airport
NLA,FLSK,Simon Mwansa Kapwepwe International Airport,Ndola,ZM,-12.96513,28.515624,4308.0,large_airport
HAH,FMCH,Prince Said Ibrahim International Airport,Moroni,KM,-11.5337,43.2719,93.0,large_airport
AJN,FMCV,Ouani Airport,Ouani,KM,-12.131047,44.430044,62.0,medium_airport
DZA,FMCZ,Dzaoudzi Pamandzi International Airport,Dzaoudzi,YT,-12.809319,45.281815,23.0,large_airport
RUN,FMEE,Roland Garros Airport,Sainte-Marie,RE,-20.890087,55.518894,66.0,large_airport
ZSE,FMEP,Saint-Pierre Pierrefonds Airport,Saint-Pierre,RE,-21.319362,55.422506,59.0,large_airport
TNR,FMMI,Ivato International Airport,Antananarivo,MG,-18.7969,47.478802,4198.0,large_airport
SMS,FMMS,Sainte Marie Airport,Vohilava,MG,-17.093901,49.8158,7.0,medium_airport
TMM,FMMT,Toamasina Ambalamanasy Airport,Toamasina,MG,-18.113537,49.392262,22.0,large_airport
MOQ,FMMV,Morondava Airport,Morondava,MG,-20.2847,44.3176,30.0,medium_airport
DIE,FMNA,Arrachart Airport,Antisiranana,MG,-12.3494,49.291698,374.0,medium_airport
MJN,FMNM,Amborovy Airport,Mahajanga,MG,-15.666842,46.351233,87.0,large_airport
NOS,FMNN,Nosy Be International Airport,Nosy Be,MG,-13.3121,48.3148,36.0,large_airport
BPY,FMNQ,Besalampy Airport,Besalampy,MG,-16.74453,44.482484,125.0,medium_airport
WMN,FMNR,Maroantsetra Airport,Maroantsetra,MG,-15.437742,49.689081,9.0,medium_airport
SVB,FMNS,Sambava Airport,Sambava,MG,-14.2786,50.174702,20.0,medium_airport
FTU,FMSD,Tôlanaro Airport,Tôlanaro,MG,-25.038099,46.9561,29.0,medium_airport
MNJ,FMSM,Mananjary Airport,Mananjary,MG,-21.201799,48.358299,20.0,medium_airport
TLE,FMST,Toliara Airport,Toliara,MG,-23.3834,43.7285,29.0,medium_airport
SSY,FNBC,Mbanza Congo Airport,Mbanza Congo,AO,-6.269899845123291,14.246999740600586,1860.0,medium_airport
NBJ,FNBJ,Dr. Antonio Agostinho Neto International Airport,Luanda (Ícolo e Bengo),AO,-9.050734,13.499078,550.0,large_airport
CAB,FNCA,Cabinda Airport,Cabinda,AO,-5.59839,12.188145,66.0,medium_airport
CBT,FNCT,Catumbela Airport,Catumbela,AO,-12.4792,13.4869,23.0,medium_airport
DUE,FNDU,Dundo Airport,Chitato,AO,-7.400889873504639,20.818500518798828,2451.0,medium_airport
VPE,FNGI,Ngjiva Pereira Airport,Ngiva,AO,-17.0435009003,15.683799743700002,3566.0,medium_airport
NOV,FNHU,Albano Machado Airport,Huambo,AO,-12.8089,15.7605,5587.0,medium_airport
LAD,FNLU,Quatro de Fevereiro International Airport,Luanda,AO,-8.85837,13.2312,243.0,large_airport
MEG,FNMA,Malanje Airport,Malanje,AO,-9.525090217590332,16.312400817871094,3868.0,medium_airport
SPP,FNME,Menongue Airport,Menongue,AO,-14.657600402832031,17.71980094909668,4469.0,medium_airport
MSZ,FNMO,Welwitschia Mirabilis International Airport,Moçâmedes,AO,-15.2612,12.1468,210.0,medium_airport
GXG,FNNG,Negage Airport,Negage,AO,-7.754509925842285,15.287699699401855,4105.0,medium_airport
SZA,FNSO,Soyo Airport,Soyo,AO,-6.141089916229248,12.371800422668455,15.0,medium_airport
SDD,FNUB,Lubango Mukanka International Airport,Lubango,AO,-14.924839,13.576653,5778.0,medium_airport
OYE,FOGO,Oyem Airport,Oyem,GA,1.5431100130081177,11.58139991760254,2158.0,medium_airport
POG,FOOG,Port Gentil International Airport,Port Gentil,GA,-0.711739,8.75438,13.0,large_airport
MKU,FOOK,Makokou Airport,Makokou,GA,0.5792109966278076,12.890899658203123,1726.0,medium_airport
LBV,FOOL,Libreville Leon M'ba International Airport,Libreville,GA,0.458951,9.41214,39.0,large_airport
MVB,FOON,M'Vengue El Hadj Omar Bongo Ondimba International Airport,Franceville,GA,-1.65616,13.438,1450.0,medium_airport
PCP,FPPR,Principe Airport,São Tomé & Príncipe,ST,1.661155,7.411081,591.0,medium_airport
TMS,FPST,São Tomé International Airport,São Tomé,ST,0.378175,6.71215,33.0,large_airport
BEW,FQBR,Beira International Airport,Beira,MZ,-19.7964,34.9076,33.0,large_airport
VPY,FQCH,Chimoio Airport,Chimoio,MZ,-19.15130043029785,33.42900085449219,2287.0,medium_airport
INH,FQIN,Inhambane Airport,Inhambane,MZ,-23.8764,35.408501,30.0,medium_airport
VXC,FQLC,Lichinga Airport,Lichinga,MZ,-13.274,35.2663,4505.0,medium_airport
MPM,FQMA,Maputo Airport,Maputo,MZ,-25.920799,32.572601,145.0,large_airport
MNC,FQNC,Nacala International Airport,Nacala,MZ,-14.4882,40.7122,410.0,medium_airport
APL,FQNP,Nampula Airport,Nampula,MZ,-15.1056,39.281799,1444.0,large_airport
POL,FQPB,Pemba Airport,Pemba,MZ,-12.993302,40.524867,331.0,medium_airport
UEL,FQQL,Quelimane Airport,Quelimane,MZ,-17.855499267578125,36.86909866333008,36.0,medium_airport
TET,FQTT,Tete Airport,Tete,MZ,-16.104799,33.640202,525.0,large_airport
VNX,FQVL,Vilankulo Airport,Vilanculo,MZ,-22.018400192260746,35.31330108642578,46.0,medium_airport
SEZ,FSIA,Seychelles International Airport,Victoria,SC,-4.67434,55.521801,10.0,large_airport
PRI,FSPP,Praslin Island Airport,Praslin Island,SC,-4.319256,55.691561,10.0,medium_airport
NDJ,FTTJ,N'Djamena International Airport,N'Djamena,TD,12.1337,15.034,968.0,large_airport
BUQ,FVJN,Joshua Mqabuko Nkomo International Airport,Bulawayo,ZW,-20.016284,28.622897,4359.0,large_airport
VFA,FVFA,Victoria Falls International Airport,Victoria Falls,ZW,-18.097437,25.836867,3490.0,large_airport
HRE,FVRG,Robert Gabriel Mugabe International Airport,Harare,ZW,-17.931801,31.0928,4887.0,large_airport
KAB,FVKB,Kariba Airport,Kariba,ZW,-16.5198,28.885,1706.0,medium_airport
BLZ,FWCL,Chileka International Airport,Blantyre,MW,-15.677189,34.972319,2555.0,large_airport
LLW,FWKI,Kamuzu International Airport,Lumbadzi,MW,-13.7894,33.780998,4035.0,large_airport
MSU,FXMM,Moshoeshoe I International Airport,Maseru(Mazenod),LS,-29.456277,27.554456,5348.0,large_airport
MPA,FYKM,Katima Mulilo Airport,Mpacha,NA,-17.634258,24.176688,3144.0,medium_airport
LUD,FYLZ,Luderitz Airport,Luderitz,NA,-26.687400817871097,15.242899894714355,457.0,medium_airport
OND,FYOA,Ondangwa Airport,Ondangwa,NA,-17.878201,15.9526,3599.0,medium_airport
OMD,FYOG,Oranjemund Airport,Oranjemund,NA,-28.585318,16.44638,14.0,medium_airport
NDU,FYRU,Rundu Airport,Rundu,NA,-17.956499,19.7194,3627.0,medium_airport
WVB,FYWB,Walvis Bay International Airport,Walvis Bay(Rooikop),NA,-22.979332,14.647102,299.0,large_airport
ERS,FYWE,Eros Airport,Windhoek,NA,-22.60492,17.079002,5575.0,medium_airport
WDH,FYWH,Hosea Kutako International Airport,Windhoek,NA,-22.4799,17.4709,5640.0,large_airport
FIH,FZAA,Ndjili International Airport,Kinshasa,CD,-4.38575,15.4446,1027.0,large_airport
FDU,FZBO,Bandundu Airport,Bandundu,CD,-3.31132,17.381701,1063.0,medium_airport
KKW,FZCA,Kikwit Airport,Kikwit,CD,-5.03577,18.785601,1572.0,medium_airport
MDK,FZEA,Mbandaka Airport,Mbandaka,CD,0.0226000007242,18.2887001038,1040.0,medium_airport
BDT,FZFD,Gbadolite Airport,Gbadolite,CD,4.252745,20.975271,1509.0,medium_airport
GMA,FZFK,Gemena Airport,Gemena,CD,3.23537,19.771299,1378.0,medium_airport
FKI,FZIC,Bangoka International Airport,Kisangani,CD,0.481639,25.337999,1417.0,large_airport
IRP,FZJH,Matari Airport,Isiro,CD,2.82761,27.588301,2438.0,medium_airport
BUX,FZKA,Bunia Airport,Bunia,CD,1.565743,30.220685,4045.0,medium_airport
GOM,FZNA,Goma International Airport,Goma,CD,-1.666758,29.238037,5089.0,large_airport
KND,FZOA,Kindu Airport,Kindu,CD,-2.91917991638,25.915399551399997,1630.0,medium_airport
FBM,FZQA,Lubumbashi International Airport,Lubumbashi,CD,-11.591494,27.530753,4295.0,large_airport
KWZ,FZQM,Kolwezi Airport,Kolwezi,CD,-10.7659,25.505699,5007.0,medium_airport
FMI,FZRF,Kalemie Airport,Kalemie,CD,-5.87556,29.25,2569.0,medium_airport
KGA,FZUA,Kananga Airport,Kananga,CD,-5.90005,22.4692,2139.0,medium_airport
MJM,FZWA,Mbuji Mayi Airport,Mbuji Mayi,CD,-6.121240139010001,23.569000244099996,2221.0,medium_airport
BKO,GABS,Modibo Keita International Airport,Bamako,ML,12.5335,-7.94994,1247.0,large_airport
GAQ,GAGO,Gao International Airport,Gao,ML,16.248466,-0.005389,870.0,medium_airport
KYS,GAKD,Kayes Dag Dag Airport,Kayes,ML,14.482521,-11.399335,164.0,medium_airport
MZI,GAMB,Mopti Airport,Sévaré,ML,14.5128,-4.07956,906.0,medium_airport
TOM,GATB,Tombouktou Airport,Timbuktu,ML,16.730499,-3.00758,863.0,large_airport
BJL,GBYD,Banjul International Airport,Banjul (Yundum),GM,13.338,-16.652201,95.0,large_airport
FUE,GCFV,Fuerteventura Airport,El Matorral,ES,28.4527,-13.8638,85.0,large_airport
VDE,GCHI,El Hierro Airport,El Hierro Island,ES,27.8148,-17.8871,103.0,medium_airport
SPC,GCLA,La Palma Airport,"Sta Cruz de la Palma, La Palma Island",ES,28.626499,-17.7556,107.0,medium_airport
LPA,GCLP,Gran Canaria Airport,Gran Canaria Island,ES,27.9319,-15.3866,78.0,large_airport
ACE,GCRR,César Manrique-Lanzarote Airport,San Bartolomé,ES,28.945499,-13.6052,46.0,large_airport
TFS,GCTS,Tenerife Sur Airport,Tenerife,ES,28.0445,-16.5725,209.0,large_airport
TFN,GCXO,Tenerife Norte-Ciudad de La Laguna Airport,Tenerife,ES,28.482752,-16.341707,2076.0,large_airport
MLN,GEML,Melilla Airport,Melilla,ES,35.2798,-2.95626,156.0,medium_airport
FNA,GFLL,Lungi International Airport,Freetown (Lungi-Town),SL,8.61644,-13.1955,84.0,large_airport
OXB,GGOV,Osvaldo Vieira International Airport,Bissau,GW,11.894262,-15.653596,129.0,large_airport
JJU,BGQO,Qaqortoq Airport,Qaqortoq,GL,60.76383,-46.065001,505.0,medium_airport
MLW,GLMR,Spriggs Payne Airport,Monrovia,LR,6.28906,-10.7587,25.0,medium_airport
ROB,GLRB,Roberts International Airport,Monrovia,LR,6.23379,-10.3623,31.0,large_airport
AGA,GMAD,Al Massira Airport,Agadir (Temsia),MA,30.322478,-9.412003,250.0,large_airport
TTA,GMAT,Tan Tan Airport,Tan Tan,MA,28.447563,-11.161749,653.0,medium_airport
OZG,GMAZ,Zagora Airport,Zagora,MA,30.265788,-5.860808,2414.0,large_airport
UAR,GMFB,Bouarfa Airport,Bouarfa,MA,32.514306,-1.983056,3630.0,medium_airport
FEZ,GMFF,Fes Saïss International Airport,Saïss,MA,33.927299,-4.97796,1900.0,large_airport
ERH,GMFK,Moulay Ali Cherif Airport,Errachidia,MA,31.9475002289,-4.39833021164,3428.0,medium_airport
OUD,GMFO,Oujda Angads Airport,Ahl Angad,MA,34.789558,-1.926041,1535.0,large_airport
SMW,GMMA,Smara Airport,Smara,EH,26.731987,-11.683655,350.0,medium_airport
BEM,GMMD,Beni Mellal Airport,Oulad Yaich,MA,32.401895,-6.315905,1694.0,large_airport
RBA,GMME,Rabat-Salé Airport,Rabat,MA,34.051498,-6.75152,276.0,large_airport
VIL,GMMH,Dakhla Airport,Dakhla,EH,23.7183,-15.932,36.0,large_airport
ESU,GMMI,Essaouira-Mogador Airport,Essaouira,MA,31.397499,-9.68167,384.0,medium_airport
EUN,GMML,Laayoune Hassan I International Airport,El Aaiún,EH,27.142467,-13.224947,207.0,large_airport
CMN,GMMN,Mohammed V International Airport,Casablanca,MA,33.3675,-7.58997,656.0,large_airport
NDR,GMMW,Nador Al Aaroui International Airport,Al Aaroui,MA,34.9888,-3.02821,574.0,large_airport
RAK,GMMX,Marrakesh Menara Airport,Marrakesh,MA,31.604807,-8.035788,1545.0,large_airport
OZZ,GMMZ,Ouarzazate International Airport,Ouarzazate,MA,30.9391,-6.90943,3782.0,large_airport
AHU,GMTA,Cherif Al Idrissi Airport,Al Hoceima,MA,35.177101,-3.83952,95.0,medium_airport
TTU,GMTN,Sania Ramel Airport,Tétouan,MA,35.594299,-5.32002,10.0,large_airport
TNG,GMTT,Tangier Ibn Battuta Airport,Tangier,MA,35.731741,-5.921459,62.0,large_airport
DSS,GOBD,Blaise Diagne International Airport,Dakar,SN,14.670878,-17.072829,290.0,large_airport
ZIG,GOGG,Ziguinchor Airport,Ziguinchor,SN,12.55559,-16.283298,75.0,medium_airport
CSK,GOGS,Cap Skirring Airport,Cap Skirring,SN,12.39533,-16.748,52.0,medium_airport
DKR,GOOY,Léopold Sédar Senghor International Airport,Dakar,SN,14.742337,-17.479222,85.0,large_airport
NKC,GQNO,Nouakchott–Oumtounsy International Airport,Nouakchott,MR,18.31,-15.969722,9.0,large_airport
NDB,GQPP,Nouadhibou International Airport,Nouadhibou,MR,20.932404,-17.030199,24.0,large_airport
OUZ,GQPZ,Tazadit Airport,Zouérate,MR,22.757345,-12.482228,1119.0,medium_airport
CKY,GUCY,Ahmed Sékou Touré International Airport,Conakry,GN,9.57689,-13.612,72.0,large_airport
SID,GVAC,Amílcar Cabral International Airport,Espargos,CV,16.7414,-22.9494,177.0,large_airport
BVC,GVBA,Aristides Pereira International Airport,Rabil,CV,16.136499,-22.888901,69.0,large_airport
MMO,GVMA,Maio Airport,Vila do Maio,CV,15.15590000152588,-23.213699340820312,36.0,medium_airport
RAI,GVNP,Nelson Mandela International Airport,Praia,CV,14.941126,-23.484728,230.0,large_airport
SNE,GVSN,Preguiça Airport,Preguiça,CV,16.588852,-24.284132,669.0,medium_airport
VXE,GVSV,Cesaria Evora International Airport,São Pedro,CV,16.833363,-25.055308,66.0,large_airport
ADD,HAAB,Addis Ababa Bole International Airport,Addis Ababa,ET,8.97789,38.799301,7630.0,large_airport
AMH,HAAM,Arba Minch Airport,Arba Minch,ET,6.03939,37.5905,3901.0,medium_airport
AXU,HAAX,Axum Airport,Axum,ET,14.1468,38.7728,6959.0,medium_airport
BJR,HABD,Bahir Dar Airport,Bahir Dar,ET,11.6081,37.321602,5978.0,medium_airport
DIR,HADR,Aba Tenna Dejazmach Yilma International Airport,Dire Dawa,ET,9.623549,41.855027,3827.0,large_airport
GMB,HAGM,Gambela Airport,Gambela,ET,8.12876,34.563099,1614.0,medium_airport
GDQ,HAGN,Gondar Airport,Azezo,ET,12.5199,37.433998,6449.0,medium_airport
GDE,HAGO,Gode Airport,Gode,ET,5.93513011932,43.5786018372,834.0,medium_airport
JIJ,HAJJ,Gerad Wilwal International Airport,Jijiga,ET,9.331907,42.911811,5954.0,large_airport
BCO,HABC,Jinka Airport,Jinka,ET,5.749655,36.560165,4475.0,medium_airport
JIM,HAJM,Jimma Airport,Jimma,ET,7.66609001159668,36.81660079956055,5500.0,medium_airport
ABK,HAKD,Kebri Dahar Airport,Kebri Dahar,ET,6.732577,44.241339,1800.0,medium_airport
AWA,HALA,Hawassa International Airport,Hawassa,ET,7.100611,38.396455,5450.0,large_airport
MQX,HAMK,Mekele Alula Aba Nega Airport,Mekele,ET,13.4674,39.533501,7396.0,medium_airport
ASO,HASO,Asosa Airport,Asosa,ET,10.018500328063965,34.586299896240234,5100.0,medium_airport
BJM,HBBA,Bujumbura Melchior Ndadaye International Airport,Bujumbura,BI,-3.32402,29.318501,2582.0,large_airport
GID,HBBE,Gitega Airport,Gitega,BI,-3.417209,29.911308,5741.0,medium_airport
BSA,HCMF,Bender Qassim International Airport,Bosaso,SO,11.275235,49.139231,3.0,large_airport
HGA,HCMH,Egal International Airport,Hargeisa,SO,9.514082,44.083469,4471.0,large_airport
BBO,HCMI,Berbera Airport,Berbera,SO,10.385035,44.936723,30.0,medium_airport
MGQ,HCMM,Aden Adde International Airport,Mogadishu,SO,2.01444,45.304699,29.0,large_airport
JIB,HDAM,Djibouti-Ambouli Airport,Djibouti City,DJ,11.5473,43.1595,49.0,large_airport
DBB,HEAL,El Alamein International Airport,El Alamein,EG,30.924324,28.46161,154.0,large_airport
AAC,HEAR,El Arish International Airport,El Arish,EG,31.055324,33.827964,118.0,large_airport
ATZ,HEAT,Asyut International Airport,Asyut,EG,27.045962,31.01276,748.0,large_airport
HBE,HEAX,Alexandria International Airport,Alexandria,EG,30.93249,29.696437,171.0,large_airport
ABS,HEBL,Abu Simbel Airport,Abu Simbel,EG,22.375924,31.611734,614.0,medium_airport
CAI,HECA,Cairo International Airport,Cairo,EG,30.111534,31.396694,322.0,large_airport
CCE,HECP,Capital International Airport,New Cairo,EG,30.06465,31.839974,761.0,medium_airport
HRG,HEGN,Hurghada International Airport,Hurghada,EG,27.176776,33.796692,32.0,large_airport
LXR,HELX,Luxor International Airport,Luxor,EG,25.671018,32.706446,276.0,large_airport
RMF,HEMA,Marsa Alam International Airport,Marsa Alam,EG,25.555548,34.59245,213.0,large_airport
MUH,HEMM,Mersa Matruh International Airport,Marsa Matruh,EG,31.324313,27.22227,75.0,large_airport
PSD,HEPS,Port Said International Airport,Port Said,EG,31.279285,32.240582,10.0,large_airport
HMB,HESG,Suhaj International Airport,Suhaj,EG,26.342515,31.743017,322.0,large_airport
SSH,HESH,Sharm El Sheikh International Airport,Sharm El Sheikh,EG,27.977272,34.394717,191.0,large_airport
ASW,HESN,Aswan International Airport,Aswan,EG,23.961075,32.820382,650.0,large_airport
SPX,HESX,Sphinx International Airport,Al Jiza,EG,30.108179,30.895728,510.0,large_airport
TCP,HETB,Taba International Airport,Taba,EG,29.594496,34.775752,2425.0,medium_airport
ASM,HHAS,Asmara International Airport,Asmara,ER,15.2919,38.910702,7661.0,medium_airport
JUB,HJJJ,Juba International Airport,Juba,SS,4.87201,31.601101,1513.0,large_airport
ASV,HKAM,Amboseli Airport,Ol Tukai,KE,-2.644786,37.252922,3755.0,medium_airport
EDL,HKEL,Eldoret International Airport,Eldoret,KE,0.404458,35.238899,6941.0,large_airport
NBO,HKJK,Jomo Kenyatta International Airport,Nairobi,KE,-1.318886,36.928233,5330.0,large_airport
KIS,HKKI,Kisumu International Airport,Kisumu,KE,-0.086139,34.728901,3734.0,large_airport
LAU,HKLU,Manda Airport,Lamu,KE,-2.252431,40.912892,20.0,medium_airport
MYD,HKML,Malindi International Airport,Malindi,KE,-3.22931,40.1017,80.0,medium_airport
MBA,HKMO,Moi International Airport,Mombasa,KE,-4.03483,39.5942,200.0,large_airport
MRE,HKMS,Mara Serena Lodge Airstrip,Serena,KE,-1.404588,35.008349,5200.0,medium_airport
NYK,HKNL,Nanyuki Civil Airport,Gathiuru,KE,-0.062352,37.041296,6250.0,medium_airport
WIL,HKNW,Nairobi Wilson Airport,Nairobi,KE,-1.32172,36.8148,5536.0,medium_airport
WJR,HKWJ,Wajir Airport,Wajir,KE,1.73324,40.091599,770.0,medium_airport
AKF,HLKF,Kufra Airport,Kufra,LY,24.178699493408203,23.31399917602539,1367.0,medium_airport
BEN,HLLB,Benina International Airport,Benina,LY,32.096802,20.269501,433.0,large_airport
MJI,HLLM,Mitiga International Airport,Tripoli,LY,32.89177,13.287878,36.0,large_airport
LAQ,HLLQ,Al Abraq International Airport,Al Albraq,LY,32.789036,21.954864,2157.0,large_airport
SEB,HLLS,Sabha Airport,Sabha,LY,26.992452,14.466162,1427.0,medium_airport
LTD,HLTD,Ghadames Airport,Ghadames,LY,30.145484,9.702095,1122.0,medium_airport
KGL,HRYR,Kigali International Airport,Kigali,RW,-1.96863,30.1395,4859.0,large_airport
KME,HRZA,Kamembe Airport,Kamembe,RW,-2.462239980697632,28.907899856567383,5192.0,medium_airport
DOG,HSDN,Dongola Airport,Dongola,SD,19.153666,30.430069,772.0,medium_airport
ELF,HSFS,El Fasher Airport,El Fasher,SD,13.61489963531494,25.32460021972656,2393.0,medium_airport
KSL,HSKA,Kassala Airport,Kassala,SD,15.387499809265137,36.328800201416016,1671.0,medium_airport
UYL,HSNN,Nyala Airport,Nyala,SD,12.0535,24.9562,2106.0,medium_airport
EBD,HSOB,El-Obeid Airport,El-Obeid,SD,13.1532,30.2327,1927.0,medium_airport
PZU,HSPN,Port Sudan New International Airport,Port Sudan,SD,19.434558,37.234125,135.0,large_airport
KRT,HSSK,Khartoum International Airport,Khartoum,SD,15.5895,32.5532,1265.0,large_airport
MAK,HSSM,Malakal International Airport,Malakal,SS,9.558739,31.651937,1291.0,medium_airport
WUU,HSWW,Wau Airport,Wau,SS,7.72583,27.975,1529.0,medium_airport
ARK,HTAR,Arusha Airport,Arusha,TZ,-3.3677899837493896,36.63330078125,4550.0,medium_airport
DAR,HTDA,Julius Nyerere International Airport,Dar es Salaam,TZ,-6.873499,39.207288,182.0,large_airport
DOD,HTDO,Dodoma Airport,Dodoma,TZ,-6.170559,35.756036,3673.0,medium_airport
MBI,HTGW,Songwe Airport,Mbeya,TZ,-8.919942,33.273981,4412.0,medium_airport
JRO,HTKJ,Kilimanjaro International Airport,Arusha,TZ,-3.427049,37.07353,2932.0,large_airport
MYW,HTMT,Mtwara Airport,Mtwara,TZ,-10.336204,40.181997,371.0,medium_airport
MWZ,HTMW,Mwanza International Airport,Mwanza,TZ,-2.446563,32.936049,3763.0,large_airport
TGT,HTTG,Tanga Airport,Tanga,TZ,-5.09236,39.071201,129.0,medium_airport
ZNZ,HTZA,Abeid Amani Karume International Airport,Zanzibar,TZ,-6.22202,39.224899,54.0,large_airport
RUA,HUAR,Arua Airport,Arua,UG,3.049152,30.911714,3951.0,medium_airport
EBB,HUEN,Entebbe International Airport,Entebbe,UG,0.042386,32.443501,3782.0,large_airport
ULU,HUGU,Gulu Airport,Gulu,UG,2.8055601119995117,32.27180099487305,3510.0,medium_airport
SRT,HUSO,Soroti Airport,Soroti,UG,1.7276899814605713,33.622798919677734,3697.0,medium_airport
DHX,WARD,Dhoho International Airport,Kediri,ID,-7.749527,111.946831,380.0,medium_airport
UGU,,Bilorai Airport,Bilogai,ID,-3.739503,137.031183,7348.0,medium_airport
AYJ,VEAY,Maharshi Valmiki International Airport,Faizabad,IN,26.747736,82.163664,335.0,medium_airport
SDW,VOSR,Sindhudurg Airport,Chipi,IN,16.002552,73.529846,203.0,medium_airport
NMI,VANM,Navi Mumbai International Airport,Navi Mumbai,IN,18.984597,73.065253,184.0,large_airport
HGI,VEHO,Itanagar Donyi Polo Hollongi Airport,Hollongi,IN,26.96683,93.638792,328.0,medium_airport
DXN,VIND,Noida International Airport,Gautam Buddha Nagar,IN,28.179868,77.611843,644.0,large_airport
AHA,VEAP,Maa Mahamaya Airport,Ambikapur,IN,22.98753,83.19612,1930.0,medium_airport
BLD,KBVU,Boulder City Municipal Airport,Boulder City,US,35.947161,-114.858799,2201.0,medium_airport
ABE,KABE,Lehigh Valley International Airport,Allentown/Bethlehem,US,40.651773,-75.442797,393.0,medium_airport
ABI,KABI,Abilene Regional Airport,Abilene,US,32.4113006592,-99.6819000244,1791.0,medium_airport
ABQ,KABQ,Albuquerque International Sunport,Albuquerque,US,35.039976,-106.608925,5355.0,large_airport
ABR,KABR,Aberdeen Regional Airport,Aberdeen,US,45.449100494384766,-98.42179870605467,1302.0,medium_airport
ABY,KABY,Southwest Georgia Regional Airport,Albany,US,31.532946,-84.196215,197.0,medium_airport
ACK,KACK,Nantucket Memorial Airport,Nantucket,US,41.25310135,-70.06020355,47.0,medium_airport
ACT,KACT,Waco Regional Airport,Waco,US,31.611299514770508,-97.23049926757812,516.0,medium_airport
ACV,KACV,California Redwood Coast-Humboldt County Airport,Arcata/Eureka,US,40.978101,-124.109,221.0,medium_airport
ACY,KACY,Atlantic City International Airport,Atlantic City,US,39.456201,-74.577511,75.0,medium_airport
AEX,KAEX,Alexandria International Airport,Alexandria,US,31.325828,-92.546702,89.0,medium_airport
AGS,KAGS,Augusta Regional At Bush Field,Augusta,US,33.3699,-81.9645,144.0,medium_airport
AIA,KAIA,Alliance Municipal Airport,Alliance,US,42.052543,-102.803965,3931.0,medium_airport
ALB,KALB,Albany International Airport,Albany,US,42.748299,-73.801697,285.0,large_airport
ALO,KALO,Waterloo Regional Airport,Waterloo,US,42.557098388671875,-92.40029907226562,873.0,medium_airport
ALS,KALS,San Luis Valley Regional Airport/Bergman Field,Alamosa,US,37.434898,-105.866997,7539.0,medium_airport
ALW,KALW,Walla Walla Regional Airport,Walla Walla,US,46.09489822,-118.288002,1194.0,medium_airport
AMA,KAMA,Rick Husband Amarillo International Airport,Amarillo,US,35.217857,-101.706444,3607.0,medium_airport
AOO,KAOO,Altoona Blair County Airport,Altoona,US,40.296398,-78.32,1503.0,medium_airport
APN,KAPN,Alpena County Regional Airport,Alpena,US,45.0780983,-83.56030273,690.0,medium_airport
ART,KART,Watertown International Airport,Watertown,US,43.991901,-76.021698,325.0,medium_airport
ASE,KASE,Aspen-Pitkin County Airport (Sardy Field),Aspen,US,39.223202,-106.869003,7820.0,medium_airport
ATL,KATL,Hartsfield Jackson Atlanta International Airport,Atlanta,US,33.6367,-84.428101,1026.0,large_airport
ATW,KATW,Appleton International Airport,Appleton,US,44.258515,-88.519,918.0,medium_airport
ATY,KATY,Watertown Regional Airport,Watertown,US,44.91400146,-97.15470123,1749.0,medium_airport
AUG,KAUG,Augusta State Airport,Augusta,US,44.320598602299995,-69.7973022461,352.0,medium_airport
AUS,KAUS,Austin Bergstrom International Airport,Austin,US,30.197535,-97.662015,542.0,large_airport
AVL,KAVL,Asheville Regional Airport,Asheville,US,35.435488,-82.541853,2165.0,medium_airport
AVP,KAVP,Wilkes-Barre/Scranton International Airport,Wilkes-Barre/Scranton,US,41.337064,-75.724232,962.0,medium_airport
AZO,KAZO,Kalamazoo/Battle Creek International Airport,Kalamazoo,US,42.232105,-85.549637,874.0,medium_airport
BKG,KBBG,Branson Airport,Branson,US,36.532082,-93.200544,1302.0,medium_airport
BDL,KBDL,Bradley International Airport,Hartford,US,41.938555,-72.688016,173.0,large_airport
BED,KBED,Laurence G Hanscom Field,Bedford,US,42.470001,-71.289001,133.0,medium_airport
BFD,KBFD,Bradford Regional Airport,Bradford,US,41.8031005859375,-78.64009857177734,2143.0,medium_airport
BFF,KBFF,Western Neb. Rgnl/William B. Heilig Airport,Scottsbluff,US,41.87400055,-103.5960007,3967.0,medium_airport
BFI,KBFI,King County International Airport - Boeing Field,Seattle,US,47.527042,-122.29995,21.0,medium_airport
BFL,KBFL,Meadows Field,Bakersfield,US,35.433601,-119.056999,510.0,medium_airport
BGM,KBGM,Greater Binghamton/Edwin A Link field,Binghamton,US,42.20869827,-75.97979736,1636.0,medium_airport
BGR,KBGR,Bangor International Airport,Bangor,US,44.806364,-68.826668,192.0,medium_airport
BHB,KBHB,Hancock County-Bar Harbor Airport,Bar Harbor,US,44.45000076,-68.3615036,83.0,medium_airport
BHM,KBHM,Birmingham-Shuttlesworth International Airport,Birmingham,US,33.562877,-86.750712,650.0,large_airport
BIH,KBIH,Eastern Sierra Regional Airport,Bishop,US,37.3731,-118.363998,4124.0,medium_airport
BIL,KBIL,Billings Logan International Airport,Billings,US,45.808932,-108.541242,3652.0,medium_airport
BIS,KBIS,Bismarck Municipal Airport,Bismarck,US,46.772734,-100.746874,1661.0,medium_airport
BJC,KBJC,Rocky Mountain Metropolitan Airport,Denver,US,39.908798,-105.116997,5673.0,medium_airport
BKW,KBKW,Raleigh County Memorial Airport,Beaver,US,37.7873,-81.124199,2504.0,medium_airport
BLI,KBLI,Bellingham International Airport,Bellingham,US,48.79280090332031,-122.53800201416016,170.0,medium_airport
BLV,KBLV,Scott AFB/Midamerica Airport,Belleville,US,38.5452,-89.835197,459.0,medium_airport
BMI,KBMI,Central Illinois Regional Airport at Bloomington-Normal,Bloomington/Normal,US,40.4771,-88.915901,871.0,medium_airport
BNA,KBNA,Nashville International Airport,Nashville,US,36.1245,-86.6782,599.0,large_airport
BOI,KBOI,Boise Air Terminal/Gowen Field,Boise,US,43.5644,-116.223,2871.0,large_airport
BOS,KBOS,Boston Logan International Airport,Boston,US,42.36197,-71.0079,20.0,large_airport
BPT,KBPT,Jack Brooks Regional Airport,Beaumont/Port Arthur,US,29.9508,-94.020699,15.0,medium_airport
BQK,KBQK,Brunswick Golden Isles Airport,Brunswick,US,31.258801,-81.466499,26.0,medium_airport
BRD,KBRD,Brainerd Lakes Regional Airport,Brainerd,US,46.402861,-94.129727,1232.0,medium_airport
BRL,KBRL,Southeast Iowa Regional Airport,Burlington,US,40.783199310302734,-91.12550354003906,698.0,medium_airport
BRO,KBRO,Brownsville South Padre Island International Airport,Brownsville,US,25.907238,-97.425235,22.0,medium_airport
BTM,KBTM,Bert Mooney Airport,Butte,US,45.95479965209961,-112.49700164794922,5550.0,medium_airport
BTR,KBTR,Baton Rouge Metropolitan Airport,Baton Rouge,US,30.533199,-91.149597,70.0,medium_airport
BTV,KBTV,Patrick Leahy Burlington International Airport,Burlington,US,44.471901,-73.153297,335.0,medium_airport
BUF,KBUF,Buffalo Niagara International Airport,Buffalo,US,42.940498,-78.732201,728.0,large_airport
BUR,KBUR,Hollywood Burbank/Bob Hope Airport,Burbank,US,34.202834,-118.35805,778.0,large_airport
BWI,KBWI,Baltimore/Washington International Thurgood Marshall Airport,Baltimore,US,39.1754,-76.668297,146.0,large_airport
BZN,KBZN,Bozeman Yellowstone International Airport,Bozeman,US,45.778853,-111.153711,4473.0,medium_airport
CAE,KCAE,Columbia Metropolitan Airport,Columbia,US,33.938172,-81.123022,236.0,medium_airport
CAK,KCAK,Akron Canton Regional Airport,Akron,US,40.91609954833984,-81.44219970703125,1228.0,medium_airport
CCR,KCCR,Buchanan Field,Concord,US,37.9897,-122.056999,26.0,medium_airport
CDC,KCDC,Cedar City Regional Airport,Cedar City,US,37.70100021362305,-113.0989990234375,5622.0,medium_airport
CDR,KCDR,Chadron Municipal Airport,Chadron,US,42.837601,-103.095001,3297.0,medium_airport
CEC,KCEC,Jack Mc Namara Field Airport,Crescent City,US,41.778929,-124.236403,61.0,medium_airport
CEZ,KCEZ,Cortez Municipal Airport,Cortez,US,37.303001,-108.627998,5918.0,medium_airport
CGI,KCGI,Cape Girardeau Regional Airport,Cape Girardeau,US,37.2253,-89.570801,342.0,medium_airport
CHA,KCHA,Chattanooga Metropolitan Airport (Lovell Field),Chattanooga,US,35.035301,-85.203796,683.0,medium_airport
CHO,KCHO,Charlottesville Albemarle Airport,Charlottesville,US,38.13859939575195,-78.4529037475586,639.0,medium_airport
CHS,KCHS,Charleston International Airport,Charleston,US,32.896159,-80.038151,46.0,large_airport
CID,KCID,The Eastern Iowa Airport,Cedar Rapids,US,41.884701,-91.7108,869.0,medium_airport
CIU,KCIU,Chippewa County International Airport,Kincheloe,US,46.242038,-84.462082,800.0,medium_airport
CKB,KCKB,North Central West Virginia Airport,Bridgeport,US,39.2966,-80.228104,1217.0,medium_airport
CLE,KCLE,Cleveland Hopkins International Airport,Cleveland,US,41.411701,-81.8498,791.0,large_airport
CLL,KCLL,Easterwood Field,College Station,US,30.5886,-96.3638,320.0,medium_airport
CLT,KCLT,Charlotte Douglas International Airport,Charlotte,US,35.2140007019043,-80.94309997558594,748.0,large_airport
CMH,KCMH,John Glenn Columbus International Airport,Columbus,US,39.998001,-82.891899,815.0,large_airport
CMI,KCMI,University of Illinois Willard Airport,Savoy,US,40.039819,-88.276249,755.0,medium_airport
CMX,KCMX,Houghton County Memorial Airport,Hancock,US,47.168399810791016,-88.48909759521484,1095.0,medium_airport
CNM,KCNM,Cavern City Air Terminal,Carlsbad,US,32.337501525878906,-104.26300048828124,3295.0,medium_airport
CNY,KCNY,Canyonlands Regional Airport,Moab,US,38.755001,-109.754997,4557.0,medium_airport
COD,KCOD,Yellowstone Regional Airport,Cody,US,44.520199,-109.024002,5102.0,medium_airport
COS,KCOS,City of Colorado Springs Municipal Airport,Colorado Springs,US,38.805801,-104.700996,6187.0,large_airport
COU,KCOU,Columbia Regional Airport,Columbia,US,38.8181,-92.219597,889.0,medium_airport
CPR,KCPR,Casper-Natrona County International Airport,Casper,US,42.907381,-106.461609,5350.0,medium_airport
CRP,KCRP,Corpus Christi International Airport,Corpus Christi,US,27.770399,-97.501198,44.0,medium_airport
CLD,KCRQ,McClellan-Palomar Airport,Carlsbad,US,33.1283,-117.279999,331.0,medium_airport
CRW,KCRW,Yeager Airport,Charleston,US,38.3731,-81.593201,981.0,medium_airport
CSG,KCSG,Columbus Airport,Columbus,US,32.516415,-84.939602,397.0,medium_airport
CVG,KCVG,Cincinnati Northern Kentucky International Airport,Cincinnati / Covington,US,39.048801,-84.667801,896.0,large_airport
CVN,KCVN,Clovis Municipal Airport,Clovis,US,34.426594,-103.078794,4216.0,medium_airport
CWA,KCWA,Central Wisconsin Airport,Mosinee,US,44.777448,-89.670238,1277.0,medium_airport
CYS,KCYS,Cheyenne Regional Jerry Olson Field,Cheyenne,US,41.155701,-104.811997,6159.0,medium_airport
DAB,KDAB,Daytona Beach International Airport,Daytona Beach,US,29.18255,-81.059464,34.0,medium_airport
DAL,KDAL,Dallas Love Field,Dallas,US,32.844776,-96.847653,487.0,large_airport
DAY,KDAY,James M. Cox Dayton International Airport,Dayton,US,39.902401,-84.219398,1009.0,medium_airport
DBQ,KDBQ,Dubuque Regional Airport,Dubuque,US,42.402,-90.709503,1077.0,medium_airport
DCA,KDCA,Ronald Reagan Washington National Airport,Washington,US,38.8521,-77.037697,15.0,large_airport
DDC,KDDC,Dodge City Regional Airport,Dodge City,US,37.76340103149414,-99.9655990600586,2594.0,medium_airport
DEC,KDEC,Decatur Airport,Decatur,US,39.834598541259766,-88.8656997680664,682.0,medium_airport
DEN,KDEN,Denver International Airport,Denver,US,39.860027,-104.673792,5431.0,large_airport
DFW,KDFW,Dallas Fort Worth International Airport,Dallas-Fort Worth,US,32.896801,-97.038002,607.0,large_airport
DHN,KDHN,Dothan Regional Airport,Dothan,US,31.321300506591797,-85.44960021972656,401.0,medium_airport
DIK,KDIK,Dickinson Theodore Roosevelt Regional Airport,Dickinson,US,46.797533,-102.801905,2592.0,medium_airport
DLH,KDLH,Duluth International Airport,Duluth,US,46.841873,-92.198746,1428.0,medium_airport
DOV,KDOV,Dover Civil Air Terminal/Dover Air Force Base,Dover,US,39.129501,-75.466003,24.0,medium_airport
DRO,KDRO,Durango La Plata County Airport,Durango,US,37.151501,-107.753998,6685.0,medium_airport
DSM,KDSM,Des Moines International Airport,Des Moines,US,41.534027,-93.656719,958.0,large_airport
DSI,KDTS,Destin Executive Airport,Destin,US,30.400101,-86.471497,23.0,medium_airport
DTW,KDTW,Detroit Metropolitan Wayne County Airport,Detroit,US,42.21377,-83.353786,645.0,large_airport
DUJ,KDUJ,DuBois Regional Airport,Dubois,US,41.17829895,-78.8986969,1817.0,medium_airport
DVL,KDVL,Devils Lake Regional Airport,Devils Lake,US,48.115454,-98.908796,1456.0,medium_airport
EAR,KEAR,Kearney Regional Airport,Kearney,US,40.727001,-99.006798,2131.0,medium_airport
EAT,KEAT,Pangborn Memorial Airport,Wenatchee,US,47.398899,-120.207001,1249.0,medium_airport
EAU,KEAU,Chippewa Valley Regional Airport,Eau Claire,US,44.86579895019531,-91.48429870605467,913.0,medium_airport
ECP,KECP,Northwest Florida Beaches International Airport,Panama City Beach,US,30.357106,-85.795414,69.0,medium_airport
EGE,KEGE,Eagle County Regional Airport,Eagle,US,39.64260101,-106.9179993,6548.0,medium_airport
EKO,KEKO,Elko Regional Airport,Elko,US,40.82490158081055,-115.79199981689452,5140.0,medium_airport
ELD,KELD,South Arkansas Regional Airport at Goodwin Field,El Dorado,US,33.221001,-92.813301,277.0,medium_airport
ELM,KELM,Elmira Corning Regional Airport,Elmira/Corning,US,42.1599006652832,-76.8916015625,954.0,medium_airport
ELP,KELP,El Paso International Airport,El Paso,US,31.809908,-106.375607,3959.0,large_airport
ERI,KERI,Erie International Tom Ridge Field,Erie,US,42.083127,-80.173867,732.0,medium_airport
ESC,KESC,Delta County Airport,Escanaba,US,45.723199,-87.088623,609.0,medium_airport
EUG,KEUG,Eugene Airport,Eugene,US,44.124599,-123.211998,374.0,medium_airport
EVV,KEVV,Evansville Regional Airport,Evansville,US,38.0369987488,-87.5324020386,418.0,medium_airport
EWB,KEWB,New Bedford Regional Airport,New Bedford,US,41.67610168457031,-70.95690155029297,80.0,medium_airport
EWN,KEWN,Coastal Carolina Regional Airport,New Bern,US,35.0730018616,-77.04290008539999,18.0,medium_airport
EWR,KEWR,Newark Liberty International Airport,Newark,US,40.6894,-74.170545,18.0,large_airport
EYW,KEYW,Key West International Airport,Key West,US,24.556119,-81.759579,3.0,medium_airport
FAR,KFAR,Hector International Airport,Fargo,US,46.9207,-96.815804,902.0,medium_airport
FAT,KFAT,Fresno Yosemite International Airport,Fresno,US,36.775767,-119.718018,336.0,large_airport
FAY,KFAY,Fayetteville Regional Airport - Grannis Field,Fayetteville,US,34.991199,-78.880302,189.0,medium_airport
FRD,KFHR,Friday Harbor Airport,Friday Harbor,US,48.523654,-123.024645,113.0,medium_airport
FLG,KFLG,Flagstaff Pulliam Airport,Flagstaff,US,35.139757,-111.669826,7014.0,medium_airport
FLL,KFLL,Fort Lauderdale Hollywood International Airport,Fort Lauderdale,US,26.072599,-80.152702,9.0,large_airport
FLO,KFLO,Florence Regional Airport,Florence,US,34.18539810180664,-79.7238998413086,146.0,medium_airport
FNT,KFNT,Bishop International Airport,Flint,US,42.969294,-83.743355,782.0,medium_airport
FOD,KFOD,Fort Dodge Regional Airport,Fort Dodge,US,42.552624,-94.191237,1156.0,medium_airport
FSD,KFSD,Sioux Falls Regional Airport,Sioux Falls,US,43.585463,-96.741152,1429.0,medium_airport
FSM,KFSM,Fort Smith Regional Airport,Fort Smith,US,35.336601,-94.367401,469.0,medium_airport
FTW,KFTW,Fort Worth Meacham International Airport,Fort Worth,US,32.819919,-97.360818,710.0,medium_airport
FWA,KFWA,Fort Wayne International Airport,Fort Wayne,US,40.978896,-85.194465,814.0,medium_airport
GCC,KGCC,Northeast Wyoming Regional Airport,Gillette,US,44.3489,-105.539001,4365.0,medium_airport
GCK,KGCK,Garden City Regional Airport,Garden City,US,37.9275016785,-100.723999023,2891.0,medium_airport
GCN,KGCN,Grand Canyon National Park Airport,Grand Canyon - Tusayan,US,35.9524,-112.147003,6609.0,medium_airport
GDV,KGDV,Dawson Community Airport,Glendive,US,47.137658,-104.80691,2458.0,medium_airport
GEG,KGEG,Spokane International Airport,Spokane,US,47.6199,-117.533997,2376.0,large_airport
GFK,KGFK,Grand Forks International Airport,Grand Forks,US,47.949299,-97.176102,845.0,medium_airport
GGG,KGGG,East Texas Regional Airport,Longview,US,32.38399887084961,-94.71150207519533,365.0,medium_airport
GGW,KGGW,Glasgow Valley County Airport Wokal Field,Glasgow,US,48.212502,-106.614998,2296.0,medium_airport
GJT,KGJT,Grand Junction Regional Airport,Grand Junction,US,39.126663,-108.529387,4858.0,medium_airport
GLH,KGLH,Mid Delta Regional Airport,Greenville,US,33.482899,-90.985603,131.0,medium_airport
GNV,KGNV,Gainesville Regional Airport,Gainesville,US,29.6900997162,-82.2717971802,152.0,medium_airport
FCA,KGPI,Glacier Park International Airport,Kalispell,US,48.310501,-114.255997,2977.0,medium_airport
GPT,KGPT,Gulfport Biloxi International Airport,Gulfport,US,30.405582,-89.069836,28.0,medium_airport
GRB,KGRB,Austin Straubel International Airport,Green Bay,US,44.483459,-88.130805,695.0,medium_airport
GRI,KGRI,Central Nebraska Regional Airport,Grand Island,US,40.967498779296875,-98.30960083007812,1847.0,medium_airport
GRK,KGRK,Killeen Regional Airport / Robert Gray Army Airfield,Fort Cavazos,US,31.0672,-97.828903,1015.0,medium_airport
GRR,KGRR,Gerald R. Ford International Airport,Grand Rapids,US,42.880798,-85.522797,794.0,large_airport
GSO,KGSO,Piedmont Triad International Airport,Greensboro,US,36.09937,-79.937262,925.0,large_airport
GSP,KGSP,Greenville-Spartanburg International Airport,Greenville/Greer/Spartanburg,US,34.895699,-82.218903,964.0,medium_airport
GTF,KGTF,Great Falls International Airport,Great Falls,US,47.481998,-111.371002,3680.0,medium_airport
GTR,KGTR,Golden Triangle Regional Airport,Columbus/W Point/Starkville,US,33.450298,-88.5914,264.0,medium_airport
GUC,KGUC,Gunnison Crested Butte Regional Airport,Gunnison,US,38.534672,-106.934566,7680.0,medium_airport
GUP,KGUP,Gallup Municipal Airport,Gallup,US,35.511653,-108.788166,6472.0,medium_airport
GYY,KGYY,Gary/Chicago International Airport,Gary,US,41.617087,-87.413206,591.0,medium_airport
DSY,VDDS,Dara Sakor International Airport,Ta Noun,KH,10.914244,103.226652,60.0,large_airport
KTI,VDTI,Techo International Airport,Phnom Penh (Boeng Khyang),KH,11.359987,104.921272,20.0,large_airport
HDN,KHDN,Yampa Valley Airport,Hayden,US,40.481201,-107.218002,6606.0,medium_airport
HGR,KHGR,Hagerstown Regional Richard A Henson Field,Hagerstown,US,39.708771,-77.728014,703.0,medium_airport
HHR,KHHR,Jack Northrop Field Hawthorne Municipal Airport,Hawthorne,US,33.922798,-118.334999,66.0,medium_airport
HIB,KHIB,Range Regional Airport,Hibbing,US,47.384831,-92.836905,1354.0,medium_airport
HII,KHII,Lake Havasu City Airport,Lake Havasu City,US,34.570506,-114.357745,783.0,medium_airport
HLN,KHLN,Helena Regional Airport,Helena,US,46.6068,-111.983002,3877.0,medium_airport
HOB,KHOB,Lea County Regional Airport,Hobbs,US,32.6875,-103.217003,3661.0,medium_airport
HOT,KHOT,Memorial Field Airport,Hot Springs,US,34.4788,-93.096262,540.0,medium_airport
HOU,KHOU,William P. Hobby Airport,Houston,US,29.645336,-95.276812,46.0,large_airport
HPN,KHPN,Westchester County Airport,White Plains,US,41.06700134277344,-73.70760345458984,439.0,medium_airport
HRL,KHRL,Valley International Airport,Harlingen,US,26.228500366210938,-97.65440368652344,36.0,medium_airport
HRO,KHRO,Boone County Airport,Harrison,US,36.26150131225586,-93.15470123291016,1365.0,medium_airport
HSV,KHSV,Huntsville International Airport,Huntsville,US,34.636244,-86.774378,629.0,medium_airport
HTS,KHTS,Tri-State Airport / Milton J. Ferguson Field,Huntington,US,38.366699,-82.557999,828.0,medium_airport
HVN,KHVN,Tweed New Haven Airport,New Haven,US,41.262869,-72.887694,12.0,medium_airport
HVR,KHVR,Havre City County Airport,Havre,US,48.541387,-109.762859,2591.0,medium_airport
HHH,KHXD,Hilton Head Airport,Hilton Head Island,US,32.2244,-80.697502,19.0,medium_airport
HYA,KHYA,Cape Cod Gateway Airport,Hyannis,US,41.6693,-70.280403,54.0,medium_airport
HYS,KHYS,Hays Regional Airport,Hays,US,38.844521,-99.273148,1999.0,medium_airport
IAD,KIAD,Washington Dulles International Airport,Dulles,US,38.9445,-77.455803,312.0,large_airport
IAG,KIAG,Niagara Falls International Airport,Niagara Falls,US,43.1073,-78.946198,589.0,medium_airport
IAH,KIAH,George Bush Intercontinental Airport,Houston,US,29.9844,-95.3414,97.0,large_airport
ICT,KICT,Wichita Dwight D. Eisenhower National Airport,Wichita,US,37.650314,-97.428583,1333.0,medium_airport
IDA,KIDA,Idaho Falls Regional Airport,Idaho Falls,US,43.514599,-112.070999,4744.0,medium_airport
ILG,KILG,Wilmington Airport,Wilmington,US,39.678699,-75.606499,80.0,medium_airport
ILM,KILM,Wilmington International Airport,Wilmington,US,34.272345,-77.905117,32.0,medium_airport
IMT,KIMT,Ford Airport,Kingsford,US,45.81911,-88.114557,1182.0,medium_airport
IND,KIND,Indianapolis International Airport,Indianapolis,US,39.7173,-86.294403,797.0,large_airport
INL,KINL,Falls International Airport,International Falls,US,48.566200256347656,-93.4030990600586,1185.0,medium_airport
IPL,KIPL,Imperial County Airport,Imperial,US,32.83539,-115.574026,-54.0,medium_airport
IPT,KIPT,Williamsport Regional Airport,Williamsport,US,41.242126,-76.92245,529.0,medium_airport
IRK,KIRK,Kirksville Regional Airport,Kirksville,US,40.09349822998047,-92.5448989868164,966.0,medium_airport
ISP,KISP,Long Island MacArthur Airport,Islip,US,40.796324,-73.101703,99.0,medium_airport
ITH,KITH,Ithaca Tompkins Regional Airport,Ithaca,US,42.49100112915039,-76.4583969116211,1099.0,medium_airport
AZA,KIWA,Mesa Gateway Airport,Mesa,US,33.3078,-111.654999,1382.0,medium_airport
JAC,KJAC,Jackson Hole Airport,Jackson,US,43.6073,-110.737999,6451.0,medium_airport
JAN,KJAN,Jackson-Medgar Wiley Evers International Airport,Jackson,US,32.311199,-90.075897,346.0,medium_airport
JAX,KJAX,Jacksonville International Airport,Jacksonville,US,30.492469,-81.687813,30.0,large_airport
JBR,KJBR,Jonesboro Municipal Airport,Jonesboro,US,35.83169937133789,-90.64640045166016,262.0,medium_airport
JFK,KJFK,John F. Kennedy International Airport,New York,US,40.639447,-73.779317,13.0,large_airport
JLN,KJLN,Joplin Regional Airport,Joplin,US,37.151798,-94.498299,981.0,medium_airport
JMS,KJMS,Jamestown Regional Airport,Jamestown,US,46.92969894,-98.67819977,1500.0,medium_airport
USA,KJQF,Concord-Padgett Regional Airport,Concord,US,35.387798,-80.709099,705.0,medium_airport
JST,KJST,John Murtha Johnstown Cambria County Airport,Johnstown,US,40.31610107421875,-78.83390045166016,2284.0,medium_airport
LAF,KLAF,Purdue University Airport,West Lafayette,US,40.412875,-86.939363,606.0,medium_airport
LAL,KLAL,Lakeland Linder International Airport,Lakeland,US,27.989267,-82.020715,142.0,medium_airport
LAN,KLAN,Capital Region International Airport,Lansing,US,42.777582,-84.585721,861.0,medium_airport
LAR,KLAR,Laramie Regional Airport,Laramie,US,41.31209945678711,-105.6750030517578,7284.0,medium_airport
LAS,KLAS,Harry Reid International Airport,Las Vegas,US,36.083361,-115.151817,2181.0,large_airport
LAW,KLAW,Lawton Fort Sill Regional Airport,Lawton,US,34.567699,-98.416603,1110.0,medium_airport
LAX,KLAX,Los Angeles International Airport,Los Angeles,US,33.942501,-118.407997,125.0,large_airport
LBB,KLBB,Lubbock Preston Smith International Airport,Lubbock,US,33.663601,-101.822998,3282.0,medium_airport
LBE,KLBE,Arnold Palmer Regional Airport,Latrobe,US,40.275902,-79.4048,1199.0,medium_airport
LBF,KLBF,North Platte Regional Airport Lee Bird Field,North Platte,US,41.12620163,-100.6839981,2777.0,medium_airport
LBL,KLBL,Liberal Mid-America Regional Airport,Liberal,US,37.0442009,-100.9599991,2885.0,medium_airport
LCH,KLCH,Lake Charles Regional Airport,Lake Charles,US,30.126100540161133,-93.22329711914062,15.0,medium_airport
LCK,KLCK,Rickenbacker International Airport,Columbus,US,39.813801,-82.927803,744.0,medium_airport
LEB,KLEB,Lebanon Municipal Airport,Lebanon,US,43.626098632799994,-72.30419921880001,603.0,medium_airport
LEX,KLEX,Blue Grass Airport,Lexington,US,38.035066,-84.606738,979.0,medium_airport
LFT,KLFT,Lafayette Regional Airport,Lafayette,US,30.205299,-91.987602,42.0,medium_airport
LGA,KLGA,LaGuardia Airport,New York,US,40.777199,-73.872597,21.0,large_airport
LGB,KLGB,Long Beach International Airport,Long Beach,US,33.816523,-118.149891,60.0,large_airport
LIT,KLIT,Bill & Hillary Clinton National Airport/Adams Field,Little Rock,US,34.729222,-92.223591,262.0,medium_airport
LNK,KLNK,Lincoln Airport,Lincoln,US,40.844882,-96.76178,1219.0,medium_airport
LNS,KLNS,Lancaster Airport,Lancaster,US,40.121700286865234,-76.29609680175781,403.0,medium_airport
LRD,KLRD,Laredo International Airport,Laredo,US,27.5438,-99.461601,508.0,medium_airport
LRU,KLRU,Las Cruces International Airport,Las Cruces,US,32.289398,-106.921997,4456.0,medium_airport
LSE,KLSE,La Crosse Regional Airport,La Crosse,US,43.879002,-91.256699,655.0,medium_airport
LUK,KLUK,Cincinnati Municipal Airport Lunken Field,Cincinnati,US,39.102357,-84.418945,483.0,medium_airport
LWB,KLWB,Greenbrier Valley Airport,Lewisburg,US,37.857914,-80.400438,2302.0,medium_airport
LWS,KLWS,Lewiston Nez Perce County Airport,Lewiston,US,46.3745002746582,-117.01499938964844,1442.0,medium_airport
LYH,KLYH,Lynchburg Regional Airport - Preston Glenn Field,Lynchburg,US,37.326698,-79.200401,938.0,medium_airport
MAF,KMAF,Midland International Air and Space Port,Midland,US,31.942499,-102.202003,2871.0,medium_airport
MBS,KMBS,MBS International Airport,Freeland,US,43.533181,-84.083104,668.0,medium_airport
MCE,KMCE,Merced Regional Macready Field,Merced,US,37.284698,-120.514,155.0,medium_airport
MCI,KMCI,Kansas City International Airport,Kansas City,US,39.301699,-94.713893,1026.0,large_airport
MCK,KMCK,McCook Ben Nelson Regional Airport,McCook,US,40.207787,-100.592794,2583.0,medium_airport
MCN,KMCN,Middle Georgia Regional Airport,Macon,US,32.69279861450195,-83.64920043945312,354.0,medium_airport
MCO,KMCO,Orlando International Airport,Orlando,US,28.429399490356445,-81.30899810791016,96.0,large_airport
MCW,KMCW,Mason City Municipal Airport,Mason City,US,43.159801,-93.329716,1213.0,medium_airport
MDT,KMDT,Harrisburg International Airport,Harrisburg,US,40.192838,-76.762333,310.0,medium_airport
MDW,KMDW,Chicago Midway International Airport,Chicago,US,41.785999,-87.752403,620.0,large_airport
MEI,KMEI,Key Field / Meridian Regional Airport,Meridian,US,32.3326,-88.7519,297.0,medium_airport
MEM,KMEM,Memphis International Airport,Memphis,US,35.043845,-89.97634,341.0,large_airport
MFE,KMFE,McAllen Miller International Airport,McAllen,US,26.176141,-98.237965,107.0,medium_airport
MFR,KMFR,Rogue Valley International-Medford Airport,Medford,US,42.374199,-122.873001,1335.0,medium_airport
MGC,KMGC,Michigan City Municipal Airport,Michigan City,US,41.7033,-86.821198,655.0,medium_airport
MGM,KMGM,Montgomery Regional (Dannelly Field) Airport,Montgomery,US,32.300598,-86.393997,221.0,medium_airport
MGW,KMGW,Morgantown Municipal Airport Walter L. (Bill) Hart Field,Morgantown,US,39.643305,-79.917598,1248.0,medium_airport
MHK,KMHK,Manhattan Regional Airport,Manhattan,US,39.14099884033203,-96.6707992553711,1057.0,medium_airport
MHT,KMHT,Manchester-Boston Regional Airport,Manchester,US,42.932598,-71.435699,266.0,medium_airport
MIA,KMIA,Miami International Airport,Miami,US,25.796011,-80.289751,8.0,large_airport
MKE,KMKE,General Mitchell International Airport,Milwaukee,US,42.947201,-87.896599,723.0,large_airport
MKG,KMKG,Muskegon County Airport,Muskegon,US,43.169498,-86.238197,629.0,medium_airport
MKL,KMKL,McKellar-Sipes Regional Airport,Jackson,US,35.599899,-88.915604,434.0,medium_airport
MLB,KMLB,Melbourne Orlando International Airport,Melbourne,US,28.102009,-80.641088,33.0,medium_airport
MLI,KMLI,Quad City International Airport,Moline,US,41.448502,-90.5075,590.0,medium_airport
MLU,KMLU,Monroe Regional Airport,Monroe,US,32.510899,-92.037697,79.0,medium_airport
MMH,KMMH,Mammoth Yosemite Airport,Mammoth Lakes,US,37.625381,-118.84306,7135.0,medium_airport
MOB,KMOB,Mobile Regional Airport,Mobile,US,30.6912,-88.242798,219.0,medium_airport
MOT,KMOT,Minot International Airport,Minot,US,48.25801,-101.279123,1716.0,medium_airport
MRY,KMRY,Monterey Regional Airport,Monterey,US,36.586777,-121.844183,257.0,medium_airport
MSL,KMSL,Northwest Alabama Regional Airport,Muscle Shoals,US,34.745123,-87.612981,551.0,medium_airport
MSN,KMSN,Dane County Regional Truax Field,Madison,US,43.1399,-89.337502,887.0,medium_airport
MSO,KMSO,Missoula Montana Airport,Missoula,US,46.915816,-114.091107,3206.0,medium_airport
MSP,KMSP,Minneapolis–Saint Paul International Airport / Wold–Chamberlain Field,Minneapolis,US,44.880081,-93.221741,841.0,large_airport
MSS,KMSS,Massena International Airport Richards Field,Massena,US,44.936157,-74.844304,215.0,medium_airport
MSY,KMSY,Louis Armstrong New Orleans International Airport,New Orleans,US,29.993401,-90.264673,4.0,large_airport
MTJ,KMTJ,Montrose Regional Airport,Montrose,US,38.5098,-107.893997,5759.0,medium_airport
MWA,KMWA,Veterans Airport of Southern Illinois,Marion,US,37.751208,-89.016568,472.0,medium_airport
MWL,KMWL,Mineral Wells Regional Airport,Mineral Wells,US,32.781601,-98.060204,974.0,medium_airport
MYL,KMYL,McCall Municipal Airport,McCall,US,44.888837,-116.101112,5024.0,medium_airport
MYR,KMYR,Myrtle Beach International Airport,Myrtle Beach,US,33.679699,-78.928299,25.0,large_airport
YUM,KNYL,Yuma International Airport / Marine Corps Air Station Yuma,Yuma,US,32.650938,-114.609375,213.0,medium_airport
OAJ,KOAJ,Albert J Ellis Airport,Richlands,US,34.829201,-77.612099,94.0,medium_airport
OAK,KOAK,Oakland San Francisco Bay Airport,Oakland,US,37.720085,-122.221184,9.0,large_airport
OGD,KOGD,Ogden Hinckley Airport,Ogden,US,41.195899963379,-112.0120010376,4473.0,medium_airport
OGS,KOGS,Ogdensburg International Airport,Ogdensburg,US,44.6819,-75.4655,297.0,medium_airport
OKC,KOKC,OKC Will Rogers World Airport,Oklahoma City,US,35.393388,-97.598248,1295.0,large_airport
OLF,KOLF,L M Clayton Airport,Wolf Point,US,48.094501,-105.574997,1986.0,medium_airport
OLM,KOLM,Olympia Regional Airport,Olympia,US,46.969399,-122.903,209.0,medium_airport
OMA,KOMA,Eppley Airfield,Omaha,US,41.3032,-95.894096,984.0,large_airport
ONT,KONT,Ontario International Airport,Ontario,US,34.056,-117.600998,944.0,large_airport
OPF,KOPF,Miami-Opa Locka Executive Airport,Miami,US,25.907,-80.278397,8.0,medium_airport
ORD,KORD,Chicago O'Hare International Airport,Chicago,US,41.9786,-87.9048,680.0,large_airport
ORF,KORF,Norfolk International Airport,Norfolk,US,36.895341,-76.201,26.0,large_airport
ORH,KORH,Worcester Regional Airport,Worcester,US,42.2673,-71.875702,1009.0,medium_airport
ESD,KORS,Orcas Island Airport,Eastsound,US,48.708199,-122.910004,31.0,medium_airport
OTH,KOTH,Southwest Oregon Regional Airport,North Bend,US,43.41709899902344,-124.24600219726562,17.0,medium_airport
OWB,KOWB,Owensboro Daviess County Airport,Owensboro,US,37.74010086,-87.16680145,407.0,medium_airport
OCE,KOXB,Ocean City Municipal Airport,Ocean City,US,38.310398,-75.124001,11.0,medium_airport
PAE,KPAE,Seattle Paine Field International Airport,Everett,US,47.9063,-122.281998,606.0,medium_airport
PAH,KPAH,Barkley Regional Airport,Paducah,US,37.06079864501953,-88.7738037109375,410.0,medium_airport
PBG,KPBG,Plattsburgh International Airport,Plattsburgh,US,44.650902,-73.468102,234.0,medium_airport
PBI,KDJT,President Donald J. Trump International Airport,West Palm Beach,US,26.683201,-80.095596,19.0,large_airport
PDK,KPDK,DeKalb Peachtree Airport,Atlanta,US,33.87633,-84.30213,1003.0,medium_airport
PDT,KPDT,Eastern Oregon Regional Airport at Pendleton,Pendleton,US,45.695099,-118.841003,1497.0,medium_airport
PDX,KPDX,Portland International Airport,Portland,US,45.588699,-122.598,31.0,large_airport
PGA,KPGA,Page Municipal Airport,Page,US,36.924234,-111.447716,4316.0,medium_airport
PGD,KPGD,Punta Gorda Airport,Punta Gorda,US,26.9202,-81.990501,26.0,medium_airport
PGV,KPGV,Pitt-Greenville Airport,Greenville,US,35.635535,-77.384262,26.0,medium_airport
PHF,KPHF,Newport News Williamsburg International Airport,Newport News,US,37.131901,-76.492996,42.0,medium_airport
PHL,KPHL,Philadelphia International Airport,Philadelphia,US,39.871899,-75.241096,36.0,large_airport
PHX,KPHX,Phoenix Sky Harbor International Airport,Phoenix,US,33.435302,-112.005905,1135.0,large_airport
PIA,KPIA,General Wayne A. Downing Peoria International Airport,Peoria,US,40.663841,-89.692631,660.0,medium_airport
PIB,KPIB,Hattiesburg Laurel Regional Airport,Moselle,US,31.4671,-89.337097,298.0,medium_airport
PIE,KPIE,St. Petersburg Clearwater International Airport,Pinellas Park,US,27.9102,-82.687401,11.0,large_airport
PIH,KPIH,Pocatello Regional Airport,Pocatello,US,42.9098014831543,-112.59600067138672,4452.0,medium_airport
PIR,KPIR,Pierre Regional Airport,Pierre,US,44.38270187,-100.2860031,1744.0,medium_airport
PIT,KPIT,Pittsburgh International Airport,Pittsburgh,US,40.491501,-80.232903,1203.0,large_airport
PKB,KPKB,Mid Ohio Valley Regional Airport,Parkersburg (Williamstown),US,39.3451,-81.439201,858.0,medium_airport
PLN,KPLN,Pellston Regional Airport of Emmet County Airport,Pellston,US,45.57089996,-84.79669952,721.0,medium_airport
PNS,KPNS,Pensacola International Airport,Pensacola,US,30.472718,-87.186639,121.0,large_airport
PQI,KPQI,Presque Isle International Airport,Presque Isle,US,46.688999,-68.0448,534.0,medium_airport
PRC,KPRC,Prescott Regional Airport - Ernest A. Love Field,Prescott,US,34.653502,-112.419883,5045.0,medium_airport
PSC,KPSC,Tri Cities Airport,Pasco,US,46.264702,-119.119003,410.0,medium_airport
PSM,KPSM,Portsmouth International Airport at Pease,Portsmouth,US,43.0779,-70.823303,100.0,medium_airport
PSP,KPSP,Palm Springs International Airport,Palm Springs,US,33.8297,-116.507004,477.0,large_airport
PUB,KPUB,Pueblo Memorial Airport,Pueblo,US,38.289101,-104.497002,4726.0,medium_airport
PUW,KPUW,Pullman-Moscow Regional Airport,Pullman,US,46.741601,-117.11163,2556.0,medium_airport
PVD,KPVD,Rhode Island T. F. Green International Airport,Providence/Warwick,US,41.725038,-71.425668,55.0,large_airport
PVU,KPVU,Provo Municipal Airport,Provo,US,40.218894,-111.722445,4497.0,medium_airport
PWM,KPWM,Portland International Jetport,Portland,US,43.646198,-70.309303,76.0,large_airport
RAP,KRAP,Rapid City Regional Airport,Rapid City,US,44.0452995300293,-103.05699920654295,3204.0,medium_airport
RDD,KRDD,Redding Municipal Airport,Redding,US,40.50899887,-122.2929993,505.0,medium_airport
RDM,KRDM,Roberts Field,Redmond,US,44.254101,-121.150002,3080.0,medium_airport
RDU,KRDU,Raleigh-Durham International Airport,Raleigh/Durham,US,35.878659,-78.7873,435.0,large_airport
RFD,KRFD,Chicago Rockford International Airport,Chicago/Rockford,US,42.1954,-89.097198,742.0,medium_airport
RHI,KRHI,Rhinelander Oneida County Airport,Rhinelander,US,45.63119888305664,-89.46749877929688,1624.0,medium_airport
RIC,KRIC,Richmond International Airport,Richmond,US,37.505199,-77.319702,167.0,large_airport
RIW,KRIW,Central Wyoming Regional Airport,Riverton,US,43.064201,-108.459999,5525.0,medium_airport
RKD,KRKD,Knox County Regional Airport,Rockland,US,44.060101,-69.099197,56.0,medium_airport
RKS,KRKS,Southwest Wyoming Regional Airport,Rock Springs,US,41.5942,-109.065001,6764.0,medium_airport
RNO,KRNO,Reno Tahoe International Airport,Reno,US,39.4991,-119.767998,4415.0,large_airport
ROA,KROA,Roanoke–Blacksburg Regional Airport,Roanoke,US,37.3255,-79.975403,1175.0,medium_airport
ROC,KROC,Frederick Douglass Greater Rochester International Airport,Rochester,US,43.1189,-77.672401,559.0,large_airport
ROW,KROW,Roswell Air Center Airport,Roswell,US,33.301601,-104.530998,3671.0,medium_airport
RST,KRST,Rochester International Airport,Rochester,US,43.908298,-92.5,1317.0,medium_airport
RSW,KRSW,Southwest Florida International Airport,Fort Myers,US,26.534685,-81.752816,30.0,large_airport
RUT,KRUT,Rutland - Southern Vermont Regional Airport,Rutland,US,43.5294,-72.9496,787.0,medium_airport
SAF,KSAF,Santa Fe Municipal Airport,Santa Fe,US,35.6171,-106.088997,6348.0,medium_airport
SAN,KSAN,San Diego International Airport,San Diego,US,32.733601,-117.190002,17.0,large_airport
SAT,KSAT,San Antonio International Airport,San Antonio,US,29.533701,-98.469803,809.0,large_airport
SAV,KSAV,Savannah Hilton Head International Airport,Savannah,US,32.126591,-81.19998,50.0,large_airport
MQT,KSAW,Marquette/Sawyer International Airport,Gwinn,US,46.351498,-87.395884,1221.0,medium_airport
SBA,KSBA,Santa Barbara Municipal Airport,Santa Barbara,US,34.426201,-119.839996,13.0,medium_airport
SBD,KSBD,San Bernardino International Airport,San Bernardino,US,34.096717,-117.236596,1159.0,large_airport
SBN,KSBN,South Bend International Airport,South Bend,US,41.708304,-86.316922,799.0,medium_airport
SBP,KSBP,San Luis County Regional Airport,San Luis Obispo,US,35.236801147499996,-120.641998291,212.0,medium_airport
SBY,KSBY,Salisbury Ocean City Wicomico Regional Airport,Salisbury,US,38.34049987792969,-75.51029968261719,52.0,medium_airport
SCK,KSCK,Stockton Metropolitan Airport,Stockton,US,37.893279,-121.238079,33.0,medium_airport
SDF,KSDF,Louisville Muhammad Ali International Airport,Louisville,US,38.1706,-85.735076,501.0,large_airport
SDY,KSDY,Sidney - Richland Regional Airport,Sidney,US,47.705141,-104.194422,1985.0,medium_airport
SEA,KSEA,Seattle–Tacoma International Airport,Seattle,US,47.447943,-122.310276,433.0,large_airport
SFB,KSFB,Orlando Sanford International Airport,Orlando,US,28.774277,-81.234626,55.0,large_airport
SFO,KSFO,San Francisco International Airport,San Francisco,US,37.619806,-122.374821,13.0,large_airport
SGF,KSGF,Springfield Branson National Airport,Springfield,US,37.245047,-93.388596,1268.0,medium_airport
UST,KSGJ,Northeast Florida Regional Airport,St Augustine,US,29.9592,-81.339798,10.0,medium_airport
SGU,KSGU,St George Regional Airport,St George,US,37.036389,-113.510306,2941.0,medium_airport
SHD,KSHD,Shenandoah Valley Regional Airport,Weyers Cave,US,38.263802,-78.8964,1201.0,medium_airport
SHR,KSHR,Sheridan County Airport,Sheridan,US,44.76919937133789,-106.9800033569336,4021.0,medium_airport
SHV,KSHV,Shreveport Regional Airport,Shreveport,US,32.444747,-93.826741,258.0,medium_airport
SJC,KSJC,Norman Y. Mineta San Jose International Airport,San Jose,US,37.362452,-121.929188,62.0,large_airport
SJT,KSJT,San Angelo Regional Mathis Field,San Angelo,US,31.35770034790039,-100.49600219726562,1919.0,medium_airport
TSM,KSKX,Taos Regional Airport,Taos,US,36.452494,-105.67749,7095.0,medium_airport
SLC,KSLC,Salt Lake City International Airport,Salt Lake City,US,40.78886,-111.979866,4227.0,large_airport
SLE,KSLE,Salem-Willamette Valley Airport/McNary Field,Salem,US,44.9095,-123.002998,214.0,medium_airport
SLK,KSLK,Adirondack Regional Airport,Saranac Lake,US,44.38691,-74.204629,1663.0,medium_airport
SLN,KSLN,Salina Municipal Airport,Salina,US,38.79100036621094,-97.6521987915039,1288.0,medium_airport
SMF,KSMF,Sacramento International Airport,Sacramento,US,38.6954,-121.591003,27.0,large_airport
SMN,KSMN,Lemhi County Airport,Salmon,US,45.122233,-113.88196,4043.0,medium_airport
SMX,KSMX,Santa Maria Public Airport Captain G Allan Hancock Field,Santa Maria,US,34.898899,-120.457001,261.0,medium_airport
SNA,KSNA,John Wayne Orange County International Airport,Santa Ana,US,33.675063,-117.869281,56.0,large_airport
SOW,KSOW,Show Low Regional Airport,Show Low,US,34.264062,-110.007091,6415.0,medium_airport
SPI,KSPI,Abraham Lincoln Capital Airport,Springfield,US,39.844101,-89.677902,598.0,medium_airport
SPS,KSPS,Wichita Falls Municipal Airport / Sheppard Air Force Base,Wichita Falls,US,33.9888,-98.491898,1019.0,medium_airport
SQL,KSQL,San Carlos Airport,San Carlos,US,37.51313,-122.250838,5.0,medium_airport
SRQ,KSRQ,Sarasota Bradenton International Airport,Sarasota/Bradenton,US,27.394631,-82.554359,30.0,large_airport
STC,KSTC,Saint Cloud Regional Airport,Saint Cloud,US,45.5466,-94.059898,1031.0,medium_airport
STL,KSTL,St. Louis Lambert International Airport,St Louis,US,38.748697,-90.370003,618.0,large_airport
STS,KSTS,Charles M. Schulz Sonoma County Airport,Santa Rosa,US,38.50899887,-122.8130035,128.0,medium_airport
SUN,KSUN,Friedman Memorial Airport,Hailey,US,43.50439835,-114.2959976,5318.0,medium_airport
SUX,KSUX,Sioux Gateway Airport / Brigadier General Bud Day Field,Sioux City,US,42.397605,-96.382237,1098.0,medium_airport
SVC,KSVC,Grant County Airport,Silver City,US,32.636701,-108.154736,5446.0,medium_airport
SWF,KSWF,New York Stewart International Airport,Newburgh,US,41.50421,-74.108901,491.0,medium_airport
SWO,KSWO,Stillwater Regional Airport,Stillwater,US,36.162132,-97.085581,1000.0,medium_airport
SYR,KSYR,Syracuse Hancock International Airport,Syracuse,US,43.11119842529297,-76.1063003540039,421.0,large_airport
TBN,KTBN,Waynesville-St. Robert Regional Airport-Forney Field,Fort Leonard Wood,US,37.7416,-92.140701,1159.0,medium_airport
TEB,KTEB,Teterboro Airport,Teterboro,US,40.850101,-74.060799,9.0,medium_airport
TEX,KTEX,Telluride Regional Airport,Telluride,US,37.9538,-107.907997,9070.0,medium_airport
TIW,KTIW,Tacoma Narrows Airport,Tacoma,US,47.267407,-122.577295,294.0,medium_airport
TLH,KTLH,Tallahassee International Airport,Tallahassee,US,30.401209,-84.35433,81.0,medium_airport
TOL,KTOL,Eugene F. Kranz Toledo Express Airport,Toledo,US,41.5868,-83.8078,683.0,medium_airport
TPA,KTPA,Tampa International Airport,Tampa,US,27.9755,-82.533203,26.0,large_airport
TRI,KTRI,Tri-Cities Regional TN/VA Airport,Blountville,US,36.475201,-82.407401,1519.0,medium_airport
TKF,KTRK,Truckee Tahoe Airport,Truckee,US,39.318628,-120.140562,5900.0,medium_airport
TTN,KTTN,Trenton Mercer Airport,Ewing Township,US,40.276699,-74.813499,213.0,medium_airport
TUL,KTUL,Tulsa International Airport,Tulsa,US,36.197084,-95.886225,677.0,large_airport
TUP,KTUP,Tupelo Regional Airport,Tupelo,US,34.26810073852539,-88.7698974609375,346.0,medium_airport
TUS,KTUS,Tucson International Airport,Tucson,US,32.115004,-110.938053,2643.0,large_airport
TVC,KTVC,Cherry Capital Airport,Traverse City,US,44.741402,-85.582199,624.0,medium_airport
TVF,KTVF,Thief River Falls Regional Airport,Thief River Falls,US,48.065701,-96.184998,1119.0,medium_airport
TWF,KTWF,Joslin Field Magic Valley Regional Airport,Twin Falls,US,42.4818,-114.487999,4154.0,medium_airport
TXK,KTXK,Texarkana Regional Airport (Webb Field),Texarkana,US,33.453701,-93.990997,390.0,medium_airport
TYR,KTYR,Tyler Pounds Regional Airport,Tyler,US,32.35409927368164,-95.40239715576172,544.0,medium_airport
TYS,KTYS,McGhee Tyson Airport,Knoxville/Maryville,US,35.811001,-83.994003,981.0,large_airport
UIN,KUIN,Quincy Regional Airport Baldwin Field,Quincy,US,39.942699,-91.194603,768.0,medium_airport
SCE,KUNV,State College Regional Airport,State College,US,40.849374,-77.84852,1239.0,medium_airport
NPT,KUUU,Newport State Airport,Newport,US,41.532207,-71.281039,172.0,medium_airport
VCT,KVCT,Victoria Regional Airport,Victoria,US,28.85260009765625,-96.9185028076172,115.0,medium_airport
VEL,KVEL,Vernal Regional Airport,Vernal,US,40.436214,-109.511661,5278.0,medium_airport
VLD,KVLD,Valdosta Regional Airport,Valdosta,US,30.782499313354492,-83.27670288085938,203.0,medium_airport
VPS,KVPS,Destin-Fort Walton Beach Airport,Valparaiso,US,30.481315,-86.515839,87.0,medium_airport
VRB,KVRB,Vero Beach Regional Airport,Vero Beach,US,27.6556,-80.417901,24.0,medium_airport
WST,KWST,Westerly State Airport,Westerly,US,41.349602,-71.803398,81.0,medium_airport
WYS,KWYS,Yellowstone Airport,West Yellowstone,US,44.6884,-111.117996,6649.0,medium_airport
XNA,KXNA,Northwest Arkansas National Airport,Fayetteville/Springdale/Rogers,US,36.281898,-94.306801,1287.0,medium_airport
XWA,KXWA,Williston Basin International Airport,Williston,US,48.260863,-103.75116,2344.0,medium_airport
YKM,KYKM,Yakima Air Terminal McAllister Field,Yakima,US,46.56819916,-120.5439987,1099.0,medium_airport
BOR,VLBK,Bokeo International Airport,Ton Phueng,LA,20.323986,100.165392,1175.0,medium_airport
TIA,LATI,Tirana International Airport Mother Teresa,Rinas,AL,41.4147,19.7206,126.0,large_airport
BOJ,LBBG,Burgas Airport,Burgas,BG,42.569917,27.515173,135.0,large_airport
PDV,LBPD,Plovdiv International Airport,Plovdiv,BG,42.067799,24.8508,597.0,large_airport
SOF,LBSF,Sofia Airport,Sofia,BG,42.696357,23.417671,1742.0,large_airport
VAR,LBWN,Varna Airport,Varna,BG,43.232101,27.8251,230.0,large_airport
ECN,LCEN,Ercan International Airport,Tymbou (Kirklar),CY,35.153064,33.507352,404.0,large_airport
LCA,LCLK,Larnaca International Airport,Larnaca,CY,34.875099,33.624901,8.0,large_airport
PFO,LCPH,Paphos International Airport,Paphos,CY,34.717999,32.485699,41.0,large_airport
DBV,LDDU,Dubrovnik Ruđer Bošković Airport,Dubrovnik,HR,42.562247,18.265543,527.0,large_airport
OSI,LDOS,Osijek Airport,Osijek(Klisa),HR,45.462355,18.811278,290.0,medium_airport
PUY,LDPL,Pula Airport,Pula,HR,44.893501,13.9222,274.0,large_airport
RJK,LDRI,Rijeka Airport,Rijeka(Omišalj),HR,45.216376,14.57085,278.0,large_airport
BWK,LDSB,Brač Airport,Gornji Humac,HR,43.284454,16.678362,1776.0,medium_airport
SPU,LDSP,Split Saint Jerome Airport,Split,HR,43.538898,16.298,79.0,large_airport
ZAG,LDZA,Zagreb Franjo Tuđman International Airport,Velika Gorica,HR,45.742901,16.0688,353.0,large_airport
ZAD,LDZD,Zadar Airport,Zadar,HR,44.096986,15.353565,289.0,large_airport
ALC,LEAL,Alicante-Elche Miguel Hernández Airport,Alicante,ES,38.2822,-0.558156,142.0,large_airport
LEI,LEAM,Almería Airport,Almería,ES,36.843899,-2.3701,70.0,medium_airport
OVD,LEAS,Asturias Airport,Ranón,ES,43.563599,-6.03462,416.0,large_airport
ODB,LEBA,Córdoba Airport,Córdoba,ES,37.841999,-4.84888,297.0,medium_airport
BIO,LEBB,Bilbao Airport,Bilbao,ES,43.301102,-2.91061,138.0,large_airport
BCN,LEBL,Josep Tarradellas Barcelona-El Prat Airport,Barcelona,ES,41.2971,2.07846,12.0,large_airport
BJZ,LEBZ,Badajoz Airport,Badajoz,ES,38.8913,-6.82133,609.0,medium_airport
CDT,LECH,Castellón-Costa Azahar Airport,Castellón de la Plana,ES,40.213889,0.073333,1182.0,medium_airport
LCG,LECO,A Coruña Airport,Culleredo,ES,43.302101,-8.37726,326.0,medium_airport
ILD,LEDA,Lleida-Alguaire Airport,Lleida,ES,41.728185,0.535023,1152.0,medium_airport
GRO,LEGE,Girona-Costa Brava Airport,Girona,ES,41.904639,2.761774,468.0,large_airport
GRX,LEGR,F.G.L. Airport Granada-Jaén Airport,Granada,ES,37.188702,-3.77736,1860.0,medium_airport
IBZ,LEIB,Ibiza Airport,Ibiza (Eivissa),ES,38.872898,1.37312,24.0,large_airport
XRY,LEJR,Jerez Airport,Jerez de la Frontera,ES,36.744598,-6.06011,93.0,medium_airport
LEN,LELN,León Airport,La Virgen del Camino,ES,42.590709,-5.653406,3006.0,medium_airport
MAD,LEMD,Adolfo Suárez Madrid–Barajas Airport,Madrid,ES,40.493407,-3.572249,1998.0,large_airport
AGP,LEMG,Málaga-Costa del Sol Airport,Málaga,ES,36.6749,-4.49911,53.0,large_airport
MAH,LEMH,Menorca Airport,Mahón (Maó),ES,39.862598,4.21865,302.0,large_airport
RMU,LEMI,Region of Murcia International Airport,Corvera,ES,37.802852,-1.124884,644.0,large_airport
PMI,LEPA,Palma de Mallorca Airport,Palma de Mallorca,ES,39.551701,2.73881,27.0,large_airport
PNA,LEPP,Pamplona Airport,Pamplona,ES,42.77,-1.64633,1504.0,medium_airport
REU,LERS,Reus Airport,Reus,ES,41.147509,1.168354,233.0,large_airport
SLM,LESA,Salamanca Airport,Salamanca,ES,40.952099,-5.50199,2595.0,medium_airport
EAS,LESO,San Sebastián Airport,Hondarribia,ES,43.356499,-1.79061,16.0,medium_airport
SCQ,LEST,Santiago-Rosalía de Castro Airport,Santiago de Compostela,ES,42.896301,-8.41514,1213.0,large_airport
LEU,LESU,Pirineus - la Seu d'Urgel Airport,La Seu d'Urgell Pyrenees and Andorra,ES,42.3386,1.40917,2625.0,medium_airport
VLC,LEVC,Valencia Airport,Valencia,ES,39.489162,-0.480961,240.0,large_airport
VLL,LEVD,Valladolid Airport,Valladolid,ES,41.7061,-4.85194,2776.0,medium_airport
VIT,LEVT,Vitoria Airport,Alava,ES,42.882801,-2.72447,1682.0,medium_airport
VGO,LEVX,Vigo Airport,Vigo,ES,42.2318,-8.62677,856.0,medium_airport
SDR,LEXJ,Seve Ballesteros-Santander Airport,Santander,ES,43.427101,-3.82001,16.0,medium_airport
ZAZ,LEZG,Zaragoza Airport,Zaragoza,ES,41.666199,-1.04155,863.0,large_airport
SVQ,LEZL,Seville Airport,Seville,ES,37.417999,-5.89311,112.0,large_airport
BOD,LFBD,Bordeaux–Mérignac Airport,Bordeaux,FR,44.82865,-0.715356,162.0,large_airport
EGC,LFBE,Bergerac Dordogne-Périgord airport,Bergerac,FR,44.825298,0.518611,171.0,medium_airport
LRH,LFBH,La Rochelle Île de Ré Airport,La Rochelle,FR,46.179199,-1.19528,74.0,medium_airport
PIS,LFBI,Poitiers-Biard Airport,Poitiers/Biard,FR,46.5877,0.306666,423.0,medium_airport
LIG,LFBL,Limoges Airport,Limoges/Bellegarde,FR,45.862801,1.17944,1300.0,medium_airport
TLS,LFBO,Toulouse-Blagnac Airport,Toulouse/Blagnac,FR,43.629101,1.36382,499.0,large_airport
PUF,LFBP,Pau Pyrénées Airport,Pau/Pyrénées (Uzein),FR,43.380001,-0.418611,616.0,medium_airport
LDE,LFBT,Tarbes-Lourdes-Pyrénées Airport,Tarbes/Lourdes/Pyrénées,FR,43.178699,-0.006439,1260.0,medium_airport
BIQ,LFBZ,Biarritz Pays Basque airport,Biarritz,FR,43.468372,-1.523223,245.0,medium_airport
DCM,LFCK,Castres Mazamet Airport,Castres,FR,43.556301,2.28918,788.0,medium_airport
RDZ,LFCR,Rodez–Aveyron Airport,Rodez/Marcillac,FR,44.407902,2.48267,1910.0,medium_airport
DLE,LFGJ,Dole Tavaux Airport,Dole,FR,47.038955,5.427589,645.0,medium_airport
ETZ,LFJL,Metz-Nancy-Lorraine Airport,Goin,FR,48.982101,6.25132,870.0,medium_airport
BIA,LFKB,Bastia-Poretta International airport,Bastia,FR,42.5527,9.48373,26.0,large_airport
CLY,LFKC,Calvi Sainte Catherine Airport,Calvi,FR,42.530422,8.792984,209.0,medium_airport
FSC,LFKF,Figari Sud-Corse Airport,Figari,FR,41.50185,9.097092,85.0,large_airport
AJA,LFKJ,Ajaccio Napoléon Bonaparte airport,Ajaccio,FR,41.923599,8.80292,18.0,medium_airport
CMF,LFLB,Chambéry Aix les Bains airport,Chambéry,FR,45.6381,5.88023,779.0,medium_airport
CFE,LFLC,Clermont-Ferrand Auvergne airport,Clermont-Ferrand,FR,45.786701,3.16917,1090.0,large_airport
LYS,LFLL,Lyon Saint-Exupéry Airport,"Colombier-Saugnieu, Rhône",FR,45.725996,5.090139,821.0,large_airport
NCY,LFLP,Annecy Meythet airport,Annecy,FR,45.928947,6.0987,1521.0,medium_airport
GNB,LFLS,Grenoble Alpes Isère Airport,Grenoble,FR,45.3629,5.32937,1302.0,medium_airport
AUR,LFLW,Aurillac airport,Aurillac,FR,44.891399,2.42194,2096.0,medium_airport
CCF,LFMK,Carcassonne Salvaza Airport,Carcassonne,FR,43.216,2.30632,433.0,medium_airport
MRS,LFML,Marseille Provence Airport,"Marignane, Bouches-du-Rhône",FR,43.438088,5.2125,74.0,large_airport
NCE,LFMN,Nice-Côte d'Azur Airport,"Nice, Alpes-Maritimes",FR,43.658401,7.21587,12.0,large_airport
PGF,LFMP,Perpignan-Rivesaltes (Llabanère) Airport,Perpignan/Rivesaltes,FR,42.740398,2.87067,144.0,medium_airport
MPL,LFMT,Montpellier-Méditerranée Airport,Montpellier/Méditerranée,FR,43.576199,3.96301,17.0,large_airport
BZR,LFMU,Béziers Vias airport,Béziers,FR,43.323502,3.3539,56.0,medium_airport
AVN,LFMV,Avignon Caumont airport,Avignon,FR,43.907299,4.90183,124.0,medium_airport
BVA,LFOB,Beauvais-Tillé airport,Beauvais,FR,49.454399,2.11278,359.0,large_airport
XCR,LFOK,Chalons Vatry airport,Chalons en Champagne,FR,48.77333,4.20611,587.0,medium_airport
TUF,LFOT,Tours Val de Loire Airport,"Tours, Indre-et-Loire",FR,47.432201,0.727606,357.0,medium_airport
LBG,LFPB,Paris-Le Bourget International Airport,Paris,FR,48.962276,2.436539,218.0,large_airport
CDG,LFPG,Charles de Gaulle International Airport,"Paris (Roissy-en-France, Val-d'Oise)",FR,49.00896,2.554117,392.0,large_airport
ORY,LFPO,Paris-Orly Airport,"Paris (Orly, Val-de-Marne)",FR,48.729499,2.358963,291.0,large_airport
LIL,LFQQ,Lille Airport,Lesquin,FR,50.566564,3.102429,157.0,large_airport
BES,LFRB,Brest Bretagne airport,Brest,FR,48.447899,-4.41854,325.0,large_airport
DNR,LFRD,Dinard Pleurtuit Saint-Malo airport,Dinard,FR,48.5877,-2.07996,219.0,medium_airport
DOL,LFRG,Deauville Normandie airport,Deauville,FR,49.365237,0.154481,479.0,medium_airport
LRT,LFRH,Lorient South Brittany (Bretagne Sud) Airport,Lorient/Lann/Bihoué,FR,47.760601,-3.44,160.0,medium_airport
CFR,LFRK,Caen Carpiquet airport,Caen,FR,49.17678,-0.454883,256.0,medium_airport
LME,LFRM,Le Mans-Arnage Airport,"Le Mans, Sarthe",FR,47.948604,0.201702,194.0,medium_airport
RNS,LFRN,Rennes-Saint-Jacques Airport,"Saint-Jacques-de-la-Lande, Ille-et-Vilaine",FR,48.0695,-1.73479,124.0,medium_airport
NTE,LFRS,Nantes Atlantique Airport,Nantes,FR,47.153198,-1.61073,90.0,medium_airport
SNR,LFRZ,Saint-Nazaire-Montoir Airport,Saint-Nazaire/Montoir,FR,47.31142,-2.152634,13.0,medium_airport
BSL,LFSB,EuroAirport Basel–Mulhouse–Freiburg,Bâle / Mulhouse,FR,47.60068,7.521117,885.0,large_airport
DIJ,LFSD,Dijon Longvic airport,Dijon,FR,47.268902,5.09,726.0,medium_airport
BVE,LFSL,Brive Souillac airport,Brive,FR,45.039722,1.485556,1016.0,medium_airport
SXB,LFST,Strasbourg Airport,Strasbourg,FR,48.5383,7.62823,505.0,large_airport
TLN,LFTH,Toulon-Hyères Airport,"Hyères, Var",FR,43.097301,6.14603,7.0,medium_airport
FNI,LFTW,Nîmes-Arles-Camargue Airport,Nîmes/Garons,FR,43.757401,4.41635,309.0,medium_airport
FSP,LFVP,Saint-Pierre Pointe-Blanche Airport,Saint-Pierre,PM,46.762651,-56.17499,27.0,medium_airport
AXD,LGAL,Alexandroupoli Democritus Airport,Alexandroupolis,GR,40.8559,25.956301,24.0,medium_airport
ATH,LGAV,Athens Eleftherios Venizelos International Airport,Spata-Artemida,GR,37.936401,23.9445,308.0,large_airport
VOL,LGBL,Nea Anchialos National Airport,Nea Anchialos,GR,39.219601,22.7943,83.0,medium_airport
JKH,LGHI,Chios Island National Airport,Chios Island,GR,38.34320068359375,26.140600204467773,15.0,medium_airport
IOA,LGIO,Ioannina King Pyrrhus National Airport,Ioannina,GR,39.6964,20.8225,1558.0,medium_airport
HER,LGIR,Heraklion International Nikos Kazantzakis Airport,Heraklion,GR,35.339699,25.1803,115.0,large_airport
EFL,LGKF,Kefallinia Airport,Kefallinia Island,GR,38.12009811401367,20.500499725341797,59.0,medium_airport
KLX,LGKL,Kalamata Airport,Kalamata,GR,37.06829833984375,22.02549934387207,26.0,medium_airport
KGS,LGKO,"Kos International Airport ""Ippokratis""",Kos Island,GR,36.794523,27.09115,412.0,large_airport
AOK,LGKP,Karpathos Airport,Karpathos Island,GR,35.421398,27.146,66.0,medium_airport
CFU,LGKR,Corfu Ioannis Kapodistrias International Airport,Kerkyra (Corfu),GR,39.60145,19.912179,6.0,large_airport
KVA,LGKV,Kavala Alexander the Great International Airport,Kavala,GR,40.9133,24.6192,18.0,large_airport
KZI,LGKZ,Kozani National Airport Filippos,Kozani,GR,40.286098,21.840799,2059.0,medium_airport
JMK,LGMK,Mykonos Island National Airport,Mykonos,GR,37.435101,25.348101,405.0,medium_airport
MJT,LGMT,Mytilene International Airport,Mytilene,GR,39.057406,26.598629,60.0,medium_airport
PVK,LGPZ,Aktion National Airport,Preveza,GR,38.925499,20.765301,11.0,medium_airport
RHO,LGRP,"Rhodes International Airport ""Diagoras""",Rhodes,GR,36.405399,28.086201,17.0,large_airport
GPA,LGRX,Patras Araxos Agamemnon Airport,Patras,GR,38.1511,21.4256,46.0,medium_airport
CHQ,LGSA,Chania International Airport,Souda,GR,35.531207,24.150673,490.0,large_airport
JSI,LGSK,Skiathos Island National Airport,Skiathos,GR,39.177101,23.5037,54.0,medium_airport
SMI,LGSM,Samos Airport,Samos Island,GR,37.689999,26.911699,19.0,medium_airport
JTR,LGSR,Santorini International Airport,Santorini Island,GR,36.400045,25.478638,127.0,large_airport
JSH,LGST,Sitia Airport,Crete Island,GR,35.21609878540039,26.101299285888672,376.0,medium_airport
SKG,LGTS,Thessaloniki Macedonia International Airport,Thessaloniki,GR,40.51928,22.970009,22.0,large_airport
ZTH,LGZA,Zakynthos International Airport Dionysios Solomos,Zakynthos,GR,37.7509,20.8843,12.0,medium_airport
BUD,LHBP,Budapest Liszt Ferenc International Airport,Budapest,HU,47.43018,19.262393,495.0,large_airport
DEB,LHDC,Debrecen International Airport,Debrecen,HU,47.489469,21.616278,359.0,large_airport
PEV,LHPP,Pécs-Pogány International Airport,Pécs,HU,45.988891,18.242044,651.0,large_airport
SOB,LHSM,Hévíz–Balaton Airport,Sármellék,HU,46.686391,17.159084,408.0,medium_airport
CRV,LIBC,Crotone Sant'Anna Pythagoras Airport,Isola di Capo Rizzuto (KR),IT,38.9972,17.0802,522.0,medium_airport
BRI,LIBD,Bari Karol Wojtyła International Airport,Bari,IT,41.138901,16.760599,193.0,large_airport
FOG,LIBF,Foggia Gino Lisa Airport,Foggia (FG),IT,41.433596,15.534566,265.0,medium_airport
PSR,LIBP,Abruzzo Airport,Pescara,IT,42.431079,14.182981,48.0,large_airport
BDS,LIBR,Brindisi Airport,Brindisi,IT,40.6576,17.947001,47.0,large_airport
SUF,LICA,Lamezia Terme Sant'Eufemia International Airport,Lamezia Terme (CZ),IT,38.906214,16.246007,39.0,large_airport
CIY,LICB,Comiso Airport,Comiso,IT,36.99583,14.60889,756.0,medium_airport
CTA,LICC,Catania-Fontanarossa Airport,Catania,IT,37.466801,15.0664,39.0,large_airport
LMP,LICD,Lampedusa Airport,Lampedusa,IT,35.497898,12.6181,70.0,medium_airport
PNL,LICG,Pantelleria Airport,Pantelleria (TP),IT,36.816502,11.9689,628.0,medium_airport
PMO,LICJ,Falcone–Borsellino Airport,Palermo,IT,38.175999,13.091,65.0,large_airport
REG,LICR,Reggio Calabria Airport,Reggio Calabria,IT,38.071201,15.6516,96.0,medium_airport
TPS,LICT,Vincenzo Florio Airport Trapani-Birgi,Trapani (TP),IT,37.9114,12.488,25.0,medium_airport
AHO,LIEA,Alghero-Fertilia Airport,Alghero,IT,40.632099,8.29077,87.0,medium_airport
CAG,LIEE,Cagliari Elmas Airport,Cagliari,IT,39.251499,9.05428,13.0,large_airport
OLB,LIEO,Olbia Costa Smeralda Airport,Olbia (SS),IT,40.898953,9.518457,37.0,large_airport
MXP,LIMC,Milan Malpensa International Airport,Ferno (VA),IT,45.6306,8.72811,768.0,large_airport
BGY,LIME,Il Caravaggio International Airport,Orio al Serio (BG),IT,45.669362,9.708851,782.0,large_airport
TRN,LIMF,Turin Airport,Caselle Torinese (TO),IT,45.200802,7.64963,989.0,large_airport
GOA,LIMJ,Genoa Cristoforo Colombo Airport,Genova (GE),IT,44.412039,8.840732,13.0,large_airport
LIN,LIML,Milano Linate Airport,Segrate (MI),IT,45.445099,9.27674,353.0,large_airport
PMF,LIMP,Parma Airport,Parma (PR),IT,44.826351,10.29705,161.0,medium_airport
CUF,LIMZ,Cuneo International Airport,Levaldigi (CN),IT,44.547458,7.623045,1267.0,medium_airport
BZO,LIPB,Bolzano Airport,Bolzano (BZ),IT,46.459245,11.326125,789.0,medium_airport
BLQ,LIPE,Bologna Guglielmo Marconi Airport,Bologna,IT,44.5354,11.2887,123.0,large_airport
TSF,LIPH,Treviso Airport,Treviso (TV),IT,45.648399,12.1944,59.0,large_airport
FRL,LIPK,Forlì-Luigi Ridolfi International Airport,Forlì (FC),IT,44.194801,12.0701,97.0,medium_airport
VBS,LIPO,Brescia Gabriele d'Annunzio Airport,Montichiari (BS),IT,45.428902,10.3306,355.0,medium_airport
TRS,LIPQ,Trieste Airport,Ronchi dei Legionari/Trieste,IT,45.827862,13.466672,39.0,large_airport
RMI,LIPR,Federico Fellini International Airport,Rimini (RN),IT,44.020024,12.612198,40.0,large_airport
VRN,LIPX,Verona Villafranca Valerio Catullo Airport,Caselle (VR),IT,45.394955,10.887303,239.0,large_airport
AOI,LIPY,Marche Airport,Falconara Marittima (AN),IT,43.616299,13.3623,49.0,medium_airport
VCE,LIPZ,Venice Marco Polo Airport,Venezia (VE),IT,45.505299,12.3519,7.0,large_airport
CIA,LIRA,Ciampino–G. B. Pastine International Airport,Rome,IT,41.798769,12.595331,427.0,large_airport
FCO,LIRF,Rome–Fiumicino Leonardo da Vinci International Airport,Rome,IT,41.804532,12.251998,13.0,large_airport
QSR,LIRI,Salerno Costa d'Amalfi Airport,Salerno,IT,40.620399,14.9113,123.0,medium_airport
EBA,LIRJ,Marina di Campo Airport,Campo nell'Elba (LI),IT,42.760871,10.239811,31.0,medium_airport
NAP,LIRN,Naples International Airport,Napoli,IT,40.886002,14.2908,294.0,large_airport
PSA,LIRP,Pisa International Airport,Pisa (PI),IT,43.683899,10.3927,6.0,large_airport
FLR,LIRQ,"Florence Airport, Peretola",Firenze (FI),IT,43.808558,11.202822,142.0,large_airport
PEG,LIRZ,Perugia San Francesco d'Assisi – Umbria International Airport,Perugia (PG),IT,43.095901,12.5132,697.0,large_airport
LJU,LJLJ,Ljubljana Jože Pučnik Airport,Zgornji Brnik,SI,46.223701,14.4576,1273.0,large_airport
MBX,LJMB,Maribor Edvard Rusjan Airport,Maribor,SI,46.4799,15.6861,876.0,medium_airport
JCL,LKCS,České Budějovice South Bohemian Airport,České Budějovice,CZ,48.948171,14.42832,1417.0,large_airport
KLV,LKKV,Karlovy Vary Airport,Karlovy Vary,CZ,50.202999,12.915,1989.0,large_airport
OSR,LKMT,Leoš Janáček Airport Ostrava,Mošnov,CZ,49.696301,18.111099,844.0,large_airport
PED,LKPD,Pardubice Airport,Pardubice,CZ,50.015049,15.73981,741.0,large_airport
PRG,LKPR,Václav Havel Airport Prague,Prague,CZ,50.100874,14.259911,1247.0,large_airport
BRQ,LKTB,Brno-Tuřany Airport,Brno,CZ,49.151276,16.693972,778.0,medium_airport
TLV,LLBG,Ben Gurion International Airport,Tel Aviv,IL,32.011398,34.8867,135.0,large_airport
ETM,LLER,Ramon International Airport,Eilat,IL,29.727009,35.014116,288.0,large_airport
HFA,LLHA,Uri Michaeli Haifa International Airport,Haifa,IL,32.810219,35.043719,28.0,medium_airport
MLA,LMML,Malta International Airport,Valletta,MT,35.845932,14.491546,300.0,large_airport
GRZ,LOWG,Graz Airport,Feldkirchen bei Graz,AT,46.9911,15.4396,1115.0,large_airport
INN,LOWI,Innsbruck Airport,Innsbruck,AT,47.260201,11.344,1907.0,large_airport
KLU,LOWK,Klagenfurt Airport,Klagenfurt am Wörthersee,AT,46.642502,14.3377,1472.0,large_airport
LNZ,LOWL,Linz-Hörsching Airport,Linz,AT,48.235362,14.188128,980.0,large_airport
SZG,LOWS,Salzburg Airport,Salzburg,AT,47.793301,13.0043,1411.0,large_airport
VIE,LOWW,Vienna International Airport,Vienna,AT,48.110298,16.5697,600.0,large_airport
SMA,LPAZ,Santa Maria Airport,Vila do Porto,PT,36.97140121459961,-25.17060089111328,308.0,medium_airport
BGC,LPBG,Bragança Airport,Bragança,PT,41.8578,-6.70713,2241.0,medium_airport
CAT,LPCS,Cascais Airport,Cascais,PT,38.724998,-9.35523,325.0,medium_airport
FLW,LPFL,Flores Airport,Santa Cruz das Flores,PT,39.455299377441406,-31.13139915466309,112.0,medium_airport
FAO,LPFR,Faro - Gago Coutinho International Airport,Faro,PT,37.015909,-7.970939,24.0,large_airport
GRW,LPGR,Graciosa Airport,Santa Cruz da Graciosa,PT,39.09220123291016,-28.029800415039062,86.0,medium_airport
HOR,LPHR,Horta Airport,Horta,PT,38.519901275634766,-28.715900421142575,118.0,medium_airport
TER,LPLA,Lajes Airport,Praia da Vitória,PT,38.761799,-27.090799,180.0,medium_airport
FNC,LPMA,Cristiano Ronaldo International Airport,Funchal,PT,32.697812,-16.774613,192.0,large_airport
PDL,LPPD,João Paulo II Airport,Ponta Delgada,PT,37.7411994934,-25.6979007721,259.0,large_airport
PIX,LPPI,Pico Airport,Pico Island,PT,38.554298,-28.441299,109.0,medium_airport
PRM,LPPM,Portimão Airport,Portimão,PT,37.1493,-8.58396,5.0,medium_airport
OPO,LPPR,Francisco de Sá Carneiro Airport,Porto,PT,41.2481002808,-8.68138980865,228.0,large_airport
PXO,LPPS,Porto Santo Airport,Vila Baleira,PT,33.0733985901,-16.3500003815,341.0,medium_airport
LIS,LPPT,Lisbon Humberto Delgado Airport,Lisbon,PT,38.7813,-9.13592,374.0,large_airport
SJZ,LPSJ,São Jorge Airport,Velas,PT,38.665501,-28.1758,311.0,medium_airport
VRL,LPVR,Vila Real Airport,Vila Real,PT,41.2743,-7.72047,1805.0,medium_airport
VSE,LPVZ,Aerodromo Goncalves Lobato (Viseu Airport),Viseu,PT,40.725498,-7.88899,2060.0,medium_airport
BNX,LQBK,Banja Luka International Airport,Mahovljani,BA,44.941399,17.297501,400.0,large_airport
OMO,LQMO,Mostar International Airport,Mostar,BA,43.282489,17.846101,156.0,large_airport
SJJ,LQSA,Sarajevo International Airport,Sarajevo,BA,43.8246,18.331499,1708.0,large_airport
TZL,LQTZ,Tuzla International Airport,Dubrave Gornje,BA,44.459858,18.723627,784.0,large_airport
ARW,LRAR,Arad International Airport,Arad,RO,46.176136,21.264322,352.0,medium_airport
BCM,LRBC,Bacău George Enescu International  Airport,Bacău,RO,46.5219,26.910299,607.0,large_airport
BAY,LRBM,Maramureș International Airport,Tăuții-Măgherăuș,RO,47.658444,23.464445,605.0,medium_airport
BBU,LRBS,Bucharest Băneasa Aurel Vlaicu International Airport,Bucharest,RO,44.503133,26.102944,297.0,large_airport
GHV,LRBV,Brașov-Ghimbav International Airport,Brașov (Ghimbav),RO,45.70558,25.522871,1740.0,large_airport
CND,LRCK,Mihail Kogălniceanu International Airport,Constanța,RO,44.362202,28.4883,353.0,large_airport
CLJ,LRCL,Avram Iancu Cluj International Airport,Cluj-Napoca,RO,46.786042,23.685733,1039.0,large_airport
CRA,LRCV,Craiova International Airport,Craiova,RO,44.3181,23.888599,626.0,large_airport
IAS,LRIA,Iaşi International Airport,Iaşi,RO,47.179633,27.621431,411.0,large_airport
OMR,LROD,Oradea International Airport,Oradea,RO,47.025299,21.9025,465.0,large_airport
OTP,LROP,Bucharest Henri Coandă International Airport,Otopeni,RO,44.571792,26.103285,314.0,large_airport
SBZ,LRSB,Sibiu International Airport,Sibiu,RO,45.785841,24.086666,1496.0,large_airport
SUJ,LRSM,Satu Mare International Airport,Satu Mare,RO,47.7033,22.8857,405.0,medium_airport
SCV,LRSV,Suceava Ștefan cel Mare International Airport,Suceava,RO,47.6875,26.354099,1375.0,large_airport
TGM,LRTM,Târgu Mureş Transilvania International Airport,Recea,RO,46.467701,24.4125,963.0,medium_airport
TSR,LRTR,Timișoara Traian Vuia International Airport,Timişoara,RO,45.809898,21.3379,348.0,large_airport
GVA,LSGG,Geneva International Airport,Geneva,CH,46.238098,6.10895,1411.0,large_airport
LUG,LSZA,Lugano Airport,Agno,CH,46.004299,8.91058,915.0,medium_airport
BRN,LSZB,Bern Airport,Bern,CH,46.912736,7.498819,1671.0,medium_airport
ZRH,LSZH,Zürich Airport,Zurich,CH,47.458056,8.548056,1417.0,large_airport
ACH,LSZR,Sankt Gallen Altenrhein Airport,St. Gallen,CH,47.485001,9.56077,1306.0,medium_airport
ESB,LTAC,Esenboğa International Airport,Ankara,TR,40.128101,32.995098,3125.0,large_airport
AYT,LTAI,Antalya International Airport,Antalya,TR,36.898701,30.800501,177.0,large_airport
GZT,LTAJ,Gaziantep Oğuzeli International Airport,Gaziantep,TR,36.947201,37.478699,2315.0,large_airport
KFS,LTAL,Kastamonu Airport,Kastamonu,TR,41.314201,33.795799,3520.0,medium_airport
KYA,LTAN,Konya Airport,Konya,TR,37.979,32.561901,3392.0,large_airport
ONQ,LTAS,Zonguldak Çaycuma Airport,Zonguldak,TR,41.506401,32.0886,44.0,medium_airport
MLX,LTAT,Malatya Erhaç Airport,Malatya,TR,38.4352989197,38.0909996033,2828.0,medium_airport
ASR,LTAU,Kayseri Erkilet International Airport,Kayseri,TR,38.770401,35.495399,3463.0,large_airport
TJK,LTAW,Tokat Airport,Tokat,TR,40.32472,36.39056,1859.0,medium_airport
DNZ,LTAY,Çardak Airport,Denizli,TR,37.7855987549,29.7012996674,2795.0,medium_airport
NAV,LTAZ,Nevşehir Kapadokya Airport,Nevşehir,TR,38.7719,34.5345,3100.0,large_airport
BZI,LTBF,Balıkesir Airport,Balıkesir,TR,39.619301,27.926001,340.0,medium_airport
CKZ,LTBH,Çanakkale Airport,Çanakkale,TR,40.1376991272,26.4267997742,23.0,medium_airport
ADB,LTBJ,Adnan Menderes International Airport,Gaziemir,TR,38.2924,27.157,412.0,large_airport
YEI,LTBR,Bursa Yenişehir Airport,Yenişehir,TR,40.255199,29.562599,764.0,medium_airport
DLM,LTBS,Dalaman International Airport,Dalaman,TR,36.7131,28.7925,20.0,large_airport
TEQ,LTBU,Tekirdağ Çorlu Airport,Çorlu,TR,41.138199,27.9191,574.0,medium_airport
AOE,LTBY,Hasan Polatkan Airport,Eskişehir,TR,39.811644,30.519268,2588.0,large_airport
EZS,LTCA,Elazığ Airport,Elazığ,TR,38.597974,39.28348,2927.0,medium_airport
OGU,LTCB,Ordu–Giresun Airport,Ordu,TR,40.966872,38.085995,11.0,medium_airport
DIY,LTCC,Diyarbakır Airport,Diyarbakır,TR,37.893902,40.201,2251.0,medium_airport
ERC,LTCD,Erzincan Airport,Erzincan,TR,39.7102012634,39.527000427199994,3783.0,medium_airport
ERZ,LTCE,Erzurum International Airport,Erzurum,TR,39.956501,41.1702,5763.0,medium_airport
KSY,LTCF,Kars Airport,Kars,TR,40.562198638916016,43.1150016784668,5889.0,medium_airport
TZX,LTCG,Trabzon International Airport,Trabzon,TR,40.995098,39.7897,104.0,medium_airport
VAN,LTCI,Van Ferit Melen Airport,Van,TR,38.46820068359375,43.332298278808594,5480.0,medium_airport
BAL,LTCJ,Batman Airport,Batman,TR,37.929001,41.1166,1822.0,medium_airport
MSR,LTCK,Muş Airport,Muş,TR,38.747798919677734,41.66120147705078,4157.0,medium_airport
NOP,LTCM,Sinop Airport,Sinop,TR,42.018313,35.071774,20.0,medium_airport
KCM,LTCN,Kahramanmaraş Airport,Kahramanmaraş,TR,37.5388259888,36.9535217285,1723.0,medium_airport
AJI,LTCO,Ağrı Airport,Ağrı,TR,39.655642,43.025742,5462.0,medium_airport
ADF,LTCP,Adıyaman Airport,Adıyaman,TR,37.7314,38.468899,2216.0,medium_airport
MQM,LTCR,Mardin Airport,Mardin,TR,37.2233009338,40.6316986084,1729.0,medium_airport
GNY,LTCS,Şanlıurfa GAP Airport,Şanlıurfa,TR,37.445663,38.895592,2708.0,large_airport
IGD,LTCT,Iğdır Airport,Iğdır,TR,39.976627,43.876648,3101.0,medium_airport
NKT,LTCV,Şırnak Şerafettin Elçi Airport,Şırnak,TR,37.3647,42.0582,2038.0,medium_airport
YKO,LTCW,Hakkari Yüksekova Airport,Hakkari,TR,37.5497,44.2381,6400.0,medium_airport
HTY,LTDA,Hatay Airport,Antakya,TR,36.36079,36.285589,269.0,medium_airport
COV,LTDB,Çukurova International Airport,Tarsus,TR,36.891478,35.071235,35.0,large_airport
ISE,LTFC,Süleyman Demirel International Airport,Isparta,TR,37.8554,30.368401,2835.0,medium_airport
EDO,LTFD,Balıkesir Koca Seyit Airport,Edremit,TR,39.552533,27.010192,50.0,large_airport
BJV,LTFE,Milas Bodrum International Airport,Bodrum,TR,37.249314,27.66401,21.0,large_airport
GZP,LTFG,Gazipaşa-Alanya Airport,Gazipaşa,TR,36.298832,32.297017,92.0,medium_airport
SZF,LTFH,Samsun-Çarşamba Airport,Samsun,TR,41.253988,36.567546,18.0,medium_airport
SAW,LTFJ,Istanbul Sabiha Gökçen International Airport,"Pendik, Istanbul",TR,40.898602,29.3092,312.0,large_airport
IST,LTFM,İstanbul Airport,Istanbul,TR,41.274874,28.732136,325.0,large_airport
RZV,LTFO,Rize–Artvin Airport,Rize,TR,41.179766,40.848802,16.0,large_airport
RMO,LUKK,Chişinău International Airport,Chişinău,MD,46.92774,28.931704,399.0,large_airport
OHD,LWOH,Ohrid St. Paul the Apostle Airport,Ohrid,MK,41.18,20.7423,2313.0,large_airport
SKP,LWSK,Skopje International Airport,Ilinden,MK,41.958087,21.622581,781.0,large_airport
GIB,LXGB,Gibraltar Airport,Gibraltar,GI,36.151679,-5.34978,12.0,large_airport
BEG,LYBE,Belgrade Nikola Tesla Airport,Belgrade,RS,44.818401,20.309099,335.0,large_airport
KVO,LYKV,Morava Airport,Kraljevo,RS,43.817519,20.586662,686.0,medium_airport
INI,LYNI,Niš Constantine the Great Airport,Niš,RS,43.336538,21.856242,648.0,large_airport
TGD,LYPG,Podgorica Airport / Podgorica Golubovci Airbase,Podgorica,ME,42.359402,19.2519,141.0,large_airport
TIV,LYTV,Tivat Airport,Tivat,ME,42.404701,18.723301,20.0,medium_airport
LZG,ZULA,Langzhong Gucheng Airport,Nanchong (Langzhong),CN,31.50191,106.034417,1444.0,medium_airport
BTS,LZIB,M. R. Štefánik Airport,Bratislava,SK,48.1702,17.2127,436.0,large_airport
KSC,LZKZ,Košice International Airport,Košice,SK,48.663101,21.2411,755.0,medium_airport
SLD,LZSL,Sliač Airport,Sliač,SK,48.63779830932617,19.13409996032715,1043.0,medium_airport
TAT,LZTT,Poprad-Tatry Airport,Poprad,SK,49.070994,20.241394,2356.0,medium_airport
GDT,MBGT,JAGS McCartney International Airport,Cockburn Town,TC,21.4445,-71.142303,13.0,medium_airport
NCA,MBNC,North Caicos Airport,North Caicos,TC,21.916094,-71.942954,10.0,medium_airport
PLS,MBPV,Providenciales International Airport,Providenciales,TC,21.773697,-72.268321,15.0,large_airport
XSC,MBSC,South Caicos Airport,South Caicos,TC,21.515699,-71.528503,6.0,medium_airport
BRX,MDBH,Maria Montez International Airport,Barahona,DO,18.25149917602539,-71.12039947509766,10.0,medium_airport
AZS,MDCY,Samaná El Catey International Airport,Samana,DO,19.269259,-69.737405,30.0,medium_airport
JBQ,MDJB,La Isabela International Airport,La Isabela,DO,18.572500228881836,-69.98560333251953,98.0,medium_airport
LRM,MDLR,Casa De Campo International Airport,La Romana,DO,18.452222,-68.911111,213.0,large_airport
PUJ,MDPC,Punta Cana International Airport,Punta Cana,DO,18.567093,-68.364558,47.0,large_airport
POP,MDPP,Gregorio Luperon International Airport,Puerto Plata,DO,19.7579,-70.57,15.0,medium_airport
SDQ,MDSD,Las Américas International Airport,Santo Domingo,DO,18.42970085144,-69.668899536133,59.0,large_airport
STI,MDST,Cibao International Airport,Santiago,DO,19.40406,-70.604431,565.0,large_airport
GUA,MGGT,La Aurora International Airport,Guatemala City,GT,14.582896,-90.527515,4952.0,large_airport
PBR,MGPB,Puerto Barrios Airport,Puerto Barrios,GT,15.7309,-88.583801,33.0,medium_airport
RER,MGRT,Retalhuleu Airport,Retalhuleu,GT,14.521431,-91.697001,656.0,medium_airport
FRS,MGMM,Mundo Maya International Airport,San Benito,GT,16.913707,-89.866143,427.0,medium_airport
LCE,MHLC,Golosón International Airport,La Ceiba,HN,15.7425,-86.852997,39.0,medium_airport
SAP,MHLM,Ramón Villeda Morales International Airport,San Pedro Sula,HN,15.4526,-87.923599,91.0,large_airport
GJA,MHNJ,La Laguna Airport,Guanaja,HN,16.4454,-85.906601,49.0,medium_airport
RTB,MHRO,Juan Manuel Gálvez International Airport,Coxen Hole,HN,16.316799,-86.523003,39.0,large_airport
XPL,MHPR,Palmerola International Airport,Palmerola,HN,14.3824,-87.621201,2061.0,large_airport
TGU,MHTG,Toncontín Airport,Tegucigalpa,HN,14.0609,-87.217201,3294.0,medium_airport
OCJ,MKBS,Ian Fleming International Airport,Boscobel,JM,18.404079,-76.969754,90.0,medium_airport
KIN,MKJP,Norman Manley International Airport,Kingston,JM,17.935699462890625,-76.7874984741211,10.0,large_airport
MBJ,MKJS,Sangster International Airport,Montego Bay,JM,18.50342,-77.91323,4.0,large_airport
KTP,MKTP,Tinson Pen Airport,Tinson Pen,JM,17.98859977722168,-76.82379913330078,16.0,medium_airport
ACA,MMAA,General Juan N. Álvarez International Airport,Acapulco,MX,16.757126,-99.753113,16.0,large_airport
AGU,MMAS,Aguascalientes International Airport,Aguascalientes,MX,21.699589,-102.318372,6112.0,large_airport
HUX,MMBT,Bahías de Huatulco International Airport,Huatulco,MX,15.775437,-96.260456,464.0,large_airport
CME,MMCE,Ciudad del Carmen International Airport,Ciudad del Carmen,MX,18.651516,-91.799355,10.0,medium_airport
CUL,MMCL,Bachigualato Federal International Airport,Culiacán,MX,24.76504,-107.475228,108.0,large_airport
CTM,MMCM,Chetumal International Airport,Chetumal,MX,18.504985,-88.328018,39.0,medium_airport
CEN,MMCN,Ciudad Obregón International Airport,Ciudad Obregón,MX,27.39259910583496,-109.83300018310548,243.0,medium_airport
CPE,MMCP,Ingeniero Alberto Acuña Ongay International Airport,Campeche,MX,19.815969,-90.500125,34.0,medium_airport
CJS,MMCS,Abraham González International Airport,Ciudad Juárez,MX,31.636673,-106.428533,3904.0,large_airport
CUU,MMCU,General Roberto Fierro Villalobos International Airport,Chihuahua,MX,28.702649,-105.963764,4462.0,large_airport
CVM,MMCV,General Pedro Jose Mendez International Airport,Ciudad Victoria,MX,23.7033,-98.956497,761.0,medium_airport
CZM,MMCZ,Cozumel International Airport,Cozumel,MX,20.514922,-86.928538,15.0,large_airport
DGO,MMDO,General Guadalupe Victoria International Airport,Durango,MX,24.125468,-104.527938,6104.0,medium_airport
TPQ,MMEP,Amado Nervo National Airport,Tepic,MX,21.419833,-104.842472,3020.0,medium_airport
GDL,MMGL,Guadalajara International Airport,Guadalajara,MX,20.523342,-103.310108,5016.0,large_airport
GYM,MMGM,General José María Yáñez International Airport,Guaymas,MX,27.9689998626709,-110.9250030517578,59.0,medium_airport
HMO,MMHO,General Ignacio L. Pesqueira International Airport,Hermosillo,MX,29.092811,-111.053015,627.0,large_airport
CLQ,MMIA,Licenciado Miguel de la Madrid International Airport,Colima,MX,19.277,-103.577002,2467.0,medium_airport
SLW,MMIO,Plan de Guadalupe International Airport,Saltillo,MX,25.53786,-100.928346,4778.0,medium_airport
IZT,MMIT,General Antonio Cárdenas Rodríguez National Airport / Ixtepec Air Base,Ixtepec,MX,16.445961,-95.093708,164.0,medium_airport
LMM,MMLM,Valle del Fuerte International Airport,Los Mochis,MX,25.685503,-109.081159,16.0,medium_airport
BJX,MMLO,Guanajuato International Airport,Silao,MX,20.992695,-101.480284,5956.0,large_airport
LAP,MMLP,Manuel Márquez de León International Airport,La Paz,MX,24.072331,-110.362662,69.0,medium_airport
LTO,MMLT,Loreto International Airport,Loreto,MX,25.989549,-111.348408,34.0,large_airport
MAM,MMMA,General Servando Canales International Airport,Matamoros,MX,25.7698993683,-97.5252990723,25.0,medium_airport
MID,MMMD,Manuel Crescencio Rejón International Airport,Mérida,MX,20.930485,-89.645462,38.0,large_airport
MXL,MMML,General Rodolfo Sánchez Taboada International Airport,Mexicali,MX,32.630629,-115.242805,74.0,medium_airport
MLM,MMMM,General Francisco J. Mujica International Airport,Morelia,MX,19.849899,-101.025002,6033.0,large_airport
MTT,MMMT,Minatitlán/Coatzacoalcos International Airport,Cosoleacaque,MX,18.103399,-94.580704,36.0,medium_airport
MEX,MMMX,Mexico City Benito Juárez International Airport,Mexico City,MX,19.435822,-99.07033,7316.0,large_airport
MTY,MMMY,Monterrey International Airport,Monterrey,MX,25.778521,-100.106989,1278.0,large_airport
MZT,MMMZ,General Rafael Buelna International Airport,Mazatlàn,MX,23.162823,-106.264517,38.0,large_airport
NLD,MMNL,Quetzalcóatl International Airport,Nuevo Laredo,MX,27.443899,-99.570503,484.0,medium_airport
OAX,MMOX,Xoxocotlán International Airport,Oaxaca,MX,16.998773,-96.726092,4989.0,large_airport
PAZ,MMPA,El Tajín National Airport,Poza Rica,MX,20.6026992798,-97.4608001709,497.0,medium_airport
PBC,MMPB,Hermanos Serdán International Airport,Puebla,MX,19.158465,-98.371582,7361.0,large_airport
PDS,MMPG,Piedras Negras International Airport,Piedras Negras,MX,28.627873,-100.53524,901.0,medium_airport
UPN,MMPN,Uruapan - Licenciado y General Ignacio Lopez Rayon International Airport,Uruapan,MX,19.3967,-102.039001,5258.0,medium_airport
PVR,MMPR,Puerto Vallarta International Airport,Puerto Vallarta,MX,20.679913,-105.254391,23.0,large_airport
PXM,MMPS,Puerto Escondido International Airport,Puerto Escondido,MX,15.876808,-97.0891,294.0,medium_airport
QRO,MMQT,Querétaro Intercontinental Airport,Querétaro,MX,20.618779,-100.186449,6296.0,large_airport
REX,MMRX,General Lucio Blanco International Airport,Reynosa,MX,26.0089,-98.2285,139.0,medium_airport
SJD,MMSD,Los Cabos International Airport,San José del Cabo,MX,23.151919,-109.720731,374.0,large_airport
CSW,MMSL,Cabo San Lucas International Airport,Cabo San Lucas,MX,22.949072,-109.939479,459.0,medium_airport
NLU,MMSM,Felipe Ángeles International Airport,Mexico City,MX,19.743824,-99.01507,7369.0,large_airport
SLP,MMSP,Ponciano Arriaga International Airport,San Luis Potosí,MX,22.262026,-100.935692,6035.0,medium_airport
TRC,MMTC,Francisco Sarabia Tinoco International Airport,Torreón,MX,25.562265,-103.404608,3688.0,medium_airport
TGZ,MMTG,Angel Albino Corzo International Airport,Tuxtla Gutiérrez,MX,16.561611,-93.025731,1499.0,medium_airport
TIJ,MMTJ,General Abelardo L. Rodriguez International Airport,Tijuana,MX,32.541043,-116.969976,489.0,large_airport
TQO,MMTL,Felipe Carrillo Puerto International Airport Tulum,Tulum,MX,20.172098,-87.660272,66.0,large_airport
TAM,MMTM,General Francisco Javier Mina International Airport,Ciudad Madero,MX,22.292622,-97.867058,80.0,medium_airport
TLC,MMTO,Adolfo López Mateos International Airport,Toluca,MX,19.3369,-99.56583,8466.0,large_airport
TAP,MMTP,Tapachula International Airport,Tapachula,MX,14.794549,-92.369871,97.0,medium_airport
CUN,MMUN,Cancún International Airport,Cancún,MX,21.040817,-86.87347,22.0,large_airport
VSA,MMVA,Carlos Rovirosa Pérez International Airport,Villahermosa,MX,17.994283,-92.818199,46.0,large_airport
VER,MMVR,General Heriberto Jara International Airport,Veracruz,MX,19.139589,-96.188602,90.0,large_airport
ZCL,MMZC,General Leobardo C. Ruiz International Airport,Zacatecas,MX,22.894942,-102.687154,7141.0,medium_airport
ZIH,MMZH,Ixtapa-Zihuatanejo International Airport,Ixtapa,MX,17.601771,-101.460629,26.0,large_airport
ZLO,MMZO,Playa de Oro International Airport,Manzanillo,MX,19.1448,-104.558998,30.0,medium_airport
BEF,MNBL,Bluefields Airport,Bluefields,NI,11.991,-83.774101,20.0,medium_airport
MGA,MNMG,Augusto C. Sandino (Managua) International Airport,Managua,NI,12.1415,-86.168198,194.0,large_airport
PUZ,MNPC,Puerto Cabezas Airport,Puerto Cabezas,NI,14.047200202941896,-83.38670349121094,52.0,medium_airport
BOC,MPBO,"Bocas del Toro ""Isla Colón"" International Airport",Isla Colón,PA,9.34085,-82.250801,10.0,medium_airport
CTD,MPCE,Alonso Valderrama Airport,Chitré,PA,7.98784,-80.409837,33.0,medium_airport
CHX,MPCH,Changuinola Captain Manuel Niño International Airport,Changuinola,PA,9.458962,-82.515062,19.0,medium_airport
DAV,MPDA,Enrique Malek International Airport,David,PA,8.388983,-82.436425,89.0,medium_airport
ONX,MPEJ,Enrique Adolfo Jimenez Airport,Colón,PA,9.35664,-79.867401,25.0,medium_airport
PAC,MPMG,Marcos A. Gelabert International Airport,Albrook,PA,8.97334,-79.555603,31.0,medium_airport
PTY,MPTO,Tocumen International Airport,Tocumen,PA,9.07136,-79.383499,135.0,large_airport
FON,MRAN,La Fortuna Arenal Airport,La Fortuna,CR,10.469311,-84.579073,342.0,medium_airport
GLF,MRGF,Golfito Airport,Golfito,CR,8.65401,-83.182198,49.0,medium_airport
LIR,MRLB,Daniel Oduber Quirós International Airport,Liberia,CR,10.5933,-85.544403,270.0,large_airport
LIO,MRLM,Limón International Airport,Limón,CR,9.95796,-83.022003,7.0,medium_airport
NOB,MRNS,Nosara Airport,Nicoya,CR,9.97649002075,-85.65299987790002,33.0,medium_airport
SJO,MROC,Juan Santamaría International Airport,San José (Alajuela),CR,9.99386,-84.208801,3021.0,large_airport
PJM,MRPJ,Puerto Jimenez Airport,Puerto Jimenez,CR,8.533329963684082,-83.30000305175781,7.0,medium_airport
SYQ,MRPV,Tobías Bolaños International Airport,San Jose,CR,9.95705,-84.139801,3287.0,medium_airport
XQP,MRQP,Quepos Managua Airport,Quepos,CR,9.44316,-84.129799,85.0,medium_airport
SAL,MSLP,El Salvador International Airport Saint Óscar Arnulfo Romero y Galdámez,San Salvador (San Luis Talpa),SV,13.44447,-89.055784,101.0,large_airport
ILS,MSSS,Ilopango International Airport,San Salvador,SV,13.6995,-89.119904,2027.0,medium_airport
CYA,MTCA,Antoine-Simon International Airport,Les Cayes,HT,18.271099,-73.7883,203.0,medium_airport
CAP,MTCH,Cap Haitien International Airport,Cap Haitien,HT,19.725547,-72.20071,10.0,large_airport
JEE,MTJE,Jérémie Airport,Carrefour Sanon,HT,18.663099,-74.170303,147.0,medium_airport
PAP,MTPP,Toussaint Louverture International Airport,Port-au-Prince,HT,18.580023,-72.292596,122.0,large_airport
BCA,MUBA,Gustavo Rizo Airport,Baracoa,CU,20.365299224853516,-74.5062026977539,26.0,medium_airport
BYM,MUBY,Carlos Manuel de Cespedes Airport,Bayamo,CU,20.3964,-76.621399,203.0,medium_airport
CCC,MUCC,Jardines Del Rey Airport,Cayo Coco,CU,22.4610004425,-78.32839965820001,13.0,medium_airport
CFG,MUCF,Jaime Gonzalez Airport,Cienfuegos,CU,22.149999618530273,-80.41419982910156,102.0,medium_airport
CYO,MUCL,Vilo Acuña International Airport,Cayo Largo del Sur,CU,21.6165008545,-81.5459976196,10.0,medium_airport
CMW,MUCM,Ignacio Agramonte International Airport,Camaguey,CU,21.419909,-77.848039,413.0,large_airport
SCU,MUCU,Antonio Maceo International Airport,Santiago,CU,19.97474,-75.835504,249.0,large_airport
HAV,MUHA,José Martí International Airport,Havana,CU,22.989200592041016,-82.40910339355469,210.0,large_airport
HOG,MUHG,Frank Pais International Airport,Holguin,CU,20.785148,-76.315526,361.0,large_airport
MZO,MUMZ,Sierra Maestra International Airport,Manzanillo,CU,20.288605,-77.087545,112.0,medium_airport
GER,MUNG,Rafael Cabrera Airport,Nueva Gerona,CU,21.834699630737305,-82.78379821777344,79.0,medium_airport
SNU,MUSC,Abel Santamaria International Airport,Santa Clara,CU,22.492215,-79.943119,338.0,large_airport
TND,MUTD,Alberto Delgado Airport,Trinidad,CU,21.7883,-79.9972,125.0,medium_airport
VRA,MUVR,Juan Gualberto Gomez International Airport,Matanzas,CU,23.034401,-81.435303,210.0,large_airport
VTU,MUVT,Hermanos Ameijeiras Airport,Las Tunas,CU,20.9876,-76.935799,328.0,medium_airport
CYB,MWCB,Charles Kirkconnell International Airport,West End,KY,19.687,-79.882797,8.0,medium_airport
GCM,MWCR,Owen Roberts International Airport,George Town,KY,19.292801,-81.357697,8.0,large_airport
ASD,MYAF,Andros Town Airport,Andros Town,BS,24.697901,-77.795601,5.0,medium_airport
TZN,MYAK,Congo Town Airport,Andros,BS,24.158701,-77.589798,15.0,medium_airport
MHH,MYAM,Leonard M. Thompson International Airport,Marsh Harbour,BS,26.510711,-77.084262,6.0,medium_airport
SAQ,MYAN,San Andros Airport,Andros Island,BS,25.053800582885746,-78.04900360107422,5.0,medium_airport
AXP,MYAP,Spring Point Airport,Spring Point,BS,22.441799,-73.970901,11.0,medium_airport
TCB,MYAT,Treasure Cay Airport,Treasure Cay,BS,26.745300293,-77.3912963867,8.0,medium_airport
CCZ,MYBC,Chub Cay Airport,Chub Cay,BS,25.417101,-77.880898,5.0,medium_airport
BIM,MYBS,South Bimini Airport,South Bimini,BS,25.6998996735,-79.2647018433,10.0,medium_airport
ATC,MYCA,Arthur's Town Airport,Arthur's Town,BS,24.6294,-75.673797,18.0,medium_airport
TBI,MYCB,New Bight Airport,Cat Island,BS,24.3153,-75.452301,5.0,medium_airport
CRI,MYCI,Colonel Hill Airport,Colonel Hill,BS,22.7456,-74.182404,5.0,medium_airport
GGT,MYEF,Exuma International Airport,Moss Town,BS,23.562599,-75.877998,9.0,medium_airport
ELH,MYEH,North Eleuthera Airport,North Eleuthera,BS,25.475823,-76.680784,13.0,medium_airport
GHB,MYEM,Governor's Harbour Airport,Governor's Harbour,BS,25.2847,-76.331001,26.0,medium_airport
RSD,MYER,Rock Sound International Airport,Rock Sound,BS,24.89165,-76.177602,10.0,medium_airport
FPO,MYGF,Grand Bahama International Airport,Freeport,BS,26.557996,-78.695583,7.0,large_airport
IGA,MYIG,Inagua Airport,Matthew Town,BS,20.975,-73.666901,8.0,medium_airport
LGI,MYLD,Deadman's Cay Airport,Deadman's Cay,BS,23.1790008545,-75.09359741210001,9.0,medium_airport
SML,MYLS,Stella Maris Airport,Stella Maris,BS,23.582317,-75.268621,10.0,medium_airport
MYG,MYMM,Mayaguana Airport,Abraham Bay Settlement,BS,22.379499,-73.013494,11.0,medium_airport
NAS,MYNN,Lynden Pindling International Airport,Nassau,BS,25.039,-77.466202,16.0,large_airport
ZSA,MYSM,San Salvador International Airport,San Salvador,BS,24.063041,-74.523233,24.0,large_airport
BZE,MZBZ,Philip S. W. Goldson International Airport,Belize City,BZ,17.539951,-88.303556,15.0,large_airport
PLJ,MZPL,Placencia Airport,Placencia,BZ,16.536957,-88.361511,3.0,medium_airport
RAR,NCRG,Rarotonga International Airport,Avarua,CK,-21.2027,-159.806,19.0,large_airport
NAN,NFFN,Nadi International Airport,Nadi,FJ,-17.761822,177.437843,59.0,large_airport
SUV,NFNA,Nausori International Airport,Nausori,FJ,-18.044226,178.561486,17.0,large_airport
LBS,NFNL,Labasa Airport,Labasa,FJ,-16.4667,179.339996,44.0,medium_airport
TBU,NFTF,Fua'amotu International Airport,Nuku'alofa,TO,-21.241438,-175.149164,126.0,large_airport
HPA,NFTL,Lifuka Island Airport,Lifuka,TO,-19.777000427246097,-174.34100341796875,31.0,medium_airport
VAV,NFTV,Vava'u International Airport,Vava'u Island,TO,-18.5853,-173.962006,236.0,large_airport
PHG,DNPM,Port Harcourt City Airport / Port Harcourt Air Force Base,Port Harcourt,NG,4.846111,7.021389,57.0,medium_airport
FUN,NGFU,Funafuti International Airport,Funafuti,TV,-8.523885,179.196976,9.0,medium_airport
TRW,NGTA,Bonriki International Airport,South Tarawa,KI,1.38164,173.147003,9.0,large_airport
IUE,NIUE,Niue International Airport,Alofi,NU,-19.080109,-169.923493,209.0,medium_airport
NLH,ZPNL,Ninglang Luguhu Airport,Ninglang,CN,27.5403,100.7593,10804.0,medium_airport
WLS,NLWW,Hihifo Airport,Wallis Island,WF,-13.239445,-176.19865,79.0,large_airport
PHH,VNPR,Pokhara International Airport,Pokhara,NP,28.1838,84.0147,2595.0,large_airport
APW,NSFA,Faleolo International Airport,Apia,WS,-13.83,-172.007996,58.0,large_airport
PPG,NSTU,Pago Pago International Airport,Pago Pago,AS,-14.331,-170.710007,32.0,large_airport
PPT,NTAA,Fa'a'ā International Airport,Papeete,PF,-17.553472,-149.606936,5.0,large_airport
RUR,NTAR,Rurutu Airport,,PF,-22.434099197387695,-151.36099243164062,18.0,medium_airport
TUB,NTAT,Tubuai Airport,,PF,-23.365400314331055,-149.5240020751953,7.0,medium_airport
AAA,NTGA,Anaa Airport,Anaa,PF,-17.3526,-145.509995,10.0,medium_airport
FGU,NTGB,Fangatau Airport,Fangatau,PF,-15.820044,-140.888071,9.0,medium_airport
TIH,NTGC,Tikehau Airport,Tuherahera,PF,-15.1196,-148.231003,6.0,medium_airport
FAV,NTGF,Fakarava Airport,,PF,-16.054100036621094,-145.65699768066406,13.0,medium_airport
XMH,NTGI,Manihi Airport,,PF,-14.436800003051758,-146.07000732421875,14.0,medium_airport
GMR,NTGJ,Totegegie Airport,,PF,-23.07990074157715,-134.88999938964844,7.0,medium_airport
KKR,NTGK,Kaukura Airport,Raitahiti,PF,-15.6633,-146.884995,11.0,medium_airport
MKP,NTGM,Makemo Airport,Makemo,PF,-16.5839,-143.658005,3.0,medium_airport
TKP,NTGT,Takapoto Airport,,PF,-14.709500312805176,-145.24600219726562,12.0,medium_airport
AXR,NTGU,Arutua Airport,,PF,-15.248299598693848,-146.61700439453125,9.0,medium_airport
MVT,NTGV,Mataiva Airport,,PF,-14.8681001663208,-148.7169952392578,11.0,medium_airport
AHE,NTHE,Ahe Airport,Ahe Atoll,PF,-14.428099632263184,-146.2570037841797,11.0,medium_airport
TKX,NTKR,Takaroa Airport,,PF,-14.45580005645752,-145.02499389648438,13.0,medium_airport
NHV,NTMD,Nuku Hiva Airport,Nuku Hiva,PF,-8.7956,-140.229004,220.0,medium_airport
AUQ,NTMN,Hiva Oa-Atuona Airport,Hiva Oa Island,PF,-9.76879024506,-139.011001587,1481.0,medium_airport
BOB,NTTB,Bora Bora Airport,Motu Mute,PF,-16.444400787353516,-151.75100708007812,10.0,medium_airport
RGI,NTTG,Rangiroa Airport,,PF,-14.954299926757812,-147.66099548339844,10.0,medium_airport
HUH,NTTH,Huahine-Fare Airport,Fare,PF,-16.687084,-151.021593,7.0,medium_airport
MOZ,NTTM,Moorea Temae Airport,Moorea-Maiao,PF,-17.48979,-149.761777,9.0,medium_airport
HOI,NTTO,Hao Airport,Otepa,PF,-18.0748,-140.945999,10.0,medium_airport
MAU,NTTP,Maupiti Airport,,PF,-16.42650032043457,-152.24400329589844,15.0,medium_airport
RFP,NTTR,Raiatea Airport,Uturoa,PF,-16.7229,-151.466003,3.0,medium_airport
SON,NVSS,Santo Pekoa International Airport,Luganville,VU,-15.505000114399998,167.220001221,184.0,medium_airport
VLI,NVVV,Bauerfield International Airport,Port Vila,VU,-17.699301,168.320007,70.0,large_airport
TAH,NVVW,Whitegrass Airport,Tanna Island,VU,-19.455099,169.223999,19.0,medium_airport
TGJ,NWWA,Tiga Airport,Tiga,NC,-21.096407,167.80379,128.0,medium_airport
KNQ,NWWD,Koné Airport,Koné,NC,-21.053551,164.838768,23.0,medium_airport
ILP,NWWE,Île des Pins Airport,Île des Pins,NC,-22.5889,167.455994,315.0,medium_airport
LIF,NWWL,Lifou Airport,Lifou,NC,-20.774563,167.239328,92.0,medium_airport
GEA,NWWM,Nouméa Magenta Airport,Nouméa,NC,-22.257706,166.472822,10.0,medium_airport
MEE,NWWR,Maré Airport,Maré,NC,-21.482438,168.038465,141.0,medium_airport
TOU,NWWU,Touho Airport,Touho,NC,-20.790127,165.259524,10.0,medium_airport
UVE,NWWV,Ouvéa Airport,Ouvéa,NC,-20.640932,166.573024,23.0,medium_airport
NOU,NWWW,La Tontouta International Airport,Nouméa (La Tontouta),NC,-22.014601,166.212997,52.0,large_airport
AKL,NZAA,Auckland International Airport,Auckland,NZ,-37.01199,174.786331,23.0,large_airport
TUO,NZAP,Taupo Airport,Taupo,NZ,-38.73970031738281,176.08399963378906,1335.0,medium_airport
CHC,NZCH,Christchurch International Airport,Christchurch,NZ,-43.489029,172.532065,123.0,large_airport
CHT,NZCI,Inia William Tuuta Memorial Airport,Te One,NZ,-43.81189,-176.46514,43.0,medium_airport
DUD,NZDN,Dunedin International Airport,Dunedin,NZ,-45.929017,170.197758,4.0,medium_airport
GIS,NZGS,Gisborne Airport,Gisborne,NZ,-38.6633,177.977997,15.0,medium_airport
HKK,NZHK,Hokitika Airfield,,NZ,-42.713600158691406,170.98500061035156,146.0,medium_airport
HLZ,NZHN,Hamilton International Airport,Hamilton,NZ,-37.866961,175.331952,172.0,medium_airport
KKE,NZKK,Kerikeri Airport,Kerikeri,NZ,-35.259148,173.913317,492.0,medium_airport
KAT,NZKT,Kaitaia Airport,Awanui,NZ,-35.069837,173.287053,270.0,medium_airport
NPL,NZNP,New Plymouth Airport,New Plymouth,NZ,-39.00859832763672,174.1790008544922,97.0,medium_airport
NPE,NZNR,Hawke's Bay Airport,Napier,NZ,-39.465801,176.869995,6.0,medium_airport
NSN,NZNS,Nelson Airport,Nelson,NZ,-41.296709,173.224323,17.0,medium_airport
IVC,NZNV,Invercargill Airport,Invercargill,NZ,-46.41239929199219,168.31300354003906,5.0,medium_airport
PMR,NZPM,Palmerston North Airport,Palmerston North,NZ,-40.320599,175.617004,151.0,medium_airport
ZQN,NZQN,Queenstown Airport,Queenstown,NZ,-45.019205,168.746379,1171.0,large_airport
ROT,NZRO,Rotorua Regional Airport,Rotorua,NZ,-38.1092,176.317001,935.0,medium_airport
TRG,NZTG,Tauranga Airport,Tauranga,NZ,-37.67190170288086,176.1959991455078,13.0,medium_airport
TIU,NZTU,Timaru Airport,,NZ,-44.30279922485352,171.22500610351562,89.0,medium_airport
BHE,NZWB,Woodbourne Airport,Blenheim,NZ,-41.5182991027832,173.8699951171875,109.0,medium_airport
WKA,NZWF,Wanaka Airport,Wanaka,NZ,-44.722091,169.246287,1142.0,medium_airport
WHK,NZWK,Whakatāne Airport,Whakatāne,NZ,-37.922224,176.91696,20.0,medium_airport
WLG,NZWN,Wellington International Airport,Wellington,NZ,-41.326839,174.806862,41.0,large_airport
WRE,NZWR,Whangarei Airport,Whangarei,NZ,-35.769253,174.363713,133.0,medium_airport
WSZ,NZWS,Westport Airport,Westport,NZ,-41.737111,171.579033,13.0,medium_airport
WAG,NZWU,Wanganui Airport,Wanganui,NZ,-39.963467,175.02444,27.0,medium_airport
HEA,OAHR,Herat - Khwaja Abdullah Ansari International Airport,Guzara,AF,34.209999,62.228298,3206.0,large_airport
KBL,OAKB,Kabul International Airport,Kabul,AF,34.565899,69.212303,5877.0,large_airport
KDH,OAKN,Ahmad Shah Baba International Airport,Kandahar,AF,31.505769,65.847963,3337.0,large_airport
KHT,OAKS,Khost International Airport,Khost,AF,33.284605,69.80734,4204.0,medium_airport
MZR,OAMS,Mazar-i-Sharif International Airport,Mazar-i-Sharif,AF,36.70412,67.210459,1284.0,large_airport
BAH,OBBI,Bahrain International Airport,Manama,BH,26.267295,50.63764,6.0,large_airport
OCS,FGCO,Corisco International Airport,Corisco Island,GQ,0.910937,9.33027,55.0,large_airport
AHB,OEAB,Abha International Airport,Abha,SA,18.2404,42.656601,6858.0,large_airport
HOF,OEAH,Al-Ahsa International Airport,Hofuf,SA,25.285299,49.485199,588.0,large_airport
ULH,OEAO,Al-Ula International Airport,Al-Ula,SA,26.483634,38.117048,2050.0,large_airport
ABT,OEBA,King Saud Bin Abdulaziz (Al Baha) Airport,Al-Baha,SA,20.298506,41.636153,5486.0,medium_airport
BHH,OEBH,Bisha Airport,Bisha,SA,19.9844,42.620899,3887.0,medium_airport
DMM,OEDF,King Fahd International Airport,Ad Dammam,SA,26.4691,49.798209,72.0,large_airport
DWD,OEDM,Dawadmi Domestic Airport,Dawadmi,SA,24.4499,44.121201,3026.0,medium_airport
GIZ,OEGN,Jizan Regional Airport / King Abdullah bin Abdulaziz Airport,Jizan,SA,16.9011,42.5858,20.0,medium_airport
ELQ,OEGS,Prince Naif bin Abdulaziz International Airport,Qassim,SA,26.302799,43.774399,2126.0,large_airport
URY,OEGT,Gurayat Domestic Airport,Gurayat,SA,31.412413,37.278898,1672.0,medium_airport
HAS,OEHL,Hail International Airport,Hail,SA,27.437901,41.686298,3331.0,large_airport
JED,OEJN,King Abdulaziz International Airport,Jeddah,SA,21.680241,39.157436,48.0,large_airport
KMC,OEKK,King Khaled Military City Airport,King Khaled Military City,SA,27.9009,45.528198,1352.0,medium_airport
MED,OEMA,Prince Mohammad Bin Abdulaziz Airport,Medina,SA,24.5534,39.705101,2151.0,large_airport
EAM,OENG,Najran Domestic Airport,Najran,SA,17.611401,44.419201,3982.0,medium_airport
NUM,OENN,Neom Bay Airport,Sharma,SA,27.924261,35.29358,29.0,large_airport
AQI,OEPA,Qaisumah–Hafar Al-Batin International Airport,Qaisumah,SA,28.335726,46.127108,1174.0,large_airport
RAH,OERF,Rafha Domestic Airport,Rafha,SA,29.626399993896484,43.4906005859375,1474.0,medium_airport
RUH,OERK,King Khalid International Airport,Riyadh,SA,24.9576,46.698799,2049.0,large_airport
RAE,OERR,Arar Domestic Airport,Arar,SA,30.90660095214844,41.13819885253906,1813.0,medium_airport
SHW,OESH,Sharurah Domestic Airport,Sharurah,SA,17.4669,47.121399,2363.0,medium_airport
AJF,OESK,Al-Jawf International Airport,Al-Jawf,SA,29.783301,40.100905,2261.0,large_airport
TUU,OETB,Prince Sultan bin Abdulaziz International Airport,Tabuk,SA,28.3711,36.624865,2551.0,large_airport
TIF,OETF,Taif International Airport,Taif,SA,21.484739,40.544074,4848.0,large_airport
TUI,OETR,Turaif Domestic Airport,Turaif,SA,31.692188,38.731544,2803.0,medium_airport
WAE,OEWD,Wadi Al Dawasir Domestic Airport,Wadi Al Dawasir,SA,20.504299,45.1996,2062.0,medium_airport
EJH,OEWJ,Al Wajh Domestic Airport,Al Wajh,SA,26.198601,36.476398,66.0,medium_airport
YNB,OEYN,Prince Abdulmohsen Bin Abdulaziz International Airport,Yanbu,SA,24.144199,38.0634,26.0,large_airport
ABD,OIAA,Abadan Ayatollah Jami International Airport,Abadan,IR,30.367887,48.230075,10.0,large_airport
DEF,OIAD,Dezful Airport,Dezful,IR,32.434399,48.397598,474.0,medium_airport
GCH,OIAH,Gachsaran Airport,Gachsaran,IR,30.333869,50.833796,2414.0,medium_airport
MRX,OIAM,Mahshahr Airport,Mahshahr,IR,30.5562,49.151901,8.0,medium_airport
AWZ,OIAW,Qasem Soleimani International Airport,Ahvaz,IR,31.3364,48.763789,66.0,large_airport
AEU,OIBA,Abu Musa Island Airport,Abu Musa,IR,25.8757,55.033001,23.0,medium_airport
BUZ,OIBB,Bushehr Airport,Bushehr,IR,28.9447994232,50.8345985413,68.0,medium_airport
KIH,OIBK,Kish International Airport,Kish Island,IR,26.525427,53.980462,101.0,large_airport
BDH,OIBL,Bandar Lengeh International Airport,Bandar Lengeh,IR,26.532283,54.82484,67.0,medium_airport
PGU,OIBP,Persian Gulf International Airport,Khiyaroo,IR,27.379601,52.737701,27.0,medium_airport
KHK,OIBQ,Khark Airport,Khark,IR,29.260503,50.322193,17.0,medium_airport
KSH,OICC,Shahid Ashrafi Esfahani Airport,Kermanshah,IR,34.3459014893,47.1581001282,4307.0,medium_airport
KHD,OICK,Khoram Abad Airport,,IR,33.43539810180664,48.282901763916016,3782.0,medium_airport
SDG,OICS,Sanandaj Airport,,IR,35.24589920043945,47.00920104980469,4522.0,medium_airport
KKS,OIFK,Kashan Airport,Kashan,IR,33.895302,51.577,3465.0,medium_airport
IFN,OIFM,Isfahan Shahid Beheshti International Airport,Isfahan,IR,32.755142,51.883877,5059.0,large_airport
RAS,OIGG,Sardar-e-Jangal Airport,Rasht,IR,37.323333,49.617778,-40.0,medium_airport
HDM,OIHH,Hamadan Airport,Hamadan,IR,34.866416,48.56069,5755.0,medium_airport
IKA,OIIE,Imam Khomeini International Airport,Tehran,IR,35.416099548339844,51.152198791503906,3305.0,large_airport
THR,OIII,Mehrabad International Airport,Tehran,IR,35.689175,51.314392,3962.0,large_airport
PYK,OIIP,Payam International Airport,Karaj,IR,35.7761,50.826698,4170.0,large_airport
BND,OIKB,Bandar Abbas International Airport,Bandar Abbas,IR,27.2183,56.3778,22.0,large_airport
KER,OIKK,Ayatollah Hashemi Rafsanjani International Airport,Kerman,IR,30.271276,56.949692,5741.0,large_airport
BXR,OIKM,Bam Airport,Bam,IR,29.0842,58.450001,3231.0,medium_airport
GSM,OIKQ,Qeshm International Airport,Qeshm(Dayrestan),IR,26.754639,55.902353,45.0,large_airport
RJN,OIKR,Rafsanjan Airport,Rafsanjan,IR,30.298345,56.048979,5298.0,medium_airport
XBJ,OIMB,Birjand International Airport,Birjand,IR,32.896525,59.281258,4952.0,large_airport
MHD,OIMM,Mashhad International Airport,Mashhad,IR,36.234821,59.642949,3263.0,large_airport
BJB,OIMN,Bojnord Airport,Bojnord,IR,37.49300003051758,57.30820083618164,3499.0,medium_airport
AFZ,OIMS,Sabzevar National Airport,Sabzevar,IR,36.16809844970703,57.59519958496094,3010.0,medium_airport
NSH,OINN,Nowshahr Airport,Nowshahr,IR,36.664286,51.46273,-61.0,medium_airport
RZR,OINR,Ramsar Airport,Ramsar,IR,36.90701,50.687316,-70.0,medium_airport
SRY,OINZ,Sari Dasht-e Naz International Airport,Sari,IR,36.644408,53.188761,35.0,medium_airport
LRR,OISL,Lar Airport,Lar,IR,27.6747,54.383301,2641.0,medium_airport
LFM,OISR,Lamerd Airport,Lamerd,IR,27.3727,53.188801,1337.0,medium_airport
SYZ,OISS,Shiraz Shahid Dastghaib International Airport,Shiraz,IR,29.5392,52.589802,4927.0,large_airport
ADU,OITL,Ardabil Airport,Ardabil,IR,38.3256988525,48.4244003296,4315.0,medium_airport
OMH,OITR,Urmia Airport,Urmia,IR,37.6680984497,45.0686988831,4343.0,medium_airport
TBZ,OITT,Tabriz International Airport,Tabriz,IR,38.1339,46.235001,4459.0,large_airport
AZD,OIYY,Shahid Sadooghi Airport,Yazd,IR,31.9048995972,54.2765007019,4054.0,medium_airport
ZBR,OIZC,Chabahar Konarak International Airport,Konarak,IR,25.44319,60.382167,13.0,medium_airport
ZAH,OIZH,Zahedan International Airport,Zahedan,IR,29.4757,60.9062,4564.0,large_airport
AMM,OJAI,Queen Alia International Airport,Amman,JO,31.7226009369,35.9931983948,2395.0,large_airport
ADJ,OJAM,Marka International (Amman Civil) Airport,Amman,JO,31.9727,35.9916,2555.0,large_airport
AQJ,OJAQ,King Hussein International Airport,Aqaba,JO,29.611601,35.018101,175.0,large_airport
KWI,OKKK,Kuwait International Airport,Kuwait City,KW,29.224487,47.969813,206.0,large_airport
BEY,OLBA,Beirut Rafic Hariri International Airport,Beirut,LB,33.819833,35.487443,87.0,large_airport
DQM,OODQ,Duqm International Airport,Duqm,OM,19.501944,57.634167,364.0,large_airport
AUH,OMAA,Zayed International Airport,Abu Dhabi,AE,24.440966,54.649237,88.0,large_airport
AAN,OMAL,Al Ain International Airport,Al Ain,AE,24.2617,55.6092,869.0,large_airport
DXB,OMDB,Dubai International Airport,Dubai,AE,25.24979,55.370992,62.0,large_airport
DWC,OMDW,Al Maktoum International Airport,Dubai(Jebel Ali),AE,24.896171,55.16235,114.0,large_airport
FJR,OMFJ,Fujairah International Airport,Fujairah,AE,25.108411,56.328061,152.0,large_airport
RKT,OMRK,Ras Al Khaimah International Airport,Ras Al Khaimah,AE,25.613501,55.938801,102.0,large_airport
SHJ,OMSJ,Sharjah International Airport,Sharjah,AE,25.3286,55.5172,111.0,large_airport
KHS,OOKB,Khasab Airport,Khasab,OM,26.171,56.240601,100.0,medium_airport
MCT,OOMS,Muscat International Airport,Muscat/Seeb,OM,23.600218,58.285268,48.0,large_airport
SLL,OOSA,Salalah International Airport,Salalah,OM,17.0387,54.091301,73.0,large_airport
OHS,OOSH,Suhar International Airport,Suhar,OM,24.38604,56.62541,20.0,large_airport
BHV,OPBW,Bahawalpur Airport,Bahawalpur,PK,29.348100662231445,71.71800231933594,392.0,medium_airport
CJL,OPCH,Chitral Airport,Chitral,PK,35.886213,71.799922,4920.0,medium_airport
DEA,OPDG,Dera Ghazi Khan Airport,Dera Ghazi Khan,PK,29.961000442504883,70.48590087890625,492.0,medium_airport
LYP,OPFA,Faisalabad International Airport,Faisalabad,PK,31.364923,72.995319,591.0,large_airport
GWD,OPGW,New Gwadar International Airport,Gurandani,PK,25.296733,62.498822,61.0,large_airport
GIL,OPGT,Gilgit Airport,Gilgit,PK,35.918800354003906,74.33360290527344,4796.0,medium_airport
ISB,OPIS,Islamabad International Airport,Attock,PK,33.549,72.82566,1761.0,large_airport
KHI,OPKC,Jinnah International Airport,Karachi,PK,24.9065,67.160797,100.0,large_airport
LHE,OPLA,Allama Iqbal International Airport,Lahore,PK,31.521601,74.403603,712.0,large_airport
MUX,OPMT,Multan International Airport,Multan,PK,30.203199,71.419098,403.0,large_airport
WNS,OPNH,Shaheed Benazirabad Airport,Nawabashah,PK,26.2194,68.390099,95.0,medium_airport
PEW,OPPS,Bacha Khan International Airport,Peshawar,PK,33.9939,71.514603,1158.0,large_airport
UET,OPQT,Quetta International Airport,Quetta,PK,30.2514,66.937798,5267.0,large_airport
RYK,OPRK,Shaikh Zaid Airport,Rahim Yar Khan,PK,28.383899688720703,70.27960205078125,271.0,medium_airport
KDU,OPSD,Skardu International Airport,Skardu,PK,35.33866,75.538648,7316.0,large_airport
SKZ,OPSK,Begum Nusrat Bhutto International Airport Sukkur,Sukkur,PK,27.722,68.791702,196.0,medium_airport
SKT,OPST,Sialkot International Airport,Sialkot,PK,32.535941,74.364623,837.0,large_airport
TUK,OPTU,Turbat International Airport,Turbat,PK,25.984767,63.028856,498.0,large_airport
PZH,OPZB,Zhob Airport,Fort Sandeman,PK,31.358400344848633,69.4636001586914,4728.0,medium_airport
BGW,ORBI,Baghdad International Airport / New Al Muthana Air Base,Baghdad,IQ,33.262501,44.2346,114.0,large_airport
EBL,ORER,Erbil International Airport,Arbil,IQ,36.236047,43.946615,1341.0,large_airport
KIK,ORKK,Kirkuk International Airport,Kirkuk,IQ,35.469501,44.3489,1061.0,large_airport
BSR,ORMM,Basra International Airport,Basra,IQ,30.549101,47.662102,11.0,large_airport
NJF,ORNI,Al Najaf International Airport,Najaf,IQ,31.991116,44.405019,103.0,large_airport
ISU,ORSJ,Jalal Talabani International Airport,Sulaymaniyah,IQ,35.560487,45.315137,2494.0,medium_airport
ALP,OSAP,Aleppo International Airport,Aleppo,SY,36.181262,37.226869,1276.0,large_airport
DAM,OSDI,Damascus International Airport,Damascus,SY,33.4114990234375,36.51559829711914,2020.0,large_airport
KAC,OSKL,Qamishli International Airport,Qamishli,SY,37.020599,41.191399,1480.0,medium_airport
LTK,OSLK,Latakia International Airport,Latakia,SY,35.4011,35.9487,157.0,medium_airport
DIA,OTBD,Doha International Airport,Doha,QA,25.259431,51.565528,35.0,large_airport
DOH,OTHH,Hamad International Airport,Doha,QA,25.273056,51.608056,13.0,large_airport
ADE,OYAA,Aden International Airport,Aden,YE,12.829564,45.029976,7.0,large_airport
AAY,OYGD,Al Ghaydah International Airport,Al Ghaydah,YE,16.193341,52.174186,134.0,medium_airport
RIY,OYRN,Riyan International Airport,Mukalla(Riyan),YE,14.662241,49.375289,54.0,large_airport
SAH,OYSN,Sanaa International Airport,Sanaa,YE,15.4763,44.2197,7216.0,large_airport
SCT,OYSQ,Socotra Airport,Mori,YE,12.632093,53.906173,146.0,medium_airport
GXF,OYSY,Seiyun Hadhramaut International Airport,Seiyun,YE,15.965887,48.788146,2097.0,large_airport
TAI,OYTZ,Taiz International Airport,Taiz,YE,13.686,44.139099,4838.0,medium_airport
BTI,PABA,Barter Island Long Range Radar Station Airport,Barter Island,US,70.134003,-143.582001,2.0,medium_airport
BET,PABE,Bethel Airport,Bethel,US,60.77980042,-161.8379974,126.0,medium_airport
BRW,PABR,Wiley Post Will Rogers Memorial Airport,Utqiaġvik,US,71.285402,-156.766008,44.0,medium_airport
CDB,PACD,Cold Bay Airport,Cold Bay,US,55.207871,-162.725029,96.0,medium_airport
CDV,PACV,Merle K (Mudhole) Smith Airport,Cordova,US,60.491798,-145.477997,54.0,medium_airport
DRG,PADE,Deering Airport,Deering,US,66.068901,-162.766914,21.0,medium_airport
ADK,PADK,Adak Airport,Adak,US,51.883564,-176.642783,18.0,medium_airport
DLG,PADL,Dillingham Airport,Dillingham,US,59.04470062,-158.5050049,81.0,medium_airport
ADQ,PADQ,Kodiak Airport,Kodiak,US,57.75,-152.4940033,78.0,medium_airport
DUT,PADU,Tom Madsen (Dutch Harbor) Airport,Unalaska,US,53.89881,-166.544996,22.0,medium_airport
EMK,PAEM,Emmonak Airport,Emmonak,US,62.78609848,-164.4909973,13.0,medium_airport
ENA,PAEN,Kenai Municipal Airport,Kenai,US,60.570946,-151.245174,99.0,medium_airport
FAI,PAFA,Fairbanks International Airport,Fairbanks,US,64.815102,-147.856003,439.0,medium_airport
ABL,PAFM,Ambler Airport,Ambler,US,67.105529,-157.855339,334.0,medium_airport
GAL,PAGA,Edward G. Pitka Sr Airport,Galena,US,64.736198,-156.936997,153.0,medium_airport
GKN,PAGK,Gulkana Airport,Gulkana,US,62.155859,-145.454662,1586.0,medium_airport
GAM,PAGM,Gambell Airport,Gambell,US,63.767694,-171.733303,27.0,medium_airport
GST,PAGS,Gustavus Airport,Gustavus,US,58.4253006,-135.7070007,35.0,medium_airport
HCR,PAHC,Holy Cross Airport,Holy Cross,US,62.18830108642578,-159.77499389648438,70.0,medium_airport
HSL,PAHL,Huslia Airport,Huslia,US,65.697899,-156.350998,220.0,medium_airport
HNS,PAHN,Haines Airport,Haines,US,59.243921,-135.523925,15.0,medium_airport
HOM,PAHO,Homer Airport,Homer,US,59.644456,-151.479235,84.0,medium_airport
EGX,PAII,Egegik Airport,Egegik,US,58.184386,-157.374873,92.0,medium_airport
IAN,PAIK,Bob Baker Memorial Airport,Kiana,US,66.976128,-160.439014,166.0,medium_airport
ILI,PAIL,Iliamna Airport,Iliamna,US,59.754398,-154.910996,192.0,medium_airport
UTO,PAIM,Indian Mountain LRRS Airport,Utopia Creek,US,65.992798,-153.703995,1273.0,medium_airport
JNU,PAJN,Juneau International Airport,Juneau,US,58.354935,-134.574416,21.0,medium_airport
AKN,PAKN,King Salmon Airport,King Salmon,US,58.677845,-156.651965,73.0,medium_airport
AKP,PAKP,Anaktuvuk Pass Airport,Anaktuvuk Pass,US,68.133598,-151.742996,2102.0,medium_airport
KTN,PAKT,Ketchikan International Airport,Ketchikan,US,55.35559845,-131.7140045,89.0,medium_airport
KLW,PAKW,Klawock Airport,Klawock,US,55.579201,-133.076004,80.0,medium_airport
LUR,PALU,Cape Lisburne LRRS Airport,Cape Lisburne,US,68.875099,-166.110001,16.0,medium_airport
MCG,PAMC,McGrath Airport,McGrath,US,62.95289993,-155.6060028,341.0,medium_airport
MRI,PAMR,Merrill Field,Anchorage,US,61.212792,-149.843988,137.0,medium_airport
MYU,PAMY,Mekoryuk Airport,Mekoryuk,US,60.372338,-166.269751,48.0,medium_airport
ANC,PANC,Ted Stevens Anchorage International Airport,Anchorage,US,61.179004,-149.992561,152.0,large_airport
ANI,PANI,Aniak Airport,Aniak,US,61.581600189208984,-159.54299926757812,88.0,medium_airport
ANV,PANV,Anvik Airport,Anvik,US,62.646702,-160.190994,291.0,medium_airport
OME,PAOM,Nome Airport,Nome,US,64.51219940185547,-165.44500732421875,37.0,medium_airport
ORT,PAOR,Northway Airport,Northway,US,62.9613,-141.929001,1715.0,medium_airport
OTZ,PAOT,Ralph Wien Memorial Airport,Kotzebue,US,66.88469696,-162.598999,14.0,medium_airport
STG,PAPB,St George Airport,St George,US,56.577345,-169.663823,125.0,medium_airport
PSG,PAPG,Petersburg James A Johnson Airport,Petersburg,US,56.80170059,-132.9450073,111.0,medium_airport
PTH,PAPH,Port Heiden Airport,Port Heiden,US,56.957893,-158.630219,95.0,medium_airport
PTU,PAPM,Platinum Airport,Platinum,US,59.017675,-161.827927,15.0,medium_airport
NUI,PAQT,Nuiqsut Airport,Nuiqsut,US,70.209999,-151.005998,38.0,medium_airport
ARC,PARC,Arctic Village Airport,Arctic Village,US,68.1147,-145.578995,2092.0,medium_airport
RBY,PARY,Ruby Airport,Ruby,US,64.727203,-155.470001,658.0,medium_airport
SVA,PASA,Savoonga Airport,Savoonga,US,63.686401,-170.492996,53.0,medium_airport
SCC,PASC,Deadhorse Airport,Deadhorse,US,70.19470215,-148.4649963,65.0,medium_airport
SDP,PASD,Sand Point Airport,Sand Point,US,55.313908,-160.522099,21.0,medium_airport
SIT,PASI,Sitka Rocky Gutierrez Airport,Sitka,US,57.04710006713867,-135.36199951171875,21.0,medium_airport
SNP,PASN,St Paul Island Airport,St Paul Island,US,57.166311,-170.222555,63.0,medium_airport
ATK,PATQ,Atqasuk Edward Burnell Sr Memorial Airport,Atqasuk,US,70.46704,-157.436013,96.0,medium_airport
UNK,PAUN,Unalakleet Airport,Unalakleet,US,63.888401,-160.798996,27.0,medium_airport
VDZ,PAVD,Valdez Pioneer Field,Valdez,US,61.132712,-146.246567,121.0,medium_airport
WRG,PAWG,Wrangell Airport,Wrangell,US,56.48429871,-132.3699951,49.0,medium_airport
AIN,PAWI,Wainwright Airport,Wainwright,US,70.638,-159.994995,41.0,medium_airport
YAK,PAYA,Yakutat Airport,Yakutat,US,59.508717,-139.660435,33.0,medium_airport
FYU,PFYU,Fort Yukon Airport,Fort Yukon,US,66.571651,-145.249987,433.0,medium_airport
ROP,PGRO,Rota International Airport,Rota Island,MP,14.173267,145.241103,607.0,large_airport
SPN,PGSN,Saipan International Airport,"I Fadang, Saipan",MP,15.119384,145.728848,215.0,medium_airport
GUM,PGUM,Antonio B. Won Pat International Airport,Hagåtña,GU,13.485,144.797282,298.0,large_airport
TIQ,PGWT,Francisco Manglona Borja / Tinian International Airport,Tinian Island,MP,14.999207,145.619355,271.0,medium_airport
HNM,PHHN,Hana Airport,Hana,US,20.795601,-156.014008,78.0,medium_airport
JHM,PHJH,Kapalua Airport,Lahaina,US,20.9629,-156.673004,256.0,medium_airport
KOA,PHKO,Ellison Onizuka Kona International Airport at Keāhole,Kailua-Kona,US,19.738783,-156.045603,47.0,large_airport
LIH,PHLI,Lihue Airport,"Lihue, Kauai",US,21.974393,-159.337146,153.0,large_airport
MKK,PHMK,Molokai Airport,Kaunakakai,US,21.152901,-157.095993,454.0,medium_airport
MUE,PHMU,Waimea Kohala Airport,Waimea (Kamuela),US,20.001301,-155.667999,2671.0,medium_airport
HNL,PHNL,Daniel K. Inouye International Airport,"Honolulu, Oahu",US,21.318387,-157.92567,13.0,large_airport
LNY,PHNY,Lanai Airport,Lanai City,US,20.785675,-156.951324,1308.0,medium_airport
OGG,PHOG,Kahului International Airport,Kahului,US,20.896263,-156.431837,54.0,large_airport
ITO,PHTO,Hilo International Airport,Hilo,US,19.72135,-155.045428,38.0,medium_airport
MAJ,PKMJ,Marshall Islands International Airport,Majuro Atoll,MH,7.06511,171.271656,6.0,large_airport
KWA,PKWA,Bucholz Army Air Field,Kwajalein,MH,8.720120429992676,167.73199462890625,9.0,medium_airport
CXI,PLCH,Cassidy International Airport,Kiritimati,KI,1.986278,-157.350011,5.0,large_airport
PIZ,PPIZ,Point Lay LRRS Airport,Point Lay,US,69.732903,-163.005005,22.0,medium_airport
TKK,PTKK,Chuuk International Airport,Weno Island,FM,7.46187,151.843002,11.0,large_airport
PNI,PTPN,Pohnpei International Airport,Pohnpei Island,FM,6.985082,158.20992,10.0,medium_airport
ROR,PTRO,Roman Tmetuchl International Airport,Babelthuap Island,PW,7.366965,134.544085,176.0,large_airport
KSA,PTSA,Kosrae International Airport,Okat,FM,5.35698,162.957993,11.0,large_airport
YAP,PTYA,Yap International Airport,Yap Island,FM,9.49891,138.082993,91.0,large_airport
AWK,PWAK,Wake Island Airfield,Wake Island,UM,19.282437,166.636637,14.0,medium_airport
KNH,RCBS,Kinmen Airport,Shang-I,TW,24.4279,118.359001,93.0,medium_airport
LZN,RCFG,Matsu Nangan Airport,Matsu (Nangan),TW,26.159656,119.958376,232.0,medium_airport
TTT,RCFN,Taitung Airport,Taitung City,TW,22.754856,121.101794,143.0,medium_airport
KHH,RCKH,Kaohsiung International Airport,Kaohsiung (Xiaogang),TW,22.577101,120.349998,31.0,large_airport
CYI,RCKU,Chiayi Airport,Shuishang,TW,23.462577,120.390544,85.0,medium_airport
KYD,RCLY,Lanyu Airport,Orchid Island,TW,22.027000427246097,121.53500366210938,44.0,medium_airport
RMQ,RCMQ,Taichung International Airport / Ching Chuang Kang Air Base,Taichung (Qingshui),TW,24.2647,120.621002,663.0,large_airport
MFK,RCMT,Matsu Beigan Airport,Matsu (Beigan),TW,26.22414,120.002679,41.0,medium_airport
TNN,RCNN,Tainan International Airport / Tainan Air Base,Tainan (Rende),TW,22.950399,120.206001,63.0,large_airport
MZG,RCQC,Penghu Magong Airport,Huxi,TW,23.568701,119.627998,103.0,large_airport
TSA,RCSS,Taipei Songshan International Airport,Taipei (Songshan),TW,25.067244,121.552822,18.0,large_airport
TPE,RCTP,Taiwan Taoyuan International Airport,Taoyuan,TW,25.0777,121.233002,106.0,large_airport
HUN,RCYU,Hualien Chiashan Airport,Hualien City,TW,24.023163,121.617991,52.0,large_airport
NRT,RJAA,Narita International Airport,Narita,JP,35.76858,140.388714,141.0,large_airport
MMJ,RJAF,Shinshu-Matsumoto Airport,Matsumoto,JP,36.166801,137.923004,2182.0,medium_airport
IBR,RJAH,Ibaraki Airport,Omitama,JP,36.181456,140.414434,105.0,large_airport
KIX,RJBB,Kansai International Airport,Osaka,JP,34.427299,135.244003,26.0,large_airport
SHM,RJBD,Nanki Shirahama Airport,Shirahama,JP,33.6622009277,135.363998413,298.0,medium_airport
UKB,RJBE,Kobe Airport,Kobe,JP,34.632801,135.223999,22.0,large_airport
TJH,RJBT,Konotori Tajima Airport,Toyooka,JP,35.512798,134.787003,584.0,medium_airport
OBO,RJCB,Tokachi-Obihiro Airport,Obihiro,JP,42.7332992554,143.216995239,505.0,medium_airport
CTS,RJCC,New Chitose Airport,Sapporo,JP,42.774753,141.690414,82.0,large_airport
HKD,RJCH,Hakodate Airport,Hakodate,JP,41.77,140.822006,151.0,large_airport
KUH,RJCK,Kushiro Airport,Kushiro,JP,43.041,144.192993,327.0,medium_airport
MMB,RJCM,Memanbetsu Airport,Ōzora,JP,43.8805999756,144.164001465,135.0,medium_airport
SHB,RJCN,Nakashibetsu Airport,Nakashibetsu,JP,43.5774993896,144.960006714,234.0,medium_airport
OKD,RJCO,Sapporo Okadama Airport,Sapporo,JP,43.117447,141.38134,25.0,medium_airport
WKJ,RJCW,Wakkanai Airport,Wakkanai,JP,45.4042015076,141.800994873,30.0,medium_airport
AXJ,RJDA,Amakusa Airport,Amakusa,JP,32.482498,130.158997,340.0,medium_airport
IKI,RJDB,Iki Airport,Iki,JP,33.7490005493,129.785003662,41.0,medium_airport
UBJ,RJDC,Yamaguchi Ube Airport,Ube,JP,33.93,131.279007,23.0,medium_airport
TSJ,RJDT,Tsushima Airport,Tsushima,JP,34.2849006653,129.330993652,213.0,medium_airport
MBE,RJEB,Monbetsu Airport,Monbetsu,JP,44.303901672399995,143.404006958,80.0,medium_airport
AKJ,RJEC,Asahikawa Airport,Higashikagura,JP,43.670799,142.447006,721.0,medium_airport
OIR,RJEO,Okushiri Airport,Okushiri Island,JP,42.0717010498,139.432998657,161.0,medium_airport
RIS,RJER,Rishiri Airport,Rishiri,JP,45.2420005798,141.186004639,112.0,medium_airport
KUM,RJFC,Yakushima Airport,Yakushima,JP,30.385599,130.658997,124.0,medium_airport
FUJ,RJFE,Fukue Airport,Goto,JP,32.666302,128.832993,273.0,medium_airport
FUK,RJFF,Fukuoka Airport,Fukuoka,JP,33.585899353027344,130.4510040283203,32.0,large_airport
TNE,RJFG,New Tanegashima Airport,Tanegashima,JP,30.605100631699997,130.990997314,768.0,medium_airport
KOJ,RJFK,Kagoshima Airport,Kagoshima,JP,31.8034,130.718994,906.0,large_airport
KMI,RJFM,Miyazaki Airport,Miyazaki,JP,31.877199,131.449005,20.0,large_airport
OIT,RJFO,Oita Airport,Oita,JP,33.479400634799994,131.736999512,19.0,medium_airport
KKJ,RJFR,Kitakyushu Airport,Kitakyushu,JP,33.845901,131.035004,21.0,large_airport
HSG,RJFS,Kyushu Saga International Airport,Saga,JP,33.1497,130.302002,6.0,large_airport
KMJ,RJFT,Kumamoto Airport,Kumamoto,JP,32.837299,130.854996,642.0,large_airport
NGS,RJFU,Nagasaki Airport,Nagasaki,JP,32.916901,129.914001,15.0,large_airport
NGO,RJGG,Chubu Centrair International Airport,Tokoname,JP,34.858398,136.804993,15.0,large_airport
ASJ,RJKA,Amami Airport,Amami,JP,28.430599212646484,129.71299743652344,27.0,medium_airport
OKE,RJKB,Okinoerabu Airport,Wadomari,JP,27.431604,128.705564,101.0,medium_airport
KKX,RJKI,Kikai Airport,Kikai,JP,28.321300506599997,129.927993774,21.0,medium_airport
TKN,RJKN,Tokunoshima Airport,Amagi,JP,27.836382,128.881356,17.0,medium_airport
NKM,RJNA,Nagoya Airport / JASDF Komaki Air Base,Nagoya,JP,35.255759,136.924095,52.0,medium_airport
KMQ,RJNK,Komatsu Airport / JASDF Komatsu Air Base,Kanazawa,JP,36.393407,136.406895,36.0,large_airport
OKI,RJNO,Oki Global Geopark Airport,Okinoshima,JP,36.178388,133.323566,311.0,medium_airport
FSZ,RJNS,Mount Fuji Shizuoka Airport,Makinohara / Shimada,JP,34.795022,138.190976,433.0,large_airport
TOY,RJNT,Toyama Kitokito Airport,Toyama,JP,36.648416,137.187359,95.0,medium_airport
NTQ,RJNW,Noto Satoyama Airport,Wajima,JP,37.293098,136.962006,718.0,medium_airport
HIJ,RJOA,Hiroshima Airport,Hiroshima,JP,34.4361,132.919006,1088.0,large_airport
OKJ,RJOB,Okayama Momotaro Airport,Okayama,JP,34.756901,133.854996,806.0,large_airport
IZO,RJOC,Izumo Enmusubi Airport,Izumo,JP,35.413601,132.889999,15.0,medium_airport
YGJ,RJOH,Yonago Kitaro Airport / JASDF Miho Air Base,Yonago,JP,35.492199,133.235992,20.0,medium_airport
IWK,RJOI,Iwakuni Kintaikyo Airport,Iwakuni,JP,34.146333,132.247238,7.0,medium_airport
KCZ,RJOK,Kochi Ryoma Airport,Nankoku,JP,33.545217,133.670166,42.0,large_airport
MYJ,RJOM,Matsuyama Airport,Matsuyama,JP,33.826893,132.700114,25.0,large_airport
ITM,RJOO,Osaka Itami International Airport,Osaka,JP,34.780853,135.440829,50.0,large_airport
TTJ,RJOR,Tottori Sand Dunes Conan Airport,Tottori,JP,35.530058,134.165023,65.0,medium_airport
TKS,RJOS,Tokushima Awaodori Airport / JMSDF Tokushima Air Base,Tokushima,JP,34.132559,134.607816,26.0,large_airport
TAK,RJOT,Takamatsu Airport,Takamatsu,JP,34.214963,134.015454,607.0,large_airport
IWJ,RJOW,Iwami Airport,Masuda,JP,34.676399231,131.789993286,184.0,medium_airport
AOJ,RJSA,Aomori Airport,Aomori,JP,40.733777,140.689477,664.0,large_airport
GAJ,RJSC,Yamagata Airport,Higashine,JP,38.4119,140.371002,353.0,medium_airport
SDS,RJSD,Sado Airport,Sado,JP,38.0601997375,138.414001465,88.0,medium_airport
FKS,RJSF,Fukushima Airport,Sukagawa,JP,37.22740173339844,140.43099975585938,1221.0,medium_airport
HNA,RJSI,Iwate Hanamaki Airport,Hanamaki,JP,39.4286,141.134995,297.0,medium_airport
AXT,RJSK,Akita Airport,Akita,JP,39.615601,140.218994,313.0,medium_airport
MSJ,RJSM,Misawa Airport / Misawa Air Base,Misawa,JP,40.703201,141.367996,119.0,medium_airport
KIJ,RJSN,Niigata Airport,Niigata,JP,37.954166,139.112189,29.0,large_airport
ONJ,RJSR,Odate Noshiro Airport,Kitaakita,JP,40.191898,140.371002,292.0,medium_airport
SDJ,RJSS,Sendai Airport,Natori,JP,38.139702,140.917007,15.0,large_airport
SYO,RJSY,Shonai Airport,Shonai,JP,38.812199,139.787003,86.0,medium_airport
HAC,RJTH,Hachijojima Airport,Hachijojima,JP,33.114843,139.785645,303.0,medium_airport
OIM,RJTO,Oshima Airport,Izu Oshima,JP,34.782001495399996,139.36000061,130.0,medium_airport
MYE,RJTQ,Miyakejima Airport,Miyakejima,JP,34.073600769,139.559997559,67.0,medium_airport
HND,RJTT,Tokyo Haneda International Airport,Tokyo,JP,35.549678,139.786958,35.0,large_airport
MWX,RKJB,Muan International Airport,Muan (Piseo-ri),KR,34.991406,126.382814,35.0,large_airport
KWJ,RKJJ,Gwangju Airport,Gwangju,KR,35.123173,126.805444,39.0,medium_airport
KUV,RKJK,Gunsan Airport / Gunsan Air Base,Gunsan,KR,35.903801,126.615997,29.0,medium_airport
RSU,RKJY,Yeosu Airport,Yeosu,KR,34.84230041503906,127.61699676513672,53.0,medium_airport
WJU,RKNW,Wonju Airport / Hoengseong Air Base (K-38/K-46),Wonju,KR,37.437113,127.960051,329.0,medium_airport
YNY,RKNY,Yangyang International Airport,Gonghang-ro,KR,38.060481,128.669822,241.0,large_airport
CJU,RKPC,Jeju International Airport,Jeju City,KR,33.512058,126.492548,118.0,large_airport
PUS,RKPK,Gimhae International Airport,Busan,KR,35.179501,128.938004,6.0,large_airport
HIN,RKPS,Sacheon Airport / Sacheon Air Base,Sacheon,KR,35.088591,128.071747,25.0,medium_airport
USN,RKPU,Ulsan Airport,Ulsan,KR,35.59349823,129.352005005,45.0,medium_airport
ICN,RKSI,Incheon International Airport,Seoul,KR,37.469101,126.450996,23.0,large_airport
GMP,RKSS,Seoul Gimpo International Airport,Seoul,KR,37.5583,126.791,59.0,large_airport
KPO,RKTH,Pohang Airport (G-815/K-3),Pohang,KR,35.987955,129.420383,70.0,medium_airport
TAE,RKTN,Daegu International Airport,Daegu,KR,35.894394,128.656989,116.0,large_airport
CJJ,RKTU,Cheongju International Airport/Cheongju Air Base (K-59/G-513),Cheongju,KR,36.71556,127.500289,191.0,large_airport
OKA,ROAH,Naha International Airport,Naha,JP,26.192437,127.639804,12.0,large_airport
ISG,ROIG,New Ishigaki Airport,Ishigaki,JP,24.396389,124.245,102.0,medium_airport
UEO,ROKJ,Kumejima Airport,Kumejima,JP,26.363445,126.71384,23.0,medium_airport
MMD,ROMD,Minamidaito Airport,Minamidaito,JP,25.8465,131.263,167.0,medium_airport
MMY,ROMY,Miyako Airport,Miyakojima,JP,24.782801,125.294998,150.0,medium_airport
KTD,RORK,Kitadaito Airport,Kitadaitōjima,JP,25.9447002411,131.32699585,80.0,medium_airport
SHI,RORS,Shimojishima Airport,Miyakojima,JP,24.8267,125.144997,54.0,medium_airport
TRA,RORT,Tarama Airport,Tarama,JP,24.653793,124.675453,36.0,medium_airport
RNJ,RORY,Yoron Airport,Yoron,JP,27.043847,128.401648,52.0,medium_airport
OGN,ROYN,Yonaguni Airport,Yonaguni,JP,24.467298,122.979827,70.0,medium_airport
SFS,RPLB,Subic Bay International Airport / Naval Air Station Cubi Point,Olongapo,PH,14.794833,120.271883,64.0,large_airport
CRK,RPLC,Clark International Airport / Clark Air Base,Mabalacat,PH,15.186,120.559998,484.0,large_airport
LAO,RPLI,Laoag International Airport,Laoag City,PH,18.175089,120.531006,25.0,large_airport
DRP,RPLK,Bicol International Airport,Legazpi,PH,13.111915,123.676829,319.0,large_airport
MNL,RPLL,Ninoy Aquino International Airport,Manila (Pasay),PH,14.5086,121.019997,75.0,large_airport
CBO,RPMC,Cotabato (Awang) Airport,Datu Odin Sinsuat,PH,7.164753,124.209938,189.0,medium_airport
DVO,RPMD,Francisco Bangoy International Airport,Davao,PH,7.12552,125.646004,96.0,large_airport
BXU,RPME,Bancasi Airport,Butuan,PH,8.9515,125.4788,141.0,medium_airport
DPL,RPMG,Dipolog Airport,Dipolog,PH,8.601983,123.341875,12.0,medium_airport
CGM,RPMH,Camiguin Airport,Mambajao,PH,9.253894,124.709115,53.0,medium_airport
JOL,RPMJ,Jolo Airport,Jolo,PH,6.05367,121.011002,118.0,medium_airport
TWT,RPMN,Sanga Sanga Airport,Bongao,PH,5.048196,119.743338,15.0,medium_airport
OZC,RPMO,Labo Airport,Ozamiz,PH,8.17851,123.842003,75.0,medium_airport
PAG,RPMP,Pagadian Airport,Pagadian,PH,7.825632,123.459635,5.0,medium_airport
GES,RPMR,General Santos International Airport,General Santos,PH,6.057208,125.096243,505.0,large_airport
SUG,RPMS,Surigao Airport,Surigao City,PH,9.755838325629998,125.480947495,20.0,medium_airport
CGY,RPMY,Laguindingan International Airport,Laguindingan,PH,8.612203,124.456496,190.0,large_airport
ZAM,RPMZ,Zamboanga International Airport,Zamboanga,PH,6.92242,122.059998,33.0,large_airport
TAG,RPSP,Bohol-Panglao International Airport,Panglao,PH,9.573045,123.770143,42.0,large_airport
SJI,RPUH,San Jose Airport,San Jose,PH,12.361499786399998,121.04699707,14.0,medium_airport
WNP,RPUN,Naga Airport,Naga,PH,13.58489990234375,123.2699966430664,142.0,medium_airport
BSO,RPUO,Basco Airport,Basco,PH,20.4513,121.980003,291.0,medium_airport
TUG,RPUT,Tuguegarao Airport,Tuguegarao City,PH,17.6433676823,121.733150482,70.0,medium_airport
VRC,RPUV,Virac Airport,Virac,PH,13.57639980316162,124.20600128173828,121.0,medium_airport
CYZ,RPUY,Cauayan Airport,Cauayan City,PH,16.9298992157,121.752998352,200.0,medium_airport
TAC,RPVA,Daniel Z. Romualdez Airport,Tacloban City,PH,11.227761,125.027783,10.0,medium_airport
BCD,RPVB,Bacolod-Silay International Airport,Bacolod City,PH,10.776237,123.018879,82.0,large_airport
CYP,RPVC,Calbayog Airport,Calbayog City,PH,12.072574,124.54508,12.0,medium_airport
DGT,RPVD,Sibulan Airport,Dumaguete City,PH,9.334183,123.30191,15.0,medium_airport
MPH,RPVE,Godofredo P. Ramos Airport,Caticlan,PH,11.9245,121.954002,7.0,medium_airport
CRM,RPVF,Catarman National Airport,Catarman,PH,12.50161,124.635258,6.0,medium_airport
ILO,RPVI,Iloilo International Airport,Cabatuan,PH,10.833017,122.493358,27.0,large_airport
MBT,RPVJ,Moises R. Espinosa Airport,Masbate,PH,12.369682,123.630095,49.0,medium_airport
KLO,RPVK,Kalibo International Airport,Kalibo,PH,11.6794,122.375999,14.0,large_airport
CEB,RPVM,Mactan Cebu International Airport,Cebu City/Lapu-Lapu City,PH,10.309261,123.97974,31.0,large_airport
PPS,RPVP,Puerto Princesa International Airport / PAF Antonio Bautista Air Base,Puerto Princesa,PH,9.742044,118.75911,71.0,large_airport
RXS,RPVR,Roxas Airport,Roxas City,PH,11.597700119018556,122.7519989013672,10.0,medium_airport
TBH,RPVU,Tugdan Airport,Tablas Island,PH,12.3109998703,122.084999084,10.0,medium_airport
USU,RPVV,Francisco B. Reyes (Busuanga) Airport,Coron,PH,12.121865,120.100801,148.0,medium_airport
RSI,OERS,Red Sea International Airport,Hanak,SA,25.627975,37.088914,140.0,large_airport
PRA,SAAP,General Urquiza Airport,Parana,AR,-31.7948,-60.4804,242.0,medium_airport
ROS,SAAR,Rosario Islas Malvinas International Airport,Rosario,AR,-32.9036,-60.785,85.0,large_airport
SFN,SAAV,Sauce Viejo Airport,Santa Fe,AR,-31.7117,-60.8117,55.0,medium_airport
AEP,SABE,Aeroparque Jorge Newbery,Buenos Aires,AR,-34.559419,-58.415536,18.0,large_airport
COR,SACO,Ingeniero Aeronáutico Ambrosio L.V. Taravella International Airport,Cordoba,AR,-31.312346,-64.208329,1604.0,large_airport
EZE,SAEZ,Ezeiza International Airport - Ministro Pistarini,Buenos Aires (Ezeiza),AR,-34.8222,-58.5358,67.0,large_airport
MDZ,SAME,Governor Francisco Gabrielli International Airport,Mendoza,AR,-32.831699,-68.7929,2310.0,large_airport
AFA,SAMR,Suboficial Ay Santiago Germano Airport,San Rafael,AR,-34.588299,-68.4039,2470.0,medium_airport
CTC,SANC,Coronel Felipe Varela International Airport,Catamarca,AR,-28.593117,-65.7512,1522.0,medium_airport
SDE,SANE,Vicecomodoro Angel D. La Paz Aragonés Airport,Santiago del Estero,AR,-27.765556335399996,-64.3099975586,656.0,medium_airport
IRJ,SANL,Capitan V A Almonacid Airport,La Rioja,AR,-29.381599,-66.795799,1437.0,medium_airport
RHD,SANR,Termas de Río Hondo international Airport,Termas de Río Hondo,AR,-27.4966,-64.93595,935.0,medium_airport
TUC,SANT,Teniente Benjamín Matienzo International Airport,San Miguel de Tucumán,AR,-26.837397,-65.104195,1493.0,large_airport
UAQ,SANU,Domingo Faustino Sarmiento Airport,San Juan,AR,-31.571501,-68.418198,1958.0,medium_airport
LUQ,SAOU,Brigadier Mayor D Cesar Raul Ojeda Airport,San Luis,AR,-33.273201,-66.3564,2328.0,medium_airport
CNQ,SARC,Corrientes Airport,Corrientes,AR,-27.4455,-58.7619,202.0,medium_airport
RES,SARE,Resistencia International Airport,Resistencia,AR,-27.44991,-59.056125,173.0,large_airport
FMA,SARF,Formosa National Airport,Formosa,AR,-26.2127,-58.2281,193.0,medium_airport
IGR,SARI,Cataratas Del Iguazú International Airport,Puerto Iguazu,AR,-25.737301,-54.4734,916.0,medium_airport
PSS,SARP,Libertador Gral D Jose De San Martin Airport,Posadas,AR,-27.3858,-55.9707,430.0,medium_airport
SLA,SASA,Martín Miguel de Güemes International Airport,Salta,AR,-24.856001,-65.486198,4088.0,large_airport
JUJ,SASJ,Gobernador Horacio Guzman International Airport,San Salvador de Jujuy,AR,-24.392799,-65.097801,3019.0,large_airport
CRD,SAVC,General Enrique Mosconi International Airport,Comodoro Rivadavia,AR,-45.786941,-67.463355,189.0,large_airport
EQS,SAVE,Esquel Brigadier Antonio Parodi International Airport,Esquel,AR,-42.908001,-71.139503,2621.0,medium_airport
LHS,SAVH,Las Heras Airport,Las Heras,AR,-46.538517,-68.965323,1082.0,medium_airport
REL,SAVT,Almirante Marco Andres Zar Airport,Rawson,AR,-43.2105,-65.2703,141.0,medium_airport
VDM,SAVV,Gobernador Castello Airport,Viedma / Carmen de Patagones,AR,-40.8692,-63.0004,20.0,medium_airport
PMY,SAVY,El Tehuelche Airport,Puerto Madryn,AR,-42.7592,-65.1027,427.0,medium_airport
FTE,SAWC,El Calafate - Commander Armando Tola International Airport,El Calafate,AR,-50.280267,-72.053401,669.0,medium_airport
PUD,SAWD,Puerto Deseado Airport,Puerto Deseado,AR,-47.7353,-65.9041,268.0,medium_airport
RGA,SAWE,Gobernador Ramón Trejo Noel International Airport,Rio Grande,AR,-53.7777,-67.7494,65.0,medium_airport
RGL,SAWG,Piloto Civil Norberto Fernández International Airport,Rio Gallegos,AR,-51.608791,-69.308948,61.0,large_airport
USH,SAWH,Ushuaia - Malvinas Argentinas International Airport,Ushuaia,AR,-54.8433,-68.2958,102.0,medium_airport
PMQ,SAWP,Perito Moreno Jalil Hamer Airport,Perito Moreno,AR,-46.537899,-70.978699,1410.0,medium_airport
BHI,SAZB,Comandante Espora Airport,Bahía Blanca,AR,-38.725,-62.1693,246.0,medium_airport
SST,SAZL,Santa Teresita Airport,Santa Teresita,AR,-36.5423,-56.7218,9.0,medium_airport
MDQ,SAZM,Ástor Piazzola International Airport,Mar del Plata,AR,-37.9342,-57.5733,72.0,medium_airport
NQN,SAZN,Presidente Perón International Airport,Neuquén,AR,-38.949001,-68.155701,895.0,large_airport
NEC,SAZO,Necochea Airport,Necochea,AR,-38.490746,-58.816337,72.0,medium_airport
RSA,SAZR,Santa Rosa Airport,Santa Rosa,AR,-36.588299,-64.275703,630.0,medium_airport
BRC,SAZS,Teniente Luis Candelaria International Airport,San Carlos de Bariloche,AR,-41.151199,-71.157501,2774.0,large_airport
CPC,SAZY,Aviador C. Campos Airport,Chapelco/San Martin de los Andes,AR,-40.075401,-71.137299,2569.0,medium_airport
JTC,SBAE,Bauru/Arealva–Moussa Nakhal Tobias State Airport,Bauru,BR,-22.160755,-49.070325,1962.0,medium_airport
AQA,SBAQ,Araraquara Airport,Araraquara,BR,-21.812,-48.132999,2334.0,medium_airport
AJU,SBAR,Aracaju - Santa Maria Airport,Aracaju,BR,-10.98394,-37.072873,23.0,medium_airport
AFL,SBAT,Piloto Osvaldo Marques Dias Airport,Alta Floresta,BR,-9.866389,-56.106298,948.0,medium_airport
ARU,SBAU,Araçatuba Airport,Araçatuba,BR,-21.141479,-50.424575,1358.0,medium_airport
AAX,SBAX,Romeu Zema Airport,Araxá,BR,-19.5632,-46.9604,3276.0,medium_airport
BEL,SBBE,Val de Cans/Júlio Cezar Ribeiro International Airport,Belém,BR,-1.379279,-48.476207,54.0,large_airport
BSB,SBBR,Presidente Juscelino Kubitschek International Airport,Brasília,BR,-15.869167,-47.920834,3497.0,large_airport
BVB,SBBV,Atlas Brasil Cantanhede International Airport,Boa Vista,BR,2.84615,-60.690648,276.0,large_airport
CAC,SBCA,Coronel Adalberto Mendes da Silva Airport,Cascavel,BR,-25.000323,-53.501208,2481.0,medium_airport
CNF,SBCF,Tancredo Neves International Airport,Belo Horizonte,BR,-19.63571,-43.966928,2721.0,large_airport
CGR,SBCG,Campo Grande Airport,Campo Grande,BR,-20.469998,-54.673988,1833.0,medium_airport
XAP,SBCH,Serafin Enoss Bertaso Airport,Chapecó,BR,-27.134199,-52.656601,2154.0,medium_airport
CKS,SBCJ,Carajás Airport,Parauapebas,BR,-6.117841,-50.003372,2064.0,medium_airport
CAW,SBCP,Bartolomeu Lisandro Airport,Campos dos Goytacazes,BR,-21.698299,-41.301701,59.0,medium_airport
CMG,SBCR,Corumbá International Airport,Corumbá,BR,-19.01193,-57.672772,463.0,medium_airport
CWB,SBCT,Curitiba-Afonso Pena International Airport,Curitiba,BR,-25.5285,-49.1758,2988.0,large_airport
CXJ,SBCX,Hugo Cantergiani Regional Airport,Caxias Do Sul,BR,-29.197183,-51.187647,2472.0,medium_airport
CGB,SBCY,Várzea Grande–Marechal Rondon International Airport,Cuiabá,BR,-15.6529,-56.116699,617.0,large_airport
CZS,SBCZ,Cruzeiro do Sul Airport,Cruzeiro Do Sul,BR,-7.59991,-72.769501,637.0,medium_airport
PPB,SBDN,Presidente Prudente Airport,Presidente Prudente,BR,-22.1751,-51.424599,1477.0,medium_airport
MAO,SBEG,Eduardo Gomes International Airport,Manaus,BR,-3.03861,-60.049702,264.0,large_airport
IGU,SBFI,Cataratas International Airport,Foz do Iguaçu,BR,-25.594167,-54.489444,786.0,large_airport
FLN,SBFL,Hercílio Luz International Airport,Florianópolis,BR,-27.670279,-48.552502,16.0,large_airport
FEN,SBFN,Fernando de Noronha Airport,Fernando de Noronha,BR,-3.854534,-32.423017,193.0,medium_airport
FOR,SBFZ,Pinto Martins International Airport,Fortaleza,BR,-3.775833,-38.532222,83.0,large_airport
GIG,SBGL,Rio Galeão – Tom Jobim International Airport,Rio De Janeiro,BR,-22.809999,-43.250557,28.0,large_airport
GYN,SBGO,Santa Genoveva International Airport,Goiânia,BR,-16.632,-49.220699,2450.0,large_airport
GRU,SBGR,São Paulo/Guarulhos–Governor André Franco Montoro International Airport,São Paulo,BR,-23.431274,-46.469954,2461.0,large_airport
GVR,SBGV,Coronel Altino Machado Airport,Governador Valadares,BR,-18.895882,-41.982869,561.0,medium_airport
ATM,SBHT,Altamira Interstate Airport,Altamira,BR,-3.253144,-52.253938,368.0,medium_airport
ITB,SBIH,Itaituba Airport,Itaituba,BR,-4.242131,-56.000651,110.0,medium_airport
IOS,SBIL,Bahia - Jorge Amado Airport,Ilhéus,BR,-14.815929,-39.033458,15.0,medium_airport
IPN,SBIP,Usiminas Airport,Ipatinga,BR,-19.470699,-42.487598,786.0,medium_airport
IMP,SBIZ,Prefeito Renato Moreira Airport,Imperatriz,BR,-5.53129,-47.459999,430.0,medium_airport
JJD,SBJE,Comandante Ariston Pessoa Airport,Cruz,BR,-2.906425,-40.357338,89.0,medium_airport
JDF,SBJF,Francisco de Assis Airport,Juiz de Fora,BR,-21.791482,-43.386072,2989.0,medium_airport
JPA,SBJP,Presidente Castro Pinto International Airport,João Pessoa,BR,-7.148691,-34.950554,217.0,large_airport
RRJ,SBJR,Jacarepaguá - Roberto Marinho Airport,Rio de Janeiro,BR,-22.986773,-43.372194,10.0,medium_airport
JOI,SBJV,Lauro Carneiro de Loyola Airport,Joinville,BR,-26.224501,-48.797401,15.0,medium_airport
CPV,SBKG,Presidente João Suassuna Airport,Campina Grande,BR,-7.269662,-35.896057,1646.0,medium_airport
VCP,SBKP,Viracopos International Airport,Campinas,BR,-23.007404,-47.134502,2170.0,large_airport
LAJ,SBLJ,Lages Airport,Lages,BR,-27.782101,-50.281502,3065.0,medium_airport
LDB,SBLO,Governor José Richa Airport,Londrina,BR,-23.334375,-51.128365,1867.0,medium_airport
MAB,SBMA,João Correa da Rocha Airport,Marabá,BR,-5.36859,-49.138,357.0,medium_airport
MGF,SBMG,Regional de Maringá - Sílvio Name Júnior Airport,Maringá,BR,-23.47606,-52.016187,1801.0,medium_airport
MOC,SBMK,Mário Ribeiro Airport,Montes Claros,BR,-16.706919,-43.818901,2191.0,medium_airport
MII,SBML,Frank Miloye Milenkowichi–Marília State Airport,Marília,BR,-22.196899,-49.926485,2134.0,medium_airport
MCZ,SBMO,Zumbi dos Palmares International Airport,Maceió,BR,-9.512559,-35.791839,387.0,large_airport
MCP,SBMQ,Macapá - Alberto Alcolumbre International Airport,Macapá,BR,0.050664,-51.072201,56.0,medium_airport
MVF,SBMS,Dix-Sept Rosado Airport,Mossoró,BR,-5.20192,-37.3643,76.0,medium_airport
MNX,SBMY,Manicoré Airport,Manicoré,BR,-5.81138,-61.278301,174.0,medium_airport
NVT,SBNF,Ministro Victor Konder International Airport,Navegantes,BR,-26.879431,-48.650979,18.0,large_airport
GEL,SBNM,Santo Ângelo Airport,Santo Ângelo,BR,-28.282503,-54.169623,1056.0,medium_airport
POA,SBPA,Porto Alegre-Salgado Filho International Airport,Porto Alegre,BR,-29.993984,-51.167482,11.0,large_airport
PHB,SBPB,Parnaíba - Prefeito Doutor João Silva Filho International Airport,Parnaíba,BR,-2.89375,-41.731998,23.0,medium_airport
PFB,SBPF,Lauro Kurtz Airport,Passo Fundo,BR,-28.243976,-52.32777,2380.0,medium_airport
PGZ,SBPG,Ponta Grossa Airport - Comandante Antonio Amilton Beraldo,Ponta Grossa,BR,-25.184476,-50.143822,2588.0,medium_airport
PMW,SBPJ,Brigadeiro Lysias Rodrigues Airport,Palmas,BR,-10.2915,-48.356998,774.0,medium_airport
PET,SBPK,João Simões Lopes Neto International Airport,Pelotas,BR,-31.717189,-52.327796,59.0,medium_airport
PNZ,SBPL,Senador Nilo Coelho Airport,Petrolina,BR,-9.362422,-40.569098,1263.0,medium_airport
PMG,SBPP,Ponta Porã Airport,Ponta Porã,BR,-22.549601,-55.702599,2156.0,medium_airport
BPS,SBPS,Porto Seguro International Airport,Porto Seguro,BR,-16.438426,-39.080584,169.0,large_airport
PVH,SBPV,Governador Jorge Teixeira de Oliveira International Airport,Porto Velho,BR,-8.708491,-63.902338,295.0,large_airport
RBR,SBRB,Rio Branco-Plácido de Castro International Airport,Rio Branco,BR,-9.869031,-67.893984,633.0,large_airport
ROO,SBRD,Maestro Marinho Franco Airport,Rondonópolis,BR,-16.584292,-54.724803,1467.0,medium_airport
REC,SBRF,Recife/Guararapes - Gilberto Freyre International Airport,Recife,BR,-8.12747,-34.922961,33.0,large_airport
SDU,SBRJ,Santos Dumont Airport,Rio de Janeiro,BR,-22.910397,-43.16282,11.0,large_airport
RAO,SBRP,Leite Lopes Airport,Ribeirão Preto,BR,-21.134314,-47.774053,1805.0,medium_airport
NAT,SBSG,Rio Grande do Norte/São Gonçalo do Amarante–Governador Aluízio Alves International Airport,Natal,BR,-5.769822,-35.36661,273.0,large_airport
SJK,SBSJ,Professor Urbano Ernesto Stumpf Airport,São José Dos Campos,BR,-23.2292,-45.8615,2120.0,medium_airport
SLZ,SBSL,Marechal Cunha Machado International Airport,São Luís,BR,-2.586386,-44.235008,178.0,large_airport
RIA,SBSM,Santa Maria Airport,Santa Maria,BR,-29.711399,-53.688202,287.0,medium_airport
STM,SBSN,Santarém - Maestro Wilson Fonseca International Airport,Santarém,BR,-2.422423,-54.79306,198.0,medium_airport
CGH,SBSP,Congonhas–Deputado Freitas Nobre Airport,São Paulo,BR,-23.627657,-46.654601,2631.0,large_airport
SJP,SBSR,Prof. Eribelto Manoel Reino State Airport,São José do Rio Preto,BR,-20.817113,-49.406963,1784.0,medium_airport
SSA,SBSV,Deputado Luiz Eduardo Magalhães International Airport,Salvador,BR,-12.908611,-38.322498,64.0,large_airport
TMT,SBTB,Trombetas Airport,Oriximiná,BR,-1.4896,-56.396801,167.0,medium_airport
THE,SBTE,Senador Petrônio Portela Airport,Teresina,BR,-5.06025,-42.823712,219.0,medium_airport
TFF,SBTF,Tefé Airport,Tefé,BR,-3.38294,-64.724098,186.0,medium_airport
TBT,SBTT,Tabatinga International Airport,Tabatinga,BR,-4.25567,-69.935799,263.0,medium_airport
TUR,SBTU,Tucuruí Airport,Tucuruí,BR,-3.78601,-49.720299,830.0,medium_airport
SJL,SBUA,São Gabriel da Cachoeira Airport,São Gabriel da Cachoeira,BR,-0.14835,-66.9855,249.0,medium_airport
PAV,SBUF,Paulo Afonso Airport,Paulo Afonso,BR,-9.40088,-38.250599,883.0,medium_airport
URG,SBUG,Rubem Berta Airport,Uruguaiana,BR,-29.7822,-57.0382,256.0,medium_airport
UDI,SBUL,Ten. Cel. Aviador César Bombonato Airport,Uberlândia,BR,-18.883579,-48.225936,3094.0,medium_airport
UBA,SBUR,Mário de Almeida Franco Airport,Uberaba,BR,-19.765036,-47.964805,2655.0,medium_airport
BVH,SBVH,Brigadeiro Camarão Airport,Vilhena,BR,-12.6944,-60.098301,2018.0,medium_airport
VIX,SBVT,Eurico de Aguiar Salles International Airport,Vitória,BR,-20.258,-40.285,34.0,large_airport
IZA,SBZM,Presidente Itamar Franco Airport,Juiz de Fora,BR,-21.513086,-43.173069,1348.0,medium_airport
ARI,SCAR,Chacalluta International Airport,Arica,CL,-18.348499,-70.338699,167.0,medium_airport
CPO,SCAT,Desierto de Atacama Airport,Copiapo,CL,-27.2612,-70.779198,670.0,medium_airport
BBA,SCBA,Balmaceda Airport,Balmaceda,CL,-45.915968,-71.689499,1722.0,medium_airport
CJC,SCCF,El Loa Airport,Calama,CL,-22.498199,-68.903603,7543.0,medium_airport
PUQ,SCCI,President Carlos Ibáñez International Airport,Punta Arenas,CL,-53.002602,-70.854599,139.0,large_airport
IQQ,SCDA,Diego Aracena International Airport,Iquique,CL,-20.536273,-70.181373,155.0,large_airport
SCL,SCEL,Comodoro Arturo Merino Benítez International Airport,Santiago,CL,-33.393001556396484,-70.78579711914062,1555.0,large_airport
ESR,SCES,Ricardo García Posada Airport,El Salvador,CL,-26.3111,-69.765198,5240.0,medium_airport
ANF,SCFA,Andrés Sabella Gálvez International Airport,Antofagasta,CL,-23.445274,-70.445232,455.0,large_airport
CCP,SCIE,Carriel Sur International Airport,Concepcion,CL,-36.77235,-73.062828,26.0,large_airport
IPC,SCIP,Mataveri International Airport,Isla De Pascua,CL,-27.165411,-109.421027,227.0,large_airport
ZOS,SCJO,Cañal Bajo Carlos Hott Siebert Airport,Osorno,CL,-40.611198,-73.060997,187.0,medium_airport
PNT,SCNT,Lieutenant Julio Gallardo Airport,Puerto Natales,CL,-51.67067,-72.529078,217.0,medium_airport
ZCO,SCQP,La Araucanía International Airport,Temuco,CL,-38.9259,-72.6515,333.0,large_airport
LSC,SCSE,La Florida Airport,La Serena-Coquimbo,CL,-29.916201,-71.199501,481.0,medium_airport
PMC,SCTE,El Tepual International Airport,Puerto Montt,CL,-41.443093,-73.094065,294.0,large_airport
ZAL,SCVD,Pichoy Airport,Valdivia,CL,-39.6500015259,-73.0860977173,59.0,medium_airport
OCC,SECO,Francisco De Orellana Airport,Coca,EC,-0.462886,-76.986801,834.0,medium_airport
CUE,SECU,Mariscal Lamar Airport,Cuenca,EC,-2.88947,-78.984398,8306.0,medium_airport
GPS,SEGS,Seymour Galapagos Ecological Airport,Isla Baltra,EC,-0.453758,-90.2659,207.0,medium_airport
GYE,SEGU,José Joaquín de Olmedo International Airport,Guayaquil,EC,-2.15742,-79.883598,19.0,large_airport
LTX,SELT,Cotopaxi International Airport,Latacunga,EC,-0.906833,-78.615799,9205.0,medium_airport
XMS,SEMC,Coronel E Carvajal Airport,Macas,EC,-2.2991700172424316,-78.12079620361328,3452.0,medium_airport
MEC,SEMT,Eloy Alfaro International Airport,Manta,EC,-0.9460780024528505,-80.67880249023438,48.0,medium_airport
UIO,SEQM,Mariscal Sucre International Airport,Quito,EC,-0.125399,-78.354306,7841.0,large_airport
ETR,SERO,Santa Rosa - Artillery Colonel Victor Larrea International Airport,Santa Rosa,EC,-3.441986,-79.996957,20.0,medium_airport
SNC,SESA,General Ulpiano Paez International Airport,Salinas/La Libertad,EC,-2.210057,-80.985067,18.0,large_airport
ESM,SETN,Carlos Concha Torres International Airport,Tachina,EC,0.978519,-79.626602,32.0,large_airport
TUA,SETU,Lieutenant Colonel Luis A. Mantilla International Airport,Tulcán,EC,0.809506,-77.708099,9649.0,medium_airport
ASU,SGAS,Silvio Pettirossi International Airport,Asunción,PY,-25.240156,-57.519227,292.0,large_airport
ENO,SGEN,Teniente Ramon A. Ayub Gonzalez International Airport,Encarnación,PY,-27.227537,-55.837584,659.0,large_airport
AGT,SGES,Guaraní International Airport,Ciudad del Este,PY,-25.457186,-54.839544,846.0,large_airport
AXM,SKAR,El Eden Airport,Armenia,CO,4.45278,-75.7664,3990.0,medium_airport
PUU,SKAS,Tres De Mayo Airport,Puerto Asís,CO,0.505228,-76.5008,815.0,medium_airport
BGA,SKBG,Palonegro Airport,Bucaramanga,CO,7.1265,-73.1848,3897.0,medium_airport
BOG,SKBO,El Dorado International Airport,Bogota,CO,4.70159,-74.1469,8361.0,large_airport
BAQ,SKBQ,Ernesto Cortissoz International Airport,Barranquilla,CO,10.8896,-74.7808,98.0,large_airport
BSC,SKBS,José Celestino Mutis Airport,Bahía Solano,CO,6.20292,-77.3947,80.0,medium_airport
BUN,SKBU,Gerardo Tobar López Airport,Buenaventura,CO,3.81963,-76.9898,48.0,medium_airport
CUC,SKCC,Camilo Daza International Airport,Cúcuta,CO,7.92757,-72.5115,1096.0,medium_airport
CTG,SKCG,Rafael Nuñez International Airport,Cartagena,CO,10.4424,-75.513,4.0,large_airport
CLO,SKCL,Alfonso Bonilla Aragon International Airport,Cali,CO,3.542717,-76.381898,3162.0,large_airport
TCO,SKCO,La Florida Airport,Tumaco,CO,1.81442,-78.7492,8.0,medium_airport
CZU,SKCZ,Las Brujas Airport,Corozal,CO,9.33274,-75.2856,528.0,medium_airport
EJA,SKEJ,Yariguíes Airport,Barrancabermeja,CO,7.02433,-73.8068,412.0,medium_airport
FLA,SKFL,Gustavo Artunduaga Paredes Airport,Florencia,CO,1.58919,-75.5644,803.0,medium_airport
GPI,SKGP,Guapi Airport,Guapi,CO,2.57013,-77.897969,164.0,medium_airport
IBE,SKIB,Perales Airport,Ibagué,CO,4.42161,-75.1333,2999.0,medium_airport
IPI,SKIP,San Luis Airport,Ipiales,CO,0.861946,-77.671783,9765.0,medium_airport
APO,SKLC,Antonio Roldán Betancur Airport,Carepa,CO,7.81196,-76.7164,46.0,medium_airport
LET,SKLT,Alfredo Vásquez Cobo International Airport,Leticia,CO,-4.191147,-69.942003,277.0,medium_airport
EOH,SKMD,Enrique Olaya Herrera Airport,Medellín,CO,6.219686,-75.590597,4949.0,medium_airport
MTR,SKMR,Los Garzones Airport,Montería,CO,8.82374,-75.8258,41.0,medium_airport
MVP,SKMU,Fabio Alberto Leon Bentley Airport,Mitú,CO,1.25366,-70.2339,680.0,medium_airport
MZL,SKMZ,La Nubia Airport,Manizales,CO,5.0296,-75.4647,6871.0,medium_airport
NVA,SKNV,Benito Salas Airport,Neiva,CO,2.95015,-75.294,1464.0,medium_airport
PCR,SKPC,German Olano Airport,Puerto Carreño,CO,6.18472,-67.4932,177.0,medium_airport
PDA,SKPD,Obando Cesar Gaviria Trujillo Airport,Puerto Inírida,CO,3.85353,-67.9062,460.0,medium_airport
PEI,SKPE,Matecaña International Airport,Pereira,CO,4.81267,-75.7395,4416.0,medium_airport
PPN,SKPP,Guillermo León Valencia Airport,Popayán,CO,2.454359,-76.609253,5687.0,medium_airport
PSO,SKPS,Antonio Nariño Airport,Chachagüí,CO,1.396722,-77.29093,5951.0,medium_airport
PVA,SKPV,El Embrujo Airport,Providencia,CO,13.357461,-81.357977,10.0,medium_airport
MDE,SKRG,Jose Maria Córdova International Airport,Medellín,CO,6.16454,-75.4231,6955.0,large_airport
RCH,SKRH,Almirante Padilla Airport,Riohacha,CO,11.5262,-72.926,43.0,medium_airport
SJE,SKSJ,Jorge E. Gonzalez Torres Airport,San José Del Guaviare,CO,2.57969,-72.6394,605.0,medium_airport
SMR,SKSM,Simón Bolívar International Airport,Santa Marta,CO,11.1196,-74.2306,22.0,medium_airport
ADZ,SKSP,Gustavo Rojas Pinilla International Airport,San Andrés,CO,12.5836,-81.7112,19.0,large_airport
SVI,SKSV,Eduardo Falla Solano Airport,San Vicente Del Caguán,CO,2.15217,-74.7663,920.0,medium_airport
TME,SKTM,Gustavo Vargas Airport,Tame,CO,6.45108,-71.7603,1050.0,medium_airport
AUC,SKUC,Santiago Perez Airport,Arauca,CO,7.06888,-70.7369,420.0,medium_airport
UIB,SKUI,El Caraño Airport,Quibdó,CO,5.69076,-76.6412,204.0,medium_airport
VUP,SKVP,Alfonso López Pumarejo Airport,Valledupar,CO,10.435,-73.2495,483.0,medium_airport
VVC,SKVV,Vanguardia Airport,Villavicencio,CO,4.16787,-73.6138,1394.0,medium_airport
EYP,SKYP,El Alcaravan - Yopal Airport,Yopal,CO,5.31911,-72.384,1028.0,medium_airport
SRE,SLAL,Alcantarí International Airport,Sucre,BO,-19.246835,-65.149611,10184.0,large_airport
CBB,SLCB,Jorge Wilsterman International Airport,Cochabamba,BO,-17.421105,-66.177102,8360.0,large_airport
CIJ,SLCO,Capitán Aníbal Arab Airport,Cobija,BO,-11.039109,-68.782774,889.0,medium_airport
SRZ,SLET,El Trompillo Airport,Santa Cruz,BO,-17.8115997314,-63.1715011597,1371.0,medium_airport
GYA,SLGM,Guayaramerín Airport,Guayaramerín,BO,-10.88856,-65.380955,456.0,medium_airport
LPB,SLLP,El Alto International Airport,La Paz / El Alto,BO,-16.510272,-68.189416,13355.0,large_airport
ORU,SLOR,Juan Mendoza International Airport,Oruro,BO,-17.956151,-67.075829,12152.0,large_airport
PSZ,SLPS,Capitán Av. Salvador Ogaya G. airport,Puerto Suárez,BO,-18.975301,-57.820599,440.0,medium_airport
RIB,SLRI,Capitán Av. Selin Zeitun Lopez Airport,Riberalta,BO,-11.009355,-66.075468,462.0,medium_airport
TJA,SLTJ,Capitan Oriel Lea Plaza Airport,Tarija,BO,-21.5557,-64.701302,6079.0,medium_airport
TDD,SLTR,Teniente Av. Jorge Henrich Arauz Airport,Trinidad,BO,-14.8187,-64.917999,509.0,medium_airport
UYU,SLUY,Joya Andina International Airport,Quijarro,BO,-20.441304,-66.857553,11136.0,large_airport
VVI,SLVR,Viru Viru International Airport,Santa Cruz,BO,-17.6448,-63.135399,1224.0,large_airport
PBM,SMJP,Johan Adolf Pengel International Airport,Paramaribo,SR,5.45283,-55.187801,59.0,large_airport
CAY,SOCA,Cayenne – Félix Eboué Airport,Matoury,GF,4.819964,-52.361326,26.0,large_airport
MPY,SOOA,Maripasoula Airport,Maripasoula,GF,3.655907,-54.039431,406.0,medium_airport
LDX,SOOM,Saint-Laurent-du-Maroni Airport,Saint-Laurent-du-Maroni,GF,5.481891,-54.034964,16.0,medium_airport
PCL,SPCL,Cap FAP David Abenzur Rengifo International Airport,Pucallpa,PE,-8.378064,-74.574495,513.0,large_airport
CHM,SPEO,FAP Lieutenant Jaime Andres de Montreuil Morales Airport,Chimbote,PE,-9.14961,-78.523804,69.0,medium_airport
CIX,SPHI,Capitán FAP José A. Quiñones González International Airport,Chiclayo,PE,-6.789223,-79.828254,97.0,large_airport
AYP,SPHO,Air Force Colonel Alfredo Mendivil Duarte Airport,Ayacucho,PE,-13.1548,-74.204399,8917.0,medium_airport
LIM,SPJC,Jorge Chávez International Airport,Lima,PE,-12.0219,-77.114305,113.0,large_airport
JAE,SPJE,Shumba Airport,Jaén,PE,-5.59248,-78.774002,2477.0,medium_airport
JAU,SPJJ,Francisco Carle Airport,Jauja,PE,-11.7831001282,-75.47339630130001,11034.0,medium_airport
JUL,SPJL,Inca Manco Capac International Airport,Juliaca,PE,-15.467689,-70.15653,12552.0,large_airport
CJA,SPJR,Mayor General FAP Armando Revoredo Iglesias Airport,Cajamarca,PE,-7.13918,-78.489403,8781.0,medium_airport
ILQ,SPLO,General Jorge Fernandez Maldon Airport,Ilo,PE,-17.695,-71.344002,72.0,medium_airport
TBP,SPME,Captain Pedro Canga Rodríguez International Airport,Tumbes,PE,-3.552074,-80.381086,115.0,medium_airport
YMS,SPMS,Moises Benzaquen Rengifo Airport,Yurimaguas,PE,-5.89377,-76.118202,587.0,medium_airport
HUU,SPNC,Alferez Fap David Figueroa Fernandini Airport,Huánuco,PE,-9.878809928894045,-76.20480346679688,6070.0,medium_airport
CHH,SPPY,Chachapoyas Airport,Chachapoyas,PE,-6.201911,-77.856195,8333.0,medium_airport
IQT,SPQT,Coronel FAP Francisco Secada Vignetta International Airport,Iquitos,PE,-3.78474,-73.3088,306.0,large_airport
AQP,SPQU,Rodríguez Ballón International Airport,Arequipa,PE,-16.340786,-71.569485,8405.0,large_airport
TRU,SPRU,Capitán FAP Carlos Martínez de Pinillos International Airport,Trujillo,PE,-8.082382,-79.108821,106.0,large_airport
TPP,SPST,Cadete FAP Guillermo Del Castillo Paredes Airport,Tarapoto,PE,-6.508739948272705,-76.37319946289062,869.0,medium_airport
TCQ,SPTN,Coronel FAP Carlos Ciriani Santa Rosa International Airport,Tacna,PE,-18.0533008575,-70.2758026123,1538.0,medium_airport
PEM,SPTU,Padre Aldamiz International Airport,Puerto Maldonado,PE,-12.6135997772,-69.2285995483,659.0,medium_airport
PIU,SPUR,PAF Captain Guillermo Concha Iberico International Airport,Piura,PE,-5.20575,-80.616402,120.0,medium_airport
TYL,SPYL,Captain Victor Montes Arias International Airport,Talara,PE,-4.57664,-81.254097,282.0,medium_airport
NZC,SPZA,Maria Reiche Neuman Airport,Nazca,PE,-14.854,-74.961502,1860.0,medium_airport
CUZ,SPZO,Alejandro Velasco Astete International Airport,Cusco,PE,-13.535699844400002,-71.9387969971,10860.0,large_airport
PDP,SULS,Capitan Corbeta CA Curbelo International Airport,Punta del Este,UY,-34.855099,-55.094299,95.0,medium_airport
MVD,SUMU,Carrasco General Cesáreo L. Berisso International Airport,Ciudad de la Costa,UY,-34.835647,-56.026497,105.0,large_airport
RVY,SURV,Pres. Gral. Óscar D. Gestido Binational Airport,Rivera/Santana do Livramento,UY,-30.9746,-55.4762,712.0,medium_airport
BLA,SVBC,General José Antonio Anzoategui International Airport,Barcelona,VE,10.111111,-64.692222,30.0,large_airport
BNS,SVBI,Barinas Airport,Barinas,VE,8.615,-70.214167,615.0,medium_airport
BRM,SVBM,Jacinto Lara International Airport,Barquisimeto,VE,10.042747,-69.35862,2042.0,large_airport
CAJ,SVCN,Canaima Airport,Canaima,VE,6.231989,-62.85485,1450.0,medium_airport
CUP,SVCP,General Francisco Bermúdez Airport,Carúpano,VE,10.660014,-63.261681,33.0,medium_airport
CZE,SVCR,José Leonardo Chirinos Airport,Coro,VE,11.414944,-69.680901,52.0,medium_airport
CUM,SVCU,Antonio José de Sucre Airport,Cumaná,VE,10.450333,-64.13047,14.0,medium_airport
LSP,SVJC,Josefa Camejo International Airport,Paraguaná,VE,11.780775,-70.151497,75.0,medium_airport
MAR,SVMC,La Chinita International Airport,Maracaibo,VE,10.557542,-71.729307,239.0,large_airport
PMV,SVMG,Del Caribe Santiago Mariño International Airport,Isla Margarita,VE,10.912603,-63.966599,74.0,large_airport
CCS,SVMI,Maiquetía Simón Bolívar International Airport,Maiquetía,VE,10.602214,-66.991174,234.0,large_airport
MUN,SVMT,José Tadeo Monagas International Airport,Maturín,VE,9.749023,-63.153348,224.0,medium_airport
PZO,SVPR,General Manuel Carlos Piar International Airport,Guyana City,VE,8.28853,-62.760399,472.0,large_airport
SVZ,SVSA,Juan Vicente Gómez International Airport,San Antonio del Tachira,VE,7.840809,-72.439878,1312.0,medium_airport
SNV,SVSE,Santa Elena de Uairén Airport,Santa Elena de Uairén,VE,4.554699,-61.145234,2938.0,medium_airport
STD,SVSO,Mayor Buenaventura Vivas International Airport,Santo Domingo,VE,7.56538,-72.035103,1083.0,medium_airport
SOM,SVST,San Tomé Airport,El Tigre,VE,8.9451465606689,-64.151084899902,861.0,medium_airport
VLN,SVVA,Arturo Michelena International Airport,Valencia,VE,10.149733,-67.928398,1411.0,large_airport
VIG,SVVG,Juan Pablo Pérez Alfonso Airport,El Vigía,VE,8.624139,-71.672668,250.0,medium_airport
VLV,SVVL,Dr. Antonio Nicolás Briceño Airport,Valera,VE,9.340478,-70.584061,2060.0,medium_airport
AUX,SWGN,Araguaína Airport,Araguaína,BR,-7.22787,-48.240501,771.0,medium_airport
GEO,SYCJ,Cheddi Jagan International Airport,Georgetown,GY,6.49855,-58.254101,95.0,large_airport
OGL,SYEC,Eugene F. Correia International Airport,Ogle,GY,6.805881,-58.107657,10.0,medium_airport
KAI,SYKA,Kaieteur Airport,Kaieteur Falls,GY,5.177349,-59.48898,1520.0,medium_airport
LTM,SYLT,Lethem Airport,Lethem,GY,3.37276,-59.789398,351.0,medium_airport
ANU,TAPA,V. C. Bird International Airport,Osbourn,AG,17.1367,-61.792702,62.0,large_airport
BGI,TBPB,Grantley Adams International Airport,Bridgetown,BB,13.074667,-59.491034,169.0,large_airport
DCF,TDCF,Canefield Airport,Canefield,DM,15.336693,-61.392108,13.0,medium_airport
DOM,TDPD,Douglas-Charles Airport,Marigot,DM,15.546673,-61.301082,73.0,medium_airport
FDF,TFFF,Martinique Aimé Césaire International Airport,Fort-de-France,MQ,14.591,-61.003201,16.0,large_airport
SFG,TFFG,Grand Case-l'Espérance Airport,Grand Case,MF,18.100057,-63.047444,7.0,medium_airport
SBH,TFFJ,St. Jean Airport,Gustavia,BL,17.904398,-62.843333,49.0,medium_airport
GBJ,TFFM,Marie-Galante Airport,Grand-Bourg,GP,15.868925,-61.270087,16.0,medium_airport
PTP,TFFR,Maryse Condé International Airport,Pointe-à-Pitre,GP,16.265443,-61.532754,36.0,large_airport
GND,TGPY,Maurice Bishop International Airport,Saint George's,GD,12.003996,-61.785302,41.0,large_airport
STT,TIST,Cyril E. King Airport,Charlotte Amalie,VI,18.337091,-64.977251,23.0,large_airport
STX,TISX,Henry E. Rohlsen Airport,Christiansted,VI,17.701413,-64.802608,74.0,medium_airport
BQN,TJBQ,Rafael Hernández International Airport,Aguadilla,PR,18.4949,-67.129402,237.0,medium_airport
CPX,TJCP,Benjamin Rivera Noriega Airport,Culebra,PR,18.312954,-65.303893,49.0,medium_airport
SIG,TJIG,Fernando Luis Ribas Dominicci Airport,San Juan,PR,18.45680046081543,-66.09809875488281,10.0,medium_airport
MAZ,TJMZ,Eugenio Maria De Hostos Airport,Mayaguez,PR,18.255699157714844,-67.14849853515625,28.0,medium_airport
PSE,TJPS,Mercedita International Airport,Ponce,PR,18.008301,-66.563004,29.0,medium_airport
NRR,TJRV,José Aponte de la Torre Airport,Ceiba,PR,18.247262,-65.63979,38.0,medium_airport
SJU,TJSJ,Luis Munoz Marin International Airport,San Juan,PR,18.4394,-66.001801,9.0,large_airport
VQS,TJVQ,Antonio Rivera Rodriguez Airport,Vieques,PR,18.1348,-65.493599,49.0,medium_airport
SKB,TKPK,Robert L. Bradshaw International Airport,Basseterre,KN,17.310845,-62.719117,170.0,large_airport
NEV,TKPN,Vance W. Amory International Airport,Charlestown,KN,17.2057,-62.589901,14.0,medium_airport
SLU,TLPC,George F. L. Charles Airport,Castries,LC,14.0202,-60.992901,22.0,medium_airport
UVF,TLPL,Hewanorra International Airport,Vieux Fort,LC,13.7332,-60.952599,14.0,large_airport
BKN,UTAN,Balkanabat International Airport,Balkanabat,TM,39.681052,54.206008,-26.0,medium_airport
AUA,TNCA,Queen Beatrix International Airport,Oranjestad,AW,12.501056,-70.014281,60.0,large_airport
BON,TNCB,Flamingo International Airport,Kralendijk,BQ,12.131,-68.268501,20.0,large_airport
CUR,TNCC,Hato International Airport,Willemstad,CW,12.1889,-68.959801,29.0,large_airport
EUX,TNCE,F. D. Roosevelt Airport,Oranjestad,BQ,17.4965,-62.979401,129.0,medium_airport
SXM,TNCM,Princess Juliana International Airport,Sint Maarten,SX,18.041,-63.108898,13.0,large_airport
SAB,TNCS,Juancho E. Yrausquin Airport,Zion's Hill,BQ,17.64533,-63.220514,60.0,medium_airport
AXA,TQPF,Clayton J. Lloyd International Airport,The Valley,AI,18.204773,-63.05383,127.0,medium_airport
MNI,TRPG,John A. Osborne Airport,Gerald's Park,MS,16.791835,-62.193204,550.0,large_airport
TAB,TTCP,A.N.R. Robinson International Airport,Scarborough,TT,11.149571,-60.831298,38.0,large_airport
POS,TTPP,Piarco International Airport,Port of Spain,TT,10.59535,-61.337568,58.0,large_airport
EIS,TUPJ,Terrance B. Lettsome International Airport,Beef Island,VG,18.445492,-64.541707,15.0,large_airport
VIJ,TUPW,Virgin Gorda Airport,Spanish Town,VG,18.446634,-64.427932,9.0,medium_airport
SVD,TVSA,Argyle International Airport,Kingstown,VC,13.159725,-61.148801,136.0,large_airport
BQU,TVSB,J F Mitchell Airport,Bequia,VC,12.9884,-61.262001,15.0,medium_airport
CIW,TVSC,Canouan Airport,Canouan,VC,12.699,-61.3424,11.0,medium_airport
MQS,TVSM,Mustique Airport,Lovell,VC,12.8879,-61.180199,8.0,medium_airport
UNI,TVSU,Union Island International Airport,Union Island,VC,12.600135,-61.411945,16.0,medium_airport
BDA,TXKF,L.F. Wade International Airport,Hamilton,BM,32.363802,-64.67824,12.0,large_airport
ALA,UAAA,Almaty International Airport,Almaty,KZ,43.354267,77.042828,2234.0,large_airport
BXH,UAAH,Balkhash Airport,Balkhash,KZ,46.894246,75.004533,1446.0,medium_airport
TDK,UAAT,Taldykorgan Airport,Taldykorgan,KZ,45.12255,78.442758,1925.0,medium_airport
NQZ,UACC,Nursultan Nazarbayev International Airport,Astana,KZ,51.027035,71.467094,1165.0,large_airport
KOV,UACK,Kokshetau International Airport,Kokshetau,KZ,53.329102,69.594597,900.0,large_airport
PPK,UACP,Petropavl International Airport,Petropavl,KZ,54.775622,69.187415,453.0,large_airport
DMB,UADD,Taraz International Airport,Taraz,KZ,42.8536,71.303596,2184.0,large_airport
BSZ,UCFM,Manas International Airport,Bishkek,KG,43.061298,74.4776,2058.0,large_airport
OSS,UCFO,Osh International Airport,Osh,KG,40.609001,72.793297,2927.0,large_airport
IKG,UCFK,Karakol International Airport,Karakol,KG,42.508099,78.407799,5590.0,medium_airport
CIT,UAII,Shymkent International Airport,Shymkent,KZ,42.365021,69.47564,1385.0,large_airport
HSA,UAIT,Hazrat Sultan International Airport,Turkıstan,KZ,43.311087,68.550352,951.0,large_airport
DZN,UAKD,Zhezkazgan National Airport,Zhezkazgan,KZ,47.708953,67.738094,1250.0,large_airport
KGF,UAKK,Sary-Arka Airport,Karaganda,KZ,49.670799,73.334396,1765.0,large_airport
BXY,UAOL,Baikonur Krayniy International Airport,Baikonur,KZ,45.621994,63.210773,317.0,large_airport
KZO,UAOO,Korkyt Ata International Airport,Kyzylorda,KZ,44.706902,65.592499,433.0,large_airport
URA,UARR,Manshuk Mametova International Airport,Uralsk,KZ,51.151976,51.543652,125.0,large_airport
UKK,UASK,Oskemen International Airport,Ust-Kamenogorsk (Oskemen),KZ,50.035033,82.496057,939.0,large_airport
PWQ,UASP,Pavlodar International Airport,Pavlodar,KZ,52.194982,77.073088,410.0,large_airport
PLX,UASS,Semei International Airport,Semey,KZ,50.351295,80.234398,761.0,large_airport
SCO,UATE,Aktau International Airport,Aktau,KZ,43.860093,51.09086,73.0,large_airport
GUW,UATG,Atyrau International Airport,Atyrau,KZ,47.121318,51.820343,-72.0,large_airport
AKX,UATT,Aktobe International Airport,Aktobe,KZ,50.248116,57.204144,738.0,large_airport
KSN,UAUU,Kostanay International Airport,Kostanay,KZ,53.206902,63.550301,595.0,large_airport
GYD,UBBB,Heydar Aliyev International Airport,Baku,AZ,40.47278,50.050931,10.0,large_airport
GNJ,UBBG,Ganja International Airport,Ganja,AZ,40.738692,46.320383,1083.0,large_airport
NAJ,UBBN,Nakhchivan International Airport,Nakhchivan,AZ,39.188801,45.458401,2863.0,large_airport
GBB,UBBQ,Gabala International Airport,Gabala,AZ,40.808617,47.725389,935.0,medium_airport
LHL,UBLC,Lachin International Airport,Lachin,AZ,39.883787,46.363137,5577.0,medium_airport
IKU,UCFL,Issyk-Kul International Airport,Tamchy,KG,42.585584,76.701181,5425.0,large_airport
LWN,UDSG,Shirak International Airport,Gyumri,AM,40.750401,43.859299,5000.0,large_airport
EVN,UDYZ,Zvartnots International Airport,Yerevan,AM,40.148941,44.397887,2838.0,large_airport
YKS,UEEE,Platon Oyunsky Yakutsk International Airport,Yakutsk,RU,62.0933,129.770996,325.0,large_airport
NER,UELL,Chulman Airport,Neryungri,RU,56.913898468018,124.91400146484,2812.0,medium_airport
MQJ,UEMA,Moma Airport,Khonuu,RU,66.450861,143.261551,656.0,medium_airport
OLZ,UEMO,Olyokminsk Airport,Olyokminsk,RU,60.401833,120.476094,656.0,medium_airport
USR,UEMT,Ust-Nera Airport,Ust-Nera,RU,64.550003,143.115005,1805.0,medium_airport
VYI,UENW,Vilyuisk Airport,Vilyuisk,RU,63.756668,121.693336,361.0,medium_airport
ULK,UERL,Lensk Airport,Lensk,RU,60.723594,114.825319,801.0,medium_airport
PYJ,UERP,Polyarny Airport,Yakutia,RU,66.400398,112.029999,1660.0,medium_airport
MJZ,UERR,Mirny Airport,Mirny,RU,62.534698486328125,114.03900146484376,1156.0,medium_airport
SYS,UERS,Saskylakh Airport,Saskylakh,RU,71.927902,114.080002,,medium_airport
SEK,,Srednekolymsk Airport,Srednekolymsk,RU,67.4805,153.7364,60.0,medium_airport
CKH,UESO,Chokurdakh Airport,Chokurdah,RU,70.6231,147.901993,151.0,medium_airport
CYX,UESS,Cherskiy Airport,Cherskiy,RU,68.740601,161.337997,20.0,medium_airport
IKS,UEST,Tiksi Airport,Tiksi,RU,71.697700500488,128.90299987793,26.0,medium_airport
ZKP,UESU,Zyryanka Airport,Zyryanka,RU,65.7485,150.8889,140.0,medium_airport
ZIX,UEVV,Zhigansk Airport,Zhigansk,RU,66.7965011597,123.361000061,292.0,medium_airport
KHX,,Savannah Airstrip,Kihihi,UG,-0.7165,29.6997,3600.0,medium_airport
KUT,UGKO,David the Builder Kutaisi International Airport,Kopitnari,GE,42.177448,42.485353,223.0,large_airport
BUS,UGSB,Alexander Kartveli Batumi International Airport,Batumi,GE,41.60939,41.600315,105.0,large_airport
SUI,UGSS,Vladislav Ardzinba Sukhum International Airport,Sukhumi,GE,42.8582,41.128101,53.0,medium_airport
TBS,UGTB,Tbilisi International Airport,Tbilisi,GE,41.669201,44.9547,1624.0,large_airport
BQS,UHBB,Ignatyevo Airport,Blagoveschensk,RU,50.426723,127.415502,638.0,medium_airport
KHV,UHHH,Khabarovsk Novy Airport,Khabarovsk,RU,48.528338,135.188588,244.0,medium_airport
KXK,UHKK,Komsomolsk-on-Amur Airport,Komsomolsk-on-Amur,RU,50.409,136.934006,92.0,medium_airport
DYR,UHMA,Ugolny Yuri Ryktheu Airport,Anadyr,RU,64.734902,177.740997,194.0,medium_airport
KPW,UHMK,Keperveem Airport,Keperveem,RU,67.845001,166.139999,623.0,medium_airport
GDX,UHMM,Sokol Airport,Magadan,RU,59.9109992980957,150.72000122070312,574.0,medium_airport
PWE,UHMP,Pevek Airport,Apapelgino,RU,69.783302,170.597,11.0,medium_airport
NLI,UHNN,Nikolayevsk-na-Amure Airport,Nikolayevsk-na-Amure Airport,RU,53.154999,140.649994,170.0,medium_airport
OHO,UHOO,Okhotsk Airport,Okhotsk,RU,59.410065,143.056503,45.0,medium_airport
PKC,UHPP,Yelizovo Airport,Petropavlovsk-Kamchatsky,RU,53.168716,158.451068,131.0,large_airport
UUS,UHSS,Yuzhno-Sakhalinsk International Airport,Yuzhno-Sakhalinsk,RU,46.885461,142.717466,59.0,large_airport
VVO,UHWW,Vladivostok International Airport,Artyom,RU,43.396256,132.148155,59.0,large_airport
HTA,UIAA,Chita-Kadala International Airport,Chita,RU,52.024841,113.305839,2272.0,large_airport
BTK,UIBB,Bratsk Airport,Bratsk,RU,56.3696,101.701822,1610.0,medium_airport
IKT,UIII,Irkutsk International Airport,Irkutsk,RU,52.266707,104.395563,1675.0,large_airport
UKX,UITT,Ust-Kut Airport,Ust-Kut,RU,56.856701,105.730003,2188.0,medium_airport
UUD,UIUU,Baikal International Airport,Ulan Ude,RU,51.808614,107.439652,1690.0,large_airport
MPW,UKCM,Mariupol International Airport,Mariupol,UA,47.07609939575195,37.44960021972656,251.0,medium_airport
DNK,UKDD,Dnipro International Airport,Dnipro,UA,48.357201,35.100601,481.0,medium_airport
KWG,UKDR,Kryvyi Rih International Airport,Kryvyi Rih,UA,48.04330062866211,33.209999084472656,408.0,medium_airport
SIP,UKFF,Simferopol International Airport,Simferopol,UA,45.0522,33.975101,639.0,large_airport
IFO,UKLI,Ivano-Frankivsk International Airport,Ivano-Frankivsk,UA,48.88420104980469,24.686100006103516,919.0,medium_airport
LWO,UKLL,Lviv International Airport,Lviv,UA,49.8125,23.9561,1071.0,large_airport
CWC,UKLN,Chernivtsi International Airport,Chernivtsi,UA,48.259300231933594,25.98080062866211,826.0,medium_airport
RWN,UKLR,Rivne International Airport,Rivne,UA,50.60710144042969,26.141599655151367,755.0,medium_airport
UDJ,UKLU,Uzhhorod International Airport,Uzhhorod,UA,48.6343,22.263399,383.0,large_airport
KHE,UKOH,Kherson International Airport,Kherson,UA,46.6758,32.506401,148.0,medium_airport
ARH,ULAA,Talagi Airport,Archangelsk,RU,64.60030364990234,40.71670150756836,62.0,medium_airport
NNM,ULAM,Naryan Mar Airport,Naryan Mar,RU,67.639999,53.121899,36.0,medium_airport
AMV,ULDD,Amderma Airport,Amderma,RU,69.76329803466797,61.556400299072266,13.0,medium_airport
KSZ,ULKK,Kotlas Airport,Kotlas,RU,61.235801696777344,46.6974983215332,184.0,medium_airport
LED,ULLI,Pulkovo Airport,St. Petersburg,RU,59.800301,30.262501,78.0,large_airport
MMK,ULMM,Emperor Nicholas II Murmansk Airport,Murmansk,RU,68.7817,32.750801,266.0,large_airport
PKV,ULOO,Princess Olga Pskov International Airport,Pskov,RU,57.781316,28.39384,154.0,medium_airport
PES,ULPB,Petrozavodsk Airport,Petrozavodsk,RU,61.885201,34.154701,151.0,medium_airport
CEE,ULWC,Cherepovets Airport,Cherepovets,RU,59.273601532,38.0158004761,377.0,medium_airport
VUS,ULWU,Velikiy Ustyug Airport,Velikiy Ustyug,RU,60.7883,46.259998,331.0,medium_airport
BQT,UMBB,Brest International Airport,Brest,BY,52.108138,23.89676,468.0,large_airport
GME,UMGG,Gomel Airport,Gomel,BY,52.527000427246094,31.016700744628903,472.0,medium_airport
KGD,UMKK,Khrabrovo Airport,Kaliningrad,RU,54.89161,20.598559,42.0,large_airport
MSQ,UMMS,Minsk National Airport,Minsk,BY,53.888071,28.039964,670.0,large_airport
MVQ,UMOO,Mogilev Airport,Mogilev,BY,53.95489883422851,30.09510040283203,637.0,medium_airport
ABA,UNAA,Abakan International Airport,Abakan,RU,53.740002,91.385002,831.0,large_airport
BAX,UNBB,Barnaul Gherman Titov International Airport,Barnaul,RU,53.361285,83.539701,837.0,large_airport
KEJ,UNEE,Alexei Leonov Kemerovo International Airport,Kemerovo,RU,55.2701,86.107201,863.0,large_airport
EIE,UNII,Yeniseysk Airport,Yeniseysk,RU,58.474201,92.112503,253.0,medium_airport
VEO,UNIS,Severo-Yeniseysk Airport,Severo-Yeniseysk,RU,60.373299,93.011703,1706.0,medium_airport
VAQ,UNIW,Vanavara Airport,Vanavara,RU,60.356229,102.309641,892.0,medium_airport
KJA,UNKL,Krasnoyarsk International Airport,Krasnoyarsk,RU,56.175743,92.485788,942.0,large_airport
KCY,UNKM,Krasnoyarsk Cheremshanka Airport,Krasnoyarsk,RU,56.177584,92.545881,833.0,medium_airport
KYZ,UNKY,Kyzyl Airport,Kyzyl,RU,51.669399,94.400597,2123.0,medium_airport
OVB,UNNT,Novosibirsk Tolmachevo Airport,Novosibirsk,RU,55.019756,82.618675,365.0,large_airport
OMS,UNOO,Omsk Central Airport,Omsk,RU,54.963124,73.312418,311.0,large_airport
TOF,UNTT,Tomsk Kamov Airport,Tomsk,RU,56.380299,85.208298,597.0,large_airport
NOZ,UNWW,Spichenkovo Airport,Novokuznetsk,RU,53.811401,86.877197,1024.0,medium_airport
HTG,UOHH,Khatanga Airport,Khatanga,RU,71.97810363769531,102.49099731445312,95.0,medium_airport
IAA,UOII,Igarka Airport,Igarka,RU,67.437202,86.621902,82.0,medium_airport
NSK,UOOO,Alykel International Airport,Norilsk,RU,69.307951,87.325906,574.0,large_airport
AAQ,URKA,Anapa Vityazevo Airport,Krasnyi Kurgan,RU,45.002102,37.347301,174.0,medium_airport
GDZ,URKG,Gelendzhik Airport,Gelendzhik,RU,44.5820926295,38.0124807358,98.0,medium_airport
KRR,URKK,Krasnodar Pashkovsky International Airport,Krasnodar,RU,45.034465,39.174215,118.0,large_airport
GRV,URMG,Akhmat Kadyrov Grozny International Airport,Grozny,RU,43.388106,45.699772,548.0,large_airport
MCX,URML,Makhachkala Uytash International Airport,Makhachkala,RU,42.816799,47.652302,12.0,large_airport
MRV,URMM,Mineralnye Vody Airport,Mineralnyye Vody,RU,44.225101,43.081902,1054.0,large_airport
NAL,URMN,Nalchik Airport,Nalchik,RU,43.512901,43.6366,1461.0,medium_airport
OGZ,URMO,Vladikavkaz Beslan International Airport,Beslan,RU,43.205101,44.606602,1673.0,medium_airport
IGT,URMS,Magas Airport,Sunzha,RU,43.323268,45.012568,1165.0,medium_airport
STW,URMT,Stavropol Shpakovskoye Airport,Stavropol,RU,45.10919952392578,42.11280059814453,1486.0,medium_airport
ROV,URRP,Platov International Airport,Rostov-on-Don,RU,47.493888,39.924722,213.0,large_airport
TGK,URRT,Taganrog Yuzhny Airport,Taganrog,RU,47.1983333,38.8491667,117.0,medium_airport
AER,URSS,Sochi International Airport,Sochi,RU,43.449902,39.9566,89.0,large_airport
ASF,URWA,Astrakhan Narimanovo Boris M. Kustodiev International Airport,Astrakhan,RU,46.282843,48.010511,-65.0,large_airport
ESL,URWI,Elista Airport,Elista,RU,46.373901,44.330898,501.0,medium_airport
VOG,URWW,Volgograd International Airport,Volgograd,RU,48.78134,44.339194,482.0,large_airport
CEK,USCC,Kurchatov Chelyabinsk International Airport,Chelyabinsk,RU,55.303141,61.504927,769.0,large_airport
MQF,USCM,Magnitogorsk International Airport,Magnitogorsk,RU,53.391991,58.755235,1430.0,large_airport
SBT,USDA,Sabetta International Airport,Sabetta,RU,71.219167,72.052222,46.0,medium_airport
BVJ,USDB,Bovanenkovo Airport,Bovanenkovo,RU,70.315278,68.333611,24.0,medium_airport
SLY,USDD,Salekhard Airport,Salekhard,RU,66.5907974243164,66.61100006103516,218.0,medium_airport
HMA,USHH,Khanty Mansiysk Airport,Khanty-Mansiysk,RU,61.0285,69.086098,76.0,medium_airport
NYA,USHN,Nyagan Airport,Nyagan,RU,62.110001,65.614998,361.0,medium_airport
EYK,USHQ,Beloyarskiy Airport,,RU,63.686901,66.698601,82.0,medium_airport
OVS,USHS,Sovetskiy Airport,Sovetskiy,RU,61.326622009277344,63.60191345214844,351.0,medium_airport
URJ,USHU,Uray Airport,Uray,RU,60.103298,64.826698,190.0,medium_airport
IJK,USII,Izhevsk Airport,Izhevsk,RU,56.834524,53.462172,531.0,medium_airport
KVX,USKK,Pobedilovo Airport,Kirov,RU,58.503883,49.347831,479.0,medium_airport
NYM,USMM,Nadym Airport,Nadym,RU,65.48090362548828,72.69889831542969,49.0,medium_airport
NUX,USMU,Novy Urengoy Airport,Novy Urengoy,RU,66.06939697265625,76.52030181884766,210.0,medium_airport
NJC,USNN,Nizhnevartovsk Airport,Nizhnevartovsk,RU,60.949299,76.483597,177.0,large_airport
PEE,USPP,Perm International Airport,Perm,RU,57.914501,56.021198,404.0,large_airport
KGP,USRK,Kogalym International Airport,Kogalym,RU,62.190399169921875,74.53379821777344,220.0,medium_airport
NOJ,USRO,Noyabrsk Airport,Noyabrsk,RU,63.18330001831055,75.2699966430664,446.0,medium_airport
SGC,USRR,Surgut International Airport,Surgut,RU,61.340501,73.405782,200.0,large_airport
SVX,USSS,Koltsovo Airport,Yekaterinburg,RU,56.743099212646,60.802700042725,764.0,large_airport
RMZ,USTJ,Tobolsk Remezov Airport,Tobolsk,RU,58.059712,68.347997,167.0,medium_airport
TJM,USTR,Roshchino International Airport,Tyumen,RU,57.178984,65.327696,378.0,large_airport
KRO,USUU,Kurgan Airport,Kurgan,RU,55.4753,65.415604,240.0,medium_airport
ASB,UTAA,Ashgabat International Airport,Ashgabat,TM,37.986801,58.361,692.0,large_airport
KRW,UTAK,Turkmenbaşy International Airport,Turkmenbaşy,TM,40.062833,53.005085,279.0,medium_airport
MYP,UTAM,Mary International Airport,Mary,TM,37.62353,61.895668,728.0,medium_airport
TAZ,UTAT,Dashoguz International Airport,Daşoguz,TM,41.759853,59.836149,272.0,large_airport
CRZ,UTAV,Türkmenabat International Airport,Türkmenabat,TM,38.930662,63.563982,649.0,large_airport
DYU,UTDD,Dushanbe International Airport,Dushanbe,TJ,38.543746,68.822977,2575.0,large_airport
TJU,UTDK,Kulob International Airport,Kulob,TJ,37.988098,69.805,2293.0,large_airport
LBD,UTDL,Khujand International Airport,Khujand,TJ,40.215401,69.694702,1450.0,large_airport
KQT,UTDT,Bokhtar International Airport,Bokhtar,TJ,37.866315,68.864475,1473.0,large_airport
NMA,UZFN,Namangan International Airport,Namangan,UZ,40.984622,71.5578,1555.0,large_airport
AZN,UZFA,Andijan International Airport,Andijan,UZ,40.727699,72.293999,1515.0,medium_airport
FEG,UZFF,Fergana International Airport,Fergana,UZ,40.358799,71.745003,1980.0,medium_airport
NCU,UZNN,Nukus International Airport,Nukus,UZ,42.4884,59.623299,246.0,large_airport
UGC,UZNU,Urgench International Airport,Urgench,UZ,41.58274,60.64338,320.0,large_airport
NVI,UZSA,Navoi International Airport,Navoi,UZ,40.117599,65.172658,1140.0,medium_airport
BHK,UZSB,Bukhara International Airport,Bukhara,UZ,39.775319,64.482279,751.0,large_airport
SKD,UZSS,Samarkand International Airport,Samarkand,UZ,39.701842,66.981467,2224.0,large_airport
TMJ,UZST,Termez Airport,Termez,UZ,37.287261,67.311869,1027.0,medium_airport
TVT,UZTP,Tashkent-Khumo International Airport,Tashkent,UZ,41.312889,69.395535,1574.0,medium_airport
TAS,UZTT,Tashkent International Airport,Tashkent,UZ,41.2579,69.281197,1417.0,large_airport
OMN,UZTZ,Zomin Airport,Zomin,UZ,40.01402,68.41103,1760.0,medium_airport
KMW,UUBA,Kostroma Sokerkino Airport,Kostroma,RU,57.796902,41.019402,446.0,medium_airport
IWA,UUBI,Ivanovo South Airport,Ivanovo,RU,56.93939971923828,40.940799713134766,410.0,medium_airport
BZK,UUBP,Bryansk International Airport,Bryansk,RU,53.214403,34.175965,663.0,medium_airport
ZIA,UUBW,Zhukovsky International Airport,Moscow,RU,55.553299,38.150002,377.0,large_airport
DME,UUDD,Domodedovo International Airport,Moscow,RU,55.408798,37.9063,588.0,large_airport
IAR,UUDL,Golden Ring Yaroslavl International Airport,Tunoshna,RU,57.560699,40.157398,287.0,large_airport
SVO,UUEE,Sheremetyevo International Airport,Moscow,RU,55.976858,37.41121,622.0,large_airport
EGO,UUOB,Belgorod International Airport,Belgorod,RU,50.643798828125,36.5900993347168,735.0,medium_airport
URS,UUOK,Kursk East Airport,Kursk,RU,51.7505989074707,36.29560089111328,686.0,medium_airport
LPK,UUOL,Lipetsk Airport,Lipetsk,RU,52.70280075073242,39.53779983520508,584.0,medium_airport
VOZ,UUOO,Voronezh International Airport,Voronezh,RU,51.814324,39.230948,514.0,medium_airport
VKO,UUWW,Vnukovo International Airport,Moscow,RU,55.591499,37.261501,685.0,large_airport
UCT,UUYH,Ukhta Airport,Ukhta,RU,63.566898,53.804699,482.0,medium_airport
PEX,UUYP,Pechora Airport,Pechora,RU,65.121101,57.130798,98.0,medium_airport
USK,UUYS,Usinsk Airport,Usinsk,RU,66.0047,57.367199,262.0,medium_airport
VKT,UUYW,Vorkuta Airport,Vorkuta,RU,67.488602,63.993099,604.0,medium_airport
SCW,UUYY,Syktyvkar Airport,Syktyvkar,RU,61.64699935913086,50.84510040283203,342.0,medium_airport
GOJ,UWGG,Nizhny Novgorod / Strigino International Airport,Nizhny Novgorod,RU,56.227351,43.785152,256.0,large_airport
UUA,UWKB,Bugulma Airport,Bugulma,RU,54.641184,52.800229,991.0,medium_airport
KZN,UWKD,Kazan International Airport,Kazan,RU,55.606201,49.278702,411.0,large_airport
NBC,UWKE,Begishevo Airport,Nizhnekamsk,RU,55.564701,52.092499,643.0,medium_airport
CSY,UWKS,Cheboksary Airport,Cheboksary,RU,56.090302,47.347301,558.0,medium_airport
ULV,UWLL,Ulyanovsk Baratayevka Airport,Ulyanovsk,RU,54.27016,48.225569,449.0,medium_airport
ULY,UWLW,Ulyanovsk Vostochny Airport,Cherdakly,RU,54.401001,48.8027,252.0,medium_airport
REN,UWOO,Orenburg Central Airport,Orenburg,RU,51.792668,55.457229,387.0,medium_airport
OSW,UWOR,Orsk Airport,Orsk,RU,51.072498,58.5956,909.0,medium_airport
PEZ,UWPP,Penza Airport,Penza,RU,53.1106,45.021099,614.0,medium_airport
SKX,UWPS,Saransk International Airport,Saransk,RU,54.12513,45.212257,676.0,large_airport
BWO,UWSB,Balakovo Airport,Balakovo,RU,51.858299,47.745602,95.0,medium_airport
GSV,UWSG,Gagarin International Airport,Saratov,RU,51.712778,46.171111,103.0,large_airport
UFA,UWUU,Ufa International Airport,Ufa,RU,54.557499,55.874401,449.0,large_airport
KUF,UWWW,Kurumoch International Airport,Samara,RU,53.504902,50.164299,477.0,large_airport
REW,VERW,"Rewa Airport, Chorhata, REWA",Rewa,IN,24.503401,81.220299,1000.0,medium_airport
GDB,VAGD,Gondia Airport,Gondia,IN,21.526817,80.290347,987.0,medium_airport
AMD,VAAH,Sardar Vallabh Patel International Airport,Ahmedabad,IN,23.0772,72.634697,189.0,large_airport
IXU,VAAU,Aurangabad Airport,Aurangabad,IN,19.862875,75.396312,1911.0,medium_airport
BOM,VABB,Chhatrapati Shivaji Maharaj International Airport,Mumbai,IN,19.088699,72.867897,39.0,large_airport
BHJ,VABJ,Bhuj Airport,Bhuj,IN,23.2877998352,69.6701965332,268.0,medium_airport
IXG,VOBM,Belagavi Airport,Belgaum,IN,15.8593,74.618301,2487.0,medium_airport
BDQ,VABO,Vadodara International Airport,Vadodara,IN,22.336201,73.226303,129.0,large_airport
BHO,VABP,Raja Bhoj International Airport,Bhopal,IN,23.2875,77.337402,1711.0,large_airport
BHU,VABV,Bhavnagar Airport,Bhavnagar,IN,21.752199173,72.1852035522,44.0,medium_airport
HBX,VOHB,Hubballi Airport,Hubballi,IN,15.361084,75.082096,2171.0,medium_airport
HSR,VAHS,Rajkot International Airport,Rajkot,IN,22.378824,71.039391,647.0,large_airport
IDR,VAID,Devi Ahilya Bai Holkar International Airport,Indore,IN,22.721404,75.80051,1850.0,large_airport
JLR,VAJB,Jabalpur Airport,Jabalpur,IN,23.177799,80.052002,1624.0,medium_airport
JGA,VAJM,Jamnagar Airport,Jamnagar,IN,22.465499877929688,70.01260375976562,69.0,medium_airport
IXY,VAKE,Kandla Airport,Kandla,IN,23.1127,70.100304,96.0,medium_airport
HJR,VEKO,Khajuraho Airport,Khajuraho,IN,24.8172,79.918602,728.0,medium_airport
KLH,VAKP,Kolhapur Airport,Kolhapur,IN,16.6647,74.289398,1996.0,medium_airport
IXK,VAKS,Keshod Airport,Keshod,IN,21.317101,70.270401,167.0,medium_airport
LTU,VALT,Murod Kond Airport,Latur,IN,18.411501,76.464699,2136.0,medium_airport
NDC,VAND,Nanded Airport,Nanded,IN,19.1833,77.316704,1250.0,medium_airport
NAG,VANP,Dr. Babasaheb Ambedkar International Airport,Nagpur,IN,21.092199,79.047203,1033.0,large_airport
ISK,VAOZ,Nashik International Airport,Nashik,IN,20.119101,73.912903,1900.0,large_airport
PNQ,VAPO,Pune International Airport,Pune,IN,18.5821,73.919701,1942.0,large_airport
PBD,VAPR,Porbandar Airport,Porbandar,IN,21.649524,69.656405,23.0,medium_airport
RPR,VERP,Swami Vivekananda Airport,Raipur,IN,21.180401,81.7388,1041.0,medium_airport
SAG,VASD,Shirdi International Airport,Kakadi,IN,19.689211,74.373655,1926.0,large_airport
STV,VASU,Surat International Airport,Surat,IN,21.115531,72.743251,16.0,large_airport
UDR,VAUD,Maharana Pratap Airport,Udaipur,IN,24.617700576799997,73.89610290530001,1684.0,medium_airport
CMB,VCBI,Bandaranaike International Colombo Airport,Colombo,LK,7.180759906768799,79.88410186767578,30.0,large_airport
BTC,VCCB,Batticaloa International Airport,Batticaloa,LK,7.705073,81.677163,20.0,medium_airport
RML,VCCC,Colombo Ratmalana International Airport,Colombo,LK,6.821638,79.885859,22.0,large_airport
JAF,VCCJ,Jaffna International Airport,Jaffna,LK,9.79233,80.070099,33.0,large_airport
KCT,VCCK,Koggala Airport,Galle,LK,5.993680000305176,80.32029724121094,10.0,medium_airport
TRR,VCCT,China Bay Airport,Trincomalee,LK,8.539159,81.18128,6.0,medium_airport
HRI,VCRI,Mattala Rajapaksa International Airport,Mattala,LK,6.283878,81.124163,157.0,medium_airport
BBM,VDBG,Battambang Airport,Battambang,KH,13.0956,103.223999,59.0,medium_airport
SAI,VDSA,Siem Reap-Angkor International Airport,Siem Reap,KH,13.36974,104.223831,191.0,large_airport
KOS,VDSV,Sihanouk International Airport,Preah Sihanouk,KH,10.570557,103.632067,33.0,large_airport
IXA,VEAT,Agartala - Maharaja Bir Bikram Airport,Agartala,IN,23.886999,91.240402,46.0,medium_airport
IXB,VEBD,Bagdogra Airport,Siliguri,IN,26.6812,88.328598,412.0,large_airport
SHL,VEBI,Shillong Airport,Shillong,IN,25.70359992980957,91.97869873046876,2910.0,medium_airport
VNS,VEBN,Lal Bahadur Shastri International Airport,Varanasi,IN,25.452171,82.862549,266.0,large_airport
BBI,VEBS,Biju Patnaik International Airport,Bhubaneswar,IN,20.251021,85.814747,138.0,large_airport
PAB,VEBU,Bilaspur Airport,Bilaspur,IN,21.9884,82.111,899.0,medium_airport
CCU,VECC,Netaji Subhash Chandra Bose International Airport,Kolkata,IN,22.654012,88.44765,16.0,large_airport
RDP,VEDG,Kazi Nazrul Islam Airport,Durgapur,IN,23.6225,87.243,300.0,medium_airport
DBR,VEDH,Darbhanga Airport,Darbhanga,IN,26.192801,85.916901,156.0,medium_airport
GOP,VEGK,Gorakhpur Airport,Gorakhpur,IN,26.739700317399997,83.4496994019,259.0,medium_airport
GAU,VEGT,Lokpriya Gopinath Bordoloi International Airport,Guwahati,IN,26.106654,91.585226,162.0,large_airport
GAY,VEGY,Gaya Airport,Gaya,IN,24.744301,84.951202,380.0,medium_airport
IMF,VEIM,Bir Tikendrajit International Airport,Imphal,IN,24.76,93.896698,2540.0,large_airport
JRH,VEJT,Jorhat Airport,Jorhat,IN,26.730456,94.175416,311.0,medium_airport
IXS,VEKU,Silchar Airport,Silchar,IN,24.9129009247,92.9786987305,352.0,medium_airport
AJL,VELP,Lengpui Airport,Aizawl (Lengpui),IN,23.840599,92.619698,1398.0,medium_airport
IXI,VELR,Lilabari North Lakhimpur Airport,Lilabari,IN,27.295682,94.097266,330.0,medium_airport
DIB,VEMN,Dibrugarh Airport,Dibrugarh,IN,27.4839000702,95.0168991089,362.0,medium_airport
DMU,VEMR,Dimapur Airport,Dimapur,IN,25.8838996887,93.7711029053,487.0,medium_airport
PAT,VEPT,Jay Prakash Narayan Airport,Patna,IN,25.591299,85.087997,170.0,medium_airport
IXR,VERC,Birsa Munda Airport,Ranchi,IN,23.314300537100003,85.3217010498,2148.0,medium_airport
TEZ,VETZ,Tezpur Airport,,IN,26.7091007232666,92.78469848632812,240.0,medium_airport
UKE,VEUK,Utkela Airport,Bhawanipatna,IN,20.097778,83.183333,685.0,medium_airport
VTZ,VOVZ,Visakhapatnam International Airport,Visakhapatnam,IN,17.723506,83.227729,15.0,large_airport
BZL,VGBR,Barisal Airport,Barisal,BD,22.801001,90.301201,23.0,medium_airport
CXB,VGCB,Cox's Bazar Airport,Cox's Bazar,BD,21.457517,91.963263,12.0,medium_airport
CGP,VGEG,Shah Amanat International Airport,Chattogram (Chittagong),BD,22.249599,91.813301,12.0,large_airport
DAC,VGHS,Hazrat Shahjalal International Airport,Dhaka,BD,23.843347,90.397783,30.0,large_airport
JSR,VGJR,Jessore Airport,Jashore (Jessore),BD,23.1838,89.160797,20.0,medium_airport
RJH,VGRJ,Shah Makhdum Airport,Rajshahi,BD,24.437201,88.616501,64.0,medium_airport
SPD,VGSD,Saidpur Airport,Saidpur,BD,25.759199,88.908897,125.0,medium_airport
ZYL,VGSY,Osmany International Airport,Sylhet,BD,24.963993,91.864749,50.0,large_airport
HKG,VHHH,Hong Kong International Airport,Hong Kong,HK,22.31184,113.914862,28.0,large_airport
AGR,VIAG,Agra Airport / Agra Air Force Station,Agra,IN,27.157975,77.961025,551.0,medium_airport
IXD,VEAB,Prayagraj Airport,Allahabad,IN,25.4401,81.733902,322.0,medium_airport
ATQ,VIAR,Sri Guru Ram Das Ji International Airport,Amritsar,IN,31.7096,74.797302,756.0,large_airport
KUU,VIBR,Kullu Manali Airport,Bhuntar,IN,31.876699,77.154404,3573.0,medium_airport
BEK,VIBY,Bareilly Air Force Station,Bareilly,IN,28.4221,79.450798,580.0,medium_airport
IXC,VICG,Shaheed Bhagat Singh International Airport,Chandigarh,IN,30.6735,76.788498,1012.0,large_airport
KNU,VECX,Kanpur Airport,Kanpur,IN,26.404301,80.410103,410.0,medium_airport
DED,VIDN,Dehradun Jolly Grant Airport,Dehradun (Jauligrant),IN,30.189243,78.176651,1831.0,medium_airport
DEL,VIDP,Indira Gandhi International Airport,New Delhi,IN,28.55563,77.09519,777.0,large_airport
DHM,VIGG,Kangra Airport,Kangra,IN,32.164902,76.263018,2525.0,medium_airport
GWL,VIGR,Gwalior Airport,Gwalior,IN,26.29330062866211,78.22779846191406,617.0,medium_airport
HSS,VIHR,Maharaja Agrasen International Airport,Hisar,IN,29.186065,75.74142,700.0,large_airport
HWR,VIHX,Halwara International Airport,Halwara,IN,30.748501,75.629799,790.0,large_airport
JDH,VIJO,Jodhpur Airport,Jodhpur,IN,26.251100540161133,73.04889678955078,717.0,medium_airport
JAI,VIJP,Jaipur International Airport,Jaipur,IN,26.8242,75.812202,1263.0,large_airport
JSA,VIJR,Jaisalmer Airport,,IN,26.8887,70.864998,751.0,medium_airport
IXJ,VIJU,Jammu Airport,Jammu,IN,32.688849,74.838152,996.0,medium_airport
KQH,VIKG,Kishangarh Airport Ajmer,Ajmer (Kishangarh),IN,26.591007,74.812956,,medium_airport
IXL,VILH,Leh Kushok Bakula Rimpochee Airport,Leh,IN,34.135899,77.546501,10682.0,medium_airport
LKO,VILK,Chaudhary Charan Singh International Airport,Lucknow,IN,26.760599,80.889297,410.0,large_airport
MZS,VIMB,Moradabad Airport,Moradabad,IN,28.81746,78.92187,637.0,medium_airport
IXP,VIPK,Pathankot Airport,Pathankot,IN,32.233611,75.634444,1017.0,medium_airport
PGH,VIPT,Pantnagar Airport,Pantnagar,IN,29.0334,79.473701,769.0,medium_airport
SXR,VISR,Sheikh ul Alam International Airport,Srinagar,IN,33.987099,74.7742,5429.0,large_airport
LPQ,VLLB,Luang Phabang International Airport,Luang Phabang,LA,19.904273,102.167191,955.0,large_airport
PKZ,VLPS,Pakse International Airport,Pakse,LA,15.133973,105.779871,351.0,large_airport
VTE,VLVT,Wattay International Airport,Vientiane,LA,17.985052,102.566692,564.0,large_airport
MFM,VMMC,Macau International Airport,Nossa Senhora do Carmo,MO,22.149599,113.592003,20.0,large_airport
BWA,VNBW,Gautam Buddha International Airport,Siddharthanagar (Bhairahawa),NP,27.504636,83.410381,358.0,large_airport
JKR,VNJP,Janakpur Airport,Janakpur,NP,26.708799,85.922401,256.0,medium_airport
KTM,VNKT,Tribhuvan International Airport,Kathmandu,NP,27.6966,85.3591,4390.0,large_airport
LUA,VNLK,Tenzing-Hillary Airport,Lukla,NP,27.686768,86.729479,9380.0,medium_airport
KEP,VNNG,Nepalgunj Airport,Nepalgunj,NP,28.1036,81.667,540.0,medium_airport
PKR,VNPK,Pokhara Domestic Airport,Pokhara,NP,28.200621,83.981203,2712.0,medium_airport
TPJ,VNTJ,Taplejung Airport,Taplejung,NP,27.3509,87.69525,7990.0,medium_airport
BIR,VNVT,Biratnagar Airport,Biratnagar,NP,26.48150062561035,87.26399993896484,236.0,medium_airport
AGX,VOAT,Agatti Airport,Agatti,IN,10.8237,72.176003,14.0,medium_airport
BLR,VOBL,Kempegowda International Airport Bengaluru,Bengaluru,IN,13.1979,77.706299,3000.0,large_airport
VGA,VOBZ,Vijayawada International Airport,Vijayawada,IN,16.530011,80.804888,82.0,large_airport
CJB,VOCB,Coimbatore International Airport,Coimbatore,IN,11.03,77.043404,1324.0,large_airport
COK,VOCI,Cochin International Airport,Kochi,IN,10.151047,76.400838,30.0,large_airport
CCJ,VOCL,Calicut International Airport,Calicut,IN,11.135996,75.955152,342.0,large_airport
CDP,VOCP,Kadapa Airport,Kadapa,IN,14.513154,78.769183,430.0,medium_airport
GOX,VOGA,Manohar International Airport,Mopa,IN,15.744257,73.860625,552.0,large_airport
GOI,VOGO,Goa Dabolim International Airport,Vasco da Gama,IN,15.380062,73.833328,150.0,large_airport
HYD,VOHS,Rajiv Gandhi International Airport,Hyderabad,IN,17.231318,78.429855,2024.0,large_airport
CNN,VOKN,Kannur International Airport,Kannur,IN,11.916343,75.544979,330.0,large_airport
KJB,VOKU,Kurnool Airport,Orvakal,IN,15.716288,78.16923,920.0,medium_airport
IXM,VOMD,Madurai Airport,Madurai,IN,9.83450984955,78.09339904790001,459.0,medium_airport
IXE,VOML,Mangaluru International Airport,Mangaluru,IN,12.95471,74.886812,337.0,large_airport
MAA,VOMM,Chennai International Airport,Chennai,IN,12.990005,80.169296,52.0,large_airport
MYQ,VOMY,Mysore Airport,Mysore,IN,12.229751,76.653683,2349.0,medium_airport
IXZ,VOPB,Veer Savarkar International Airport / INS Utkrosh,Port Blair,IN,11.640194,92.72902,13.0,large_airport
PNY,VOPC,Pondicherry Airport,Puducherry (Pondicherry),IN,11.968,79.812,134.0,medium_airport
RJA,VORY,Rajahmundry Airport,Madhurapudi,IN,17.105799,81.813204,151.0,medium_airport
TIR,VOTP,Tirupati International Airport,Tirupati,IN,13.631988,79.539869,350.0,large_airport
TRZ,VOTR,Tiruchirappalli International Airport,Tiruchirappalli,IN,10.762915,78.717741,288.0,large_airport
TRV,VOTV,Thiruvananthapuram International Airport,Thiruvananthapuram,IN,8.481889,76.920029,15.0,large_airport
PBH,VQPR,Paro International Airport,Paro,BT,27.4032,89.424599,7364.0,large_airport
NMF,VRDA,Maafaru International Airport,Noonu Atoll,MV,5.817407,73.468404,6.0,medium_airport
GAN,VRMG,Gan International Airport,Gan,MV,-0.692975,73.152627,6.0,large_airport
HAQ,VRMH,Hanimaadhoo International Airport,Haa Dhaalu Atoll,MV,6.743235,73.167072,4.0,large_airport
KDO,VRMK,Kadhdhoo Airport,Kadhdhoo,MV,1.8591699600219729,73.52189636230469,4.0,medium_airport
MLE,VRMM,Velana International Airport,Malé,MV,4.19183,73.529099,6.0,large_airport
KDM,VRMT,Kaadedhdhoo Airport,Huvadhu Atoll,MV,0.488131,72.996902,2.0,medium_airport
VAM,VRMV,Villa International Airport Maamigili,Maamigili,MV,3.471751,72.832633,6.0,medium_airport
DMK,VTBD,Don Mueang International Airport,Bangkok,TH,13.9126,100.607002,9.0,large_airport
TDX,VTBO,Trat Airport,Laem Ngop,TH,12.2746,102.319,105.0,medium_airport
BKK,VTBS,Suvarnabhumi Airport,Bangkok,TH,13.6811,100.747002,5.0,large_airport
UTP,VTBU,U-Tapao–Rayong–Pattaya International Airport,Rayong,TH,12.6799,101.004997,42.0,large_airport
CNX,VTCC,Chiang Mai International Airport,Chiang Mai,TH,18.766799926799997,98.962600708,1036.0,large_airport
HGN,VTCH,Mae Hong Son Airport,Mae Hong Son,TH,19.3013,97.9758,929.0,medium_airport
LPT,VTCL,Lampang Airport,,TH,18.27090072631836,99.50420379638672,811.0,medium_airport
NNT,VTCN,Nan Airport,,TH,18.807899475097656,100.78299713134766,685.0,medium_airport
CEI,VTCT,Mae Fah Luang - Chiang Rai International Airport,Chiang Rai,TH,19.952299,99.882896,1280.0,large_airport
PHY,VTPB,Phetchabun Airport,,TH,16.6760005951,101.194999695,450.0,medium_airport
HHQ,VTPH,Hua Hin Airport,Hua Hin,TH,12.6361999512,99.951499939,62.0,medium_airport
MAQ,VTPM,Mae Sot Airport,,TH,16.699899673461914,98.54509735107422,690.0,medium_airport
THS,VTPO,Sukhothai Airport,,TH,17.238000869750977,99.81819915771484,179.0,medium_airport
PHS,VTPP,Phitsanulok Airport,Phitsanulok,TH,16.7829,100.278999,154.0,medium_airport
URT,VTSB,Surat Thani Airport,Surat Thani,TH,9.13259983063,99.135597229,20.0,medium_airport
NAW,VTSC,Narathiwat Airport,,TH,6.5199198722839355,101.74299621582033,16.0,medium_airport
CJM,VTSE,Chumphon Airport,Chumphon,TH,10.7112,99.361702,18.0,medium_airport
NST,VTSF,Nakhon Si Thammarat Airport,Nakhon Si Thammarat,TH,8.539620399475098,99.9447021484375,13.0,medium_airport
KBV,VTSG,Krabi International Airport,Krabi,TH,8.095591,98.988955,82.0,large_airport
USM,VTSM,Samui International Airport,Na Thon (Ko Samui Island),TH,9.54779,100.061996,64.0,large_airport
HKT,VTSP,Phuket International Airport,Phuket,TH,8.113257,98.3174,82.0,large_airport
UNN,VTSR,Ranong Airport,Ranong,TH,9.77762,98.585503,57.0,medium_airport
HDY,VTSS,Hat Yai International Airport,Hat Yai,TH,6.93321,100.392998,90.0,large_airport
TST,VTST,Trang Airport,Trang,TH,7.50874,99.6166,67.0,medium_airport
UTH,VTUD,Udon Thani International Airport,Udon Thani,TH,17.386186,102.788577,579.0,large_airport
SNO,VTUI,Sakon Nakhon Airport,,TH,17.195100784301758,104.11900329589844,529.0,medium_airport
PXR,VTUJ,Surin Airport,Surin,TH,14.868300437927,103.49800109863,478.0,medium_airport
KKC,VTUK,Khon Kaen Airport,Khon Kaen,TH,16.466600418099997,102.783996582,670.0,medium_airport
LOE,VTUL,Loei Airport,,TH,17.43910026550293,101.72200012207033,860.0,medium_airport
BFV,VTUO,Buri Ram Airport,Buriram,TH,15.2295,103.252998,590.0,medium_airport
UBP,VTUU,Ubon Ratchathani Airport,Ubon Ratchathani,TH,15.2512998581,104.870002747,406.0,medium_airport
ROI,VTUV,Roi Et Airport,Roi Et,TH,16.1168,103.774002,451.0,medium_airport
KOP,VTUW,Nakhon Phanom Airport,Nakhon Phanom,TH,17.383801,104.642998,587.0,medium_airport
BMV,VVBM,Buon Ma Thuot Airport,Buon Ma Thuot,VN,12.668299675,108.120002747,1729.0,medium_airport
HPH,VVCI,Cat Bi International Airport,Haiphong (Hai An),VN,20.817428,106.724315,6.0,large_airport
CAH,VVCM,Cà Mau Airport,Ca Mau City,VN,9.177667,105.177778,6.0,medium_airport
CXR,VVCR,Cam Ranh International Airport / Cam Ranh Air Base,Nha Trang/nha Trang aiurportCam Ranh,VN,11.9982,109.219002,40.0,large_airport
VCS,VVCS,Con Dao Airport,Con Dao,VN,8.73183,106.633003,20.0,medium_airport
VCA,VVCT,Can Tho International Airport,Can Tho,VN,10.083397,105.709371,9.0,large_airport
DIN,VVDB,Dien Bien Phu Airport,Dien Bien Phu,VN,21.3974990845,103.008003235,1611.0,medium_airport
VDH,VVDH,Dong Hoi Airport,Dong Hoi,VN,17.515,106.590556,59.0,medium_airport
DLI,VVDL,Lien Khuong Airport,Da Lat,VN,11.750556,108.366997,3156.0,medium_airport
DAD,VVDN,Da Nang International Airport,Da Nang,VN,16.0439,108.198997,33.0,large_airport
HAN,VVNB,Noi Bai International Airport,Hanoi (Soc Son),VN,21.221201,105.806999,39.0,large_airport
HUI,VVPB,Phu Bai International Airport,Huế,VN,16.400628,107.703094,48.0,medium_airport
UIH,VVPC,Phu Cat Airport,Quy Nohn,VN,13.955,109.042,80.0,medium_airport
PXU,VVPK,Pleiku Airport,Pleiku,VN,14.00450038909912,108.01699829101562,2434.0,medium_airport
PQC,VVPQ,Phú Quốc International Airport,Phu Quoc Island,VN,10.169783,103.99353,37.0,large_airport
VKG,VVRG,Rach Gia Airport,Rach Gia,VN,9.95802997234,105.132379532,7.0,medium_airport
TBB,VVTH,Dong Tac Airport,Tuy Hoa,VN,13.0496,109.334,20.0,medium_airport
SGN,VVTS,Tan Son Nhat International Airport,Ho Chi Minh City,VN,10.8188,106.652,33.0,large_airport
VDO,VVVD,Van Don International Airport,Van Don,VN,21.120693,107.41539,24.0,medium_airport
VII,VVVH,Vinh Airport,Vinh,VN,18.7376003265,105.67099762,23.0,medium_airport
TVY,VYDW,Dawei Airport,Dawei,MM,14.1039,98.203598,84.0,medium_airport
HEH,VYHH,Heho Airport,Heho,MM,20.74714,96.792029,3858.0,medium_airport
KET,VYKG,Kengtung Airport,Kengtung,MM,21.301599502563477,99.63600158691406,2798.0,medium_airport
KYP,VYKP,Kyaukpyu Airport,Kyaukpyu,MM,19.42639923095703,93.53479766845705,20.0,medium_airport
KAW,VYKT,Kawthoung Airport,Kawthoung,MM,10.04930019378662,98.53800201416016,180.0,medium_airport
LIW,VYLK,Loikaw Airport,Loikaw,MM,19.691499710083008,97.2147979736328,2940.0,medium_airport
LSH,VYLS,Lashio Airport,Lashio,MM,22.9778995513916,97.752197265625,2450.0,medium_airport
MDL,VYMD,Mandalay International Airport,Mandalay,MM,21.70219993591309,95.97789764404295,300.0,large_airport
MGZ,VYME,Myeik Airport,Mkeik,MM,12.439800262451172,98.62149810791016,75.0,medium_airport
MYT,VYMK,Myitkyina Airport,Myitkyina,MM,25.3836,97.351898,475.0,medium_airport
MOG,VYMS,Mong Hsat Airport,Mong Hsat,MM,20.516799926757812,99.25679779052734,1875.0,medium_airport
NYT,VYNT,Nay Pyi Taw International Airport,Naypyitaw,MM,19.623501,96.200996,302.0,large_airport
PBU,VYPT,Putao Airport,Putao,MM,27.32990074157715,97.42630004882812,1500.0,medium_airport
AKY,VYSW,Sittwe Airport,Sittwe,MM,20.133165,92.870693,27.0,medium_airport
SNW,VYTD,Thandwe Airport,Thandwe,MM,18.4606990814209,94.30010223388672,20.0,medium_airport
THL,VYTL,Tachileik Airport,Tachileik,MM,20.483800888061523,99.9354019165039,1280.0,medium_airport
RGN,VYYY,Yangon International Airport,Yangon,MM,16.907300949099998,96.1332015991,109.0,large_airport
UPG,WAAA,Sultan Hasanuddin International Airport,Makassar,ID,-5.075539,119.553702,47.0,large_airport
BIK,WABB,Frans Kaisiepo Airport,Biak,ID,-1.19002,136.108002,46.0,medium_airport
TIM,WAYY,Mozes Kilangin Airport,Timika,ID,-4.52978,136.887388,103.0,medium_airport
BMU,WADB,Sultan Muhammad Salahuddin Airport,Bima,ID,-8.537184,118.685002,3.0,medium_airport
DPS,WADD,Denpasar I Gusti Ngurah Rai International Airport,"Kuta, Badung",ID,-8.748409,115.167123,14.0,large_airport
LOP,WADL,Lombok International Airport,"Mataram (Pujut, Lombok Tengah)",ID,-8.759962,116.278169,319.0,large_airport
TTE,WAEE,Sultan Babullah Airport,Ternate,ID,0.831012,127.381611,49.0,medium_airport
TRT,WAFB,Toraja Airport,Toraja,ID,-3.184359,119.919104,2884.0,medium_airport
PLW,WAFF,Mutiara - SIS Al-Jufrie Airport,Palu,ID,-0.916462,119.908647,284.0,medium_airport
PKY,WAGG,Tjilik Riwut Airport,Palangkaraya,ID,-2.227146,113.943388,82.0,medium_airport
YIA,WAHI,Yogyakarta International Airport,Yogyakarta,ID,-7.905338,110.057264,24.0,large_airport
CXP,WAHL,Tunggul Wulung Airport,Cilacap,ID,-7.64506,109.033997,69.0,medium_airport
DJJ,WAJJ,Dortheys Hiyo Eluay International Airport,Sentani,ID,-2.579627,140.519857,289.0,large_airport
OKL,WAJO,Oksibil Airport,Oksibil,ID,-4.9071,140.6277,4315.0,medium_airport
MKQ,WAKK,Mopah International Airport,Merauke,ID,-8.523898,140.419693,10.0,medium_airport
TMH,WAKT,Tanah Merah Airport,Tanah Merah,ID,-6.09669,140.303521,57.0,medium_airport
BPN,WALL,Sultan Aji Muhammad Sulaiman Sepinggan International Airport,Balikpapan,ID,-1.268342,116.89452,12.0,large_airport
TRK,WAQQ,Juwata International Airport / Suharnoko Harbani AFB,Tarakan,ID,3.325145,117.564169,23.0,medium_airport
AAP,WALS,Aji Pangeran Tumenggung Pranoto International Airport,Samarinda,ID,-0.374478,117.250128,82.0,medium_airport
NAH,WAMH,Naha Airport,"Tabukan Utara, Sangihe Islands",ID,3.68478,125.527162,16.0,medium_airport
MDC,WAMM,Sam Ratulangi International Airport,Manado,ID,1.548591,124.92625,264.0,large_airport
TJG,WAON,Warukin Airport,Tanta-Tabalong,ID,-2.21656,115.435997,197.0,medium_airport
BDJ,WAOO,Syamsudin Noor International Airport,Banjarbaru,ID,-3.440112,114.761209,66.0,large_airport
LUV,WAPF,Karel Sadsuitubun Airport,Langgur,ID,-5.760278,132.759444,78.0,medium_airport
NAM,WAPN,Namniwel Airport,Namniwel,ID,-3.143159,126.976469,7.0,medium_airport
AMQ,WAPP,Pattimura International Airport,Ambon,ID,-3.71026,128.089005,33.0,large_airport
BEJ,WAQT,Kalimarau Airport,Tanjung Redeb - Borneo Island,ID,2.14776,117.430705,59.0,medium_airport
MLG,WARA,Abdul Rachman Saleh Airport,Malang,ID,-7.929099,112.714233,1726.0,medium_airport
JOG,WAHH,Adisutjipto International Airport,Yogyakarta,ID,-7.78818,110.431999,379.0,medium_airport
SOC,WAHQ,Adisoemarmo International Airport,Surakarta,ID,-7.516044,110.757492,421.0,large_airport
SUB,WARR,Juanda International Airport,Surabaya,ID,-7.37983,112.787003,9.0,large_airport
SRG,WAHS,Jenderal Ahmad Yani Airport,Semarang,ID,-6.970732,110.373244,10.0,large_airport
FKQ,WASF,Fakfak Airport,Fakfak,ID,-2.920508,132.267011,462.0,medium_airport
KNG,WASK,Utarom Airport,Kaimana,ID,-3.6446,133.695116,19.0,medium_airport
MKW,WAUU,Rendani Airport,Manokwari,ID,-0.891833,134.048996,23.0,medium_airport
SOQ,WASS,Domine Eduard Osok Airport,Sorong,ID,-0.894,131.287,10.0,medium_airport
KOE,WATT,El Tari Airport,Kupang,ID,-10.1716,123.670998,335.0,medium_airport
WMX,WAVV,Wamena Airport,Wamena,ID,-4.097324,138.952417,5435.0,medium_airport
WNI,WAWD,Matahora Airport,Wangi-wangi Island,ID,-5.292123,123.636233,88.0,medium_airport
KXB,WAWP,Sangia Nibandera Airport,Kolaka,ID,-4.338158,121.524047,40.0,medium_airport
BTU,WBGB,Bintulu Airport,Bintulu,MY,3.12385010719,113.019996643,74.0,medium_airport
KCH,WBGG,Kuching International Airport,Kuching,MY,1.487364,110.352859,89.0,large_airport
LMN,WBGJ,Limbang Airport,Limbang,MY,4.808300018310547,115.01000213623048,14.0,medium_airport
MKM,WBGK,Mukah Airport,Mukah,MY,2.881944,112.043333,20.0,medium_airport
MUR,WBGM,Marudi Airport,Marudi,MY,4.178734,114.330318,103.0,medium_airport
MYY,WBGR,Miri Airport,Miri,MY,4.32201,113.987,59.0,medium_airport
SBW,WBGS,Sibu Airport,Sibu,MY,2.2616,111.985001,122.0,medium_airport
BBN,WBGZ,Bario Airport,Bario,MY,3.734648,115.478548,3350.0,medium_airport
LDU,WBKD,Lahad Datu Airport,Lahad Datu,MY,5.03241,118.32376,45.0,medium_airport
BKI,WBKK,Kota Kinabalu International Airport,Kota Kinabalu,MY,5.932743,116.049324,10.0,large_airport
LBU,WBKL,Labuan Airport,Labuan,MY,5.301667,115.248333,101.0,medium_airport
SDK,WBKS,Sandakan Airport,Sandakan,MY,5.900899887084961,118.05899810791016,46.0,medium_airport
TWU,WBKW,Tawau Airport,Tawau,MY,4.31338,118.12152,57.0,medium_airport
MZV,WBMU,Mulu Airport,Mulu,MY,4.048329830169678,114.80500030517578,80.0,medium_airport
BWN,WBSB,Brunei International Airport,Bandar Seri Begawan,BN,4.9442,114.928001,73.0,large_airport
PKU,WIBB,Sultan Syarif Kasim II International Airport / Roesmin Nurjadin AFB,Pekanbaru,ID,0.458647,101.444321,102.0,medium_airport
DUM,WIBD,Pinang Kampai Airport,Dumai,ID,1.609026,101.433493,55.0,medium_airport
KJT,WICA,Kertajati International Airport,Kertajati,ID,-6.647384,108.165561,134.0,medium_airport
BDO,WICC,Husein Sastranegara International Airport,Bandung,ID,-6.90063,107.575996,2436.0,medium_airport
BTH,WIDD,Hang Nadim International Airport,Batam,ID,1.12103,104.119003,126.0,large_airport
TNJ,WIDN,Raja Haji Fisabilillah International Airport,Tanjung Pinang-Bintan Island,ID,0.92397,104.53341,52.0,medium_airport
HLP,WIHH,Halim Perdanakusuma International Airport,Jakarta,ID,-6.266989,106.890318,84.0,large_airport
CGK,WIII,Soekarno-Hatta International Airport,Jakarta,ID,-6.12557,106.655998,34.0,large_airport
TKG,WILL,Radin Inten II International Airport,Bandar Lampung,ID,-5.246803,105.182531,282.0,medium_airport
GNS,WIMB,Binaka Airport,Gunungsitoli,ID,1.166275,97.705196,20.0,medium_airport
KNO,WIMM,Kualanamu International Airport,Beringin,ID,3.637847,98.870566,23.0,large_airport
FLZ,WIMS,Dr. Ferdinand Lumban Tobing Airport,Sibolga (Pinangsori),ID,1.557127,98.887145,33.0,medium_airport
LSR,WIMU,Alas Leuser Airport,Kutacane,ID,3.391456,97.863726,419.0,medium_airport
NPO,WIOG,Nanga Pinoh Airport,Nanga Pinoh-Borneo Island,ID,-0.34864,111.746155,123.0,medium_airport
KTG,WIOK,Rahadi Osman Airport,Ketapang,ID,-1.817165,109.963469,46.0,medium_airport
NTX,WIDO,Ranai Airport,Ranai-Natuna Besar Island,ID,3.90871,108.388,7.0,medium_airport
PNK,WIOO,Supadio International Airport,Pontianak,ID,-0.152258,109.404493,10.0,large_airport
PSU,WIOP,Pangsuma Airport,Putussibau-Borneo Island,ID,0.834579,112.940217,297.0,medium_airport
SQG,WIOS,Tebelian Airport,Sintang,ID,-0.045214,111.458049,97.0,medium_airport
PGK,WIKK,Depati Amir Airport,Pangkal Pinang,ID,-2.1622,106.139,109.0,medium_airport
BKS,WIGG,Fatmawati Soekarno Airport,Bengkulu,ID,-3.8637,102.338997,50.0,medium_airport
PLM,WIPP,Sultan Mahmud Badaruddin II Airport,Palembang,ID,-2.897653,104.698147,49.0,medium_airport
PDO,WIPQ,Pendopo Airport,Talang Gudang-Sumatra Island,ID,-3.2860701084136963,103.87999725341795,184.0,medium_airport
PDG,WIEE,Minangkabau International Airport,Padang (Katapiang),ID,-0.785964,100.280384,18.0,large_airport
MEQ,WITC,Cut Nyak Dhien Airport,Kuala Pesisir,ID,4.040998,96.253312,10.0,medium_airport
TXE,WITK,Rembele Airport,Takengon,ID,4.72113,96.851943,4648.0,medium_airport
BTJ,WITT,Sultan Iskandar Muda International Airport,Banda Aceh,ID,5.525087,95.41997,65.0,large_airport
TOD,WMBT,Tioman Airport,Tioman Island,MY,2.81818,104.160004,15.0,medium_airport
AOR,WMKA,Sultan Abdul Halim Airport,Alor Satar,MY,6.189670085906982,100.39800262451172,15.0,medium_airport
KBR,WMKC,Sultan Ismail Petra Airport,Kota Baharu,MY,6.1668500900268555,102.29299926757812,16.0,medium_airport
KUA,WMKD,Kuantan Airport,Kuantan,MY,3.7753899097442623,103.20899963378906,58.0,medium_airport
IPH,WMKI,Sultan Azlan Shah Airport,Ipoh,MY,4.56733,101.091643,130.0,large_airport
JHB,WMKJ,Senai International Airport,Johor Bahru,MY,1.64131,103.669998,135.0,large_airport
KUL,WMKK,Kuala Lumpur International Airport,Sepang,MY,2.74558,101.709999,69.0,large_airport
LGK,WMKL,Langkawi International Airport,Langkawi,MY,6.32973,99.728699,29.0,large_airport
MKZ,WMKM,Malacca International Airport,Malacca,MY,2.265613,102.252778,35.0,medium_airport
TGG,WMKN,Sultan Mahmud Airport,Kuala Terengganu,MY,5.3826398849487305,103.10299682617188,21.0,medium_airport
PEN,WMKP,Penang International Airport,Penang,MY,5.296303,100.276185,11.0,large_airport
SZB,WMSA,Sultan Abdul Aziz Shah International Airport,Subang,MY,3.13058,101.549004,90.0,large_airport
UAI,WPDB,"Commander in Chief of FALINTIL, Kay Rala Xanana Gusmão, International Airport",Suai,TL,-9.301856,125.286302,96.0,medium_airport
DIL,WPDL,Presidente Nicolau Lobato International Airport,Dili,TL,-8.546562,125.524507,154.0,large_airport
BCH,WPEC,Baucau Airport,Baucau,TL,-8.486479,126.399981,1771.0,medium_airport
OEC,WPOC,Oecusse Route of the Sandalwood International Airport,Oecussi-Ambeno,TL,-9.198419,124.337873,,large_airport
XSP,WSSL,Seletar Airport,Seletar,SG,1.41555,103.86673,36.0,medium_airport
SIN,WSSS,Singapore Changi Airport,Singapore,SG,1.35019,103.994003,22.0,large_airport
ALH,YABA,Albany Airport,Albany,AU,-34.943333,117.808889,233.0,medium_airport
ARM,YARM,Armidale Airport,Armidale,AU,-30.528099060099997,151.617004395,3556.0,medium_airport
AYQ,YAYE,Ayers Rock Connellan Airport,Yulara,AU,-25.185913,130.97703,1626.0,medium_airport
BCI,YBAR,Barcaldine Airport,Barcaldine,AU,-23.566268,145.302086,878.0,medium_airport
ASP,YBAS,Alice Springs Airport,Alice Springs,AU,-23.806588,133.903427,1789.0,medium_airport
BNE,YBBN,Brisbane International Airport,Brisbane,AU,-27.384199142456055,153.11700439453125,13.0,large_airport
OOL,YBCG,Gold Coast Airport,Gold Coast,AU,-28.165962,153.506641,21.0,large_airport
BKQ,YBCK,Blackall Airport,Blackall,AU,-24.431678,145.429716,928.0,medium_airport
CNS,YBCS,Cairns International Airport,Cairns,AU,-16.878921,145.74948,10.0,large_airport
CTL,YBCV,Charleville Airport,Charleville,AU,-26.4132995605,146.261993408,1003.0,medium_airport
BVI,YBDV,Birdsville Airport,,AU,-25.897499084472656,139.34800720214844,159.0,medium_airport
BHQ,YBHI,Broken Hill Airport,Broken Hill,AU,-32.0013999939,141.472000122,958.0,medium_airport
HTI,YBHM,Hamilton Island Airport,Hamilton Island,AU,-20.3581008911,148.95199585,15.0,medium_airport
BEU,YBIE,Bedourie Airport,Bedourie,AU,-24.3461,139.460007,300.0,medium_airport
BRK,YBKE,Bourke Airport,,AU,-30.03919982910156,145.95199584960938,352.0,medium_airport
ISA,YBMA,Mount Isa Airport,Mount Isa,AU,-20.66638,139.488468,1121.0,medium_airport
MKY,YBMK,Mackay Airport,Mackay,AU,-21.170816,149.182588,19.0,medium_airport
BNK,YBNA,Ballina Byron Gateway Airport,Ballina,AU,-28.833236,153.561471,7.0,medium_airport
OKY,YBOK,Oakey Army Aviation Centre,,AU,-27.409262,151.736727,1335.0,medium_airport
BQL,YBOU,Boulia Airport,,AU,-22.913299560546875,139.89999389648438,542.0,medium_airport
PPP,YBPN,Proserpine Whitsunday Coast Airport,Proserpine,AU,-20.494416,148.553583,82.0,medium_airport
ROK,YBRK,Rockhampton Airport,Rockhampton,AU,-23.380019,150.475359,34.0,medium_airport
BME,YBRM,Broome International Airport,Broome,AU,-17.949194,122.2283,56.0,large_airport
MCY,YBSU,Sunshine Coast Airport,Maroochydore,AU,-26.593324,153.08319,15.0,large_airport
BHS,YBTH,Bathurst Airport,Bathurst,AU,-33.406817,149.651161,2435.0,medium_airport
TSV,YBTL,Townsville Airport / RAAF Base Townsville,Townsville,AU,-19.252904,146.766512,18.0,medium_airport
BDB,YBUD,Bundaberg Airport,Bundaberg,AU,-24.905039,152.322612,107.0,medium_airport
WEI,YBWP,Weipa Airport,Weipa,AU,-12.677493,141.922618,63.0,medium_airport
WTB,YBWW,Toowoomba Wellcamp Airport,Toowoomba,AU,-27.558332,151.793335,1509.0,large_airport
CVQ,YCAR,Carnarvon Airport,Carnarvon,AU,-24.884337,113.666393,13.0,medium_airport
CAZ,YCBA,Cobar Airport,,AU,-31.538299560546875,145.79400634765625,724.0,medium_airport
CPD,YCBP,Coober Pedy Airport,Coober Pedy,AU,-29.038312,134.722166,740.0,medium_airport
CNJ,YCCY,Cloncurry Airport,Cloncurry,AU,-20.6686000824,140.503997803,616.0,medium_airport
CED,YCDU,Ceduna Airport,,AU,-32.13059997558594,133.7100067138672,77.0,medium_airport
CFS,YCFS,Coffs Harbour Airport,Coffs Harbour,AU,-30.320601,153.115997,18.0,medium_airport
CTN,YCKN,Cooktown Airport,,AU,-15.443649,145.183221,26.0,medium_airport
CMA,YCMU,Cunnamulla Airport,,AU,-28.030000686645508,145.6219940185547,630.0,medium_airport
CNB,YCNM,Coonamble Airport,,AU,-30.980946,148.377833,604.0,medium_airport
CUQ,YCOE,Coen Airport,Coen,AU,-13.761133,143.113311,532.0,medium_airport
OOM,YCOM,Cooma Snowy Mountains Airport,Cooma,AU,-36.300445,148.972408,3088.0,medium_airport
DPO,YDPO,Devonport Airport,Devonport,AU,-41.1697006226,146.429992676,33.0,medium_airport
ELC,YELD,Elcho Island Airport,Elcho Island,AU,-12.019399642899998,135.570999146,101.0,medium_airport
EMD,YEML,Emerald Airport,Emerald,AU,-23.5674991608,148.179000854,624.0,medium_airport
EPR,YESP,Esperance Airport,Esperance,AU,-33.684399,121.822998,470.0,medium_airport
FIZ,YFTZ,Fitzroy Crossing Airport,,AU,-18.183596,125.559783,368.0,medium_airport
GET,YGEL,Geraldton Airport,Moonyoonooka,AU,-28.796101,114.707001,121.0,medium_airport
GLT,YGLA,Gladstone Airport,Gladstone,AU,-23.869763,151.225439,64.0,medium_airport
GTE,YGTE,Groote Eylandt Airport,Groote Eylandt,AU,-13.972405,136.458553,53.0,medium_airport
GFF,YGTH,Griffith Airport,Griffith,AU,-34.2508010864,146.067001343,439.0,medium_airport
HVB,YHBA,Hervey Bay Airport,Hervey Bay,AU,-25.320127,152.880662,60.0,medium_airport
HID,YHID,Horn Island Airport,Horn,AU,-10.585636,142.29277,43.0,medium_airport
MHU,YHOT,Mount Hotham Airport,Mount Hotham,AU,-37.0475006104,147.333999634,4260.0,medium_airport
KNS,YKII,King Island Airport,,AU,-39.877498626708984,143.8780059814453,132.0,medium_airport
KWM,YKOW,Kowanyama Airport,Kowanyama,AU,-15.485369,141.752572,35.0,medium_airport
KGC,YKSC,Kingscote Airport,,AU,-35.71390151977539,137.52099609375,24.0,medium_airport
LNO,YLEO,Leonora Airport,Leonora,AU,-28.87809944152832,121.31500244140624,1217.0,medium_airport
IRG,YLHR,Lockhart River Airport,Lockhart River,AU,-12.7869,143.304993,77.0,medium_airport
LSY,YLIS,Lismore Airport,Lismore,AU,-28.830689,153.258419,35.0,medium_airport
LHG,YLRD,Lightning Ridge Airport,,AU,-29.452857,147.977146,540.0,medium_airport
LRE,YLRE,Longreach Airport,Longreach,AU,-23.43202,144.277492,627.0,medium_airport
LER,YLST,Leinster Airport,,AU,-27.843299865722656,120.7030029296875,1631.0,medium_airport
AVV,YMAV,Melbourne Avalon International Airport,Geelong/Melbourne,AU,-38.040269,144.467196,35.0,large_airport
ABX,YMAY,Albury Airport,East Albury,AU,-36.066758,146.959148,539.0,medium_airport
MKR,YMEK,Meekatharra Airport,,AU,-26.6117000579834,118.5479965209961,1713.0,medium_airport
MEB,YMEN,Melbourne Essendon Airport,Essendon Fields,AU,-37.7281,144.901993,282.0,medium_airport
MIM,YMER,Merimbula Airport,Merimbula,AU,-36.9085998535,149.901000977,7.0,medium_airport
MNG,YMGD,Maningrida Airport,Maningrida,AU,-12.0560998917,134.23399353,123.0,medium_airport
HBA,YMHB,Hobart International Airport,Hobart (Cambridge),AU,-42.837032,147.513022,13.0,large_airport
MQL,YMIA,Mildura Airport,Mildura,AU,-34.229198455799995,142.085998535,167.0,medium_airport
LST,YMLT,Launceston Airport,Launceston (Western Junction),AU,-41.544935,147.210785,562.0,medium_airport
MBW,YMMB,Melbourne Moorabbin Airport,Melbourne,AU,-37.977765,145.099799,50.0,medium_airport
MEL,YMML,Melbourne Airport,Melbourne,AU,-37.670732,144.837898,434.0,large_airport
MMG,YMOG,Mount Magnet Airport,,AU,-28.116100311279297,117.84200286865234,1354.0,medium_airport
MRZ,YMOR,Moree Airport,Moree,AU,-29.498899459799997,149.845001221,701.0,medium_airport
MOV,YMRB,Moranbah Airport,Moranbah,AU,-22.057800293,148.07699585,770.0,medium_airport
MYA,YMRY,Moruya Airport,Moruya,AU,-35.8978004456,150.143997192,14.0,medium_airport
MGB,YMTG,Mount Gambier Airport,Mount Gambier,AU,-37.744382,140.780561,,medium_airport
NRA,YNAR,Narrandera Airport,Narrandera,AU,-34.7022018433,146.511993408,474.0,medium_airport
NAA,YNBR,Narrabri Airport,Narrabri,AU,-30.3192005157,149.82699585,788.0,medium_airport
NTN,YNTN,Normanton Airport,Normanton,AU,-17.68409,141.069664,73.0,medium_airport
ZNE,YNWN,Newman Airport,Newman,AU,-23.4178009033,119.803001404,1724.0,medium_airport
ADL,YPAD,Adelaide International Airport,Adelaide,AU,-34.947512,138.533393,20.0,large_airport
PUG,YPAG,Port Augusta Airport,,AU,-32.506900787353516,137.7169952392578,56.0,medium_airport
PBO,YPBO,Paraburdoo Airport,Paraburdoo,AU,-23.1711006165,117.745002747,1406.0,medium_airport
CCK,YPCC,Cocos (Keeling) Islands Airport,West Island,CC,-12.192218,96.834103,10.0,large_airport
DRW,YPDN,Darwin International Airport / RAAF Darwin,Darwin,AU,-12.41497,130.88185,103.0,large_airport
GOV,YPGV,Gove Airport,Nhulunbuy,AU,-12.269399642899998,136.817993164,192.0,medium_airport
KTA,YPKA,Karratha Airport,Karratha,AU,-20.712200164799995,116.773002625,29.0,medium_airport
KGI,YPKG,Kalgoorlie Boulder Airport,Broadwood,AU,-30.791543,121.464586,1203.0,medium_airport
PKE,YPKS,Parkes Airport,Parkes,AU,-33.131401062,148.238998413,1069.0,medium_airport
KNX,YPKU,East Kimberley Regional (Kununurra) Airport,Kununurra,AU,-15.7781,128.707993,145.0,medium_airport
PLO,YPLC,Port Lincoln Airport,Port Lincoln,AU,-34.6053009033,135.880004883,36.0,medium_airport
LEA,YPLM,Learmonth Airport,Exmouth,AU,-22.235201,114.090024,19.0,medium_airport
PQQ,YPMQ,Port Macquarie Airport,Port Macquarie,AU,-31.4358005524,152.863006592,12.0,medium_airport
PTJ,YPOD,Portland Airport,,AU,-38.31809997558594,141.4709930419922,265.0,medium_airport
PHE,YPPD,Port Hedland International Airport,Port Hedland,AU,-20.382787,118.629789,33.0,large_airport
PER,YPPH,Perth International Airport,Perth,AU,-31.94029998779297,115.96700286865234,67.0,large_airport
XCH,YPXM,Christmas Island International Airport,Flying Fish Cove,CX,-10.450387,105.6911,916.0,medium_airport
ULP,YQLP,Quilpie Airport,,AU,-26.609176,144.253746,655.0,medium_airport
RMA,YROM,Roma Airport,Roma,AU,-26.545000076300003,148.774993896,1032.0,medium_airport
CBR,YSCB,Canberra Airport,Canberra,AU,-35.3069,149.195007,1886.0,medium_airport
DBO,YSDU,Dubbo City Regional Airport,Dubbo,AU,-32.2167015076,148.574996948,935.0,medium_airport
MJK,YSHK,Shark Bay Airport,Denham,AU,-25.897294,113.575802,111.0,medium_airport
SNB,YSNK,Snake Bay Airport,Milikapiti,AU,-11.417674,130.648481,173.0,medium_airport
NLK,YSNF,Norfolk Island International Airport,Burnt Pine,NF,-29.041759,167.939474,371.0,medium_airport
SYD,YSSY,Sydney Kingsford Smith International Airport,Sydney (Mascot),AU,-33.946098,151.177002,21.0,large_airport
TMW,YSTW,Tamworth Airport,Tamworth,AU,-31.077898,150.845484,1334.0,medium_airport
WGA,YSWG,Wagga Wagga Airport,Forest Hill,AU,-35.163484,147.46832,724.0,medium_airport
XTG,YTGM,Thargomindah Airport,Thargomindah,AU,-27.986368,143.812065,433.0,medium_airport
THG,YTNG,Thangool Airport,Biloela,AU,-24.494863,150.577967,644.0,medium_airport
TCA,YTNK,Tennant Creek Airport,Tennant Creek,AU,-19.6343994140625,134.18299865722656,1236.0,medium_airport
WNR,YWDH,Windorah Airport,Windorah,AU,-25.410641,142.668428,452.0,medium_airport
WYA,YWHA,Whyalla Airport,Whyalla,AU,-33.05889892578125,137.51400756835938,41.0,medium_airport
WGE,YWLG,Walgett Airport,,AU,-30.032801,148.126007,439.0,medium_airport
NTL,YWLM,Newcastle Airport,Williamtown,AU,-32.796114,151.835025,31.0,large_airport
WUN,YWLU,Wiluna Airport,,AU,-26.632691,120.221906,1649.0,medium_airport
WIN,YWTN,Winton Airport,,AU,-22.36359977722168,143.08599853515625,638.0,medium_airport
BWT,YWYY,Wynyard Airport,Burnie,AU,-40.997039,145.726,62.0,medium_airport
PEK,ZBAA,Beijing Capital International Airport,Beijing,CN,40.077349,116.596702,116.0,large_airport
PKX,ZBAD,Beijing Daxing International Airport,Beijing,CN,39.501289,116.413967,98.0,large_airport
CDE,ZBCD,Chengde Puning Airport,Chengde,CN,41.1225,118.073889,,medium_airport
CIF,ZBCF,Chifeng Yulong Airport,Chifeng,CN,42.159723,118.840971,2018.0,medium_airport
BPE,ZBDH,Qinhuangdao Beidaihe Airport,Qinhuangdao (Changli),CN,39.666384,119.061384,46.0,medium_airport
DSN,ZBDS,Ordos Ejin Horo International Airport,Ordos,CN,39.493514,109.8599,4557.0,large_airport
DAT,ZBDT,Datong Yungang International Airport,Datong,CN,40.06139,113.480509,3442.0,large_airport
ERL,ZBER,Erenhot Saiwusu International Airport,Erenhot,CN,43.424079,112.091081,3301.0,medium_airport
YIE,ZBES,Arxan Yi'ershi Airport,Arxan,CN,47.3106,119.9117,2925.0,medium_airport
HDG,ZBHD,Handan Airport,Handan,CN,36.524824,114.424126,229.0,medium_airport
HET,ZBHH,Hohhot Baita International Airport,Hohhot,CN,40.849658,111.824598,3556.0,large_airport
HUO,ZBHZ,Holingol Huolinhe Airport,Holingol,CN,45.487222,119.407222,,medium_airport
HLD,ZBLA,Hulunbuir Hailar Airport,Hailar,CN,49.208616,119.822301,2169.0,large_airport
LFQ,ZBLF,Linfen Yaodu Airport,Linfen (Yaodu),CN,36.132629,111.641236,1483.0,medium_airport
LLV,ZBLL,Lüliang Dawu Airport,Lüliang,CN,37.683333,111.142778,,medium_airport
NZH,ZBMZ,Manzhouli Xijiao Airport,Manzhouli,CN,49.566667,117.33,2231.0,medium_airport
BAV,ZBOW,Baotou Donghe International Airport,Baotou,CN,40.560001,109.997002,3321.0,large_airport
SZH,ZBSG,Shuozhou Zirun Airport,Shuozhou,CN,39.273241,112.691552,,medium_airport
SJW,ZBSJ,Shijiazhuang Zhengding International Airport,Shijiazhuang,CN,38.280701,114.696999,233.0,large_airport
TSN,ZBTJ,Tianjin Binhai International Airport,Tianjin,CN,39.124401092499994,117.346000671,10.0,large_airport
TGO,ZBTL,Tongliao Airport,Tongliao,CN,43.556702,122.199997,2395.0,medium_airport
UCB,ZBUC,Ulanqab Jining Airport,Ulanqab,CN,41.130266,113.107274,,medium_airport
WUA,ZBUH,Wuhai Airport,Wuhai,CN,39.7934,106.7993,3650.0,medium_airport
XIL,ZBXH,Xilinhot Airport,Xilinhot,CN,43.91559982299805,115.96399688720705,,medium_airport
YCU,ZBYC,Yuncheng Yanhu International Airport,Yuncheng (Yanhu),CN,35.117823,111.034023,1242.0,large_airport
TYN,ZBYN,Taiyuan Wusu International Airport,Taiyuan,CN,37.746899,112.627998,2575.0,large_airport
RLK,ZBYZ,Bayannur Tianjitai Airport,Bayannur,CN,40.926358,107.74093,3400.0,medium_airport
ZQZ,ZBZJ,Zhangjiakou Ningyuan Airport,Zhangjiakou,CN,40.738664,114.933395,2347.0,medium_airport
NZL,ZBZL,Zhalantun Genghis Khan Airport,Zhalantun,CN,47.865942,122.768662,928.0,medium_airport
BHY,ZGBH,Beihai Fucheng Airport,Beihai,CN,21.538659,109.293683,75.0,medium_airport
AEB,ZGBS,Baise (Bose) Bama Airport,Baise (Tianyang),CN,23.7206,106.959999,490.0,medium_airport
CGD,ZGCD,Changde Taohuayuan Airport,Changde (Dingcheng),CN,28.9189,111.639999,128.0,medium_airport
HJJ,ZGCJ,Huaihua Zhijiang Airport,Huaihua,CN,27.443087,109.704666,882.0,medium_airport
HCZ,ZGCZ,Chenzhou Beihu Airport,Chenzhou,CN,25.753419,112.845404,1071.0,medium_airport
DYG,ZGDY,Zhangjiajie Hehua International Airport,Zhangjiajie (Yongding),CN,29.104749,110.442786,8530.0,large_airport
FUO,ZGFS,Foshan Shadi Airport,Foshan (Nanhai),CN,23.0825,113.070833,6.0,medium_airport
CAN,ZGGG,Guangzhou Baiyun International Airport,Guangzhou (Huadu),CN,23.392401,113.299004,50.0,large_airport
CSX,ZGHA,Changsha Huanghua International Airport,Changsha (Changsha),CN,28.189199,113.220001,217.0,large_airport
HCJ,ZGHC,Hechi Jinchengjiang Airport,Hechi (Jinchengjiang),CN,24.804344,107.710819,2221.0,medium_airport
HUZ,ZGHZ,Huizhou Pingtan Airport,Huizhou (Pingtan),CN,23.049999,114.599998,50.0,medium_airport
KWL,ZGKL,Guilin Liangjiang International Airport,Guilin (Lingui),CN,25.219828,110.039553,570.0,large_airport
LLF,ZGLG,Yongzhou Lingling Airport,Yongzhou,CN,26.338661,111.610043,340.0,medium_airport
NNG,ZGNN,Nanning Wuxu International Airport,Nanning (Jiangnan),CN,22.598071,108.181922,421.0,large_airport
SWA,ZGOW,Jieyang Chaoshan International Airport,Jieyang (Rongcheng),CN,23.552,116.5033,,large_airport
ZUH,ZGSD,Zhuhai Jinwan Airport,Zhuhai (Jinwan),CN,22.006399,113.375999,23.0,large_airport
WGN,ZGSY,Shaoyang Wugang Airport,Shaoyang (Wugang),CN,26.806123,110.641042,1444.0,medium_airport
SZX,ZGSZ,Shenzhen Bao'an International Airport,Shenzhen,CN,22.639474,113.803262,13.0,large_airport
WUZ,ZGWZ,Wuzhou Xijiang Airport,Tangbu,CN,23.40316,111.09331,357.0,medium_airport
YLX,ZGYL,Yulin Fumian Airport,Yulin,CN,22.433042,110.119996,328.0,medium_airport
YYA,ZGYY,Yueyang Sanhe Airport,Yueyang (Yueyanglou),CN,29.311699,113.281574,230.0,medium_airport
LZH,ZGZH,Liuzhou Bailian Airport / Bailian Air Base,Liuzhou (Liujiang),CN,24.2075,109.390999,295.0,medium_airport
ZHA,ZGZJ,Zhanjiang Wuchuan International Airport,Zhanjiang,CN,21.481667,110.590278,,large_airport
CGO,ZHCC,Zhengzhou Xinzheng International Airport,Zhengzhou,CN,34.526497,113.849165,495.0,large_airport
EHU,ZHEC,Ezhou Huahu International Airport,Ezhou,CN,30.341178,115.03926,86.0,large_airport
ENH,ZHES,Enshi Xujiaping Airport,Enshi (Enshi),CN,30.320299,109.485001,1605.0,medium_airport
WUH,ZHHH,Wuhan Tianhe International Airport,Wuhan (Huangpi),CN,30.774798,114.213723,113.0,large_airport
SHS,ZHJZ,Jingzhou Shashi Airport,Jingzhou (Shashi),CN,30.29281,112.44854,95.0,medium_airport
LYA,ZHLY,Luoyang Beijiao Airport,Luoyang (Laocheng),CN,34.7411,112.388,840.0,large_airport
HPG,ZHSN,Shennongjia Hongping Airport,Shennongjia (Hongping),CN,31.626,110.34,8365.0,medium_airport
WDS,ZHSY,Shiyan Wudangshan Airport,Shiyan (Maojian),CN,32.592889,110.906296,,medium_airport
XFN,ZHXF,Xiangyang Liuji Airport,Xiangyang (Xiangzhou),CN,32.152222,112.291666,234.0,medium_airport
XAI,ZHXY,Xinyang Minggang Airport,Xinyang,CN,32.540819,114.079141,312.0,medium_airport
YIH,ZHYC,Yichang Sanxia Airport,Yichang (Xiaoting),CN,30.554132,111.482563,673.0,medium_airport
HAK,ZJHK,Haikou Meilan International Airport,Haikou (Meilan),CN,19.9349,110.459,75.0,large_airport
BAR,ZJQH,Qionghai Bo'ao Airport,Qionghai (Basuo),CN,19.140951,110.452766,30.0,medium_airport
SYX,ZJSY,Sanya Phoenix International Airport,Sanya (Tianya),CN,18.3029,109.412003,92.0,large_airport
RGO,ZKHM,Orang (Chongjin) Airport,Hoemun-ri,KP,41.428538,129.647555,12.0,medium_airport
FNJ,ZKPY,Pyongyang Sunan International Airport,Pyongyang,KP,39.224098,125.669998,117.0,large_airport
DSO,ZKSD,Sondok Airport,Sŏndŏng-ni,KP,39.745201,127.473999,12.0,medium_airport
WOS,ZKWS,Wonsan Kalma Airport,Wonsan,KP,39.165219,127.487931,7.0,medium_airport
DNH,ZLDH,Dunhuang Mogao International Airport,Dunhuang,CN,40.161953,94.812827,,large_airport
HXD,ZLDL,Haixi Delingha Airport,Delingha,CN,37.125286,97.268658,9843.0,medium_airport
GMQ,ZLGL,Golog Maqên Airport,Golog (Maqên),CN,34.418066,100.301144,12426.0,medium_airport
GOQ,ZLGM,Golmud Airport,Golmud,CN,36.4006,94.786102,9334.0,medium_airport
GYU,ZLGY,Guyuan Liupanshan Airport,Guyuan (Yuanzhou),CN,36.078889,106.216944,5727.0,medium_airport
HTT,ZLHX,Huatugou Airport,Mengnai,CN,38.201645,90.837843,2945.0,medium_airport
HZG,ZLHZ,Hanzhong Chenggu Airport,Hanzhong (Chenggu),CN,33.133527,107.203817,,medium_airport
INC,ZLIC,Yinchuan Hedong International Airport,Yinchuan,CN,38.322758,106.393214,3743.0,large_airport
JIC,ZLJC,Jinchang Jinchuan Airport,Jinchang,CN,38.542222,102.348333,4740.0,medium_airport
JGN,ZLJQ,Jiayuguan International Airport,Jiayuguan,CN,39.859052,98.339344,5112.0,large_airport
LHW,ZLLL,Lanzhou Zhongchuan International Airport,Lanzhou (Yongdeng),CN,36.515202,103.620003,6388.0,large_airport
LNL,ZLLN,Longnan Chengzhou Airport,Longnan (Cheng),CN,33.789918,105.790014,3707.0,medium_airport
IQN,ZLQY,Qingyang Xifeng Airport,Qingyang (Xifeng),CN,35.802638,107.598896,,medium_airport
THQ,ZLTS,Tianshui Maijishan Airport,Tianshui (Maiji),CN,34.5601,105.860343,3590.0,medium_airport
GXH,ZLXH,Gannan Xiahe Airport,Gannan (Xiahe),CN,34.819014,102.622261,10510.0,medium_airport
XNN,ZLXN,Xining Caojiabao International Airport,Haidong (Huzhu Tu Autonomous County),CN,36.52775,102.040215,7119.0,large_airport
XIY,ZLXY,Xi'an Xianyang International Airport,Xi'an,CN,34.442207,108.762385,1572.0,large_airport
ENY,ZLYA,Yan'an Nanniwan Airport,Yan'an (Baota),CN,36.479413,109.464083,,medium_airport
UYN,ZLYL,Yulin Yuyang Airport,Yulin,CN,38.35971,109.590927,3891.0,medium_airport
YUS,ZLYS,Yushu Batang Airport,Yushu (Batang),CN,32.836389,97.036389,12816.0,medium_airport
ZHY,ZLZW,Zhongwei Shapotou Airport,Zhongwei (Shapotou),CN,37.573125,105.154454,4088.0,medium_airport
YZY,ZLZY,Zhangye Ganzhou Airport,Zhangye (Ganzhou),CN,38.801899,100.675003,5280.0,medium_airport
AVK,ZMAH,Arvaikheer Airport,Arvaikheer,MN,46.250301361083984,102.802001953125,5932.0,medium_airport
LTI,ZMAT,Altai Airport,Altai,MN,46.37639999389648,96.22109985351562,7260.0,medium_airport
BYN,ZMBH,Bayankhongor Airport,Bayankhongor,MN,46.1633,100.704002,6085.0,medium_airport
UGA,ZMBN,Bulgan Airport,Bulgan,MN,48.85499954223633,103.47599792480467,4311.0,medium_airport
COQ,ZMCD,Choibalsan Airport,,MN,48.135381,114.647231,2457.0,medium_airport
UBN,ZMCK,Ulaanbaatar Chinggis Khaan International Airport,Ulaanbaatar (Sergelen),MN,47.646916,106.819833,4482.0,large_airport
DLZ,ZMDZ,Dalanzadgad Airport,Dalanzadgad,MN,43.608628,104.367734,4787.0,medium_airport
HVD,ZMKD,Khovd Airport,Khovd,MN,47.954102,91.628197,4898.0,medium_airport
MXV,ZMMN,Mörön Airport,Mörön,MN,49.663677,100.100028,4272.0,medium_airport
ULO,ZMUG,Ulaangom Airport,Ulaangom,MN,50.066588,91.938273,5676.0,medium_airport
ULG,ZMUL,Ölgii Mongolei International Airport,Ölgii,MN,48.993301,89.922501,5732.0,medium_airport
BSD,ZPBS,Baoshan Yunrui Airport,Baoshan (Longyang),CN,25.053301,99.168297,5453.0,medium_airport
CWJ,ZPCW,Cangyuan Washan Airport,Lincang (Cangyuan),CN,23.276331,99.373169,,medium_airport
DLU,ZPDL,Dali Fengyi Airport,Dali (Xiaguan),CN,25.649401,100.319,7050.0,medium_airport
DIG,ZPDQ,Diqing Shangri-La Airport,Diqing (Shangri-La),CN,27.7936,99.6772,10761.0,medium_airport
JHG,ZPJH,Xishuangbanna Gasa International Airport,Jinghong (Gasa),CN,21.974648,100.762224,1815.0,large_airport
JMJ,ZPJM,Lancang Jingmai Airport,Pu'er (Lancang),CN,22.417733,99.784012,,medium_airport
LNJ,ZPLC,Lincang Boshang Airport,Lincang,CN,23.7381,100.025002,6230.0,medium_airport
LJG,ZPLJ,Lijiang Sanyi International Airport,Lijiang,CN,26.677483,100.244944,7359.0,large_airport
LUM,ZPMS,Dehong Mangshi International Airport,Dehong (Mangshi),CN,24.4011,98.5317,2890.0,medium_airport
KMG,ZPPP,Kunming Changshui International Airport,Kunming,CN,25.110313,102.936743,6903.0,large_airport
XMN,ZSAM,Xiamen Gaoqi International Airport,Xiamen,CN,24.543889,118.127454,59.0,large_airport
AQG,ZSAQ,Anqing Tianzhushan Airport / Anqing North Air Base,Anqing,CN,30.582199,117.050003,,medium_airport
CZX,ZSCG,Changzhou Benniu International Airport,Changzhou,CN,31.920485,119.77546,33.0,medium_airport
KHN,ZSCN,Nanchang Changbei International Airport,Nanchang,CN,28.864815,115.90271,143.0,large_airport
DOY,ZSDY,Dongying Shengli Airport,Dongying (Kenli),CN,37.50137,118.789863,15.0,medium_airport
FUG,ZSFY,Fuyang Xiguan Airport,"Yingzhou, Fuyang",CN,32.882157,115.734364,104.0,medium_airport
FOC,ZSFZ,Fuzhou Changle International Airport,Fuzhou (Changle),CN,25.929254,119.672524,46.0,large_airport
HGH,ZSHC,Hangzhou Xiaoshan International Airport,Hangzhou,CN,30.23609,120.428865,23.0,large_airport
HZA,ZSHZ,Heze Mudan Airport,Heze (Dingtao),CN,35.212972,115.736748,,medium_airport
JDZ,ZSJD,Jingdezhen Luojia Airport,Jingdezhen,CN,29.3386,117.176003,112.0,medium_airport
JNG,ZSJG,Jining Da'an Airport,Jining,CN,35.647358,116.743269,171.0,medium_airport
TNA,ZSJN,Jinan Yaoqiang International Airport,Jinan (Licheng),CN,36.857201,117.216003,76.0,large_airport
JUZ,ZSJU,Quzhou Airport,Quzhou (Kezheng),CN,28.96613,118.898793,213.0,medium_airport
LYG,ZSLG,Lianyungang Huaguoshan International Airport,Lianyungang,CN,34.41406,119.17899,,large_airport
LCX,ZSLO,Liancheng Guanzhishan Airport,Longyan (Liancheng),CN,25.67592,116.745907,1225.0,medium_airport
HYN,ZSLQ,Taizhou Luqiao Airport,Taizhou (Luqiao),CN,28.562201,121.429001,,medium_airport
LYI,ZSLY,Linyi Qiyang Airport,Linyi (Hedong),CN,35.052918,118.411828,177.0,medium_airport
NGB,ZSNB,Ningbo Lishe International Airport,Ningbo,CN,29.82670021057129,121.46199798583984,13.0,large_airport
NKG,ZSNJ,Nanjing Lukou International Airport,Nanjing,CN,31.735032,118.865949,49.0,large_airport
NTG,ZSNT,Nantong Xingdong International Airport,Nantong (Tongzhou),CN,32.073566,120.980076,16.0,medium_airport
HFE,ZSOF,Hefei Xinqiao International Airport,Hefei,CN,31.98779,116.9769,207.0,large_airport
PVG,ZSPD,Shanghai Pudong International Airport,Shanghai (Pudong),CN,31.1434,121.805,13.0,large_airport
TAO,ZSQD,Qingdao Jiaodong International Airport,Qingdao (Jiaozhou),CN,36.361953,120.088171,30.0,large_airport
JJN,ZSQZ,Quanzhou Jinjiang International Airport,Quanzhou,CN,24.795855,118.588599,39.0,large_airport
RIZ,ZSRZ,Rizhao Shanzihe Airport,Rizhao (Donggang),CN,35.405033,119.324403,121.0,medium_airport
HIA,ZSSH,Huai'an Lianshui Airport,Huai'an,CN,33.792712,119.126657,28.0,large_airport
SQJ,ZSSM,Sanming Shaxian Airport,Sanming (Sha),CN,26.4263,117.8336,830.0,medium_airport
SQD,ZSSR,Shangrao Sanqingshan Airport,Shangrao (Hengfeng),CN,28.3797,117.9643,340.0,medium_airport
SHA,ZSSS,Shanghai Hongqiao International Airport,Shanghai (Minhang),CN,31.198104,121.33426,10.0,large_airport
TXN,ZSTX,Huangshan Tunxi International Airport,Huangshan,CN,29.733299,118.255997,,large_airport
WHA,ZSWA,Wuhu Xuanzhou Airport,Wuhu,CN,31.1045,118.66687,80.0,medium_airport
WEF,ZSWF,Weifang Nanyuan Airport,Weifang (Kuiwen),CN,36.646702,119.119003,,medium_airport
WEH,ZSWH,Weihai Dashuibo Airport,Weihai,CN,37.187099,122.228996,145.0,medium_airport
WUX,ZSWX,Sunan Shuofang International Airport,Wuxi,CN,31.496952,120.43038,24.0,large_airport
WUS,ZSWY,Nanping Wuyishan Airport,Wuyishan,CN,27.7019,118.000999,614.0,medium_airport
WNZ,ZSWZ,Wenzhou Longwan International Airport,Wenzhou (Longwan),CN,27.910572,120.853465,13.0,large_airport
XUZ,ZSXZ,Xuzhou Guanyin International Airport,Xuzhou,CN,34.059056,117.555278,108.0,medium_airport
YTY,ZSYA,Yangzhou Taizhou Airport,Yangzhou,CN,32.5634,119.7198,7.0,medium_airport
YIC,ZSYC,Yichun Mingyueshan Airport,Yichun,CN,27.8025,114.3062,430.0,medium_airport
YNZ,ZSYN,Yancheng Nanyang International Airport,Yancheng (Tinghu),CN,33.428317,120.20545,10.0,large_airport
YNT,ZSYT,Yantai Penglai International Airport,Yantai,CN,37.659724,120.978124,154.0,large_airport
YIW,ZSYW,Yiwu Airport,Yiwu/Jinhua,CN,29.342095,120.03116,262.0,large_airport
HSN,ZSZS,Zhoushan Putuoshan International Airport,Zhoushan,CN,29.933874,122.362307,6.0,large_airport
NGQ,ZUAL,Ngari Gunsa Airport,Shiquanhe,CN,32.09794,80.053971,14022.0,medium_airport
AVA,ZUAS,Anshun Huangguoshu Airport,Anshun (Xixiu),CN,26.260556,105.873333,4812.0,medium_airport
BPX,ZUBD,Qamdo Bangda Airport,Bangda,CN,30.553600311279297,97.1082992553711,14219.0,medium_airport
BFJ,ZUBJ,Bijie Feixiong Airport,Bijie,CN,27.267066,105.472097,4751.0,medium_airport
CKG,ZUCK,Chongqing Jiangbei International Airport,Chongqing,CN,29.712254,106.651895,1365.0,large_airport
DZH,ZUDA,Dazhou Jinya Airport,Dazhou (Dachuan),CN,31.048815,107.435646,1342.0,medium_airport
DCY,ZUDC,Daocheng Yading Airport,Garzê (Daocheng),CN,29.31632,100.060317,14472.0,medium_airport
GYS,ZUGU,Guangyuan Panlong Airport,Guangyuan (Lizhou),CN,32.390254,105.694571,,medium_airport
KWE,ZUGY,Guiyang Longdongbao International Airport,Guiyang (Nanming),CN,26.541805,106.80402,3736.0,large_airport
JZH,ZUJZ,Jiuzhai Huanglong Airport,Ngawa (Songpan),CN,32.853333,103.682222,11327.0,medium_airport
KGT,ZUKD,Kangding Airport,Garzê (Kangding),CN,30.142464,101.73872,14042.0,medium_airport
KJH,ZUKJ,Kaili Huangping Airport,Kaili  (Huangping),CN,26.972,107.988,3115.0,medium_airport
LXA,ZULS,Lhasa Gonggar International Airport,Shannan (Gonggar),CN,29.298001,90.911951,11713.0,large_airport
LZO,ZULZ,Luzhou Yunlong Airport,Luzhou (Yunlong),CN,29.030357,105.468407,,medium_airport
WMT,ZUMT,Zunyi Maotai Airport,Zunyi,CN,27.961837,106.435416,4068.0,medium_airport
MIG,ZUMY,Mianyang Nanjiao Airport,Mianyang (Fucheng),CN,31.428101,104.740997,7874.0,medium_airport
HZH,ZUNP,Liping Airport,Liping,CN,26.32217,109.1499,1620.0,medium_airport
LZY,ZUNZ,Nyingchi Mainling Airport,Nyingchi (Mainling),CN,29.303301,94.335297,9675.0,medium_airport
LPF,ZUPS,Liupanshui Yuezhao Airport,Liupanshui (Zhongshan),CN,26.609417,104.979,,medium_airport
JIQ,ZUQJ,Qianjiang Wulingshan Airport,Qianjiang,CN,29.5133333333,108.831111111,2075.0,medium_airport
RKZ,ZURK,Xigaze Peace Airport / Shigatse Air Base,Xigazê (Samzhubzê),CN,29.350876,89.299157,3782.0,large_airport
TCZ,ZPTC,Tengchong Tuofeng Airport,Baoshan (Tengchong),CN,24.938056,98.485833,6250.0,medium_airport
TFU,ZUTF,Chengdu Tianfu International Airport,Chengdu (Jianyang),CN,30.31252,104.441284,1440.0,large_airport
TEN,ZUTR,Tongren Fenghuang Airport,Tongren (Daxing),CN,27.883333,109.308889,,medium_airport
CTU,ZUUU,Chengdu Shuangliu International Airport,Chengdu (Shuangliu),CN,30.558257,103.945966,1625.0,large_airport
CQW,ZUWL,Chongqing Xiannüshan Airport,Wulong,CN,29.465658,107.693664,1747.0,medium_airport
XIC,ZUXC,Xichang Qingshan Airport,Liangshan (Xichang),CN,27.9891,102.183998,5112.0,medium_airport
YBP,ZUYB,Yibin Wuliangye Airport,Yibin (Cuiping),CN,28.858431,104.526157,1378.0,medium_airport
ACX,ZUYI,Xingyi Wanfenglin Airport,Xingyi,CN,25.083423,104.960804,4150.0,medium_airport
PZI,ZUZH,Panzhihua Bao'anying Airport,Panzhihua (Renhe),CN,26.54,101.79852,1620.0,medium_airport
ZYI,ZUZY,Zunyi Xinzhou Airport,Zunyi,CN,27.810723,107.247189,2723.0,medium_airport
AKU,ZWAK,Aksu Hongqipo Airport,Aksu (Onsu),CN,41.262501,80.291702,3816.0,medium_airport
AAT,ZWAT,Altay Xuedu Airport,Altay,CN,47.749886,88.085808,2460.0,medium_airport
BPL,ZWBL,Bole Alashankou Airport,Bole,CN,44.895461,82.30007,1253.0,medium_airport
IQM,ZWCM,Qiemo Yudu Airport,Qiemo,CN,38.234516,85.465462,,medium_airport
FYN,ZWFY,Fuyun Koktokay Airport,Fuyun,CN,46.804169,89.512006,3081.0,medium_airport
HMI,ZWHM,Hami Airport,Hami,CN,42.8414,93.669197,2703.0,medium_airport
KRL,ZWKL,Korla Licheng Airport,Korla,CN,41.614979,86.140817,3041.0,medium_airport
KJI,ZWKN,Burqin Kanas Airport,Burqin,CN,48.2223,86.9959,3921.0,medium_airport
NLT,ZWNL,Xinyuan Nalati Airport,Xinyuan,CN,43.4318,83.3786,3050.0,medium_airport
RQA,ZWRQ,Ruoqiang Loulan Airport,Ruoqiang Town,CN,38.974722,88.008333,2916.0,medium_airport
QSZ,ZWSC,Shache Airport,Shache,CN,38.24542,77.056149,4232.0,medium_airport
KHG,ZWSH,Kashgar Laining International Airport,Kashgar,CN,39.542273,76.02023,4529.0,large_airport
TLQ,ZWTL,Turpan Jiaohe Airport,Turpan,CN,43.0308,89.0987,934.0,medium_airport
HTN,ZWTN,Hotan Airport,Hotan,CN,37.03850173950195,79.86489868164062,4672.0,medium_airport
URC,ZWWW,Ürümqi Tianshan International Airport,Ürümqi,CN,43.913584,87.479372,2125.0,large_airport
YIN,ZWYN,Ili Yining International Airport,Ili (Yining / Ghulja),CN,43.955799,81.330299,,medium_airport
AOG,ZYAS,Anshan Teng'ao Airport / Anshan Air Base,Anshan,CN,41.105301,122.853996,,medium_airport
DBC,ZYBA,Baicheng Chang'an Airport,Baicheng,CN,45.505278,123.019722,480.0,medium_airport
NBS,ZYBS,Changbaishan Airport,Baishan,CN,42.066944,127.602222,2874.0,medium_airport
CGQ,ZYCC,Changchun Longjia International Airport,Changchun,CN,43.996201,125.684998,706.0,large_airport
CHG,ZYCY,Chaoyang Airport,"Shuangta, Chaoyang",CN,41.538101,120.434998,568.0,medium_airport
DDG,ZYDD,Dandong Langtou International Airport,Dandong (Zhenxing),CN,40.025453,124.28669,30.0,medium_airport
DTU,ZYDU,Wudalianchi Dedu Airport,Heihe,CN,48.441037,126.128374,984.0,medium_airport
FYJ,ZYFY,Fuyuan Dongji Airport,Fuyuan,CN,48.197219,134.36298,,medium_airport
HRB,ZYHB,Harbin Taiping International Airport,Harbin,CN,45.623402,126.25,457.0,large_airport
HEK,ZYHE,Heihe Aihui Airport,Heihe,CN,50.171621,127.308884,1047.0,medium_airport
JGD,ZYJD,Daxing'anling Elunchun Airport,Jiagedaqi,CN,50.371389,124.1175,1205.0,medium_airport
JMU,ZYJM,Jiamusi Songjiang International Airport,Jiamusi,CN,46.842793,130.46426,262.0,medium_airport
JSJ,ZYJS,Jiansanjiang Shidi Airport,Jiansanjiang,CN,47.108248,132.65792,,medium_airport
JXA,ZYJX,Jixi Xingkaihu Airport,Jixi,CN,45.293,131.193,760.0,medium_airport
JNZ,ZYJZ,Jinzhou Bay Airport,Jinzhou (Linghai),CN,40.936032,121.277114,,medium_airport
LDS,ZYLD,Yichun Lindu Airport,Yichun,CN,47.752056,129.019125,791.0,medium_airport
MDG,ZYMD,Mudanjiang Hailang International Airport,Mudanjiang,CN,44.525172,129.568634,883.0,medium_airport
OHE,ZYMH,Mohe Gulian Airport,Mohe,CN,52.916871,122.422759,1836.0,medium_airport
NDG,ZYQQ,Qiqihar Sanjiazi Airport,Qiqihar,CN,47.229969,123.914179,477.0,large_airport
YSQ,ZYSQ,Songyuan Chaganhu Airport,Qian Gorlos Mongol Autonomous County,CN,44.931143,124.552121,459.0,medium_airport
DLC,ZYTL,Dalian Zhoushuizi International Airport,Dalian (Ganjingzi),CN,38.965719,121.538477,107.0,large_airport
TNH,ZYTN,Tonghua Sanyuanpu Airport,Tonghua,CN,42.048435,125.733963,1347.0,medium_airport
SHE,ZYTX,Shenyang Taoxian International Airport,Shenyang,CN,41.6398,123.483668,198.0,large_airport
YNJ,ZYYJ,Yanji Chaoyangchuan Airport,Yanji,CN,42.8828010559,129.451004028,624.0,medium_airport
YKH,ZYYK,Yingkou Lanqi Airport,Yingkou (Laobian),CN,40.542524,122.3586,,medium_airport
