preferred_class,budget_usd,preferred_airline,avg_rating_given,trips_per_year,loyalty_tier,prefers_direct,recommended_airline
Economy,3566,PacificAir,2.8,16,Platinum,0,SkyMind
Business,4524,AeroGulf,4.7,26,Gold,1,SkyMind
First,1925,PacificAir,4.4,28,Bronze,1,PacificAir
Economy,3473,EuroWings,2.0,3,Bronze,1,SkyMind
Business,3521,AsiaJet,3.0,20,Bronze,0,SkyMind
Economy,569,SkyMind,3.4,2,Silver,1,EuroWings
First,1853,PacificAir,4.4,16,Gold,1,PacificAir
Economy,1921,AsiaJet,1.4,21,Platinum,1,PacificAir
Business,4847,AsiaJet,4.3,9,Gold,1,SkyMind
Economy,199,EuroWings,1.4,18,Bronze,1,AsiaJet
Economy,1386,AeroGulf,2.8,21,Gold,0,PacificAir
Economy,985,PacificAir,4.4,17,Gold,1,EuroWings
Economy,3093,SkyMind,1.9,4,Gold,0,SkyMind
First,4785,AsiaJet,1.2,21,Bronze,0,SkyMind
Economy,3365,EuroWings,1.2,7,Gold,1,SkyMind
First,4861,AeroGulf,1.8,11,Silver,1,SkyMind
First,1020,EuroWings,3.2,27,Silver,1,PacificAir
Business,818,AsiaJet,4.6,11,Gold,1,EuroWings
Business,604,EuroWings,3.8,29,Silver,0,EuroWings
Economy,4362,SkyMind,4.2,2,Silver,1,SkyMind
Economy,1875,EuroWings,2.0,6,Silver,1,PacificAir
Business,1874,AsiaJet,2.5,20,Silver,1,PacificAir
Business,416,SkyMind,3.1,29,Silver,0,AsiaJet
First,4589,EuroWings,2.5,9,Gold,0,SkyMind
Business,2637,SkyMind,4.0,22,Platinum,0,AeroGulf
Economy,2669,PacificAir,4.9,7,Platinum,0,AeroGulf
First,3420,SkyMind,4.1,21,Gold,0,SkyMind
Business,3513,SkyMind,4.8,29,Silver,0,SkyMind
Economy,4659,SkyMind,4.9,7,Platinum,0,SkyMind
Economy,865,EuroWings,2.3,8,Bronze,0,EuroWings
Economy,4446,EuroWings,3.5,14,Platinum,0,SkyMind
Business,1942,AeroGulf,4.1,28,Bronze,0,PacificAir
Economy,2318,SkyMind,3.5,2,Gold,0,AeroGulf
Business,1729,SkyMind,3.4,24,Silver,0,PacificAir
First,1677,PacificAir,2.5,2,Platinum,0,PacificAir
Business,3742,AsiaJet,3.1,24,Gold,0,SkyMind
Economy,4125,EuroWings,2.4,26,Bronze,1,SkyMind
Business,3530,AeroGulf,1.9,2,Bronze,0,SkyMind
First,1406,PacificAir,2.5,20,Bronze,1,PacificAir
Economy,4385,AeroGulf,2.6,7,Silver,0,SkyMind
Economy,2535,PacificAir,1.6,25,Silver,0,AeroGulf
Business,2643,EuroWings,3.0,13,Gold,0,AeroGulf
Business,3887,AsiaJet,3.5,23,Silver,1,SkyMind
First,1687,SkyMind,1.4,8,Gold,0,PacificAir
First,2788,EuroWings,3.1,3,Silver,1,AeroGulf
Economy,1651,PacificAir,1.4,18,Platinum,0,PacificAir
Business,3385,EuroWings,4.4,4,Platinum,1,SkyMind
Economy,3728,AeroGulf,2.6,5,Bronze,1,SkyMind
First,1607,EuroWings,2.0,2,Bronze,1,PacificAir
Economy,4217,AsiaJet,2.5,22,Bronze,1,SkyMind
Economy,4062,PacificAir,3.6,2,Silver,1,SkyMind
Business,2278,EuroWings,2.9,23,Bronze,1,AeroGulf
Economy,2697,PacificAir,3.4,14,Silver,0,AeroGulf
Business,4761,SkyMind,3.4,7,Gold,1,SkyMind
Economy,2059,AsiaJet,3.8,14,Silver,1,AeroGulf
First,2336,PacificAir,4.7,21,Platinum,0,AeroGulf
Business,1790,SkyMind,3.6,16,Bronze,0,PacificAir
First,3448,AsiaJet,1.7,8,Platinum,1,SkyMind
Economy,3561,AeroGulf,2.8,28,Silver,1,SkyMind
Business,1728,PacificAir,1.8,2,Silver,0,PacificAir
Economy,3035,PacificAir,1.5,24,Platinum,0,SkyMind
Economy,3683,AsiaJet,4.0,25,Platinum,1,SkyMind
Business,2034,SkyMind,1.6,21,Platinum,1,AeroGulf
First,2758,AeroGulf,4.1,5,Platinum,1,AeroGulf
Economy,3093,PacificAir,3.1,20,Silver,1,SkyMind
First,1982,EuroWings,2.7,20,Gold,0,PacificAir
Business,4335,AeroGulf,4.5,16,Platinum,1,SkyMind
First,4305,EuroWings,4.6,10,Bronze,1,SkyMind
Business,3468,AsiaJet,1.9,15,Silver,1,SkyMind
Economy,1302,PacificAir,4.2,29,Gold,0,PacificAir
First,4293,SkyMind,3.4,5,Platinum,0,SkyMind
First,2867,PacificAir,3.0,5,Bronze,1,AeroGulf
Business,2503,EuroWings,2.0,5,Platinum,0,AeroGulf
First,4116,AeroGulf,4.2,20,Silver,1,SkyMind
Economy,3764,AsiaJet,4.5,4,Bronze,1,SkyMind
Business,380,SkyMind,3.9,16,Bronze,0,AsiaJet
First,2621,EuroWings,2.1,23,Gold,1,AeroGulf
Economy,4114,SkyMind,1.3,15,Platinum,1,SkyMind
Business,585,AeroGulf,2.9,20,Bronze,0,EuroWings
First,4961,AsiaJet,2.1,5,Silver,1,SkyMind
First,4816,AsiaJet,2.4,24,Platinum,1,SkyMind
Business,4073,AsiaJet,2.3,29,Silver,0,SkyMind
Business,4753,PacificAir,1.8,6,Platinum,1,SkyMind
Business,3705,EuroWings,4.9,13,Gold,1,SkyMind
Business,2970,SkyMind,4.4,1,Bronze,0,AeroGulf
Business,2493,AeroGulf,1.3,20,Platinum,0,AeroGulf
Business,1413,PacificAir,4.4,8,Silver,1,PacificAir
Business,2407,EuroWings,1.1,6,Silver,0,AeroGulf
Economy,2461,AsiaJet,4.3,7,Bronze,1,AeroGulf
Economy,4336,SkyMind,1.8,20,Silver,1,SkyMind
Economy,353,AsiaJet,2.9,11,Gold,0,AsiaJet
Economy,3464,PacificAir,2.3,3,Bronze,0,SkyMind
First,492,EuroWings,3.3,20,Platinum,0,AsiaJet
Economy,235,SkyMind,2.8,19,Gold,0,AsiaJet
Business,3361,EuroWings,1.1,1,Bronze,1,SkyMind
Economy,2433,AeroGulf,4.0,14,Bronze,1,AeroGulf
Business,4788,AsiaJet,2.9,18,Platinum,0,SkyMind
First,2374,AeroGulf,1.8,20,Silver,0,AeroGulf
Economy,4697,EuroWings,3.4,14,Gold,0,SkyMind
Economy,1531,PacificAir,1.7,6,Bronze,1,PacificAir
First,720,SkyMind,3.2,29,Platinum,0,EuroWings
Business,3859,SkyMind,2.7,22,Gold,1,SkyMind
Business,1145,PacificAir,3.1,25,Silver,1,PacificAir
Economy,2326,EuroWings,3.3,19,Bronze,1,AeroGulf
Economy,1324,EuroWings,1.2,1,Platinum,1,PacificAir
Economy,4129,SkyMind,3.5,6,Gold,1,SkyMind
Economy,4823,EuroWings,2.2,17,Bronze,0,SkyMind
Economy,2086,SkyMind,2.4,28,Silver,1,AeroGulf
Economy,3571,SkyMind,4.1,9,Gold,1,SkyMind
Business,664,AeroGulf,1.7,24,Bronze,1,EuroWings
Business,3849,SkyMind,2.4,1,Bronze,1,SkyMind
First,4883,SkyMind,1.3,15,Silver,0,SkyMind
First,4382,PacificAir,4.9,27,Silver,1,SkyMind
Economy,1898,AsiaJet,1.9,17,Bronze,1,PacificAir
Economy,4496,AeroGulf,4.5,24,Silver,1,SkyMind
First,2592,EuroWings,3.4,18,Silver,0,AeroGulf
First,3395,EuroWings,2.7,18,Gold,0,SkyMind
First,1217,EuroWings,3.3,1,Silver,1,PacificAir
Business,1342,AeroGulf,3.3,27,Silver,1,PacificAir
First,4764,AeroGulf,3.4,19,Gold,0,SkyMind
First,624,AsiaJet,2.4,6,Platinum,1,EuroWings
Economy,611,PacificAir,4.5,20,Silver,1,EuroWings
Business,2826,AsiaJet,4.1,22,Silver,0,AeroGulf
Economy,195,PacificAir,4.9,18,Silver,1,AsiaJet
First,2017,PacificAir,4.3,5,Bronze,0,AeroGulf
First,2095,AsiaJet,2.5,14,Gold,0,AeroGulf
First,2514,PacificAir,2.3,29,Platinum,1,AeroGulf
First,3171,PacificAir,2.9,26,Bronze,1,SkyMind
Economy,4320,PacificAir,1.2,18,Gold,1,SkyMind
Economy,1692,EuroWings,2.6,19,Silver,0,PacificAir
First,113,AeroGulf,1.1,18,Platinum,1,AsiaJet
First,155,PacificAir,1.7,7,Silver,0,AsiaJet
Business,4597,PacificAir,2.3,6,Platinum,1,SkyMind
First,2014,SkyMind,3.6,3,Platinum,1,AeroGulf
Business,2104,AeroGulf,4.9,6,Bronze,0,AeroGulf
Economy,196,AeroGulf,1.6,3,Gold,0,AsiaJet
First,4946,AsiaJet,1.4,29,Gold,0,SkyMind
Economy,1432,PacificAir,4.7,7,Gold,0,PacificAir
First,4582,AeroGulf,3.0,20,Bronze,0,SkyMind
First,4581,SkyMind,3.4,7,Bronze,1,SkyMind
Business,4567,AeroGulf,1.1,26,Bronze,0,SkyMind
Economy,4709,PacificAir,2.3,4,Platinum,1,SkyMind
Economy,4678,AsiaJet,3.0,9,Silver,0,SkyMind
Economy,196,AsiaJet,2.0,21,Bronze,0,AsiaJet
Business,415,EuroWings,4.2,26,Gold,1,AsiaJet
Economy,1252,AsiaJet,3.4,8,Gold,1,PacificAir
First,861,SkyMind,4.8,14,Gold,1,EuroWings
Business,3695,AsiaJet,3.8,24,Bronze,0,SkyMind
Business,4307,EuroWings,1.6,23,Bronze,1,SkyMind
First,232,AeroGulf,3.1,26,Silver,0,AsiaJet
Economy,849,EuroWings,1.6,4,Gold,0,EuroWings
Business,3889,AeroGulf,4.4,25,Gold,1,SkyMind
Economy,1303,EuroWings,2.3,27,Gold,1,PacificAir
Business,3663,SkyMind,2.7,28,Bronze,0,SkyMind
Economy,2130,AsiaJet,4.5,5,Silver,0,AeroGulf
First,2628,SkyMind,2.1,1,Silver,0,AeroGulf
Business,4110,SkyMind,2.8,15,Silver,1,SkyMind
First,840,AsiaJet,4.1,15,Platinum,1,EuroWings
Economy,413,SkyMind,1.3,20,Gold,1,AsiaJet
Business,3329,PacificAir,2.1,10,Bronze,1,SkyMind
First,1672,SkyMind,1.4,20,Silver,0,PacificAir
Economy,2311,EuroWings,4.0,5,Platinum,0,AeroGulf
First,2714,SkyMind,1.6,21,Gold,0,AeroGulf
First,671,AsiaJet,4.8,13,Bronze,0,EuroWings
Business,3265,PacificAir,2.5,20,Silver,1,SkyMind
Economy,4344,AsiaJet,3.1,29,Gold,1,SkyMind
First,3075,AeroGulf,1.9,8,Silver,0,SkyMind
Business,4035,AsiaJet,4.4,6,Silver,1,SkyMind
Business,3084,SkyMind,2.0,19,Bronze,1,SkyMind
First,2205,AeroGulf,2.9,13,Silver,0,AeroGulf
Economy,289,AsiaJet,4.9,25,Platinum,1,AsiaJet
Economy,501,PacificAir,2.9,10,Bronze,0,EuroWings
Economy,505,AeroGulf,3.0,28,Silver,0,EuroWings
Business,3216,EuroWings,4.5,15,Silver,0,SkyMind
Business,2202,AeroGulf,4.6,28,Platinum,1,AeroGulf
First,522,AeroGulf,3.8,29,Bronze,1,EuroWings
Economy,2255,SkyMind,1.1,28,Bronze,1,AeroGulf
First,2087,AsiaJet,3.9,4,Gold,0,AeroGulf
Economy,2141,AeroGulf,4.0,1,Silver,1,AeroGulf
Business,4107,AeroGulf,2.4,20,Silver,1,SkyMind
Economy,1581,AeroGulf,3.5,26,Gold,1,PacificAir
Economy,2977,AsiaJet,2.1,23,Platinum,0,AeroGulf
Economy,2605,PacificAir,2.3,4,Bronze,1,AeroGulf
First,303,AsiaJet,2.4,25,Platinum,1,AsiaJet
Business,3051,PacificAir,4.5,6,Platinum,1,SkyMind
Business,518,AeroGulf,4.7,27,Gold,0,EuroWings
Economy,1539,AsiaJet,3.9,19,Platinum,1,PacificAir
First,700,AsiaJet,1.7,28,Platinum,0,EuroWings
Economy,1715,AsiaJet,3.8,17,Platinum,1,PacificAir
First,4428,AeroGulf,2.0,8,Bronze,0,SkyMind
Economy,1118,AeroGulf,1.6,3,Gold,1,PacificAir
First,950,PacificAir,3.0,9,Bronze,1,EuroWings
Economy,3764,PacificAir,4.6,11,Silver,1,SkyMind
Business,962,AsiaJet,2.5,6,Silver,1,EuroWings
Business,4843,EuroWings,3.6,25,Bronze,1,SkyMind
Business,4118,SkyMind,4.0,28,Bronze,0,SkyMind
Economy,3031,AeroGulf,4.4,27,Gold,0,SkyMind
Business,2916,SkyMind,1.2,13,Gold,1,AeroGulf
First,1215,SkyMind,3.0,4,Silver,1,PacificAir
First,3032,SkyMind,4.6,4,Gold,1,SkyMind
Economy,468,PacificAir,2.2,17,Gold,0,AsiaJet
Business,676,AeroGulf,1.3,4,Gold,0,EuroWings
First,576,EuroWings,2.5,27,Silver,0,EuroWings
Economy,4492,EuroWings,3.9,20,Platinum,0,SkyMind
Business,3908,EuroWings,4.9,12,Gold,0,SkyMind
Business,117,AsiaJet,3.3,16,Silver,0,AsiaJet
Economy,2151,AeroGulf,4.7,14,Platinum,1,AeroGulf
First,2800,PacificAir,4.7,17,Platinum,0,AeroGulf
First,2201,PacificAir,4.3,20,Gold,0,AeroGulf
First,2876,AsiaJet,2.8,2,Silver,0,AeroGulf
First,1400,PacificAir,3.9,18,Gold,0,PacificAir
Economy,2544,AeroGulf,4.7,3,Bronze,0,AeroGulf
Business,2482,AsiaJet,4.4,17,Gold,0,AeroGulf
Business,4994,EuroWings,3.3,11,Platinum,0,SkyMind
First,2664,SkyMind,4.5,12,Gold,1,AeroGulf
First,2412,EuroWings,4.4,25,Platinum,0,AeroGulf
First,2143,SkyMind,1.5,5,Platinum,1,AeroGulf
Economy,1168,AeroGulf,2.1,17,Bronze,1,PacificAir
Economy,2658,AeroGulf,4.4,12,Gold,1,AeroGulf
Business,4401,AeroGulf,4.1,2,Bronze,1,SkyMind
Business,2169,PacificAir,2.5,20,Platinum,0,AeroGulf
First,2075,AeroGulf,3.1,26,Bronze,1,AeroGulf
Business,4711,AsiaJet,4.9,17,Platinum,1,SkyMind
First,3784,PacificAir,2.5,20,Platinum,1,SkyMind
First,1267,PacificAir,1.9,3,Platinum,0,PacificAir
First,114,PacificAir,3.7,1,Gold,1,AsiaJet
Economy,4971,PacificAir,1.7,28,Platinum,1,SkyMind
Business,3871,EuroWings,1.4,15,Silver,1,SkyMind
Business,2052,AeroGulf,4.5,6,Gold,1,AeroGulf
Economy,555,EuroWings,4.5,25,Bronze,1,EuroWings
Business,959,AsiaJet,4.1,25,Platinum,0,EuroWings
First,2096,AsiaJet,1.1,6,Platinum,0,AeroGulf
Economy,432,EuroWings,1.8,12,Bronze,1,AsiaJet
Economy,3460,AsiaJet,4.2,22,Bronze,0,SkyMind
Economy,4409,EuroWings,4.2,25,Gold,0,SkyMind
First,1394,PacificAir,2.9,13,Bronze,0,PacificAir
First,2617,PacificAir,4.4,8,Bronze,0,AeroGulf
Economy,4655,SkyMind,4.4,4,Gold,0,SkyMind
Economy,4819,PacificAir,4.3,13,Silver,0,SkyMind
Business,856,EuroWings,4.0,24,Gold,1,EuroWings
First,1342,AsiaJet,4.3,10,Gold,1,PacificAir
Business,2378,EuroWings,1.5,17,Silver,1,AeroGulf
First,2048,PacificAir,3.1,10,Platinum,0,AeroGulf
Business,4673,SkyMind,2.8,2,Gold,1,SkyMind
Economy,1901,EuroWings,1.2,16,Bronze,1,PacificAir
Business,485,EuroWings,5.0,10,Silver,0,AsiaJet
First,1547,PacificAir,3.1,23,Gold,1,PacificAir
Business,4155,AeroGulf,4.3,9,Bronze,1,SkyMind
First,4245,PacificAir,2.7,23,Bronze,0,SkyMind
Economy,4421,PacificAir,2.3,26,Bronze,1,SkyMind
Economy,403,SkyMind,3.1,7,Bronze,1,AsiaJet
Business,4507,AsiaJet,1.6,16,Silver,1,SkyMind
Economy,309,AeroGulf,1.7,2,Platinum,1,AsiaJet
Business,4868,AeroGulf,1.2,6,Bronze,0,SkyMind
Business,3053,AsiaJet,4.4,28,Bronze,0,SkyMind
Economy,748,AsiaJet,3.2,26,Platinum,1,EuroWings
Economy,3785,PacificAir,4.9,14,Silver,1,SkyMind
First,4345,AsiaJet,4.3,8,Platinum,0,SkyMind
First,1300,AeroGulf,3.2,11,Platinum,0,PacificAir
First,160,SkyMind,3.1,1,Bronze,1,AsiaJet
Business,596,EuroWings,3.0,28,Bronze,0,EuroWings
Economy,724,AsiaJet,1.2,13,Gold,1,EuroWings
Economy,3961,AsiaJet,1.2,7,Platinum,1,SkyMind
Economy,120,AeroGulf,3.0,19,Bronze,0,AsiaJet
Economy,2450,PacificAir,4.6,14,Silver,1,AeroGulf
First,1984,SkyMind,3.6,6,Gold,1,PacificAir
Business,1956,AeroGulf,3.1,21,Gold,0,PacificAir
Business,2765,SkyMind,3.5,19,Bronze,0,AeroGulf
Economy,3136,AsiaJet,2.3,28,Gold,1,SkyMind
Business,244,EuroWings,2.4,24,Silver,1,AsiaJet
Economy,4245,SkyMind,4.0,24,Platinum,1,SkyMind
Business,2867,EuroWings,1.8,3,Platinum,1,AeroGulf
Economy,2600,AeroGulf,1.7,17,Platinum,1,AeroGulf
First,3919,SkyMind,3.1,7,Silver,1,SkyMind
Economy,112,AeroGulf,4.0,9,Platinum,1,AsiaJet
Business,1059,AsiaJet,2.2,1,Silver,1,PacificAir
Economy,4781,AsiaJet,2.7,19,Platinum,1,SkyMind
First,1975,SkyMind,3.2,20,Gold,0,PacificAir
Business,1474,EuroWings,4.6,6,Bronze,1,PacificAir
First,2172,AeroGulf,3.5,10,Bronze,0,AeroGulf
First,887,AeroGulf,4.4,12,Silver,0,EuroWings
Business,3034,PacificAir,2.5,28,Gold,0,SkyMind
Business,670,AeroGulf,3.4,8,Gold,0,EuroWings
Business,3373,SkyMind,3.6,29,Bronze,1,SkyMind
First,1506,PacificAir,4.7,6,Bronze,1,PacificAir
Business,3644,AeroGulf,4.2,28,Platinum,1,SkyMind
Economy,3460,AeroGulf,1.6,26,Platinum,0,SkyMind
Economy,2753,SkyMind,3.7,19,Gold,0,AeroGulf
Economy,4073,AeroGulf,1.2,3,Bronze,0,SkyMind
Economy,1308,SkyMind,5.0,18,Platinum,0,PacificAir
Business,1079,PacificAir,2.6,27,Gold,1,PacificAir
Economy,1840,AeroGulf,3.7,25,Platinum,1,PacificAir
First,2460,PacificAir,1.8,27,Platinum,0,AeroGulf
First,4550,AsiaJet,4.1,25,Silver,0,SkyMind
First,3132,AeroGulf,3.8,18,Platinum,1,SkyMind
Business,174,PacificAir,2.4,10,Silver,0,AsiaJet
First,1278,EuroWings,2.4,15,Gold,0,PacificAir
Economy,1696,EuroWings,3.7,16,Gold,1,PacificAir
First,3914,SkyMind,2.5,8,Bronze,0,SkyMind
Business,872,EuroWings,4.8,28,Platinum,1,EuroWings
Economy,564,PacificAir,2.3,11,Platinum,1,EuroWings
First,4039,AeroGulf,2.1,7,Bronze,0,SkyMind
Economy,2100,SkyMind,4.0,13,Gold,0,AeroGulf
Business,1976,SkyMind,1.4,22,Gold,0,PacificAir
Business,294,AsiaJet,3.3,27,Silver,1,AsiaJet
Business,2279,SkyMind,3.5,12,Silver,0,AeroGulf
Business,4790,AsiaJet,2.2,16,Silver,1,SkyMind
Economy,3157,EuroWings,4.8,15,Gold,0,SkyMind
First,456,EuroWings,2.7,11,Silver,0,AsiaJet
Economy,614,EuroWings,2.1,21,Bronze,0,EuroWings
Business,3766,SkyMind,3.7,3,Silver,0,SkyMind
First,340,PacificAir,3.9,5,Silver,1,AsiaJet
Economy,2627,AsiaJet,2.7,29,Platinum,1,AeroGulf
First,2038,AsiaJet,1.7,23,Bronze,0,AeroGulf
First,3842,SkyMind,3.5,20,Platinum,0,SkyMind
Economy,206,PacificAir,2.0,5,Platinum,0,AsiaJet
Business,2067,SkyMind,1.9,26,Bronze,0,AeroGulf
Business,1305,AsiaJet,3.3,21,Platinum,0,PacificAir
First,410,PacificAir,4.9,2,Gold,1,AsiaJet
Business,2717,EuroWings,3.8,2,Gold,0,AeroGulf
Economy,1721,EuroWings,4.2,17,Silver,0,PacificAir
Economy,2331,EuroWings,3.9,17,Bronze,0,AeroGulf
Business,2514,AeroGulf,2.5,18,Platinum,0,AeroGulf
Business,4642,AeroGulf,4.6,13,Silver,0,SkyMind
Business,3107,EuroWings,4.2,23,Gold,0,SkyMind
First,451,AsiaJet,3.8,5,Bronze,0,AsiaJet
First,695,PacificAir,3.2,21,Bronze,0,EuroWings
Economy,4391,AsiaJet,2.4,17,Silver,0,SkyMind
Economy,3282,AeroGulf,2.8,24,Silver,1,SkyMind
First,2029,PacificAir,2.2,17,Bronze,1,AeroGulf
Economy,3731,PacificAir,4.7,16,Gold,0,SkyMind
First,1730,SkyMind,2.3,14,Gold,1,PacificAir
First,1223,EuroWings,4.8,16,Bronze,1,PacificAir
First,2756,AsiaJet,2.8,26,Platinum,0,AeroGulf
First,2682,PacificAir,4.3,21,Silver,0,AeroGulf
Economy,3789,PacificAir,2.0,11,Bronze,0,SkyMind
Economy,1660,SkyMind,4.9,24,Silver,0,PacificAir
Business,2363,EuroWings,4.6,18,Gold,1,AeroGulf
First,284,EuroWings,3.8,6,Platinum,0,AsiaJet
First,4733,AeroGulf,4.7,4,Bronze,1,SkyMind
Business,2823,AsiaJet,3.5,6,Silver,1,AeroGulf
Business,4739,AsiaJet,1.1,2,Bronze,0,SkyMind
Business,510,SkyMind,2.0,14,Platinum,0,EuroWings
Business,562,SkyMind,1.4,23,Silver,1,EuroWings
First,1505,SkyMind,1.3,17,Gold,0,PacificAir
Economy,2053,EuroWings,2.9,18,Gold,0,AeroGulf
Economy,2622,PacificAir,4.9,6,Bronze,1,AeroGulf
Economy,1212,PacificAir,2.6,5,Silver,0,PacificAir
Business,1409,PacificAir,4.9,22,Bronze,0,PacificAir
First,3299,AsiaJet,4.6,17,Gold,1,SkyMind
Economy,772,PacificAir,1.7,16,Silver,1,EuroWings
First,2778,AsiaJet,4.5,17,Bronze,1,AeroGulf
First,491,AeroGulf,2.0,22,Gold,0,AsiaJet
Economy,2472,AeroGulf,1.2,11,Bronze,1,AeroGulf
First,4209,PacificAir,1.5,29,Silver,0,SkyMind
Business,4420,AeroGulf,3.1,13,Platinum,1,SkyMind
First,1952,SkyMind,3.5,28,Platinum,0,PacificAir
Business,1492,AeroGulf,1.1,3,Platinum,1,PacificAir
First,1144,SkyMind,3.8,23,Gold,0,PacificAir
Economy,836,AeroGulf,1.3,11,Gold,1,EuroWings
Business,4557,PacificAir,3.6,20,Bronze,0,SkyMind
First,3262,PacificAir,1.2,10,Gold,0,SkyMind
First,3308,SkyMind,2.2,28,Bronze,1,SkyMind
Economy,3267,AeroGulf,4.5,28,Bronze,1,SkyMind
Economy,2508,SkyMind,4.8,15,Bronze,1,AeroGulf
Business,1709,SkyMind,1.2,7,Gold,1,PacificAir
First,3936,EuroWings,4.3,21,Bronze,1,SkyMind
First,4641,EuroWings,3.4,29,Platinum,0,SkyMind
First,3996,SkyMind,4.7,7,Platinum,0,SkyMind
Economy,127,AsiaJet,2.6,26,Platinum,1,AsiaJet
Business,4224,PacificAir,3.7,3,Silver,1,SkyMind
Economy,334,PacificAir,1.3,24,Bronze,1,AsiaJet
Business,2068,PacificAir,2.2,7,Gold,1,AeroGulf
Economy,1853,PacificAir,2.9,5,Gold,1,PacificAir
Business,3734,EuroWings,2.7,19,Bronze,0,SkyMind
First,1932,EuroWings,4.1,10,Bronze,0,PacificAir
Economy,890,SkyMind,1.4,26,Platinum,1,EuroWings
First,3906,AsiaJet,1.2,21,Platinum,1,SkyMind
First,1663,SkyMind,1.3,17,Gold,1,PacificAir
Economy,941,AsiaJet,1.0,14,Platinum,1,EuroWings
Economy,4826,AeroGulf,2.2,24,Platinum,0,SkyMind
Business,4011,AsiaJet,4.7,6,Gold,1,SkyMind
First,4675,AsiaJet,3.8,20,Bronze,1,SkyMind
Economy,1013,PacificAir,2.3,27,Bronze,1,PacificAir
Economy,2692,AsiaJet,1.8,16,Gold,0,AeroGulf
Economy,4481,AsiaJet,3.9,4,Silver,0,SkyMind
First,3422,AsiaJet,3.8,26,Platinum,0,SkyMind
Economy,1604,PacificAir,3.4,1,Platinum,0,PacificAir
Economy,1162,PacificAir,4.5,11,Bronze,0,PacificAir
Business,1249,SkyMind,3.5,17,Bronze,1,PacificAir
Business,2614,EuroWings,2.5,8,Gold,1,AeroGulf
First,2401,PacificAir,3.9,27,Silver,0,AeroGulf
First,2210,EuroWings,1.9,22,Silver,0,AeroGulf
Economy,968,PacificAir,3.5,4,Platinum,0,EuroWings
Economy,2272,SkyMind,1.2,3,Platinum,0,AeroGulf
First,3031,AsiaJet,2.7,17,Gold,1,SkyMind
First,2820,AeroGulf,1.3,9,Gold,0,AeroGulf
Business,1612,PacificAir,4.9,26,Bronze,0,PacificAir
Economy,3570,SkyMind,1.6,19,Platinum,1,SkyMind
Economy,4476,AeroGulf,2.2,14,Platinum,0,SkyMind
Business,1154,AeroGulf,2.1,7,Silver,0,PacificAir
Economy,149,AsiaJet,2.3,4,Platinum,1,AsiaJet
Business,1378,AsiaJet,2.8,29,Platinum,0,PacificAir
Business,2035,AsiaJet,2.1,8,Silver,0,AeroGulf
First,3500,PacificAir,2.5,27,Bronze,1,SkyMind
First,533,AsiaJet,2.1,8,Silver,1,EuroWings
First,3981,SkyMind,4.9,5,Gold,1,SkyMind
First,3248,AsiaJet,2.2,29,Bronze,1,SkyMind
Business,1508,PacificAir,2.2,14,Platinum,1,PacificAir
First,1747,PacificAir,2.5,10,Silver,1,PacificAir
Economy,2864,EuroWings,3.5,19,Bronze,1,AeroGulf
First,2756,AeroGulf,4.9,21,Gold,0,AeroGulf
Economy,2193,AsiaJet,3.4,18,Silver,0,AeroGulf
Economy,4162,AeroGulf,4.9,26,Platinum,1,SkyMind
Business,1397,PacificAir,2.4,29,Platinum,1,PacificAir
Business,2249,SkyMind,4.7,22,Platinum,1,AeroGulf
First,2610,AsiaJet,2.6,12,Gold,1,AeroGulf
First,4387,AeroGulf,3.5,12,Bronze,1,SkyMind
Economy,1489,EuroWings,1.2,15,Gold,0,PacificAir
First,491,PacificAir,1.0,23,Platinum,0,AsiaJet
Economy,2673,SkyMind,1.9,29,Gold,1,AeroGulf
Business,2970,AeroGulf,1.2,22,Silver,0,AeroGulf
Economy,4871,SkyMind,2.7,9,Silver,0,SkyMind
First,306,PacificAir,2.8,11,Bronze,0,AsiaJet
Economy,1439,SkyMind,4.8,21,Gold,1,PacificAir
Business,3680,SkyMind,1.7,11,Platinum,1,SkyMind
Economy,4477,EuroWings,2.8,8,Silver,1,SkyMind
First,1743,AeroGulf,2.2,9,Platinum,1,PacificAir
Business,2436,AeroGulf,1.2,16,Platinum,1,AeroGulf
Business,594,AeroGulf,1.4,15,Gold,0,EuroWings
First,3011,AeroGulf,4.5,12,Platinum,0,SkyMind
First,2547,AeroGulf,2.6,10,Bronze,1,AeroGulf
First,2531,PacificAir,4.1,6,Gold,1,AeroGulf
First,1057,PacificAir,2.8,5,Gold,0,PacificAir
Economy,3384,EuroWings,4.7,20,Silver,1,SkyMind
Business,4183,SkyMind,3.8,3,Platinum,0,SkyMind
Economy,262,PacificAir,2.4,7,Platinum,1,AsiaJet
Economy,105,EuroWings,4.5,10,Bronze,0,AsiaJet
First,4842,PacificAir,1.3,11,Gold,0,SkyMind
First,3093,EuroWings,1.3,2,Silver,0,SkyMind
Economy,1589,AeroGulf,3.2,19,Bronze,1,PacificAir
Economy,584,SkyMind,3.9,26,Silver,0,EuroWings
First,106,AsiaJet,3.4,3,Platinum,0,AsiaJet
Business,1944,PacificAir,3.7,26,Gold,0,PacificAir
Economy,1033,SkyMind,2.0,13,Gold,0,PacificAir
Business,4428,AsiaJet,4.5,2,Gold,1,SkyMind
Business,4434,EuroWings,4.9,18,Silver,1,SkyMind
Business,542,SkyMind,2.6,29,Gold,0,EuroWings
Economy,3056,PacificAir,2.6,21,Gold,1,SkyMind
Business,2159,PacificAir,2.8,24,Silver,0,AeroGulf
First,1277,PacificAir,1.8,13,Platinum,1,PacificAir
Economy,4406,AeroGulf,1.6,27,Silver,1,SkyMind
Business,2329,PacificAir,4.1,2,Gold,1,AeroGulf
Economy,4942,PacificAir,3.4,22,Silver,0,SkyMind
First,1371,PacificAir,1.6,28,Silver,1,PacificAir
Economy,4625,PacificAir,3.0,29,Silver,1,SkyMind
First,2309,PacificAir,5.0,27,Bronze,0,AeroGulf
Economy,578,EuroWings,3.1,27,Platinum,0,EuroWings
Economy,4532,PacificAir,4.6,22,Silver,1,SkyMind
Economy,134,AeroGulf,4.3,26,Bronze,0,AsiaJet
First,4724,PacificAir,1.4,15,Bronze,1,SkyMind
Economy,3588,EuroWings,2.6,16,Bronze,0,SkyMind
Business,2202,AeroGulf,3.2,16,Gold,0,AeroGulf
Economy,4933,EuroWings,3.6,29,Bronze,1,SkyMind
Economy,3829,AsiaJet,2.2,18,Bronze,0,SkyMind
Economy,4869,SkyMind,1.0,1,Platinum,1,SkyMind
First,2537,AsiaJet,2.2,5,Gold,0,AeroGulf
Business,589,AsiaJet,3.3,12,Gold,0,EuroWings
Business,3541,AeroGulf,2.4,3,Platinum,0,SkyMind
Economy,1313,SkyMind,2.5,3,Bronze,1,PacificAir
Business,4135,SkyMind,4.3,21,Gold,1,SkyMind
Business,1633,AsiaJet,2.7,9,Bronze,1,PacificAir
Economy,1570,SkyMind,4.9,12,Gold,0,PacificAir
Business,3065,AsiaJet,1.7,6,Silver,0,SkyMind
First,3063,SkyMind,1.4,3,Platinum,1,SkyMind
Business,4412,EuroWings,1.9,8,Gold,0,SkyMind
Economy,3738,EuroWings,1.4,24,Gold,1,SkyMind
Economy,564,AsiaJet,2.0,26,Bronze,1,EuroWings
Business,4123,PacificAir,3.2,18,Bronze,0,SkyMind
Economy,3398,AsiaJet,2.0,2,Bronze,0,SkyMind
First,4823,EuroWings,4.3,24,Platinum,0,SkyMind
Business,2487,AeroGulf,2.4,3,Silver,1,AeroGulf
First,3008,PacificAir,2.6,2,Silver,0,SkyMind
Business,4661,SkyMind,1.3,27,Silver,0,SkyMind
Business,3071,AeroGulf,2.1,5,Bronze,1,SkyMind
Economy,3379,AeroGulf,1.5,26,Platinum,1,SkyMind
Economy,543,SkyMind,1.9,10,Bronze,1,EuroWings
Economy,540,AsiaJet,3.6,11,Gold,1,EuroWings
Economy,1198,EuroWings,2.5,27,Bronze,1,PacificAir
Business,626,PacificAir,1.1,27,Platinum,1,EuroWings
First,1941,EuroWings,2.1,20,Gold,1,PacificAir
First,2195,PacificAir,4.5,16,Platinum,0,AeroGulf
First,2385,EuroWings,2.5,13,Platinum,1,AeroGulf
First,3395,EuroWings,3.3,10,Silver,1,SkyMind
Economy,4273,AsiaJet,2.9,19,Gold,1,SkyMind
Economy,4745,AsiaJet,4.9,19,Silver,0,SkyMind
Economy,822,SkyMind,2.1,7,Bronze,0,EuroWings
Business,2312,AeroGulf,3.8,24,Silver,1,AeroGulf
Business,2545,AsiaJet,3.4,27,Platinum,1,AeroGulf
First,161,PacificAir,3.5,26,Platinum,1,AsiaJet
Economy,2857,PacificAir,4.2,3,Platinum,0,AeroGulf
First,2142,EuroWings,1.7,12,Silver,0,AeroGulf
Economy,4143,AeroGulf,4.4,28,Platinum,1,SkyMind
Economy,4835,EuroWings,1.4,11,Platinum,1,SkyMind
Economy,835,AeroGulf,3.7,5,Gold,1,EuroWings
Economy,169,EuroWings,1.8,12,Platinum,0,AsiaJet
Business,2954,AeroGulf,3.6,2,Platinum,1,AeroGulf
First,2986,AsiaJet,1.5,25,Gold,0,AeroGulf
Business,4706,AsiaJet,3.8,16,Silver,1,SkyMind
Economy,3028,AsiaJet,2.3,9,Gold,0,SkyMind
Business,3716,AsiaJet,3.7,20,Gold,0,SkyMind
Economy,2181,SkyMind,3.2,5,Platinum,1,AeroGulf
First,4242,PacificAir,1.9,12,Gold,0,SkyMind
Economy,1103,AsiaJet,3.1,18,Bronze,0,PacificAir
First,4232,AsiaJet,1.6,16,Bronze,0,SkyMind
First,230,SkyMind,5.0,5,Bronze,0,AsiaJet
First,3623,PacificAir,3.4,18,Bronze,1,SkyMind
Business,2992,EuroWings,3.0,27,Bronze,0,AeroGulf
First,1901,PacificAir,4.7,23,Platinum,1,PacificAir
First,2808,AeroGulf,2.2,19,Gold,0,AeroGulf
Economy,566,EuroWings,1.9,19,Platinum,0,EuroWings
Business,171,EuroWings,3.5,11,Gold,1,AsiaJet
Business,3289,AeroGulf,4.6,19,Platinum,1,SkyMind
Economy,4006,AsiaJet,3.6,23,Platinum,0,SkyMind
Business,357,PacificAir,1.1,13,Bronze,0,AsiaJet
First,3722,AeroGulf,4.5,26,Bronze,0,SkyMind
Economy,1439,PacificAir,2.2,5,Silver,0,PacificAir
Economy,1968,EuroWings,4.5,4,Gold,1,PacificAir
Economy,3074,EuroWings,4.9,21,Gold,1,SkyMind
First,1219,AsiaJet,3.6,7,Gold,0,PacificAir
Economy,3554,AsiaJet,2.1,3,Gold,1,SkyMind
First,806,AeroGulf,1.9,19,Gold,0,EuroWings
First,4413,PacificAir,3.8,23,Platinum,1,SkyMind
Economy,1130,AsiaJet,1.2,17,Silver,0,PacificAir
Business,797,PacificAir,3.6,13,Silver,1,EuroWings
Economy,4074,SkyMind,2.2,18,Silver,1,SkyMind
Economy,4325,AeroGulf,1.0,8,Platinum,1,SkyMind
Business,774,PacificAir,3.5,22,Platinum,0,EuroWings
Business,3463,AsiaJet,3.3,9,Gold,0,SkyMind
First,4172,AsiaJet,3.1,21,Gold,0,SkyMind
Business,1534,PacificAir,2.0,23,Silver,0,PacificAir
Business,2813,EuroWings,4.7,10,Platinum,1,AeroGulf
Business,1907,SkyMind,1.1,8,Bronze,0,PacificAir
Economy,2795,AeroGulf,1.4,24,Bronze,1,AeroGulf
First,2270,PacificAir,2.6,8,Gold,0,AeroGulf
Business,1124,AsiaJet,2.6,17,Bronze,1,PacificAir
First,2612,AeroGulf,1.5,17,Platinum,1,AeroGulf
First,3275,PacificAir,4.9,9,Platinum,0,SkyMind
First,2521,AsiaJet,4.9,21,Silver,1,AeroGulf
Economy,697,SkyMind,4.1,8,Bronze,1,EuroWings
Economy,1611,PacificAir,2.2,1,Gold,0,PacificAir
First,131,PacificAir,2.4,27,Platinum,1,AsiaJet
Economy,2431,AeroGulf,4.6,16,Bronze,0,AeroGulf
First,4247,AeroGulf,1.0,29,Platinum,0,SkyMind
Business,4810,AsiaJet,1.6,9,Platinum,1,SkyMind
Business,2513,EuroWings,2.1,20,Silver,1,AeroGulf
Business,333,SkyMind,5.0,26,Bronze,1,AsiaJet
Economy,3605,AsiaJet,1.2,23,Platinum,0,SkyMind
First,4593,AsiaJet,3.6,18,Platinum,1,SkyMind
Economy,2345,AeroGulf,4.2,6,Platinum,1,AeroGulf
First,2250,AsiaJet,1.4,9,Gold,0,AeroGulf
First,2390,SkyMind,1.5,28,Platinum,1,AeroGulf
Economy,3249,PacificAir,2.1,26,Platinum,0,SkyMind
Business,4352,EuroWings,3.4,14,Gold,0,SkyMind
Economy,2928,EuroWings,2.0,16,Bronze,1,AeroGulf
Economy,4747,PacificAir,3.0,12,Platinum,0,SkyMind
Economy,2262,AeroGulf,1.8,19,Bronze,1,AeroGulf
Business,1529,AsiaJet,4.0,8,Platinum,0,PacificAir
Economy,677,EuroWings,2.6,5,Gold,1,EuroWings
Business,143,AeroGulf,1.8,28,Bronze,1,AsiaJet
Business,1307,AsiaJet,4.2,16,Gold,0,PacificAir
Business,1079,EuroWings,2.0,9,Gold,1,PacificAir
Business,250,EuroWings,3.1,7,Silver,1,AsiaJet
Business,378,PacificAir,1.1,9,Platinum,1,AsiaJet
Business,1309,AeroGulf,2.2,17,Platinum,0,PacificAir
Economy,595,SkyMind,1.7,16,Bronze,0,EuroWings
Business,2320,EuroWings,2.0,4,Platinum,1,AeroGulf
Business,887,AsiaJet,4.9,18,Gold,0,EuroWings
Economy,1087,AeroGulf,2.5,21,Platinum,1,PacificAir
First,1087,EuroWings,1.6,28,Gold,0,PacificAir
Business,2032,SkyMind,5.0,18,Silver,0,AeroGulf
First,4818,SkyMind,2.2,27,Gold,0,SkyMind
Business,2406,EuroWings,4.0,19,Gold,0,AeroGulf
Economy,295,PacificAir,4.5,28,Bronze,0,AsiaJet
Economy,4883,EuroWings,2.4,5,Gold,1,SkyMind
First,4661,EuroWings,3.6,5,Silver,0,SkyMind
Business,814,AsiaJet,1.2,26,Bronze,0,EuroWings
Economy,971,AsiaJet,2.6,4,Silver,1,EuroWings
Economy,3499,PacificAir,4.6,6,Bronze,0,SkyMind
Economy,2260,AsiaJet,4.2,29,Platinum,1,AeroGulf
First,615,EuroWings,2.0,9,Silver,1,EuroWings
Economy,458,PacificAir,1.1,25,Gold,0,AsiaJet
First,2420,AsiaJet,3.5,15,Bronze,0,AeroGulf
Economy,4081,AsiaJet,1.5,24,Gold,1,SkyMind
Economy,1067,EuroWings,4.3,6,Platinum,0,PacificAir
Business,1250,PacificAir,2.9,24,Silver,1,PacificAir
Economy,3112,AsiaJet,2.6,12,Platinum,1,SkyMind
Economy,4035,AeroGulf,2.0,14,Platinum,1,SkyMind
First,3865,EuroWings,3.2,17,Platinum,0,SkyMind
Business,4020,AeroGulf,4.3,27,Gold,1,SkyMind
Business,3607,SkyMind,2.9,12,Silver,0,SkyMind
Business,3206,AsiaJet,1.4,21,Bronze,1,SkyMind
Economy,661,AeroGulf,3.2,9,Bronze,1,EuroWings
Business,3532,SkyMind,2.3,8,Bronze,1,SkyMind
Economy,2012,EuroWings,3.1,22,Bronze,1,AeroGulf
Business,2704,AeroGulf,1.3,14,Gold,1,AeroGulf
First,1815,PacificAir,1.3,27,Gold,0,PacificAir
Economy,2752,EuroWings,3.9,10,Gold,0,AeroGulf
Economy,1349,EuroWings,3.0,12,Gold,0,PacificAir
First,3457,PacificAir,2.6,13,Gold,0,SkyMind
Business,3764,EuroWings,4.8,12,Platinum,0,SkyMind
Business,949,SkyMind,1.8,24,Bronze,0,EuroWings
First,3932,AsiaJet,4.6,15,Silver,1,SkyMind
First,4826,EuroWings,4.3,12,Bronze,1,SkyMind
First,2400,AeroGulf,3.1,28,Bronze,0,AeroGulf
Business,807,EuroWings,2.8,27,Gold,0,EuroWings
Business,2160,PacificAir,1.5,4,Platinum,0,AeroGulf
Economy,1902,AeroGulf,2.5,15,Bronze,0,PacificAir
First,2257,PacificAir,3.2,9,Platinum,0,AeroGulf
Economy,4374,EuroWings,2.4,18,Platinum,0,SkyMind
Economy,3865,SkyMind,4.7,28,Gold,0,SkyMind
Economy,445,AeroGulf,1.2,8,Gold,0,AsiaJet
Economy,3958,EuroWings,2.2,27,Gold,0,SkyMind
Economy,2104,EuroWings,4.7,24,Silver,1,AeroGulf
Economy,1741,PacificAir,1.3,2,Platinum,1,PacificAir
First,2327,EuroWings,2.9,15,Platinum,0,AeroGulf
Business,1238,SkyMind,4.0,16,Bronze,0,PacificAir
Economy,910,AeroGulf,2.4,22,Platinum,0,EuroWings
Business,1945,EuroWings,4.2,9,Bronze,0,PacificAir
Economy,2335,PacificAir,1.6,29,Bronze,0,AeroGulf
Business,4168,SkyMind,4.9,16,Bronze,0,SkyMind
Business,565,AsiaJet,3.6,18,Bronze,1,EuroWings
Economy,1989,SkyMind,2.2,28,Gold,0,PacificAir
Business,3547,EuroWings,1.3,21,Gold,1,SkyMind
First,2037,EuroWings,3.2,3,Silver,1,AeroGulf
Economy,1748,AeroGulf,3.4,17,Gold,0,PacificAir
Economy,1801,EuroWings,2.8,23,Silver,1,PacificAir
Economy,1302,SkyMind,4.8,29,Gold,0,PacificAir
Business,4477,AsiaJet,2.3,5,Bronze,0,SkyMind
Economy,2363,SkyMind,3.3,4,Silver,0,AeroGulf
First,1864,EuroWings,1.3,10,Gold,1,PacificAir
Business,2040,EuroWings,2.8,20,Silver,0,AeroGulf
First,1571,AsiaJet,4.1,11,Platinum,0,PacificAir
Business,2401,AsiaJet,4.0,26,Silver,0,AeroGulf
Business,2111,AeroGulf,2.9,6,Bronze,1,AeroGulf
Economy,1219,AsiaJet,4.4,21,Platinum,0,PacificAir
Business,2901,PacificAir,4.8,13,Bronze,0,AeroGulf
Economy,4264,EuroWings,2.7,20,Silver,0,SkyMind
Economy,2913,AeroGulf,2.4,23,Gold,0,AeroGulf
First,2340,SkyMind,3.5,24,Gold,0,AeroGulf
First,825,AeroGulf,5.0,18,Platinum,0,EuroWings
Business,2759,EuroWings,1.2,14,Silver,1,AeroGulf
First,1139,EuroWings,2.5,28,Gold,1,PacificAir
Economy,4457,AsiaJet,3.0,6,Platinum,0,SkyMind
Business,1947,AsiaJet,4.9,26,Silver,1,PacificAir
Economy,3984,PacificAir,4.3,4,Bronze,1,SkyMind
First,4746,PacificAir,2.2,4,Gold,1,SkyMind
First,4147,EuroWings,4.1,2,Silver,1,SkyMind
Business,2029,EuroWings,1.8,23,Platinum,0,AeroGulf
Economy,1594,PacificAir,3.4,22,Silver,0,PacificAir
Business,4652,PacificAir,1.2,13,Gold,1,SkyMind
Economy,2213,AsiaJet,2.7,12,Platinum,0,AeroGulf
Economy,1514,AeroGulf,4.1,22,Platinum,1,PacificAir
Economy,3365,AsiaJet,2.1,3,Silver,1,SkyMind
First,2522,PacificAir,3.9,8,Platinum,0,AeroGulf
First,2743,SkyMind,2.3,25,Silver,0,AeroGulf
Economy,430,PacificAir,1.3,8,Platinum,1,AsiaJet
Economy,532,SkyMind,4.6,29,Gold,1,EuroWings
First,1714,AsiaJet,2.7,21,Silver,0,PacificAir
First,1745,AsiaJet,4.0,24,Gold,1,PacificAir
Business,2563,AsiaJet,3.4,22,Silver,0,AeroGulf
First,1550,EuroWings,3.7,25,Silver,1,PacificAir
First,3249,EuroWings,3.2,8,Silver,1,SkyMind
Economy,3065,AsiaJet,3.2,9,Silver,0,SkyMind
Business,3564,AeroGulf,4.5,13,Silver,0,SkyMind
First,2809,EuroWings,3.3,26,Gold,1,AeroGulf
First,2032,AeroGulf,4.2,1,Silver,0,AeroGulf
Business,2301,EuroWings,2.8,13,Gold,1,AeroGulf
First,1492,PacificAir,4.9,16,Bronze,1,PacificAir
First,4647,AsiaJet,1.2,11,Platinum,0,SkyMind
Economy,1710,EuroWings,2.5,14,Gold,0,PacificAir
Economy,2603,PacificAir,1.7,25,Bronze,0,AeroGulf
First,3824,AeroGulf,2.2,12,Silver,0,SkyMind
Business,4469,EuroWings,1.5,7,Platinum,0,SkyMind
Economy,4789,AeroGulf,3.0,5,Platinum,1,SkyMind
Business,4941,AsiaJet,1.1,1,Gold,1,SkyMind
Business,3605,EuroWings,3.3,19,Platinum,1,SkyMind
First,1193,AsiaJet,4.8,20,Gold,0,PacificAir
Business,2766,SkyMind,1.6,19,Bronze,1,AeroGulf
First,3804,AsiaJet,3.6,19,Platinum,0,SkyMind
Economy,764,AeroGulf,2.0,9,Platinum,0,EuroWings
Business,912,AeroGulf,1.6,26,Bronze,0,EuroWings
First,2148,AsiaJet,4.4,1,Bronze,1,AeroGulf
Economy,157,EuroWings,2.9,7,Platinum,0,AsiaJet
Economy,3572,EuroWings,1.3,20,Bronze,0,SkyMind
Business,1562,AeroGulf,3.2,10,Silver,0,PacificAir
Economy,574,AeroGulf,4.9,28,Bronze,1,EuroWings
First,3208,PacificAir,4.2,5,Gold,1,SkyMind
First,4937,EuroWings,3.2,20,Platinum,0,SkyMind
Economy,2551,PacificAir,4.8,4,Gold,0,AeroGulf
Business,283,AeroGulf,4.2,28,Platinum,1,AsiaJet
Economy,3205,AeroGulf,2.8,20,Bronze,1,SkyMind
Business,4218,PacificAir,2.9,17,Platinum,1,SkyMind
Business,4022,EuroWings,4.7,28,Bronze,0,SkyMind
Business,3459,EuroWings,1.2,2,Silver,1,SkyMind
Business,4005,AeroGulf,2.3,22,Platinum,0,SkyMind
First,2205,SkyMind,2.8,17,Gold,1,AeroGulf
Business,576,SkyMind,1.8,27,Bronze,0,EuroWings
Business,2519,AeroGulf,1.7,1,Platinum,0,AeroGulf
Economy,4618,SkyMind,3.0,18,Silver,1,SkyMind
Business,2588,AeroGulf,3.3,17,Platinum,0,AeroGulf
Economy,3640,EuroWings,2.8,7,Bronze,0,SkyMind
Business,1542,EuroWings,2.6,7,Silver,1,PacificAir
Economy,2661,SkyMind,3.8,5,Silver,0,AeroGulf
Economy,2293,SkyMind,4.0,6,Platinum,0,AeroGulf
Business,2218,EuroWings,1.7,29,Silver,0,AeroGulf
Business,3327,AsiaJet,1.3,19,Gold,0,SkyMind
Business,1553,AsiaJet,1.3,16,Silver,1,PacificAir
Business,197,PacificAir,3.9,4,Bronze,0,AsiaJet
First,118,PacificAir,1.1,14,Silver,0,AsiaJet
Business,4223,SkyMind,4.9,23,Platinum,1,SkyMind
Business,4955,PacificAir,3.8,15,Silver,1,SkyMind
Business,389,AsiaJet,3.4,17,Platinum,0,AsiaJet
Business,616,AeroGulf,1.1,24,Silver,0,EuroWings
First,3400,AeroGulf,1.1,26,Silver,1,SkyMind
First,3329,AsiaJet,2.8,8,Platinum,0,SkyMind
First,3528,AeroGulf,2.5,3,Silver,1,SkyMind
Business,1078,PacificAir,2.2,1,Platinum,0,PacificAir
Economy,2422,SkyMind,1.5,11,Bronze,0,AeroGulf
Economy,852,AsiaJet,2.1,15,Platinum,1,EuroWings
Business,4956,EuroWings,3.5,17,Gold,1,SkyMind
First,1648,EuroWings,2.6,26,Gold,0,PacificAir
Business,447,SkyMind,2.2,5,Silver,1,AsiaJet
Economy,2080,AeroGulf,4.7,25,Platinum,1,AeroGulf
Economy,3595,EuroWings,2.3,12,Silver,1,SkyMind
Business,2912,EuroWings,4.6,14,Silver,0,AeroGulf
Economy,2915,AsiaJet,1.3,13,Bronze,1,AeroGulf
First,2082,AeroGulf,4.3,28,Gold,1,AeroGulf
Business,1654,AeroGulf,3.0,10,Gold,1,PacificAir
Economy,1231,SkyMind,3.0,6,Silver,1,PacificAir
Business,2420,AsiaJet,3.4,27,Gold,1,AeroGulf
Business,3169,SkyMind,3.7,22,Silver,1,SkyMind
First,3302,PacificAir,4.3,24,Gold,0,SkyMind
Economy,2142,SkyMind,1.2,29,Silver,0,AeroGulf
Economy,1781,PacificAir,2.3,2,Silver,1,PacificAir
First,3553,AeroGulf,2.9,16,Platinum,0,SkyMind
Business,2417,SkyMind,4.9,5,Bronze,0,AeroGulf
First,3150,AsiaJet,1.2,28,Platinum,1,SkyMind
First,3023,EuroWings,2.6,1,Bronze,0,SkyMind
Economy,2410,AsiaJet,4.1,23,Platinum,0,AeroGulf
Business,4988,EuroWings,4.7,13,Platinum,0,SkyMind
Business,988,EuroWings,4.2,8,Platinum,1,EuroWings
First,2863,SkyMind,4.9,27,Gold,1,AeroGulf
Economy,3034,AsiaJet,3.1,6,Platinum,1,SkyMind
First,4799,AeroGulf,3.9,12,Platinum,0,SkyMind
Economy,3931,AsiaJet,4.5,11,Silver,0,SkyMind
First,276,EuroWings,2.7,17,Silver,0,AsiaJet
First,2518,AeroGulf,1.3,8,Platinum,0,AeroGulf
First,3359,AeroGulf,1.2,14,Bronze,1,SkyMind
First,3935,PacificAir,4.7,14,Gold,1,SkyMind
First,1568,PacificAir,1.0,25,Platinum,0,PacificAir
Business,2728,PacificAir,2.3,1,Gold,1,AeroGulf
Economy,3892,EuroWings,4.4,19,Platinum,0,SkyMind
Business,3462,PacificAir,2.6,19,Gold,0,SkyMind
First,2617,AeroGulf,1.8,5,Platinum,1,AeroGulf
First,291,SkyMind,1.5,17,Gold,0,AsiaJet
Business,4413,AsiaJet,1.1,22,Bronze,1,SkyMind
Economy,517,PacificAir,3.6,23,Platinum,0,EuroWings
Business,4614,AsiaJet,2.3,16,Platinum,0,SkyMind
First,256,EuroWings,1.0,12,Platinum,1,AsiaJet
First,4098,AeroGulf,1.3,14,Platinum,1,SkyMind
Economy,4293,EuroWings,4.4,25,Platinum,0,SkyMind
First,4734,SkyMind,1.5,10,Platinum,1,SkyMind
Economy,4080,EuroWings,3.0,23,Silver,1,SkyMind
Economy,2480,PacificAir,2.4,11,Bronze,0,AeroGulf
First,4493,AeroGulf,1.8,7,Silver,1,SkyMind
Economy,475,SkyMind,1.5,8,Bronze,0,AsiaJet
First,1561,PacificAir,3.6,14,Platinum,0,PacificAir
Business,4596,AsiaJet,4.5,9,Silver,0,SkyMind
First,2675,AsiaJet,3.4,11,Silver,0,AeroGulf
Economy,3209,PacificAir,2.5,5,Bronze,1,SkyMind
First,1526,PacificAir,2.2,7,Silver,1,PacificAir
Economy,2723,AsiaJet,2.5,8,Bronze,1,AeroGulf
First,2214,SkyMind,2.5,8,Platinum,1,AeroGulf
First,107,AeroGulf,3.0,15,Bronze,1,AsiaJet
Economy,4228,AsiaJet,2.5,12,Gold,1,SkyMind
First,4612,AsiaJet,3.3,5,Platinum,0,SkyMind
Economy,320,AeroGulf,1.4,18,Bronze,1,AsiaJet
Business,3273,AeroGulf,2.1,19,Platinum,1,SkyMind
Business,3937,PacificAir,3.9,26,Platinum,0,SkyMind
First,1237,EuroWings,4.0,19,Bronze,1,PacificAir
Economy,3944,AeroGulf,3.7,27,Silver,1,SkyMind
First,420,AeroGulf,2.4,24,Silver,0,AsiaJet
Economy,2447,EuroWings,2.8,22,Platinum,1,AeroGulf
Business,913,EuroWings,1.7,18,Silver,0,EuroWings
Economy,3506,EuroWings,4.9,10,Gold,0,SkyMind
First,3091,PacificAir,4.5,5,Platinum,0,SkyMind
First,2468,SkyMind,4.8,25,Bronze,0,AeroGulf
First,387,AsiaJet,3.3,7,Gold,1,AsiaJet
Economy,3566,AsiaJet,2.9,13,Platinum,1,SkyMind
First,2165,SkyMind,4.5,8,Platinum,0,AeroGulf
Economy,4029,SkyMind,2.6,11,Platinum,1,SkyMind
First,544,EuroWings,2.1,8,Silver,1,EuroWings
First,1882,EuroWings,3.0,7,Bronze,1,PacificAir
Business,4736,EuroWings,1.7,2,Gold,0,SkyMind
First,4340,PacificAir,4.1,21,Bronze,1,SkyMind
Economy,4672,SkyMind,2.8,12,Platinum,1,SkyMind
Economy,4564,SkyMind,3.6,21,Bronze,0,SkyMind
Business,4126,PacificAir,3.3,4,Gold,1,SkyMind
Economy,994,SkyMind,3.3,1,Gold,0,EuroWings
Business,2392,EuroWings,4.7,21,Gold,1,AeroGulf
Business,3307,EuroWings,1.2,12,Gold,1,SkyMind
Economy,2627,EuroWings,3.5,20,Platinum,1,AeroGulf
Business,3583,EuroWings,2.0,14,Gold,0,SkyMind
Business,930,EuroWings,1.5,7,Platinum,0,EuroWings
Business,796,AeroGulf,1.2,10,Platinum,1,EuroWings
Business,3225,EuroWings,4.3,12,Bronze,1,SkyMind
Economy,377,AeroGulf,2.6,16,Bronze,0,AsiaJet
First,942,PacificAir,3.8,1,Bronze,1,EuroWings
Business,3781,PacificAir,4.7,1,Silver,1,SkyMind
Economy,1891,AeroGulf,4.4,28,Bronze,1,PacificAir
First,1446,SkyMind,2.0,13,Bronze,0,PacificAir
First,2863,EuroWings,3.5,29,Silver,0,AeroGulf
First,4180,AsiaJet,2.2,16,Gold,0,SkyMind
First,3085,SkyMind,1.2,21,Platinum,0,SkyMind
Economy,1419,SkyMind,4.6,14,Silver,0,PacificAir
First,1049,AsiaJet,3.8,19,Silver,0,PacificAir
Economy,1131,AsiaJet,4.3,11,Silver,0,PacificAir
Business,2219,EuroWings,2.1,16,Silver,0,AeroGulf
Economy,4732,AeroGulf,2.1,20,Silver,0,SkyMind
Business,1969,EuroWings,1.8,17,Bronze,1,PacificAir
Business,3768,EuroWings,2.1,25,Gold,1,SkyMind
Business,361,EuroWings,1.4,4,Bronze,1,AsiaJet
First,3785,EuroWings,3.9,2,Platinum,0,SkyMind
Economy,4364,SkyMind,4.9,17,Platinum,1,SkyMind
Business,2434,SkyMind,4.6,16,Bronze,0,AeroGulf
First,1785,AeroGulf,1.6,8,Bronze,1,PacificAir
Business,1501,AsiaJet,1.8,22,Platinum,0,PacificAir
First,1078,PacificAir,2.4,23,Platinum,0,PacificAir
First,458,AeroGulf,1.8,14,Platinum,0,AsiaJet
Business,1456,EuroWings,3.7,28,Gold,1,PacificAir
Economy,1947,EuroWings,4.0,25,Silver,1,PacificAir
First,4217,SkyMind,4.0,6,Bronze,0,SkyMind
First,3282,AeroGulf,3.3,19,Silver,0,SkyMind
First,4600,AsiaJet,2.0,7,Silver,1,SkyMind
Business,1126,PacificAir,1.5,6,Platinum,0,PacificAir
First,2605,AeroGulf,3.0,12,Bronze,1,AeroGulf
First,2512,AsiaJet,4.6,22,Silver,0,AeroGulf
Economy,296,EuroWings,2.1,18,Gold,0,AsiaJet
Economy,1852,PacificAir,2.3,28,Bronze,0,PacificAir
Business,4689,PacificAir,3.9,13,Bronze,1,SkyMind
First,2665,AsiaJet,2.4,2,Platinum,0,AeroGulf
Economy,4480,AeroGulf,4.5,26,Platinum,1,SkyMind
Economy,4779,AeroGulf,4.5,25,Gold,0,SkyMind
First,2667,AeroGulf,4.6,7,Silver,0,AeroGulf
Economy,4135,PacificAir,4.1,10,Silver,0,SkyMind
Economy,3361,AsiaJet,1.2,8,Gold,0,SkyMind
Business,176,SkyMind,3.1,7,Bronze,0,AsiaJet
Business,2266,PacificAir,2.9,25,Bronze,0,AeroGulf
Economy,2048,PacificAir,2.8,28,Gold,0,AeroGulf
Business,2508,AeroGulf,3.6,19,Bronze,0,AeroGulf
First,1676,SkyMind,4.0,6,Bronze,1,PacificAir
Business,1266,SkyMind,3.2,5,Silver,0,PacificAir
First,1707,EuroWings,4.0,16,Silver,1,PacificAir
Business,2026,SkyMind,2.0,2,Silver,0,AeroGulf
Business,1623,AeroGulf,3.6,3,Bronze,0,PacificAir
First,4020,EuroWings,3.4,3,Platinum,0,SkyMind
First,2306,SkyMind,2.3,17,Bronze,1,AeroGulf
Economy,1599,AsiaJet,3.0,9,Silver,1,PacificAir
Economy,631,EuroWings,5.0,8,Silver,1,EuroWings
Business,2548,EuroWings,3.8,16,Platinum,1,AeroGulf
Economy,336,AeroGulf,2.8,5,Bronze,1,AsiaJet
Economy,4143,SkyMind,3.8,12,Platinum,0,SkyMind
Business,1253,SkyMind,2.5,14,Platinum,0,PacificAir
Business,4751,PacificAir,2.3,16,Bronze,1,SkyMind
First,2017,AeroGulf,3.0,1,Platinum,0,AeroGulf
First,1781,SkyMind,2.8,20,Silver,0,PacificAir
First,795,AsiaJet,4.8,12,Platinum,1,EuroWings
Economy,1852,PacificAir,4.9,22,Silver,1,PacificAir
Economy,2801,AsiaJet,2.3,16,Bronze,1,AeroGulf
First,4678,EuroWings,1.3,6,Silver,0,SkyMind
First,2631,AeroGulf,1.8,15,Silver,0,AeroGulf
Business,3717,AsiaJet,4.7,11,Bronze,0,SkyMind
First,2933,AeroGulf,1.6,24,Silver,0,AeroGulf
First,4069,EuroWings,3.5,2,Silver,0,SkyMind
Economy,2937,EuroWings,1.2,23,Gold,0,AeroGulf
Economy,1373,PacificAir,3.0,11,Bronze,1,PacificAir
First,3683,AsiaJet,2.6,5,Gold,1,SkyMind
First,2465,EuroWings,3.8,14,Silver,1,AeroGulf
First,2790,AsiaJet,3.0,14,Bronze,0,AeroGulf
Business,4509,AeroGulf,2.9,10,Gold,1,SkyMind
First,3810,PacificAir,3.5,22,Platinum,1,SkyMind
Business,2086,EuroWings,3.8,16,Bronze,0,AeroGulf
Economy,416,AsiaJet,3.6,11,Bronze,1,AsiaJet
First,1964,EuroWings,4.5,29,Gold,0,PacificAir
First,1955,AsiaJet,1.5,22,Platinum,0,PacificAir
Economy,4889,PacificAir,4.8,8,Silver,0,SkyMind
Economy,184,AsiaJet,3.7,14,Silver,0,AsiaJet
Business,586,PacificAir,1.8,10,Bronze,0,EuroWings
Economy,2652,AeroGulf,2.7,14,Bronze,0,AeroGulf
Economy,4272,AeroGulf,2.2,28,Bronze,1,SkyMind
Business,1482,AeroGulf,3.9,29,Silver,0,PacificAir
Economy,334,EuroWings,5.0,4,Platinum,1,AsiaJet
First,4000,PacificAir,4.5,10,Bronze,0,SkyMind
Economy,1429,AsiaJet,4.4,5,Silver,0,PacificAir
First,951,SkyMind,2.6,6,Silver,1,EuroWings
First,3329,AeroGulf,2.7,29,Silver,0,SkyMind
Economy,2700,EuroWings,1.8,24,Bronze,0,AeroGulf
First,4073,AeroGulf,2.5,11,Silver,0,SkyMind
Economy,3011,AeroGulf,3.5,28,Silver,0,SkyMind
Economy,4888,EuroWings,4.4,4,Platinum,1,SkyMind
Business,1989,PacificAir,1.2,13,Platinum,1,PacificAir
First,3485,EuroWings,4.8,29,Bronze,1,SkyMind
Economy,1115,AeroGulf,2.0,15,Platinum,0,PacificAir
Economy,1892,EuroWings,1.8,17,Silver,1,PacificAir
First,2731,AsiaJet,2.6,27,Silver,1,AeroGulf
Economy,4689,AeroGulf,3.5,12,Platinum,1,SkyMind
First,4763,AsiaJet,3.3,24,Silver,1,SkyMind
Business,3821,AsiaJet,2.0,20,Platinum,1,SkyMind
Business,905,SkyMind,4.8,5,Silver,1,EuroWings
Business,2877,SkyMind,3.4,15,Bronze,1,AeroGulf
First,1198,AeroGulf,4.3,4,Gold,1,PacificAir
First,3057,EuroWings,4.7,14,Gold,1,SkyMind
First,824,AeroGulf,2.6,26,Gold,1,EuroWings
Economy,3770,AsiaJet,1.9,24,Platinum,1,SkyMind
Economy,4037,AeroGulf,3.6,13,Silver,0,SkyMind
Economy,2719,PacificAir,2.3,12,Silver,1,AeroGulf
Economy,4213,EuroWings,2.5,6,Bronze,0,SkyMind
Economy,2477,EuroWings,1.6,2,Gold,0,AeroGulf
First,3123,EuroWings,4.3,5,Bronze,1,SkyMind
Business,2564,AsiaJet,4.1,6,Bronze,1,AeroGulf
Business,3734,AsiaJet,3.6,7,Gold,1,SkyMind
Economy,562,PacificAir,2.5,17,Platinum,1,EuroWings
Business,3135,AsiaJet,4.9,20,Silver,0,SkyMind
Economy,3177,AeroGulf,2.4,19,Platinum,1,SkyMind
Business,3966,SkyMind,3.5,15,Gold,0,SkyMind
Business,1776,SkyMind,1.6,2,Gold,1,PacificAir
Business,4147,PacificAir,1.6,5,Bronze,0,SkyMind
Economy,489,EuroWings,4.8,12,Platinum,0,AsiaJet
First,534,PacificAir,3.9,22,Silver,0,EuroWings
Business,3595,PacificAir,1.1,28,Gold,0,SkyMind
First,2126,PacificAir,3.6,4,Platinum,0,AeroGulf
First,300,SkyMind,1.2,9,Platinum,1,AsiaJet
Economy,677,PacificAir,4.0,15,Silver,1,EuroWings
Economy,1058,EuroWings,1.2,14,Bronze,1,PacificAir
First,3877,AsiaJet,2.5,20,Silver,1,SkyMind
Economy,776,AsiaJet,2.5,3,Silver,1,EuroWings
Business,1822,SkyMind,3.4,11,Gold,0,PacificAir
Economy,1402,EuroWings,1.8,17,Bronze,1,PacificAir
Economy,4264,AsiaJet,3.8,24,Platinum,1,SkyMind
Business,4270,SkyMind,3.1,17,Bronze,1,SkyMind
Economy,288,PacificAir,2.3,26,Silver,1,AsiaJet
First,3174,AsiaJet,4.1,28,Platinum,0,SkyMind
First,2053,AsiaJet,3.4,20,Platinum,1,AeroGulf
First,4356,AsiaJet,4.6,29,Silver,1,SkyMind
Business,982,PacificAir,3.1,8,Silver,0,EuroWings
First,2841,SkyMind,2.3,6,Gold,0,AeroGulf
Business,318,AsiaJet,1.0,26,Gold,1,AsiaJet
First,3533,PacificAir,3.3,9,Gold,0,SkyMind
Economy,3970,PacificAir,4.6,16,Gold,0,SkyMind
Economy,175,SkyMind,1.5,14,Gold,0,AsiaJet
Economy,1934,SkyMind,4.9,29,Bronze,0,PacificAir
Business,2895,SkyMind,3.6,23,Platinum,0,AeroGulf
First,661,SkyMind,2.0,9,Platinum,0,EuroWings
First,2416,PacificAir,4.8,11,Gold,1,AeroGulf
Economy,2908,AeroGulf,5.0,22,Bronze,1,AeroGulf
Business,4364,AsiaJet,1.1,3,Silver,1,SkyMind
First,1571,PacificAir,4.8,1,Bronze,0,PacificAir
Business,4788,EuroWings,2.1,11,Platinum,1,SkyMind
First,4875,AeroGulf,3.9,27,Gold,1,SkyMind
First,3630,EuroWings,2.1,13,Silver,0,SkyMind
Business,2991,AsiaJet,2.8,7,Gold,1,AeroGulf
Economy,558,EuroWings,2.1,17,Gold,1,EuroWings
First,3808,PacificAir,3.9,8,Silver,0,SkyMind
Business,1986,AsiaJet,4.2,7,Gold,0,PacificAir
Economy,4290,PacificAir,3.9,29,Platinum,0,SkyMind
Business,2823,EuroWings,4.8,14,Gold,0,AeroGulf
Business,2392,SkyMind,1.6,26,Gold,0,AeroGulf
Business,336,EuroWings,3.3,19,Bronze,0,AsiaJet
Business,2483,EuroWings,4.8,17,Bronze,0,AeroGulf
First,1259,SkyMind,2.9,29,Platinum,0,PacificAir
Economy,3901,SkyMind,4.6,22,Bronze,1,SkyMind
Business,1090,SkyMind,1.0,11,Gold,0,PacificAir
First,2103,EuroWings,4.8,10,Bronze,0,AeroGulf
First,3395,AeroGulf,1.2,7,Gold,0,SkyMind
Economy,2883,AsiaJet,1.2,20,Gold,1,AeroGulf
Business,4975,PacificAir,2.4,15,Platinum,1,SkyMind
Business,2144,AsiaJet,4.3,2,Gold,1,AeroGulf
Economy,2760,EuroWings,1.3,16,Bronze,0,AeroGulf
Economy,353,PacificAir,4.7,23,Platinum,1,AsiaJet
First,2726,EuroWings,1.9,18,Gold,1,AeroGulf
First,1907,AeroGulf,1.2,27,Gold,1,PacificAir
Economy,2132,PacificAir,3.3,4,Platinum,1,AeroGulf
Economy,3096,EuroWings,4.3,27,Platinum,1,SkyMind
First,4260,PacificAir,4.9,17,Silver,1,SkyMind
Business,1245,AsiaJet,1.9,3,Gold,0,PacificAir
Economy,2766,AsiaJet,4.4,1,Platinum,1,AeroGulf
Economy,971,AeroGulf,1.6,21,Gold,0,EuroWings
Business,2141,AeroGulf,4.0,7,Gold,1,AeroGulf
Business,4545,AeroGulf,1.1,8,Bronze,1,SkyMind
Business,1760,AeroGulf,2.6,27,Bronze,0,PacificAir
Business,3424,AeroGulf,4.2,2,Gold,1,SkyMind
Economy,3528,AeroGulf,1.5,3,Gold,1,SkyMind
First,4168,AsiaJet,3.4,28,Platinum,0,SkyMind
Business,721,AeroGulf,4.3,26,Bronze,0,EuroWings
First,4946,SkyMind,1.8,19,Silver,0,SkyMind
Business,1000,EuroWings,4.2,16,Platinum,0,EuroWings
Business,417,AsiaJet,2.2,26,Platinum,0,AsiaJet
Economy,4557,EuroWings,2.6,6,Bronze,0,SkyMind
First,2443,AsiaJet,4.0,25,Bronze,1,AeroGulf
First,2712,AsiaJet,4.3,1,Silver,1,AeroGulf
Economy,336,EuroWings,2.2,12,Platinum,1,AsiaJet
Economy,1127,AeroGulf,1.9,24,Silver,1,PacificAir
Business,2540,AsiaJet,3.2,19,Platinum,1,AeroGulf
First,1706,PacificAir,3.3,14,Bronze,0,PacificAir
Business,1165,AeroGulf,1.4,26,Platinum,1,PacificAir
Economy,4695,EuroWings,3.3,17,Bronze,0,SkyMind
Business,2792,EuroWings,3.5,4,Silver,0,AeroGulf
Business,3458,AsiaJet,1.4,20,Platinum,0,SkyMind
First,1349,AsiaJet,4.3,8,Gold,0,PacificAir
Economy,396,PacificAir,3.0,10,Platinum,0,AsiaJet
First,3040,SkyMind,3.4,6,Bronze,0,SkyMind
Economy,2615,PacificAir,3.1,25,Silver,0,AeroGulf
First,2688,PacificAir,2.9,4,Bronze,0,AeroGulf
Economy,1919,AeroGulf,2.2,29,Bronze,0,PacificAir
Business,393,PacificAir,2.5,15,Platinum,1,AsiaJet
Business,2303,SkyMind,3.8,26,Bronze,0,AeroGulf
Economy,4782,AsiaJet,3.5,3,Gold,1,SkyMind
First,2924,EuroWings,3.4,5,Gold,1,AeroGulf
Business,3771,EuroWings,4.2,10,Gold,1,SkyMind
Economy,329,SkyMind,3.1,12,Gold,0,AsiaJet
Business,240,AsiaJet,2.2,12,Gold,0,AsiaJet
Business,249,AeroGulf,3.4,3,Bronze,1,AsiaJet
Business,4535,AsiaJet,4.1,16,Platinum,1,SkyMind
Economy,3503,AeroGulf,4.5,9,Gold,0,SkyMind
Business,1480,AeroGulf,3.0,14,Platinum,1,PacificAir
Business,2312,AeroGulf,2.4,14,Silver,0,AeroGulf
First,599,AsiaJet,4.4,8,Gold,0,EuroWings
Economy,4811,AeroGulf,2.7,19,Platinum,0,SkyMind
First,1390,AsiaJet,4.9,17,Platinum,0,PacificAir
First,817,PacificAir,2.7,5,Gold,1,EuroWings
First,352,EuroWings,4.9,22,Platinum,0,AsiaJet
Economy,826,AsiaJet,1.4,16,Bronze,1,EuroWings
Economy,4930,EuroWings,2.4,21,Platinum,1,SkyMind
First,2104,AsiaJet,2.1,7,Bronze,1,AeroGulf
Economy,4703,AeroGulf,5.0,12,Gold,1,SkyMind
First,202,EuroWings,4.4,27,Gold,1,AsiaJet
First,351,AeroGulf,4.0,23,Silver,1,AsiaJet
First,4148,PacificAir,4.7,2,Bronze,0,SkyMind
Economy,2005,EuroWings,4.7,8,Gold,0,AeroGulf
First,1388,PacificAir,1.8,14,Bronze,1,PacificAir
Business,1107,AeroGulf,2.4,18,Gold,1,PacificAir
First,4491,SkyMind,1.2,10,Silver,1,SkyMind
Business,4905,PacificAir,2.2,16,Platinum,1,SkyMind
Business,2387,PacificAir,3.9,10,Silver,0,AeroGulf
Economy,720,PacificAir,3.9,14,Bronze,1,EuroWings
First,1992,PacificAir,2.8,20,Silver,0,PacificAir
First,3712,AeroGulf,1.7,23,Gold,0,SkyMind
Economy,1630,SkyMind,1.2,6,Platinum,0,PacificAir
First,3586,AsiaJet,2.0,10,Bronze,0,SkyMind
First,3085,AsiaJet,1.3,12,Silver,1,SkyMind
First,2330,AsiaJet,5.0,18,Platinum,1,AeroGulf
Business,869,AeroGulf,1.6,4,Silver,0,EuroWings
Economy,811,AeroGulf,4.2,3,Gold,0,EuroWings
Economy,2473,SkyMind,2.5,29,Gold,1,AeroGulf
First,2402,AsiaJet,3.5,12,Silver,1,AeroGulf
First,1351,AsiaJet,3.2,6,Platinum,0,PacificAir
First,4602,AsiaJet,1.2,6,Platinum,1,SkyMind
Economy,4548,EuroWings,4.6,24,Bronze,0,SkyMind
Economy,563,AsiaJet,4.6,24,Gold,1,EuroWings
Economy,2299,EuroWings,2.2,28,Bronze,1,AeroGulf
First,3354,EuroWings,1.5,5,Bronze,0,SkyMind
Economy,2964,AeroGulf,1.4,20,Silver,0,AeroGulf
Business,4115,SkyMind,4.4,19,Gold,1,SkyMind
First,2775,AsiaJet,3.3,9,Gold,1,AeroGulf
Economy,2831,EuroWings,2.5,5,Platinum,0,AeroGulf
Economy,4929,AeroGulf,2.4,4,Bronze,0,SkyMind
First,3870,AsiaJet,3.2,27,Platinum,0,SkyMind
First,4985,EuroWings,2.1,2,Silver,0,SkyMind
Business,3010,PacificAir,1.1,6,Silver,1,SkyMind
Business,2154,SkyMind,2.7,15,Platinum,1,AeroGulf
First,3530,PacificAir,4.5,15,Platinum,1,SkyMind
First,649,AeroGulf,4.2,21,Gold,0,EuroWings
Business,3263,PacificAir,4.6,2,Silver,1,SkyMind
Economy,3828,SkyMind,3.7,16,Bronze,0,SkyMind
Business,3057,AsiaJet,1.2,27,Bronze,1,SkyMind
First,3818,PacificAir,2.9,5,Silver,1,SkyMind
First,3157,EuroWings,1.1,14,Gold,1,SkyMind
First,2468,AsiaJet,4.9,24,Silver,0,AeroGulf
First,4436,AeroGulf,3.7,4,Platinum,1,SkyMind
First,535,AsiaJet,1.1,15,Silver,0,EuroWings
Business,4336,AeroGulf,4.8,17,Bronze,0,SkyMind
Economy,2012,AsiaJet,2.5,24,Gold,0,AeroGulf
Business,773,PacificAir,1.6,23,Gold,1,EuroWings
Business,2882,SkyMind,3.9,25,Bronze,0,AeroGulf
First,3229,EuroWings,1.6,28,Bronze,0,SkyMind
First,3666,AsiaJet,1.9,24,Silver,1,SkyMind
First,2061,AsiaJet,1.3,27,Bronze,0,AeroGulf
First,2327,EuroWings,3.8,23,Silver,1,AeroGulf
Economy,4254,PacificAir,1.8,7,Platinum,0,SkyMind
Business,3472,AeroGulf,4.3,10,Platinum,0,SkyMind
Economy,1090,PacificAir,3.5,27,Bronze,1,PacificAir
Economy,516,PacificAir,2.6,13,Gold,1,EuroWings
Economy,3771,AsiaJet,4.9,16,Bronze,0,SkyMind
Economy,679,AeroGulf,1.8,1,Bronze,1,EuroWings
Economy,4678,SkyMind,4.0,6,Bronze,1,SkyMind
First,646,AeroGulf,1.6,9,Bronze,1,EuroWings
Economy,3501,EuroWings,1.9,15,Gold,1,SkyMind
Economy,4447,AeroGulf,1.5,7,Bronze,1,SkyMind
Business,4754,EuroWings,4.7,28,Platinum,1,SkyMind
Economy,2480,AsiaJet,2.9,21,Gold,1,AeroGulf
Economy,4690,EuroWings,4.4,29,Silver,1,SkyMind
Business,1790,AsiaJet,1.2,17,Gold,0,PacificAir
Business,1745,SkyMind,3.3,26,Bronze,1,PacificAir
Business,837,AeroGulf,2.8,29,Silver,0,EuroWings
First,1115,SkyMind,4.9,6,Bronze,0,PacificAir
First,3594,SkyMind,4.2,11,Gold,1,SkyMind
First,2255,PacificAir,4.7,4,Gold,1,AeroGulf
Economy,4543,AeroGulf,2.9,19,Bronze,0,SkyMind
Economy,3779,PacificAir,4.2,21,Bronze,0,SkyMind
Business,4471,EuroWings,1.8,12,Silver,0,SkyMind
Business,1401,AsiaJet,3.8,17,Gold,0,PacificAir
Business,2075,EuroWings,4.9,11,Silver,0,AeroGulf
Business,3301,PacificAir,3.4,23,Gold,1,SkyMind
Business,2726,EuroWings,1.1,11,Bronze,1,AeroGulf
Economy,3059,AsiaJet,2.4,19,Platinum,0,SkyMind
Business,899,AsiaJet,3.4,22,Silver,1,EuroWings
First,1782,EuroWings,1.5,16,Bronze,1,PacificAir
First,1781,AeroGulf,2.6,7,Platinum,0,PacificAir
First,4024,SkyMind,2.8,11,Bronze,1,SkyMind
Economy,4454,AsiaJet,4.5,20,Platinum,1,SkyMind
First,187,AeroGulf,3.3,7,Silver,1,AsiaJet
First,4441,EuroWings,3.2,10,Platinum,1,SkyMind
Economy,1761,SkyMind,2.5,12,Bronze,1,PacificAir
Business,3832,AsiaJet,2.5,15,Gold,0,SkyMind
First,2151,SkyMind,3.3,13,Platinum,0,AeroGulf
Business,2642,AeroGulf,1.7,16,Gold,0,AeroGulf
Economy,548,AeroGulf,2.9,24,Silver,0,EuroWings
First,2878,AeroGulf,3.0,10,Silver,1,AeroGulf
Business,2933,PacificAir,3.7,11,Platinum,1,AeroGulf
Economy,4232,AsiaJet,3.4,16,Gold,0,SkyMind
First,1409,EuroWings,2.3,25,Platinum,1,PacificAir
Business,339,EuroWings,3.1,9,Gold,0,AsiaJet
Economy,4520,AsiaJet,1.1,23,Gold,1,SkyMind
First,1332,AeroGulf,3.7,1,Bronze,1,PacificAir
First,4279,AeroGulf,1.9,28,Bronze,0,SkyMind
Economy,756,PacificAir,4.3,13,Silver,1,EuroWings
Economy,4279,AeroGulf,3.9,21,Gold,1,SkyMind
First,366,SkyMind,1.6,26,Bronze,1,AsiaJet
First,4219,PacificAir,2.3,16,Platinum,1,SkyMind
Economy,3029,AeroGulf,4.0,1,Silver,0,SkyMind
Business,2780,AsiaJet,3.8,17,Silver,0,AeroGulf
First,2173,EuroWings,3.2,2,Gold,1,AeroGulf
First,1305,EuroWings,2.2,15,Bronze,1,PacificAir
Economy,1611,AeroGulf,3.1,3,Bronze,0,PacificAir
Business,498,AeroGulf,5.0,25,Platinum,1,AsiaJet
Business,3583,EuroWings,2.6,14,Platinum,0,SkyMind
Economy,2188,PacificAir,3.1,3,Bronze,0,AeroGulf
Business,4998,EuroWings,4.2,20,Bronze,1,SkyMind
Economy,1051,SkyMind,1.1,19,Bronze,1,PacificAir
Economy,730,PacificAir,4.7,2,Gold,0,EuroWings
First,4834,EuroWings,4.4,27,Platinum,1,SkyMind
Economy,2820,AsiaJet,3.2,4,Gold,0,AeroGulf
First,4633,PacificAir,3.1,26,Bronze,0,SkyMind
First,2291,AeroGulf,4.7,25,Silver,1,AeroGulf
Economy,688,AsiaJet,3.8,6,Gold,1,EuroWings
First,918,PacificAir,4.1,1,Bronze,0,EuroWings
Economy,4597,PacificAir,1.9,6,Platinum,0,SkyMind
First,2801,PacificAir,1.0,29,Bronze,1,AeroGulf
First,4470,PacificAir,2.8,21,Platinum,1,SkyMind
Economy,4313,AeroGulf,1.4,8,Platinum,1,SkyMind
Economy,3823,SkyMind,2.7,15,Bronze,1,SkyMind
Business,1582,AeroGulf,3.5,25,Bronze,1,PacificAir
First,2728,AsiaJet,3.4,20,Platinum,0,AeroGulf
Economy,3155,SkyMind,3.8,15,Silver,0,SkyMind
First,4287,AsiaJet,1.6,24,Platinum,0,SkyMind
Business,3107,SkyMind,2.0,8,Platinum,1,SkyMind
Business,1430,SkyMind,3.8,14,Gold,0,PacificAir
First,4361,SkyMind,1.7,20,Platinum,0,SkyMind
Economy,1541,PacificAir,1.9,1,Gold,0,PacificAir
First,4008,EuroWings,3.7,4,Silver,0,SkyMind
Business,2478,SkyMind,3.9,26,Gold,1,AeroGulf
Economy,4083,PacificAir,2.2,23,Platinum,0,SkyMind
First,4363,PacificAir,4.5,3,Gold,1,SkyMind
Economy,1829,SkyMind,4.3,6,Gold,1,PacificAir
First,2596,EuroWings,3.4,18,Silver,0,AeroGulf
Business,1708,PacificAir,4.3,10,Bronze,1,PacificAir
First,2059,EuroWings,4.9,7,Bronze,0,AeroGulf
First,609,AsiaJet,4.8,24,Silver,1,EuroWings
Economy,1940,SkyMind,1.5,12,Gold,0,PacificAir
Economy,4309,EuroWings,2.5,25,Gold,0,SkyMind
Economy,2275,AsiaJet,3.9,16,Bronze,0,AeroGulf
Economy,3626,SkyMind,1.4,17,Silver,1,SkyMind
Economy,2562,PacificAir,1.5,9,Bronze,0,AeroGulf
Business,2058,SkyMind,2.6,3,Bronze,0,AeroGulf
Business,2924,AsiaJet,1.0,23,Silver,1,AeroGulf
First,4848,AeroGulf,2.8,22,Silver,0,SkyMind
Economy,4392,AeroGulf,2.6,15,Bronze,1,SkyMind
Business,1635,SkyMind,3.8,25,Platinum,0,PacificAir
First,2622,PacificAir,1.4,25,Bronze,1,AeroGulf
First,3469,AeroGulf,2.8,20,Platinum,1,SkyMind
Economy,4278,AsiaJet,4.9,5,Gold,1,SkyMind
Economy,1472,PacificAir,4.5,29,Platinum,0,PacificAir
Business,3863,PacificAir,3.9,4,Silver,1,SkyMind
Economy,4351,AsiaJet,4.9,25,Silver,0,SkyMind
First,1329,EuroWings,1.4,5,Bronze,0,PacificAir
Business,2645,PacificAir,2.0,25,Gold,1,AeroGulf
Business,1201,AeroGulf,1.6,8,Platinum,0,PacificAir
Economy,4726,PacificAir,4.1,2,Platinum,0,SkyMind
Business,2867,SkyMind,4.4,22,Platinum,1,AeroGulf
First,3078,AsiaJet,3.6,7,Silver,1,SkyMind
First,2564,PacificAir,2.0,19,Gold,1,AeroGulf
Economy,3722,AeroGulf,1.5,15,Silver,0,SkyMind
Business,776,AsiaJet,3.2,25,Silver,1,EuroWings
Economy,4120,AsiaJet,1.6,20,Silver,1,SkyMind
Economy,4535,EuroWings,1.6,4,Silver,1,SkyMind
First,4859,PacificAir,3.2,15,Platinum,0,SkyMind
First,1797,AeroGulf,1.4,4,Platinum,1,PacificAir
Economy,1439,AeroGulf,4.7,3,Gold,0,PacificAir
First,163,EuroWings,1.8,16,Gold,0,AsiaJet
Business,4763,PacificAir,4.3,22,Gold,1,SkyMind
Business,4980,AsiaJet,3.3,25,Gold,1,SkyMind
Economy,4529,PacificAir,1.6,29,Platinum,0,SkyMind
Economy,3842,EuroWings,4.9,6,Bronze,0,SkyMind
Economy,4004,SkyMind,3.1,18,Gold,0,SkyMind
Business,554,PacificAir,2.0,15,Bronze,0,EuroWings
First,1794,SkyMind,1.9,7,Bronze,0,PacificAir
Economy,3966,SkyMind,1.5,24,Bronze,1,SkyMind
Economy,1383,SkyMind,3.2,25,Gold,1,PacificAir
First,2267,PacificAir,3.5,19,Silver,1,AeroGulf
Business,636,PacificAir,3.3,25,Platinum,0,EuroWings
Business,513,AeroGulf,4.4,22,Bronze,0,EuroWings
Economy,1317,AeroGulf,1.3,26,Gold,0,PacificAir
Economy,2229,AsiaJet,1.1,16,Gold,1,AeroGulf
Economy,3466,SkyMind,4.4,27,Silver,0,SkyMind
Business,4439,AeroGulf,1.5,7,Gold,1,SkyMind
First,4559,EuroWings,1.6,29,Gold,0,SkyMind
Economy,3358,AeroGulf,3.2,17,Gold,0,SkyMind
Economy,3038,AsiaJet,2.6,27,Silver,0,SkyMind
Business,3340,EuroWings,3.7,9,Gold,1,SkyMind
First,2099,AsiaJet,1.8,3,Platinum,0,AeroGulf
First,1794,EuroWings,4.4,2,Gold,0,PacificAir
First,847,EuroWings,1.9,28,Gold,1,EuroWings
First,590,EuroWings,2.7,14,Silver,1,EuroWings
Economy,134,AsiaJet,1.1,25,Platinum,0,AsiaJet
Business,4785,AeroGulf,4.9,3,Bronze,0,SkyMind
Business,1686,AeroGulf,2.2,16,Platinum,0,PacificAir
First,1924,AeroGulf,3.1,11,Bronze,0,PacificAir
Economy,717,SkyMind,2.9,7,Gold,0,EuroWings
Economy,4186,AsiaJet,2.6,19,Gold,0,SkyMind
Business,2221,PacificAir,1.7,2,Silver,0,AeroGulf
First,4415,EuroWings,3.5,12,Gold,0,SkyMind
Business,2393,AeroGulf,3.2,9,Platinum,0,AeroGulf
Business,1319,PacificAir,2.8,3,Platinum,1,PacificAir
First,3147,AeroGulf,3.2,15,Silver,1,SkyMind
First,3607,AsiaJet,3.6,1,Gold,1,SkyMind
Business,3201,PacificAir,4.4,9,Platinum,0,SkyMind
First,2308,PacificAir,1.9,3,Gold,0,AeroGulf
First,3915,PacificAir,4.1,16,Gold,0,SkyMind
First,1177,EuroWings,4.3,13,Platinum,0,PacificAir
Economy,1486,AeroGulf,4.0,4,Bronze,0,PacificAir
First,198,AeroGulf,4.3,3,Bronze,1,AsiaJet
Business,4740,SkyMind,3.3,15,Gold,1,SkyMind
Business,4488,AeroGulf,1.1,18,Platinum,0,SkyMind
Economy,2573,EuroWings,3.8,9,Platinum,1,AeroGulf
Business,2741,PacificAir,4.4,1,Bronze,0,AeroGulf
Business,384,AsiaJet,2.1,23,Platinum,0,AsiaJet
First,987,AsiaJet,4.0,1,Platinum,1,EuroWings
Business,684,SkyMind,1.4,2,Silver,1,EuroWings
Business,3558,SkyMind,3.6,11,Bronze,1,SkyMind
First,687,PacificAir,1.2,14,Bronze,0,EuroWings
Economy,2321,EuroWings,3.2,4,Silver,1,AeroGulf
Economy,194,PacificAir,4.5,3,Platinum,0,AsiaJet
First,324,EuroWings,2.5,5,Gold,0,AsiaJet
First,3172,SkyMind,1.7,10,Platinum,0,SkyMind
Economy,4676,EuroWings,3.7,28,Platinum,0,SkyMind
Economy,2450,PacificAir,4.4,16,Silver,1,AeroGulf
Economy,1758,PacificAir,2.2,8,Silver,0,PacificAir
Economy,2468,AeroGulf,3.3,28,Silver,1,AeroGulf
Economy,4335,EuroWings,3.6,21,Bronze,0,SkyMind
Economy,4583,SkyMind,2.6,29,Gold,0,SkyMind
Economy,1545,AsiaJet,1.3,18,Bronze,1,PacificAir
Economy,1120,AeroGulf,4.3,8,Bronze,1,PacificAir
Business,3680,SkyMind,4.4,11,Silver,0,SkyMind
First,1457,SkyMind,1.4,9,Bronze,1,PacificAir
Business,1537,SkyMind,3.4,17,Bronze,0,PacificAir
Economy,3154,EuroWings,3.9,24,Gold,0,SkyMind
First,407,SkyMind,1.4,4,Gold,0,AsiaJet
First,848,AsiaJet,4.4,29,Gold,0,EuroWings
First,1025,AsiaJet,2.4,7,Silver,1,PacificAir
Business,3101,PacificAir,3.4,23,Silver,1,SkyMind
First,1885,AeroGulf,2.5,16,Gold,1,PacificAir
Economy,4416,AsiaJet,3.1,28,Platinum,0,SkyMind
First,4121,EuroWings,3.6,26,Silver,1,SkyMind
Economy,1813,AeroGulf,3.8,24,Silver,0,PacificAir
Business,4391,EuroWings,2.6,6,Silver,0,SkyMind
Economy,1000,AsiaJet,1.4,15,Bronze,1,EuroWings
Business,197,AeroGulf,2.4,4,Silver,1,AsiaJet
Business,2801,AsiaJet,4.3,15,Gold,0,AeroGulf
Business,3891,SkyMind,3.4,27,Gold,1,SkyMind
Economy,3283,AeroGulf,2.8,8,Bronze,0,SkyMind
Business,3978,AsiaJet,3.7,27,Gold,0,SkyMind
Economy,1318,EuroWings,4.3,16,Silver,1,PacificAir
First,172,AeroGulf,4.5,25,Platinum,0,AsiaJet
First,3739,AeroGulf,3.9,10,Silver,1,SkyMind
Economy,2737,AeroGulf,1.4,29,Bronze,1,AeroGulf
First,1369,PacificAir,1.9,1,Platinum,1,PacificAir
Economy,1789,SkyMind,4.9,28,Platinum,1,PacificAir
First,3957,AeroGulf,3.9,12,Bronze,1,SkyMind
Economy,2344,AsiaJet,4.6,3,Platinum,0,AeroGulf
Economy,2168,EuroWings,3.1,12,Silver,1,AeroGulf
Economy,4422,AsiaJet,1.4,21,Gold,1,SkyMind
Business,4875,PacificAir,1.6,27,Bronze,1,SkyMind
Business,4725,AeroGulf,4.8,25,Platinum,0,SkyMind
First,1655,SkyMind,2.4,24,Gold,0,PacificAir
Economy,1046,EuroWings,2.5,23,Bronze,0,PacificAir
First,2571,PacificAir,4.9,29,Platinum,0,AeroGulf
Business,1047,AeroGulf,2.9,27,Silver,0,PacificAir
First,2662,SkyMind,1.1,14,Bronze,0,AeroGulf
Business,4010,EuroWings,3.2,11,Silver,1,SkyMind
Business,1260,EuroWings,3.9,14,Platinum,1,PacificAir
Business,2679,EuroWings,3.2,12,Gold,1,AeroGulf
Business,620,EuroWings,3.6,6,Bronze,0,EuroWings
Economy,626,SkyMind,3.1,24,Bronze,0,EuroWings
First,4609,AeroGulf,1.9,14,Gold,1,SkyMind
First,3699,AeroGulf,1.4,15,Gold,1,SkyMind
First,1560,SkyMind,1.1,1,Bronze,1,PacificAir
Economy,711,EuroWings,3.7,18,Bronze,0,EuroWings
Business,4790,AsiaJet,2.6,24,Gold,1,SkyMind
First,1650,EuroWings,3.0,27,Bronze,0,PacificAir
Economy,1941,AeroGulf,1.5,15,Gold,1,PacificAir
Business,1922,SkyMind,3.2,22,Bronze,0,PacificAir
Business,3518,EuroWings,2.0,15,Bronze,1,SkyMind
Business,2740,SkyMind,4.3,23,Bronze,0,AeroGulf
First,3860,EuroWings,3.4,21,Bronze,1,SkyMind
Business,3890,AsiaJet,1.3,28,Platinum,1,SkyMind
First,977,SkyMind,1.9,12,Gold,0,EuroWings
Business,3678,AsiaJet,1.9,14,Gold,1,SkyMind
Business,3027,SkyMind,4.2,23,Gold,1,SkyMind
First,1884,EuroWings,3.0,25,Platinum,0,PacificAir
First,1192,SkyMind,3.6,5,Bronze,1,PacificAir
Business,3600,AsiaJet,2.9,7,Gold,1,SkyMind
First,4507,AeroGulf,2.6,4,Bronze,0,SkyMind
First,431,AsiaJet,4.3,5,Gold,1,AsiaJet
First,4165,EuroWings,4.3,28,Gold,1,SkyMind
Economy,4526,AeroGulf,4.4,10,Bronze,1,SkyMind
Economy,2703,AeroGulf,4.8,5,Silver,0,AeroGulf
Economy,1147,AsiaJet,2.3,21,Silver,1,PacificAir
Economy,706,AeroGulf,3.8,19,Silver,0,EuroWings
Business,2371,EuroWings,2.4,5,Gold,1,AeroGulf
Economy,1705,SkyMind,4.6,14,Gold,0,PacificAir
First,1990,AsiaJet,3.1,22,Silver,1,PacificAir
Economy,587,EuroWings,2.5,7,Silver,0,EuroWings
Economy,198,EuroWings,1.0,20,Platinum,0,AsiaJet
Business,1481,SkyMind,3.7,11,Platinum,0,PacificAir
First,1617,AsiaJet,2.8,3,Gold,1,PacificAir
Economy,3395,SkyMind,1.4,24,Silver,0,SkyMind
First,634,SkyMind,2.5,21,Gold,1,EuroWings
Business,4752,AsiaJet,3.1,11,Bronze,0,SkyMind
Economy,3598,PacificAir,2.3,29,Silver,1,SkyMind
First,734,AeroGulf,4.1,13,Bronze,1,EuroWings
First,3377,PacificAir,3.9,7,Gold,1,SkyMind
First,3403,AsiaJet,1.5,11,Bronze,1,SkyMind
Business,1753,PacificAir,3.1,16,Platinum,1,PacificAir
First,719,AsiaJet,2.8,15,Gold,0,EuroWings
Business,4843,PacificAir,4.0,24,Silver,0,SkyMind
Economy,2086,PacificAir,2.9,12,Platinum,0,AeroGulf
First,2502,EuroWings,2.3,11,Bronze,1,AeroGulf
Business,4108,AeroGulf,2.9,9,Platinum,1,SkyMind
Economy,1084,SkyMind,2.9,14,Gold,0,PacificAir
Economy,1087,EuroWings,1.7,13,Silver,0,PacificAir
Business,1711,AsiaJet,2.4,22,Silver,1,PacificAir
Business,4629,AsiaJet,2.7,26,Silver,0,SkyMind
Economy,1069,SkyMind,1.2,10,Gold,0,PacificAir
Business,166,EuroWings,3.5,23,Bronze,1,AsiaJet
Economy,2303,EuroWings,1.8,8,Bronze,1,AeroGulf
First,4901,AeroGulf,2.4,22,Platinum,1,SkyMind
First,3652,EuroWings,1.7,22,Silver,0,SkyMind
Business,2828,EuroWings,4.0,18,Platinum,1,AeroGulf
Business,1715,AsiaJet,3.2,14,Gold,0,PacificAir
Business,783,AeroGulf,1.8,26,Silver,1,EuroWings
Business,3985,AeroGulf,1.8,13,Platinum,0,SkyMind
First,1690,EuroWings,1.9,5,Bronze,1,PacificAir
First,1296,EuroWings,4.8,27,Gold,1,PacificAir
Economy,1245,SkyMind,2.9,3,Silver,1,PacificAir
Economy,4156,EuroWings,4.7,2,Platinum,1,SkyMind
First,1249,PacificAir,5.0,5,Silver,0,PacificAir
Business,3937,AsiaJet,3.0,22,Gold,0,SkyMind
Business,4111,PacificAir,1.3,19,Bronze,0,SkyMind
First,764,AeroGulf,4.2,23,Bronze,0,EuroWings
First,2776,AsiaJet,3.4,3,Gold,0,AeroGulf
Business,4155,PacificAir,1.3,19,Platinum,0,SkyMind
Economy,2182,EuroWings,3.0,6,Gold,1,AeroGulf
Economy,3590,PacificAir,3.6,29,Platinum,0,SkyMind
Economy,3159,PacificAir,2.8,25,Platinum,0,SkyMind
Business,2326,EuroWings,3.3,2,Bronze,1,AeroGulf
Economy,298,AsiaJet,4.7,27,Bronze,0,AsiaJet
Business,1893,SkyMind,1.6,22,Platinum,1,PacificAir
Economy,2681,EuroWings,2.9,11,Gold,0,AeroGulf
First,4793,EuroWings,1.0,26,Gold,1,SkyMind
First,3006,AsiaJet,2.7,21,Gold,0,SkyMind
Economy,1507,AeroGulf,1.8,20,Gold,1,PacificAir
First,2544,EuroWings,1.9,10,Gold,1,AeroGulf
First,1269,SkyMind,1.9,26,Bronze,1,PacificAir
First,2813,SkyMind,4.0,12,Silver,1,AeroGulf
First,1030,EuroWings,3.0,16,Bronze,1,PacificAir
Economy,2400,EuroWings,2.5,12,Bronze,0,AeroGulf
Economy,2282,EuroWings,1.0,18,Gold,1,AeroGulf
Economy,2538,EuroWings,4.3,24,Gold,0,AeroGulf
Economy,2904,AeroGulf,1.0,19,Silver,1,AeroGulf
Business,4974,EuroWings,4.2,4,Gold,1,SkyMind
Economy,1695,AsiaJet,3.9,9,Silver,0,PacificAir
Business,1559,AsiaJet,1.5,14,Bronze,1,PacificAir
Business,3956,AeroGulf,3.5,25,Silver,1,SkyMind
First,2887,PacificAir,1.0,22,Gold,0,AeroGulf
Business,4262,AeroGulf,1.9,26,Silver,0,SkyMind
Business,3991,EuroWings,2.0,3,Bronze,1,SkyMind
Business,2342,PacificAir,4.9,7,Platinum,1,AeroGulf
Business,3992,PacificAir,3.3,12,Platinum,0,SkyMind
Economy,4498,SkyMind,1.0,2,Bronze,0,SkyMind
First,3823,AsiaJet,1.5,23,Bronze,0,SkyMind
First,3959,AeroGulf,1.8,20,Bronze,0,SkyMind
Economy,4989,AeroGulf,4.3,6,Gold,0,SkyMind
First,2689,AeroGulf,3.7,9,Bronze,1,AeroGulf
First,799,EuroWings,2.9,11,Gold,1,EuroWings
First,4239,EuroWings,4.2,23,Silver,1,SkyMind
Business,1372,SkyMind,2.9,14,Gold,1,PacificAir
First,2327,AeroGulf,4.3,24,Bronze,1,AeroGulf
Economy,3811,PacificAir,1.9,9,Gold,1,SkyMind
First,226,AsiaJet,4.7,5,Bronze,1,AsiaJet
First,4764,EuroWings,4.8,17,Gold,0,SkyMind
Economy,874,PacificAir,3.6,8,Bronze,0,EuroWings
First,1259,SkyMind,3.5,20,Bronze,1,PacificAir
Economy,2751,AeroGulf,3.3,22,Gold,1,AeroGulf
First,4566,SkyMind,2.7,7,Gold,1,SkyMind
First,1349,PacificAir,1.7,5,Platinum,1,PacificAir
Economy,2477,SkyMind,1.8,15,Gold,1,AeroGulf
First,2543,EuroWings,3.6,15,Gold,0,AeroGulf
Business,1717,PacificAir,2.9,9,Gold,0,PacificAir
Business,2580,PacificAir,1.9,29,Gold,1,AeroGulf
First,3473,AsiaJet,1.4,17,Gold,0,SkyMind
Economy,4854,AsiaJet,4.8,24,Bronze,1,SkyMind
Business,1943,EuroWings,3.8,23,Silver,1,PacificAir
First,1502,EuroWings,1.8,16,Silver,1,PacificAir
Business,3655,EuroWings,4.0,3,Bronze,0,SkyMind
Business,3932,SkyMind,1.7,1,Gold,1,SkyMind
Business,1502,AsiaJet,3.4,17,Gold,0,PacificAir
First,2652,PacificAir,3.3,1,Gold,0,AeroGulf
First,1018,AeroGulf,1.4,27,Bronze,1,PacificAir
Business,3678,AeroGulf,3.7,11,Bronze,0,SkyMind
First,179,SkyMind,3.2,25,Gold,1,AsiaJet
Business,3290,AeroGulf,4.2,20,Silver,1,SkyMind
First,1384,SkyMind,4.6,27,Silver,0,PacificAir
Economy,4561,EuroWings,3.8,5,Platinum,0,SkyMind
Economy,4185,AsiaJet,2.2,13,Silver,0,SkyMind
First,308,EuroWings,2.3,28,Silver,1,AsiaJet
Economy,489,SkyMind,2.2,22,Silver,1,AsiaJet
First,2970,PacificAir,4.5,17,Silver,1,AeroGulf
First,2435,PacificAir,2.9,24,Bronze,1,AeroGulf
First,3876,EuroWings,4.8,27,Platinum,0,SkyMind
Business,348,AeroGulf,3.6,12,Gold,1,AsiaJet
First,2773,PacificAir,3.4,1,Platinum,1,AeroGulf
Business,3682,SkyMind,4.6,26,Gold,1,SkyMind
First,1183,AeroGulf,3.4,6,Gold,1,PacificAir
Business,4074,SkyMind,4.3,29,Silver,0,SkyMind
First,4915,EuroWings,3.0,4,Silver,1,SkyMind
Economy,1641,AeroGulf,3.4,27,Platinum,0,PacificAir
Economy,774,PacificAir,2.0,2,Bronze,1,EuroWings
Business,1299,PacificAir,4.5,22,Silver,1,PacificAir
First,985,AsiaJet,2.1,18,Bronze,1,EuroWings
Economy,415,EuroWings,4.9,24,Silver,1,AsiaJet
First,1357,AeroGulf,2.5,14,Silver,1,PacificAir
Business,3529,AsiaJet,2.7,22,Silver,0,SkyMind
Economy,2761,SkyMind,3.0,22,Bronze,0,AeroGulf
Business,1090,EuroWings,2.5,2,Platinum,1,PacificAir
Business,3657,PacificAir,3.3,25,Bronze,1,SkyMind
Business,1544,SkyMind,3.6,14,Silver,1,PacificAir
Business,1511,SkyMind,1.7,21,Bronze,1,PacificAir
Business,1879,SkyMind,4.3,11,Bronze,1,PacificAir
Business,4909,SkyMind,3.6,7,Platinum,0,SkyMind
Economy,4954,EuroWings,4.0,19,Bronze,1,SkyMind
Business,4363,AsiaJet,4.8,25,Gold,0,SkyMind
First,477,EuroWings,4.2,4,Silver,0,AsiaJet
First,4101,PacificAir,3.5,25,Bronze,0,SkyMind
Business,2376,AeroGulf,2.2,1,Bronze,0,AeroGulf
Economy,1823,PacificAir,3.4,15,Platinum,0,PacificAir
Economy,3867,AeroGulf,1.2,25,Platinum,1,SkyMind
Economy,837,PacificAir,3.5,18,Platinum,1,EuroWings
Business,1584,AsiaJet,2.7,10,Platinum,1,PacificAir
First,2707,PacificAir,3.8,18,Bronze,0,AeroGulf
Economy,2373,AeroGulf,2.1,9,Platinum,0,AeroGulf
Economy,2320,EuroWings,3.5,2,Platinum,1,AeroGulf
First,3735,AeroGulf,4.2,23,Platinum,1,SkyMind
Economy,1975,AsiaJet,1.4,8,Silver,0,PacificAir
Economy,1165,AeroGulf,3.7,17,Silver,1,PacificAir
Business,2579,SkyMind,4.9,6,Platinum,0,AeroGulf
Business,1479,AeroGulf,4.5,21,Platinum,0,PacificAir
Business,4701,AeroGulf,1.6,7,Platinum,0,SkyMind
Economy,1494,PacificAir,2.8,26,Bronze,0,PacificAir
First,1179,PacificAir,2.0,28,Silver,1,PacificAir
First,2081,EuroWings,1.3,5,Bronze,0,AeroGulf
Economy,1253,SkyMind,4.2,11,Gold,0,PacificAir
Business,1377,EuroWings,4.3,28,Silver,0,PacificAir
First,4862,SkyMind,3.6,4,Platinum,1,SkyMind
Economy,4825,AeroGulf,1.4,18,Platinum,1,SkyMind
First,2276,SkyMind,1.3,10,Silver,1,AeroGulf
Business,4511,AsiaJet,3.2,1,Gold,0,SkyMind
Business,1558,AeroGulf,4.6,19,Platinum,1,PacificAir
First,886,SkyMind,1.7,23,Platinum,0,EuroWings
Economy,1764,SkyMind,3.5,6,Bronze,1,PacificAir
First,3867,PacificAir,3.0,7,Bronze,0,SkyMind
Business,401,SkyMind,2.0,28,Silver,1,AsiaJet
Business,4803,EuroWings,2.7,8,Platinum,1,SkyMind
Economy,2020,AsiaJet,2.8,24,Gold,1,AeroGulf
First,2530,PacificAir,1.6,26,Silver,1,AeroGulf
Business,2014,AeroGulf,1.7,4,Silver,1,AeroGulf
First,4273,EuroWings,3.7,4,Bronze,0,SkyMind
Economy,4204,AeroGulf,1.5,1,Bronze,1,SkyMind
First,3726,EuroWings,4.1,5,Bronze,1,SkyMind
First,3692,PacificAir,4.4,17,Gold,0,SkyMind
First,2670,AeroGulf,1.5,22,Silver,1,AeroGulf
Economy,4462,EuroWings,4.8,4,Platinum,0,SkyMind
Business,893,AeroGulf,4.9,24,Silver,0,EuroWings
First,3820,EuroWings,1.2,5,Platinum,1,SkyMind
Economy,1260,AsiaJet,1.0,23,Platinum,0,PacificAir
Business,1561,PacificAir,4.8,22,Bronze,0,PacificAir
Economy,4978,AsiaJet,1.4,22,Gold,0,SkyMind
First,1480,AsiaJet,2.1,14,Bronze,1,PacificAir
Business,1968,SkyMind,2.9,29,Platinum,1,PacificAir
Economy,4708,AeroGulf,1.6,11,Platinum,1,SkyMind
Economy,3957,AsiaJet,2.7,26,Silver,1,SkyMind
Economy,4209,EuroWings,4.7,13,Gold,0,SkyMind
Economy,766,PacificAir,4.5,29,Platinum,1,EuroWings
Business,3562,SkyMind,1.6,15,Gold,0,SkyMind
First,3443,PacificAir,4.8,14,Bronze,0,SkyMind
Business,1293,SkyMind,3.8,8,Platinum,0,PacificAir
First,590,EuroWings,4.9,18,Bronze,0,EuroWings
First,4008,AsiaJet,1.7,27,Bronze,0,SkyMind
Business,2405,AsiaJet,1.3,7,Platinum,1,AeroGulf
Economy,3142,SkyMind,2.7,5,Bronze,1,SkyMind
Economy,4016,AsiaJet,5.0,19,Gold,1,SkyMind
First,3112,EuroWings,2.8,15,Bronze,0,SkyMind
Business,2286,AsiaJet,3.6,19,Bronze,0,AeroGulf
Economy,1461,AeroGulf,3.2,5,Bronze,1,PacificAir
First,1192,AsiaJet,4.6,2,Silver,0,PacificAir
First,299,SkyMind,4.5,23,Gold,1,AsiaJet
Economy,3134,SkyMind,4.8,6,Silver,0,SkyMind
Business,1301,AsiaJet,3.4,27,Bronze,0,PacificAir
Business,3430,AsiaJet,3.2,26,Gold,1,SkyMind
First,3047,EuroWings,1.3,4,Platinum,1,SkyMind
Economy,3972,AeroGulf,2.2,8,Platinum,1,SkyMind
Economy,4293,AsiaJet,2.4,21,Bronze,1,SkyMind
Business,3299,AeroGulf,3.0,23,Silver,1,SkyMind
Economy,495,SkyMind,1.5,8,Platinum,0,AsiaJet
First,535,EuroWings,3.1,8,Platinum,1,EuroWings
Economy,685,AsiaJet,2.1,6,Bronze,1,EuroWings
First,2190,PacificAir,4.9,25,Silver,1,AeroGulf
Economy,4040,PacificAir,1.8,8,Gold,1,SkyMind
First,338,SkyMind,1.7,21,Gold,1,AsiaJet
Economy,1051,SkyMind,3.1,18,Bronze,1,PacificAir
Economy,3497,PacificAir,4.7,13,Silver,0,SkyMind
First,4032,PacificAir,1.4,28,Silver,0,SkyMind
Economy,2408,AeroGulf,4.7,27,Gold,1,AeroGulf
First,2636,SkyMind,1.4,9,Bronze,0,AeroGulf
Business,4047,PacificAir,1.7,10,Platinum,1,SkyMind
Economy,4306,PacificAir,1.6,26,Platinum,1,SkyMind
Business,854,EuroWings,1.9,9,Bronze,1,EuroWings
First,4390,PacificAir,4.0,21,Silver,1,SkyMind
Economy,936,PacificAir,2.7,8,Gold,0,EuroWings
First,2589,PacificAir,4.2,1,Platinum,0,AeroGulf
Economy,1643,AsiaJet,2.3,10,Platinum,0,PacificAir
Business,2909,PacificAir,2.9,24,Bronze,0,AeroGulf
Economy,804,SkyMind,3.0,13,Platinum,0,EuroWings
Business,3590,AsiaJet,2.9,14,Silver,0,SkyMind
Economy,1644,AsiaJet,2.6,18,Gold,0,PacificAir
Business,3115,EuroWings,2.4,2,Gold,0,SkyMind
First,2375,AsiaJet,4.4,4,Gold,0,AeroGulf
First,3730,PacificAir,2.6,11,Platinum,1,SkyMind
First,699,EuroWings,1.5,19,Platinum,0,EuroWings
Economy,343,EuroWings,1.8,9,Platinum,0,AsiaJet
Economy,3256,AeroGulf,3.8,29,Silver,1,SkyMind
Economy,2689,AsiaJet,5.0,26,Platinum,0,AeroGulf
Economy,3528,EuroWings,3.7,19,Platinum,0,SkyMind
First,1003,AeroGulf,1.3,9,Bronze,0,PacificAir
First,3080,EuroWings,3.1,16,Platinum,0,SkyMind
First,4430,AsiaJet,3.4,29,Gold,1,SkyMind
Business,2018,AsiaJet,3.3,14,Gold,0,AeroGulf
First,1900,SkyMind,1.6,5,Platinum,1,PacificAir
Business,4988,PacificAir,3.7,24,Silver,1,SkyMind
Business,3212,PacificAir,1.1,23,Platinum,1,SkyMind
Economy,615,PacificAir,4.0,24,Platinum,0,EuroWings
Business,2298,SkyMind,2.1,29,Silver,0,AeroGulf
Economy,252,SkyMind,4.9,9,Silver,1,AsiaJet
Business,817,AeroGulf,2.5,18,Platinum,0,EuroWings
First,2034,PacificAir,1.3,9,Platinum,1,AeroGulf
Business,3210,AeroGulf,5.0,1,Silver,1,SkyMind
Economy,632,AeroGulf,3.5,24,Silver,1,EuroWings
Business,3521,EuroWings,3.3,20,Platinum,0,SkyMind
Economy,1213,PacificAir,2.4,4,Platinum,0,PacificAir
Economy,1747,SkyMind,2.8,13,Platinum,0,PacificAir
First,3987,AeroGulf,2.8,14,Silver,0,SkyMind
First,2247,PacificAir,2.1,20,Silver,0,AeroGulf
Business,2107,AsiaJet,2.4,22,Silver,0,AeroGulf
Business,3055,PacificAir,4.8,14,Platinum,0,SkyMind
Business,3154,AeroGulf,1.7,26,Gold,0,SkyMind
Economy,454,AsiaJet,3.0,26,Gold,0,AsiaJet
First,4910,PacificAir,4.6,12,Bronze,1,SkyMind
Economy,3432,AsiaJet,4.1,27,Platinum,1,SkyMind
First,3749,AeroGulf,5.0,21,Silver,0,SkyMind
Business,3602,EuroWings,4.1,6,Gold,1,SkyMind
First,3533,PacificAir,1.1,5,Silver,1,SkyMind
Business,2705,EuroWings,1.8,5,Gold,0,AeroGulf
First,1029,AsiaJet,4.7,5,Platinum,0,PacificAir
Business,2872,PacificAir,4.8,18,Gold,1,AeroGulf
First,1456,SkyMind,3.2,10,Platinum,0,PacificAir
Business,1257,EuroWings,2.8,21,Bronze,1,PacificAir
Economy,3792,EuroWings,3.5,19,Platinum,0,SkyMind
Business,3045,AsiaJet,4.6,25,Platinum,0,SkyMind
Business,3724,AeroGulf,2.9,29,Bronze,0,SkyMind
First,976,SkyMind,3.6,26,Gold,0,EuroWings
Economy,381,AeroGulf,1.9,26,Silver,1,AsiaJet
Business,128,PacificAir,3.2,6,Silver,1,AsiaJet
First,4604,AeroGulf,1.5,14,Gold,0,SkyMind
Business,646,EuroWings,1.1,17,Silver,0,EuroWings
Business,4207,SkyMind,3.3,9,Platinum,0,SkyMind
Economy,2622,PacificAir,3.8,11,Silver,1,AeroGulf
First,1719,PacificAir,1.9,8,Bronze,1,PacificAir
Economy,3095,EuroWings,1.8,10,Silver,0,SkyMind
Business,1226,AeroGulf,3.7,16,Silver,0,PacificAir
First,3451,PacificAir,3.5,25,Platinum,1,SkyMind
First,224,PacificAir,4.3,22,Bronze,0,AsiaJet
Economy,111,PacificAir,2.1,18,Gold,0,AsiaJet
First,3117,SkyMind,3.8,19,Silver,1,SkyMind
Business,4931,EuroWings,1.8,10,Platinum,0,SkyMind
Business,123,PacificAir,2.0,24,Silver,1,AsiaJet
Business,351,SkyMind,3.0,28,Silver,1,AsiaJet
Business,2936,SkyMind,4.3,16,Platinum,0,AeroGulf
First,441,AsiaJet,2.2,9,Platinum,0,AsiaJet
First,4236,PacificAir,1.8,25,Platinum,0,SkyMind
Economy,1765,AsiaJet,3.5,27,Platinum,1,PacificAir
First,3791,AsiaJet,2.4,16,Silver,0,SkyMind
Business,4479,SkyMind,2.6,27,Gold,0,SkyMind
Economy,3735,PacificAir,3.4,11,Bronze,0,SkyMind
First,1533,SkyMind,1.4,17,Platinum,1,PacificAir
Economy,4522,AeroGulf,2.2,9,Bronze,1,SkyMind
Business,957,PacificAir,3.3,28,Silver,0,EuroWings
Business,3724,AeroGulf,1.6,9,Bronze,1,SkyMind
Economy,4596,AeroGulf,3.2,16,Silver,1,SkyMind
Business,1401,EuroWings,3.9,18,Bronze,0,PacificAir
First,3820,AeroGulf,3.0,1,Gold,1,SkyMind
First,4653,AeroGulf,3.0,17,Silver,1,SkyMind
First,3739,AsiaJet,1.6,3,Gold,1,SkyMind
Business,3356,PacificAir,1.1,1,Gold,0,SkyMind
First,373,AeroGulf,1.3,4,Bronze,0,AsiaJet
First,4505,AsiaJet,3.0,16,Silver,1,SkyMind
Business,4142,SkyMind,2.8,26,Bronze,1,SkyMind
Business,2664,SkyMind,4.3,20,Silver,0,AeroGulf
First,268,PacificAir,2.5,24,Platinum,1,AsiaJet
First,3359,AeroGulf,4.7,29,Silver,0,SkyMind
Economy,2413,EuroWings,2.3,22,Bronze,1,AeroGulf
Business,241,EuroWings,3.2,2,Silver,0,AsiaJet
First,1972,AeroGulf,3.7,5,Gold,1,PacificAir
Economy,3222,SkyMind,4.1,9,Platinum,1,SkyMind
First,3000,SkyMind,3.6,19,Bronze,1,AeroGulf
Business,2450,AsiaJet,1.5,28,Gold,1,AeroGulf
First,2128,AsiaJet,3.7,2,Gold,0,AeroGulf
Business,2364,EuroWings,1.0,2,Platinum,0,AeroGulf
Business,4320,AsiaJet,2.3,11,Silver,1,SkyMind
Economy,4658,AeroGulf,2.9,12,Gold,0,SkyMind
Economy,1840,AsiaJet,2.6,11,Platinum,0,PacificAir
First,1348,PacificAir,2.1,16,Silver,1,PacificAir
Economy,2839,EuroWings,4.4,22,Silver,0,AeroGulf
Economy,3117,SkyMind,5.0,29,Gold,1,SkyMind
First,1829,AsiaJet,3.6,23,Bronze,0,PacificAir
Business,4205,PacificAir,1.5,8,Bronze,0,SkyMind
First,189,SkyMind,1.7,17,Bronze,0,AsiaJet
Business,2570,AsiaJet,1.0,13,Platinum,1,AeroGulf
First,4107,AeroGulf,2.5,3,Silver,1,SkyMind
Business,3439,EuroWings,4.3,26,Silver,0,SkyMind
First,2003,SkyMind,1.9,20,Platinum,1,AeroGulf
Economy,2096,SkyMind,2.6,8,Bronze,1,AeroGulf
Economy,4667,PacificAir,4.8,10,Silver,0,SkyMind
Economy,284,EuroWings,3.1,27,Silver,1,AsiaJet
Business,4556,EuroWings,4.8,11,Platinum,1,SkyMind
Business,119,PacificAir,1.2,26,Bronze,0,AsiaJet
Business,3054,AsiaJet,3.7,18,Platinum,0,SkyMind
Business,3463,PacificAir,1.5,10,Platinum,1,SkyMind
First,4640,SkyMind,1.1,6,Platinum,1,SkyMind
Business,3755,SkyMind,2.1,20,Platinum,0,SkyMind
Economy,759,AeroGulf,1.1,8,Platinum,1,EuroWings
Business,1635,EuroWings,1.6,15,Gold,0,PacificAir
Business,3466,SkyMind,1.8,17,Silver,1,SkyMind
First,1784,SkyMind,5.0,1,Platinum,1,PacificAir
Business,4763,EuroWings,1.2,11,Platinum,0,SkyMind
Business,3661,AsiaJet,4.8,15,Silver,0,SkyMind
Economy,1793,EuroWings,2.5,28,Silver,0,PacificAir
Economy,4795,SkyMind,3.2,10,Platinum,1,SkyMind
Economy,3515,EuroWings,1.1,9,Gold,0,SkyMind
Economy,3424,AsiaJet,1.0,20,Bronze,1,SkyMind
First,3130,SkyMind,2.0,18,Silver,0,SkyMind
Economy,1536,AsiaJet,3.7,28,Platinum,1,PacificAir
First,2354,AeroGulf,3.8,12,Bronze,1,AeroGulf
First,480,AsiaJet,3.3,13,Silver,0,AsiaJet
Business,2839,SkyMind,2.9,4,Platinum,0,AeroGulf
First,1014,EuroWings,2.0,14,Gold,1,PacificAir
Business,2180,AsiaJet,4.3,22,Bronze,0,AeroGulf
Economy,2018,EuroWings,3.3,29,Gold,0,AeroGulf
First,2307,SkyMind,2.4,3,Gold,0,AeroGulf
First,4281,EuroWings,1.6,12,Bronze,0,SkyMind
Business,1157,SkyMind,3.6,1,Silver,0,PacificAir
Business,4553,SkyMind,1.8,28,Platinum,1,SkyMind
First,1583,AsiaJet,3.1,25,Silver,0,PacificAir
Economy,2532,AeroGulf,2.7,23,Silver,0,AeroGulf
Economy,3549,PacificAir,1.8,18,Bronze,0,SkyMind
Business,3873,AsiaJet,4.1,16,Silver,1,SkyMind
Economy,2184,AeroGulf,2.8,16,Bronze,0,AeroGulf
Business,1253,AsiaJet,1.1,25,Platinum,0,PacificAir
Business,1651,AsiaJet,3.0,27,Gold,1,PacificAir
Business,4890,SkyMind,1.8,20,Platinum,0,SkyMind
Economy,142,AeroGulf,5.0,13,Silver,0,AsiaJet
Economy,1207,PacificAir,3.6,22,Silver,1,PacificAir
Economy,4963,EuroWings,1.4,8,Bronze,0,SkyMind
Business,1812,SkyMind,3.0,4,Gold,1,PacificAir
Economy,4853,AsiaJet,2.6,21,Gold,1,SkyMind
Economy,3423,EuroWings,3.4,7,Gold,1,SkyMind
First,1610,AsiaJet,3.6,5,Silver,1,PacificAir
Business,1956,SkyMind,2.8,20,Gold,1,PacificAir
First,4940,AsiaJet,3.6,9,Gold,1,SkyMind
Business,3898,SkyMind,2.2,7,Bronze,1,SkyMind
First,1309,AsiaJet,1.1,2,Gold,1,PacificAir
Business,509,EuroWings,1.2,17,Platinum,0,EuroWings
Economy,1415,SkyMind,4.4,9,Gold,1,PacificAir
First,3301,AeroGulf,2.4,3,Silver,0,SkyMind
Business,3787,EuroWings,4.8,26,Platinum,1,SkyMind
Business,2384,SkyMind,2.9,9,Silver,1,AeroGulf
Economy,4281,SkyMind,4.4,6,Bronze,1,SkyMind
Business,213,AeroGulf,1.5,18,Gold,0,AsiaJet
Business,4370,AsiaJet,4.4,5,Bronze,1,SkyMind
Business,1531,PacificAir,4.8,6,Bronze,0,PacificAir
Business,2238,SkyMind,4.8,7,Gold,0,AeroGulf
Economy,432,EuroWings,2.2,20,Bronze,1,AsiaJet
Economy,2339,AsiaJet,3.9,28,Silver,0,AeroGulf
Business,3500,EuroWings,1.2,28,Silver,0,SkyMind
Business,1600,SkyMind,2.2,18,Platinum,0,PacificAir
Economy,713,AeroGulf,2.3,25,Platinum,1,EuroWings
Business,2011,AeroGulf,3.8,26,Silver,1,AeroGulf
Economy,1159,AeroGulf,2.3,20,Gold,1,PacificAir
Economy,324,AsiaJet,1.3,23,Platinum,1,AsiaJet
First,2339,AeroGulf,2.9,14,Platinum,0,AeroGulf
Business,2849,AsiaJet,2.2,1,Gold,1,AeroGulf
Economy,3832,SkyMind,4.1,19,Gold,0,SkyMind
First,614,SkyMind,3.1,24,Gold,1,EuroWings
Economy,1612,PacificAir,2.2,8,Gold,1,PacificAir
Business,4085,EuroWings,1.2,4,Gold,1,SkyMind
Business,4006,SkyMind,1.9,25,Gold,0,SkyMind
First,2108,AsiaJet,1.7,22,Gold,1,AeroGulf
Business,3508,AsiaJet,2.4,25,Gold,0,SkyMind
First,2719,AsiaJet,1.1,13,Silver,1,AeroGulf
First,3128,AeroGulf,1.2,15,Silver,1,SkyMind
First,3266,EuroWings,4.7,14,Platinum,1,SkyMind
Business,942,PacificAir,4.6,11,Bronze,0,EuroWings
Economy,415,EuroWings,3.8,19,Platinum,1,AsiaJet
Economy,1589,EuroWings,3.9,23,Silver,1,PacificAir
Business,355,SkyMind,1.3,16,Platinum,1,AsiaJet
First,4589,AeroGulf,1.6,6,Platinum,0,SkyMind
Business,1221,SkyMind,2.1,5,Platinum,0,PacificAir
Business,1634,AeroGulf,3.0,22,Bronze,0,PacificAir
First,1609,PacificAir,4.4,15,Bronze,1,PacificAir
First,1517,SkyMind,4.9,17,Bronze,0,PacificAir
Business,2921,AeroGulf,4.1,15,Silver,0,AeroGulf
First,180,AeroGulf,1.6,27,Platinum,1,AsiaJet
Business,1962,AsiaJet,4.6,8,Bronze,1,PacificAir
Economy,3120,SkyMind,3.8,14,Bronze,0,SkyMind
Economy,4113,AeroGulf,1.4,7,Silver,1,SkyMind
First,683,AsiaJet,2.4,27,Bronze,1,EuroWings
First,2523,AsiaJet,4.2,10,Platinum,0,AeroGulf
Economy,1215,AsiaJet,4.5,24,Platinum,1,PacificAir
First,4308,SkyMind,4.0,17,Bronze,0,SkyMind
Economy,1819,PacificAir,2.9,16,Gold,1,PacificAir
First,2598,EuroWings,5.0,23,Silver,1,AeroGulf
Economy,2619,AsiaJet,1.0,5,Bronze,0,AeroGulf
Economy,108,SkyMind,1.4,4,Bronze,0,AsiaJet
First,1074,AeroGulf,2.8,13,Gold,1,PacificAir
Business,4608,AeroGulf,3.8,26,Gold,0,SkyMind
Economy,2390,EuroWings,1.1,23,Silver,0,AeroGulf
Economy,3063,SkyMind,2.7,23,Silver,1,SkyMind
First,3351,AeroGulf,2.0,18,Bronze,0,SkyMind
First,3205,EuroWings,3.2,28,Bronze,0,SkyMind
Business,2972,AsiaJet,2.3,17,Bronze,1,AeroGulf
Economy,4783,EuroWings,3.6,6,Silver,0,SkyMind
Economy,1164,PacificAir,1.6,3,Silver,0,PacificAir
Business,3552,AsiaJet,4.0,5,Silver,1,SkyMind
Economy,333,AeroGulf,3.2,29,Bronze,1,AsiaJet
Economy,1370,EuroWings,4.0,28,Silver,0,PacificAir
First,3678,SkyMind,3.0,1,Bronze,0,SkyMind
Economy,674,SkyMind,2.5,25,Bronze,0,EuroWings
Business,4923,AeroGulf,1.9,16,Platinum,0,SkyMind
Business,263,AsiaJet,4.5,3,Gold,1,AsiaJet
Economy,3236,EuroWings,2.7,29,Gold,1,SkyMind
Business,1259,PacificAir,2.9,13,Platinum,0,PacificAir
First,4992,AsiaJet,3.1,28,Silver,1,SkyMind
Business,3321,PacificAir,3.1,5,Gold,0,SkyMind
First,1086,EuroWings,3.3,22,Bronze,0,PacificAir
Economy,1693,SkyMind,1.5,1,Platinum,1,PacificAir
Economy,2516,SkyMind,4.3,14,Gold,0,AeroGulf
Business,3841,SkyMind,2.4,15,Platinum,1,SkyMind
Business,598,SkyMind,1.6,25,Platinum,1,EuroWings
Business,3758,AeroGulf,1.7,3,Gold,1,SkyMind
Economy,1816,AsiaJet,2.4,20,Platinum,1,PacificAir
First,4269,EuroWings,2.0,13,Bronze,0,SkyMind
Business,3646,AsiaJet,4.3,15,Platinum,1,SkyMind
First,4473,AeroGulf,4.5,3,Bronze,0,SkyMind
Business,3930,SkyMind,3.8,22,Bronze,1,SkyMind
First,2889,AsiaJet,4.2,17,Silver,0,AeroGulf
First,3291,AeroGulf,1.1,9,Bronze,0,SkyMind
Business,3212,EuroWings,1.3,27,Bronze,1,SkyMind
Economy,3823,AsiaJet,4.2,18,Bronze,0,SkyMind
Economy,3226,PacificAir,2.9,16,Bronze,1,SkyMind
Economy,4414,AsiaJet,4.8,18,Platinum,0,SkyMind
Business,534,AeroGulf,4.4,4,Platinum,0,EuroWings
Business,4325,PacificAir,2.4,1,Bronze,1,SkyMind
First,4575,SkyMind,2.3,19,Platinum,0,SkyMind
Business,1738,PacificAir,4.5,14,Bronze,0,PacificAir
First,1658,SkyMind,2.7,10,Bronze,0,PacificAir
First,1278,SkyMind,2.8,6,Platinum,1,PacificAir
Economy,682,SkyMind,3.1,28,Gold,0,EuroWings
First,238,AeroGulf,4.1,1,Platinum,1,AsiaJet
Business,3310,AsiaJet,2.4,27,Bronze,0,SkyMind
Economy,3984,SkyMind,2.7,28,Silver,0,SkyMind
Business,4740,AeroGulf,2.8,5,Bronze,0,SkyMind
Business,1347,AsiaJet,4.4,5,Platinum,0,PacificAir
Economy,460,SkyMind,2.7,4,Platinum,0,AsiaJet
Economy,3287,SkyMind,4.3,15,Platinum,1,SkyMind
Business,2471,SkyMind,3.2,14,Platinum,1,AeroGulf
Business,1160,PacificAir,3.4,18,Gold,0,PacificAir
Business,3745,AeroGulf,3.6,4,Bronze,1,SkyMind
Business,3551,SkyMind,2.5,2,Platinum,0,SkyMind
First,4612,EuroWings,3.4,10,Bronze,1,SkyMind
Business,3257,AsiaJet,1.7,19,Bronze,1,SkyMind
Economy,3800,SkyMind,2.3,15,Bronze,0,SkyMind
Economy,3044,EuroWings,4.4,17,Bronze,1,SkyMind
Business,1549,AsiaJet,2.5,19,Gold,0,PacificAir
Economy,3868,SkyMind,2.6,1,Bronze,1,SkyMind
Economy,1514,SkyMind,4.6,8,Silver,1,PacificAir
First,171,AsiaJet,2.4,17,Silver,1,AsiaJet
First,4285,SkyMind,3.6,27,Gold,0,SkyMind
Economy,1022,EuroWings,4.8,1,Platinum,0,PacificAir
Economy,1867,AsiaJet,5.0,10,Bronze,0,PacificAir
First,4383,AeroGulf,3.1,13,Platinum,0,SkyMind
Economy,4290,SkyMind,3.4,23,Silver,1,SkyMind
Business,970,EuroWings,2.7,2,Gold,0,EuroWings
Business,1033,AsiaJet,4.0,14,Platinum,1,PacificAir
Business,2165,AeroGulf,3.9,4,Silver,0,AeroGulf
First,634,EuroWings,2.5,1,Gold,0,EuroWings
Economy,3470,EuroWings,1.2,22,Silver,0,SkyMind
Economy,619,PacificAir,3.5,19,Bronze,0,EuroWings
Business,3102,AeroGulf,1.1,13,Platinum,1,SkyMind
Economy,3601,AsiaJet,3.6,19,Silver,1,SkyMind
Business,4378,AsiaJet,4.3,25,Gold,1,SkyMind
Business,3558,SkyMind,3.3,29,Platinum,1,SkyMind
Business,1455,SkyMind,2.3,7,Platinum,1,PacificAir
Economy,4486,AsiaJet,3.0,25,Bronze,0,SkyMind
Business,1766,AsiaJet,2.4,9,Platinum,1,PacificAir
First,3214,AeroGulf,1.4,25,Bronze,0,SkyMind
First,3780,AsiaJet,2.3,23,Platinum,1,SkyMind
First,2173,EuroWings,2.9,4,Gold,0,AeroGulf
Business,1871,EuroWings,2.4,5,Gold,1,PacificAir
Economy,1045,EuroWings,1.1,14,Gold,1,PacificAir
Economy,2520,PacificAir,1.4,22,Platinum,1,AeroGulf
Business,910,AeroGulf,1.5,12,Bronze,1,EuroWings
Business,983,AsiaJet,2.7,16,Platinum,0,EuroWings
Business,1407,SkyMind,1.1,10,Gold,1,PacificAir
Economy,2451,PacificAir,2.9,28,Silver,0,AeroGulf
First,4887,AeroGulf,1.2,10,Platinum,0,SkyMind
First,946,SkyMind,4.6,13,Gold,1,EuroWings
First,2568,EuroWings,5.0,27,Gold,0,AeroGulf
Business,3322,PacificAir,2.5,29,Platinum,1,SkyMind
Economy,679,AeroGulf,4.1,16,Platinum,0,EuroWings
Economy,867,EuroWings,4.6,8,Platinum,0,EuroWings
First,2264,AeroGulf,4.4,2,Silver,1,AeroGulf
First,4534,SkyMind,3.2,7,Gold,1,SkyMind
First,903,EuroWings,2.8,5,Gold,1,EuroWings
First,782,AsiaJet,2.3,21,Gold,1,EuroWings
Business,2744,AsiaJet,1.3,7,Platinum,0,AeroGulf
Business,956,AsiaJet,4.9,28,Gold,0,EuroWings
Economy,4945,EuroWings,1.2,1,Silver,1,SkyMind
Economy,2345,AeroGulf,1.7,1,Bronze,1,AeroGulf
Economy,129,AsiaJet,3.0,25,Platinum,1,AsiaJet
Economy,3012,AsiaJet,1.3,20,Bronze,0,SkyMind
First,2056,PacificAir,3.8,12,Gold,1,AeroGulf
Business,767,EuroWings,1.0,10,Gold,0,EuroWings
First,1473,PacificAir,4.4,24,Bronze,0,PacificAir
First,4834,SkyMind,4.7,10,Gold,0,SkyMind
Economy,4891,PacificAir,3.7,8,Silver,1,SkyMind
Business,2595,EuroWings,3.5,14,Platinum,1,AeroGulf
Business,3762,PacificAir,3.4,9,Bronze,0,SkyMind
Business,822,AsiaJet,1.3,24,Bronze,1,EuroWings
First,2072,PacificAir,2.4,1,Bronze,1,AeroGulf
First,3398,AsiaJet,3.5,20,Gold,0,SkyMind
Economy,1647,SkyMind,1.8,5,Gold,0,PacificAir
Business,1647,PacificAir,1.0,28,Silver,0,PacificAir
First,1977,EuroWings,3.1,11,Bronze,0,PacificAir
Business,4413,PacificAir,2.4,15,Bronze,0,SkyMind
Business,1617,SkyMind,1.9,25,Platinum,1,PacificAir
Business,3683,PacificAir,4.2,14,Gold,1,SkyMind
Business,2922,AsiaJet,3.8,4,Platinum,0,AeroGulf
First,342,AeroGulf,3.6,24,Bronze,0,AsiaJet
First,2078,EuroWings,4.9,26,Platinum,0,AeroGulf
First,4812,SkyMind,3.6,14,Gold,1,SkyMind
Business,2895,EuroWings,3.9,20,Bronze,0,AeroGulf
Business,4483,PacificAir,2.0,6,Gold,1,SkyMind
First,4626,AsiaJet,4.1,6,Gold,0,SkyMind
First,1770,AeroGulf,3.2,16,Gold,1,PacificAir
Economy,3159,AeroGulf,3.3,24,Silver,0,SkyMind
Business,4754,AsiaJet,1.6,7,Silver,0,SkyMind
Economy,4275,PacificAir,3.9,3,Silver,0,SkyMind
Business,3094,AsiaJet,3.7,15,Platinum,0,SkyMind
First,2587,EuroWings,1.6,11,Platinum,1,AeroGulf
First,2397,EuroWings,1.7,1,Bronze,0,AeroGulf
Business,1550,PacificAir,4.5,25,Platinum,0,PacificAir
Business,2298,AsiaJet,3.5,8,Platinum,1,AeroGulf
First,2288,AsiaJet,1.6,24,Silver,0,AeroGulf
Business,4240,SkyMind,1.9,6,Bronze,1,SkyMind
Economy,1835,AeroGulf,2.9,27,Silver,1,PacificAir
Business,1557,SkyMind,4.6,2,Silver,1,PacificAir
Economy,3385,PacificAir,3.0,29,Gold,0,SkyMind
Economy,4306,AeroGulf,1.7,18,Bronze,1,SkyMind
Economy,3543,PacificAir,4.4,24,Silver,1,SkyMind
First,3889,AsiaJet,2.7,6,Silver,1,SkyMind
First,3112,SkyMind,3.8,1,Bronze,1,SkyMind
First,2562,PacificAir,1.5,17,Silver,0,AeroGulf
Economy,1945,SkyMind,4.1,4,Silver,1,PacificAir
Economy,2348,AsiaJet,4.7,29,Gold,1,AeroGulf
First,619,PacificAir,4.3,29,Silver,1,EuroWings
Business,2415,AsiaJet,1.1,7,Platinum,0,AeroGulf
First,4126,PacificAir,3.3,10,Platinum,0,SkyMind
Economy,3112,AsiaJet,3.3,8,Platinum,0,SkyMind
Business,3098,AeroGulf,4.3,14,Bronze,0,SkyMind
First,3203,AeroGulf,5.0,26,Bronze,1,SkyMind
Economy,509,PacificAir,4.7,20,Gold,1,EuroWings
Business,2017,PacificAir,1.4,22,Silver,0,AeroGulf
Economy,3564,AeroGulf,4.0,22,Bronze,1,SkyMind
Economy,1373,PacificAir,4.7,1,Platinum,0,PacificAir
First,1252,SkyMind,2.6,10,Platinum,0,PacificAir
Business,4338,EuroWings,4.7,20,Gold,1,SkyMind
Business,2629,EuroWings,4.6,11,Gold,1,AeroGulf
First,2238,AeroGulf,3.6,3,Bronze,1,AeroGulf
First,107,SkyMind,4.6,6,Gold,0,AsiaJet
First,1641,EuroWings,4.0,28,Platinum,1,PacificAir
Economy,4047,AsiaJet,3.5,3,Platinum,0,SkyMind
Economy,1751,SkyMind,2.3,23,Bronze,1,PacificAir
Business,1547,SkyMind,3.2,27,Platinum,0,PacificAir
Business,1031,AeroGulf,3.7,14,Silver,1,PacificAir
Business,3248,EuroWings,3.1,3,Bronze,0,SkyMind
First,2990,AsiaJet,3.0,25,Gold,1,AeroGulf
First,2391,PacificAir,4.6,20,Gold,1,AeroGulf
Economy,298,PacificAir,4.9,21,Bronze,0,AsiaJet
Business,1506,AeroGulf,3.9,24,Bronze,1,PacificAir
Business,3906,SkyMind,2.4,9,Silver,1,SkyMind
Economy,1447,AsiaJet,4.6,18,Silver,1,PacificAir
First,455,PacificAir,4.3,27,Platinum,0,AsiaJet
Economy,905,PacificAir,4.0,14,Silver,0,EuroWings
First,3524,AeroGulf,2.6,19,Gold,1,SkyMind
Business,3118,SkyMind,3.4,25,Silver,0,SkyMind
First,4979,PacificAir,2.5,23,Bronze,1,SkyMind
Economy,2064,AsiaJet,1.7,27,Silver,0,AeroGulf
Business,3607,PacificAir,4.1,2,Platinum,0,SkyMind
Business,1916,AeroGulf,3.8,10,Gold,0,PacificAir
Business,445,EuroWings,2.2,27,Gold,1,AsiaJet
First,310,PacificAir,3.0,21,Gold,0,AsiaJet
Economy,1940,AeroGulf,3.4,20,Bronze,0,PacificAir
Economy,921,PacificAir,4.2,11,Silver,1,EuroWings
Business,3235,SkyMind,1.1,17,Silver,1,SkyMind
First,3729,AeroGulf,4.5,12,Bronze,1,SkyMind
First,1124,EuroWings,2.5,12,Silver,0,PacificAir
Economy,3398,PacificAir,3.1,26,Platinum,1,SkyMind
Business,817,PacificAir,2.9,24,Silver,1,EuroWings
First,4304,SkyMind,4.2,14,Bronze,1,SkyMind
First,4312,AeroGulf,3.6,11,Gold,0,SkyMind
First,2327,AeroGulf,4.0,17,Silver,1,AeroGulf
First,685,PacificAir,4.9,9,Platinum,1,EuroWings
Business,3745,PacificAir,4.1,20,Bronze,1,SkyMind
Economy,2047,EuroWings,3.9,4,Platinum,1,AeroGulf
Business,2925,PacificAir,1.5,17,Silver,1,AeroGulf
Economy,4989,AeroGulf,2.4,19,Bronze,1,SkyMind
Business,130,AeroGulf,3.4,19,Platinum,1,AsiaJet
Economy,1795,EuroWings,2.2,27,Bronze,0,PacificAir
First,3370,PacificAir,3.6,8,Gold,0,SkyMind
First,2219,AsiaJet,2.1,12,Silver,1,AeroGulf
Business,594,SkyMind,2.3,13,Silver,1,EuroWings
Economy,2944,AsiaJet,1.1,23,Platinum,1,AeroGulf
Economy,2904,AeroGulf,1.9,22,Gold,1,AeroGulf
Business,3617,PacificAir,3.0,22,Silver,1,SkyMind
First,4314,EuroWings,3.5,13,Bronze,1,SkyMind
Business,4877,PacificAir,2.8,11,Gold,1,SkyMind
Economy,2495,EuroWings,2.4,15,Silver,0,AeroGulf
First,4355,EuroWings,3.3,12,Silver,0,SkyMind
First,4358,EuroWings,1.3,8,Gold,0,SkyMind
First,4078,AeroGulf,2.1,4,Gold,0,SkyMind
Business,1770,PacificAir,2.5,4,Platinum,1,PacificAir
Economy,3546,EuroWings,2.9,4,Platinum,1,SkyMind
First,731,AeroGulf,4.2,13,Bronze,1,EuroWings
First,351,PacificAir,4.0,21,Platinum,0,AsiaJet
First,1517,PacificAir,2.9,6,Bronze,0,PacificAir
First,3006,AeroGulf,3.0,19,Platinum,0,SkyMind
Economy,169,SkyMind,3.8,12,Bronze,1,AsiaJet
Economy,746,AeroGulf,3.0,14,Platinum,0,EuroWings
Economy,4495,AeroGulf,1.5,22,Silver,0,SkyMind
Economy,1013,AsiaJet,2.8,5,Platinum,0,PacificAir
Economy,688,EuroWings,3.4,10,Platinum,0,EuroWings
First,3037,EuroWings,3.3,6,Platinum,1,SkyMind
Business,2677,AeroGulf,1.5,16,Gold,1,AeroGulf
Business,3361,EuroWings,4.9,22,Bronze,1,SkyMind
Business,4128,AeroGulf,2.5,1,Platinum,1,SkyMind
Economy,193,AeroGulf,5.0,14,Silver,1,AsiaJet
Business,2672,PacificAir,4.3,10,Bronze,1,AeroGulf
First,3988,SkyMind,2.0,18,Gold,1,SkyMind
First,1121,PacificAir,4.7,16,Platinum,1,PacificAir
Business,3446,SkyMind,1.9,26,Platinum,1,SkyMind
Business,3243,AeroGulf,1.6,2,Silver,0,SkyMind
Business,564,AeroGulf,2.7,14,Bronze,1,EuroWings
Economy,4999,EuroWings,1.6,10,Gold,0,SkyMind
Economy,1515,EuroWings,1.2,5,Bronze,0,PacificAir
Business,2305,PacificAir,2.3,3,Silver,0,AeroGulf
Economy,3177,AeroGulf,2.2,1,Gold,1,SkyMind
First,3147,PacificAir,4.7,5,Gold,0,SkyMind
Economy,4577,SkyMind,2.7,6,Silver,1,SkyMind
Economy,4430,AeroGulf,5.0,11,Silver,1,SkyMind
Economy,1105,EuroWings,1.5,18,Silver,1,PacificAir
Economy,1275,AsiaJet,3.1,8,Bronze,0,PacificAir
Economy,623,AeroGulf,3.9,26,Platinum,1,EuroWings
Economy,4662,PacificAir,2.2,29,Platinum,0,SkyMind
Business,1171,EuroWings,1.6,21,Platinum,0,PacificAir
Economy,4694,SkyMind,3.5,19,Bronze,0,SkyMind
Business,931,SkyMind,3.3,18,Platinum,1,EuroWings
Economy,4582,SkyMind,2.3,6,Gold,0,SkyMind
Business,1452,EuroWings,2.0,17,Silver,1,PacificAir
First,4433,PacificAir,4.4,8,Gold,0,SkyMind
Business,3094,AeroGulf,4.8,5,Platinum,1,SkyMind
Economy,521,EuroWings,3.8,11,Gold,0,EuroWings
Business,1785,AsiaJet,3.0,17,Bronze,1,PacificAir
Business,824,AeroGulf,1.4,9,Silver,0,EuroWings
Economy,2930,EuroWings,1.4,16,Silver,0,AeroGulf
First,4185,AeroGulf,2.8,7,Bronze,1,SkyMind
Business,211,PacificAir,4.6,1,Silver,0,AsiaJet
Business,2082,AsiaJet,4.1,13,Gold,1,AeroGulf
Business,1214,AeroGulf,3.8,7,Silver,0,PacificAir
Economy,1248,AsiaJet,2.0,3,Silver,1,PacificAir
Business,2437,PacificAir,1.6,18,Platinum,1,AeroGulf
Economy,1857,AeroGulf,4.6,14,Silver,1,PacificAir
Business,2921,AsiaJet,1.7,22,Platinum,0,AeroGulf
Economy,623,SkyMind,1.9,10,Platinum,0,EuroWings
Economy,3868,AeroGulf,4.1,3,Silver,0,SkyMind
First,2041,AsiaJet,4.1,29,Platinum,1,AeroGulf
Business,3506,PacificAir,3.7,29,Gold,0,SkyMind
First,963,SkyMind,1.6,25,Bronze,1,EuroWings
First,526,PacificAir,1.7,3,Gold,1,EuroWings
Economy,1473,EuroWings,4.3,13,Gold,1,PacificAir
First,1651,EuroWings,2.3,9,Silver,1,PacificAir
Economy,1391,PacificAir,3.2,4,Platinum,0,PacificAir
Business,4305,AsiaJet,4.2,10,Silver,1,SkyMind
First,2628,EuroWings,2.1,10,Platinum,0,AeroGulf
First,3313,PacificAir,1.7,16,Platinum,1,SkyMind
Business,2370,AeroGulf,2.4,20,Silver,1,AeroGulf
Business,1473,SkyMind,3.1,28,Bronze,1,PacificAir
Economy,2952,EuroWings,2.8,26,Gold,0,AeroGulf
Economy,501,AeroGulf,2.1,29,Platinum,0,EuroWings
Business,757,EuroWings,2.6,26,Bronze,1,EuroWings
First,740,SkyMind,4.0,13,Gold,1,EuroWings
First,528,AeroGulf,3.2,2,Bronze,1,EuroWings
First,870,EuroWings,2.2,25,Bronze,0,EuroWings
First,2960,SkyMind,3.0,21,Bronze,1,AeroGulf
First,4941,PacificAir,4.1,1,Silver,0,SkyMind
Business,761,AsiaJet,2.2,9,Platinum,1,EuroWings
Business,704,AsiaJet,1.7,16,Silver,0,EuroWings
First,446,PacificAir,3.2,9,Silver,0,AsiaJet
Economy,2932,EuroWings,2.9,15,Silver,0,AeroGulf
First,4815,AsiaJet,3.4,9,Gold,0,SkyMind
First,583,EuroWings,1.4,18,Platinum,0,EuroWings
Economy,1006,PacificAir,1.9,22,Gold,1,PacificAir
Business,1457,EuroWings,1.2,20,Silver,0,PacificAir
First,2286,PacificAir,4.3,15,Silver,0,AeroGulf
Business,4835,AeroGulf,2.6,27,Platinum,0,SkyMind
First,4742,AsiaJet,4.6,1,Gold,0,SkyMind
Economy,3637,AsiaJet,4.8,8,Bronze,0,SkyMind
First,2966,AsiaJet,1.2,7,Platinum,0,AeroGulf
First,4456,AeroGulf,2.8,10,Bronze,1,SkyMind
Business,487,SkyMind,2.8,8,Bronze,1,AsiaJet
Business,772,AsiaJet,3.6,24,Platinum,1,EuroWings
First,3518,EuroWings,1.3,3,Platinum,0,SkyMind
First,221,AsiaJet,4.7,7,Platinum,0,AsiaJet
Economy,2850,PacificAir,4.1,26,Silver,1,AeroGulf
First,359,AeroGulf,1.1,9,Silver,1,AsiaJet
Economy,1032,SkyMind,1.8,18,Silver,1,PacificAir
Business,3033,AsiaJet,4.3,3,Bronze,0,SkyMind
Economy,2752,AeroGulf,1.9,4,Bronze,1,AeroGulf
First,1508,AsiaJet,2.5,6,Platinum,0,PacificAir
Business,2598,EuroWings,3.6,9,Platinum,1,AeroGulf
Economy,2279,AsiaJet,1.3,9,Platinum,1,AeroGulf
Business,1130,AsiaJet,3.7,25,Silver,1,PacificAir
Economy,2880,AeroGulf,2.1,22,Silver,1,AeroGulf
First,3228,EuroWings,1.7,15,Platinum,1,SkyMind
First,2160,PacificAir,1.4,22,Gold,0,AeroGulf
Economy,2237,PacificAir,1.6,10,Silver,1,AeroGulf
Business,2299,AsiaJet,3.2,8,Gold,1,AeroGulf
Economy,791,AeroGulf,4.8,21,Bronze,1,EuroWings
First,937,AeroGulf,3.7,1,Silver,0,EuroWings
Business,3198,AeroGulf,2.8,1,Platinum,1,SkyMind
Economy,1566,AsiaJet,4.9,26,Bronze,0,PacificAir
Business,537,EuroWings,2.0,26,Bronze,0,EuroWings
Business,514,EuroWings,4.3,25,Silver,1,EuroWings
First,3675,AsiaJet,1.6,21,Gold,0,SkyMind
Business,2903,AeroGulf,1.9,18,Gold,1,AeroGulf
First,2999,PacificAir,2.9,26,Bronze,0,AeroGulf
Economy,4792,EuroWings,1.4,14,Bronze,0,SkyMind
First,3776,AsiaJet,2.2,14,Bronze,0,SkyMind
Business,3963,EuroWings,3.7,9,Platinum,0,SkyMind
First,331,AeroGulf,2.9,5,Silver,0,AsiaJet
Business,3495,AsiaJet,3.3,7,Gold,0,SkyMind
Economy,1008,SkyMind,1.2,19,Silver,1,PacificAir
First,263,PacificAir,2.0,14,Gold,1,AsiaJet
Business,3472,PacificAir,4.1,19,Gold,1,SkyMind
Business,2797,PacificAir,3.3,22,Gold,1,AeroGulf
Business,2808,AsiaJet,1.0,17,Bronze,0,AeroGulf
Economy,2645,SkyMind,3.4,13,Bronze,0,AeroGulf
Business,4019,SkyMind,1.5,22,Gold,0,SkyMind
Business,601,AeroGulf,1.5,21,Bronze,0,EuroWings
First,1878,SkyMind,4.7,2,Silver,0,PacificAir
Economy,4930,SkyMind,4.9,8,Bronze,0,SkyMind
First,2843,SkyMind,3.1,8,Silver,0,AeroGulf
Economy,864,AeroGulf,3.4,9,Gold,0,EuroWings
Business,802,AsiaJet,2.6,16,Platinum,0,EuroWings
Economy,480,AsiaJet,4.5,3,Silver,1,AsiaJet
Economy,2866,AsiaJet,3.1,10,Silver,1,AeroGulf
Business,3364,EuroWings,4.7,25,Bronze,0,SkyMind
Economy,1540,AeroGulf,1.9,10,Bronze,1,PacificAir
First,4692,AsiaJet,1.4,9,Silver,1,SkyMind
Business,3886,AsiaJet,4.9,18,Gold,0,SkyMind
Economy,4297,AsiaJet,3.0,2,Gold,0,SkyMind
First,819,SkyMind,3.5,21,Bronze,1,EuroWings
Business,217,PacificAir,2.4,6,Gold,0,AsiaJet
First,4583,PacificAir,1.5,28,Platinum,1,SkyMind
First,2837,PacificAir,4.4,17,Bronze,0,AeroGulf
Business,4192,AsiaJet,1.6,29,Gold,1,SkyMind
First,4571,SkyMind,3.0,1,Platinum,0,SkyMind
Economy,2545,AeroGulf,4.3,13,Platinum,0,AeroGulf
Business,1414,AeroGulf,3.6,27,Gold,0,PacificAir
Business,4881,PacificAir,3.7,29,Bronze,1,SkyMind
First,2257,AsiaJet,1.9,27,Platinum,0,AeroGulf
First,4051,AeroGulf,3.1,6,Platinum,0,SkyMind
First,906,EuroWings,1.2,22,Platinum,1,EuroWings
First,1624,AeroGulf,1.2,6,Silver,1,PacificAir
First,4953,AsiaJet,3.9,24,Bronze,0,SkyMind
Business,1794,AeroGulf,4.1,19,Bronze,1,PacificAir
First,3786,AsiaJet,1.6,18,Gold,1,SkyMind
Economy,4450,SkyMind,4.8,20,Silver,0,SkyMind
Business,891,AeroGulf,1.5,9,Bronze,1,EuroWings
First,334,AeroGulf,2.7,27,Gold,0,AsiaJet
Economy,1237,PacificAir,1.8,1,Bronze,1,PacificAir
Business,4718,AsiaJet,1.4,22,Platinum,1,SkyMind
First,3120,SkyMind,4.9,8,Platinum,0,SkyMind
Business,2368,SkyMind,2.8,2,Platinum,0,AeroGulf
First,4470,PacificAir,2.3,20,Silver,1,SkyMind
Business,118,AsiaJet,2.3,10,Gold,0,AsiaJet
Economy,4463,PacificAir,1.8,4,Gold,1,SkyMind
Business,4777,PacificAir,4.9,11,Bronze,1,SkyMind
Economy,3273,AsiaJet,3.0,13,Platinum,0,SkyMind
Business,397,PacificAir,3.1,4,Platinum,1,AsiaJet
Economy,4445,AeroGulf,3.8,2,Platinum,1,SkyMind
First,4118,AsiaJet,2.6,23,Silver,1,SkyMind
First,920,EuroWings,2.1,22,Bronze,0,EuroWings
Business,1082,AsiaJet,2.2,8,Platinum,1,PacificAir
Economy,3981,SkyMind,2.4,9,Bronze,0,SkyMind
Economy,3868,AeroGulf,3.3,15,Silver,1,SkyMind
Economy,3975,AeroGulf,4.3,19,Bronze,1,SkyMind
First,4341,EuroWings,2.0,4,Gold,1,SkyMind
First,534,AeroGulf,3.3,22,Bronze,1,EuroWings
Economy,2551,AeroGulf,4.0,3,Silver,0,AeroGulf
First,550,AeroGulf,5.0,19,Platinum,0,EuroWings
First,2716,EuroWings,4.6,28,Silver,1,AeroGulf
Business,3983,EuroWings,3.6,25,Gold,0,SkyMind
Economy,1916,EuroWings,4.8,19,Gold,0,PacificAir
Economy,3747,AeroGulf,4.8,8,Bronze,1,SkyMind
Business,994,AsiaJet,1.2,3,Bronze,1,EuroWings
First,3081,AsiaJet,3.6,2,Gold,0,SkyMind
Business,945,SkyMind,3.6,19,Platinum,1,EuroWings
Economy,2153,AsiaJet,3.7,6,Platinum,1,AeroGulf
Business,1939,PacificAir,4.8,3,Gold,1,PacificAir
First,699,AsiaJet,2.1,19,Platinum,1,EuroWings
Economy,4223,EuroWings,1.9,3,Bronze,0,SkyMind
First,4064,PacificAir,2.9,24,Platinum,0,SkyMind
Economy,549,AeroGulf,2.2,25,Bronze,0,EuroWings
Economy,2402,EuroWings,2.3,13,Platinum,1,AeroGulf
Economy,3852,AsiaJet,2.0,29,Bronze,1,SkyMind
First,855,AeroGulf,3.7,21,Gold,0,EuroWings
First,604,SkyMind,3.9,3,Gold,1,EuroWings
Business,1706,EuroWings,1.4,29,Bronze,0,PacificAir
First,2385,PacificAir,4.2,6,Platinum,0,AeroGulf
Business,3462,EuroWings,2.1,1,Bronze,1,SkyMind
First,4230,PacificAir,1.5,15,Platinum,1,SkyMind
First,3361,PacificAir,2.8,10,Silver,0,SkyMind
Business,2547,SkyMind,3.5,4,Bronze,0,AeroGulf
Business,1316,PacificAir,3.9,27,Gold,1,PacificAir
First,4965,AeroGulf,3.4,11,Gold,1,SkyMind
First,4237,PacificAir,4.8,15,Platinum,1,SkyMind
Economy,4934,PacificAir,1.1,27,Platinum,1,SkyMind
First,2512,PacificAir,4.6,10,Platinum,1,AeroGulf
First,1756,EuroWings,3.9,2,Silver,1,PacificAir
Economy,3864,PacificAir,4.7,7,Bronze,0,SkyMind
Economy,536,EuroWings,2.0,21,Gold,0,EuroWings
Economy,1558,EuroWings,1.8,14,Bronze,0,PacificAir
First,3759,AsiaJet,5.0,12,Silver,0,SkyMind
Business,2981,SkyMind,2.8,17,Bronze,1,AeroGulf
Business,3899,SkyMind,2.1,28,Gold,0,SkyMind
Economy,4608,SkyMind,4.2,17,Platinum,0,SkyMind
Economy,3405,PacificAir,3.1,7,Platinum,0,SkyMind
Business,2633,AsiaJet,3.5,15,Gold,1,AeroGulf
First,2102,AsiaJet,1.2,6,Platinum,1,AeroGulf
Economy,2483,SkyMind,3.7,4,Bronze,1,AeroGulf
First,3423,SkyMind,3.8,22,Bronze,0,SkyMind
Business,1078,SkyMind,1.5,28,Bronze,1,PacificAir
Economy,1887,EuroWings,4.0,12,Silver,1,PacificAir
Business,360,EuroWings,1.3,10,Silver,1,AsiaJet
First,3132,PacificAir,1.4,18,Platinum,0,SkyMind
First,2495,AeroGulf,3.5,12,Silver,1,AeroGulf
First,2749,EuroWings,4.8,3,Platinum,0,AeroGulf
Economy,4334,AsiaJet,2.8,28,Gold,1,SkyMind
Economy,4974,EuroWings,1.6,21,Bronze,0,SkyMind
First,4714,AsiaJet,4.0,5,Silver,1,SkyMind
Economy,445,AsiaJet,3.4,16,Bronze,0,AsiaJet
First,4050,EuroWings,4.9,3,Platinum,0,SkyMind
First,3495,EuroWings,1.6,4,Platinum,1,SkyMind
Economy,1398,SkyMind,4.1,6,Platinum,1,PacificAir
Economy,749,AsiaJet,2.0,11,Silver,1,EuroWings
Economy,4325,PacificAir,4.6,23,Platinum,1,SkyMind
First,4650,AeroGulf,4.2,24,Silver,0,SkyMind
Economy,4483,EuroWings,2.8,2,Gold,0,SkyMind
Business,4961,SkyMind,1.2,27,Silver,0,SkyMind
Economy,1394,AeroGulf,3.7,11,Silver,0,PacificAir
First,3695,PacificAir,2.8,13,Gold,1,SkyMind
First,4818,EuroWings,4.2,13,Gold,0,SkyMind
Economy,1103,SkyMind,4.0,25,Bronze,1,PacificAir
Economy,4907,SkyMind,4.0,25,Platinum,0,SkyMind
First,1866,EuroWings,1.7,2,Gold,0,PacificAir
Economy,282,AsiaJet,2.7,7,Platinum,1,AsiaJet
First,1323,EuroWings,2.9,27,Platinum,1,PacificAir
First,4318,SkyMind,4.1,13,Bronze,1,SkyMind
Economy,387,PacificAir,2.6,27,Platinum,1,AsiaJet
Business,877,PacificAir,4.5,1,Gold,1,EuroWings
First,1030,PacificAir,2.1,22,Platinum,0,PacificAir
Business,2239,SkyMind,4.9,3,Gold,1,AeroGulf
First,1091,EuroWings,1.4,22,Platinum,1,PacificAir
First,3815,EuroWings,3.0,19,Bronze,1,SkyMind
Economy,4705,EuroWings,3.4,23,Gold,1,SkyMind
Economy,3925,AsiaJet,2.8,21,Silver,0,SkyMind
Economy,270,AsiaJet,3.2,27,Silver,0,AsiaJet
Economy,1113,EuroWings,4.1,13,Gold,0,PacificAir
Economy,3839,AsiaJet,1.7,1,Gold,0,SkyMind
Economy,825,AsiaJet,4.8,14,Gold,1,EuroWings
Economy,1278,EuroWings,2.6,28,Platinum,1,PacificAir
Business,152,EuroWings,3.5,14,Platinum,0,AsiaJet
Economy,1388,SkyMind,2.8,16,Bronze,0,PacificAir
Business,2622,EuroWings,3.4,17,Platinum,0,AeroGulf
Economy,3990,EuroWings,3.9,27,Platinum,0,SkyMind
Economy,4847,EuroWings,3.0,7,Bronze,1,SkyMind
Business,3951,EuroWings,1.4,9,Platinum,1,SkyMind
First,3782,AeroGulf,2.3,28,Platinum,1,SkyMind
First,731,AeroGulf,4.2,27,Silver,1,EuroWings
Business,2623,PacificAir,3.3,19,Gold,0,AeroGulf
Economy,4481,EuroWings,4.0,19,Platinum,0,SkyMind
Economy,1934,AsiaJet,4.6,6,Gold,0,PacificAir
Business,3523,AeroGulf,2.8,15,Bronze,1,SkyMind
Business,1437,AeroGulf,2.4,29,Silver,0,PacificAir
Business,4713,SkyMind,1.4,11,Bronze,0,SkyMind
First,4162,AsiaJet,2.1,3,Platinum,1,SkyMind
Economy,3928,AsiaJet,2.7,3,Platinum,1,SkyMind
First,398,AeroGulf,1.5,11,Bronze,0,AsiaJet
Business,4216,SkyMind,1.5,3,Silver,1,SkyMind
Economy,3887,PacificAir,2.8,15,Gold,0,SkyMind
First,4719,EuroWings,2.5,27,Silver,0,SkyMind
Economy,2321,AsiaJet,4.4,23,Bronze,0,AeroGulf
First,278,EuroWings,1.1,19,Platinum,1,AsiaJet
Economy,2995,EuroWings,4.1,6,Platinum,0,AeroGulf
Economy,559,EuroWings,1.8,14,Silver,1,EuroWings
First,1040,PacificAir,4.5,18,Platinum,0,PacificAir
Economy,1009,EuroWings,2.1,16,Platinum,1,PacificAir
First,2284,PacificAir,3.2,26,Bronze,1,AeroGulf
Business,2405,AeroGulf,2.0,25,Platinum,1,AeroGulf
Business,4352,AeroGulf,2.6,24,Bronze,1,SkyMind
Business,4742,SkyMind,2.0,9,Gold,1,SkyMind
First,4136,AsiaJet,2.5,7,Platinum,1,SkyMind
Business,1768,SkyMind,4.5,19,Bronze,1,PacificAir
Business,3087,AsiaJet,3.8,11,Platinum,0,SkyMind
First,1434,AsiaJet,2.3,19,Gold,0,PacificAir
First,2012,AeroGulf,4.4,17,Silver,1,AeroGulf
Economy,1704,SkyMind,1.2,21,Silver,0,PacificAir
Economy,2922,PacificAir,3.8,7,Gold,1,AeroGulf
Business,3880,PacificAir,3.5,1,Bronze,1,SkyMind
Business,3812,AsiaJet,2.5,11,Gold,0,SkyMind
Economy,4588,PacificAir,2.7,20,Bronze,0,SkyMind
Business,2455,AeroGulf,2.5,2,Gold,1,AeroGulf
First,3635,SkyMind,3.6,4,Gold,1,SkyMind
First,2770,PacificAir,2.0,9,Silver,1,AeroGulf
Economy,3087,AsiaJet,5.0,6,Platinum,0,SkyMind
Economy,4134,SkyMind,1.0,7,Platinum,0,SkyMind
Business,1234,PacificAir,2.9,29,Platinum,1,PacificAir
Business,4974,PacificAir,1.9,8,Silver,1,SkyMind
First,4991,EuroWings,2.4,12,Platinum,1,SkyMind
First,2699,SkyMind,4.5,12,Platinum,1,AeroGulf
First,1870,AsiaJet,2.4,18,Bronze,1,PacificAir
Business,1134,SkyMind,1.9,1,Bronze,0,PacificAir
Business,3503,AsiaJet,2.5,15,Gold,1,SkyMind
Business,4228,AsiaJet,2.3,5,Silver,0,SkyMind
First,2152,AsiaJet,3.0,1,Gold,1,AeroGulf
Business,2733,AeroGulf,4.6,1,Silver,0,AeroGulf
Business,2710,PacificAir,3.8,21,Bronze,1,AeroGulf
Economy,4548,PacificAir,4.4,26,Bronze,1,SkyMind
Business,292,PacificAir,2.2,23,Bronze,0,AsiaJet
Economy,1858,AeroGulf,1.1,19,Gold,1,PacificAir
First,2251,PacificAir,2.4,12,Silver,1,AeroGulf
First,885,EuroWings,3.8,22,Bronze,1,EuroWings
First,827,AeroGulf,2.1,16,Gold,0,EuroWings
Business,4931,AeroGulf,2.1,25,Bronze,1,SkyMind
Business,382,PacificAir,1.4,21,Gold,0,AsiaJet
Business,2334,EuroWings,1.8,24,Gold,1,AeroGulf
Business,2634,AsiaJet,3.9,16,Silver,1,AeroGulf
First,4870,AsiaJet,3.0,6,Silver,1,SkyMind
Economy,4653,PacificAir,1.3,3,Bronze,0,SkyMind
Economy,2911,SkyMind,5.0,14,Platinum,0,AeroGulf
First,3174,PacificAir,3.3,14,Silver,0,SkyMind
First,2608,PacificAir,1.6,6,Platinum,0,AeroGulf
Economy,3832,PacificAir,1.2,9,Platinum,1,SkyMind
First,153,AsiaJet,3.2,16,Gold,1,AsiaJet
Business,1917,PacificAir,2.0,12,Bronze,1,PacificAir
First,2669,EuroWings,2.0,4,Platinum,0,AeroGulf
First,3535,SkyMind,3.0,1,Platinum,0,SkyMind
First,1271,PacificAir,2.9,9,Silver,1,PacificAir
Economy,4188,SkyMind,2.4,27,Silver,1,SkyMind
Economy,4164,AeroGulf,4.2,8,Platinum,0,SkyMind
Economy,2483,SkyMind,2.6,12,Gold,0,AeroGulf
Business,3218,AsiaJet,2.8,16,Bronze,1,SkyMind
First,2376,AsiaJet,3.5,21,Bronze,0,AeroGulf
Business,965,AsiaJet,3.9,8,Gold,1,EuroWings
Economy,1010,SkyMind,2.5,25,Platinum,0,PacificAir
First,4336,PacificAir,3.1,13,Gold,1,SkyMind
First,3452,PacificAir,3.0,19,Gold,0,SkyMind
Economy,144,EuroWings,4.5,1,Platinum,0,AsiaJet
Economy,2431,PacificAir,2.7,26,Silver,1,AeroGulf
Economy,4695,AsiaJet,2.8,22,Silver,0,SkyMind
Economy,4935,PacificAir,3.3,2,Silver,1,SkyMind
Business,3337,AeroGulf,3.7,24,Bronze,1,SkyMind
Business,3479,AeroGulf,1.0,13,Gold,1,SkyMind
Business,3184,EuroWings,3.6,16,Gold,1,SkyMind
Business,2764,AeroGulf,1.6,1,Bronze,0,AeroGulf
First,1050,AeroGulf,4.9,5,Gold,1,PacificAir
Business,2808,AsiaJet,2.4,4,Platinum,1,AeroGulf
Economy,1379,EuroWings,2.9,27,Gold,1,PacificAir
Business,376,EuroWings,1.3,9,Platinum,0,AsiaJet
Economy,511,SkyMind,4.5,6,Silver,0,EuroWings
First,1334,SkyMind,2.0,2,Bronze,0,PacificAir
Business,594,EuroWings,2.2,29,Gold,1,EuroWings
Economy,4277,SkyMind,3.5,18,Bronze,1,SkyMind
Business,744,PacificAir,1.0,21,Platinum,0,EuroWings
First,4858,PacificAir,5.0,2,Silver,0,SkyMind
Economy,1466,AeroGulf,3.0,11,Bronze,1,PacificAir
First,4835,PacificAir,4.3,14,Bronze,0,SkyMind
Economy,2251,AsiaJet,4.6,9,Gold,1,AeroGulf
First,2583,SkyMind,1.0,4,Platinum,0,AeroGulf
Economy,1024,AsiaJet,2.7,8,Gold,1,PacificAir
Business,4016,AsiaJet,4.6,14,Gold,1,SkyMind
Economy,2238,EuroWings,3.8,3,Silver,1,AeroGulf
First,1140,AeroGulf,4.0,16,Platinum,1,PacificAir
Business,2325,AeroGulf,3.2,28,Bronze,0,AeroGulf
Business,1318,AsiaJet,4.9,21,Platinum,1,PacificAir
Economy,2896,AeroGulf,1.4,24,Platinum,0,AeroGulf
First,3151,PacificAir,4.5,3,Silver,1,SkyMind
Business,1892,AsiaJet,3.7,8,Bronze,1,PacificAir
First,1189,SkyMind,3.2,24,Bronze,1,PacificAir
Economy,3223,AeroGulf,3.7,28,Silver,1,SkyMind
Business,4934,SkyMind,4.1,12,Platinum,1,SkyMind
First,2356,PacificAir,1.7,22,Gold,1,AeroGulf
Business,1389,AeroGulf,1.9,26,Silver,0,PacificAir
Economy,4277,EuroWings,2.0,29,Gold,0,SkyMind
First,1738,PacificAir,2.4,22,Gold,1,PacificAir
Business,413,PacificAir,3.3,14,Silver,1,AsiaJet
First,4136,EuroWings,4.6,29,Gold,1,SkyMind
Economy,297,SkyMind,2.0,2,Silver,0,AsiaJet
Economy,3357,SkyMind,3.2,5,Bronze,0,SkyMind
Business,3714,PacificAir,4.9,15,Gold,0,SkyMind
Business,2311,PacificAir,3.7,11,Bronze,0,AeroGulf
Business,3441,AeroGulf,2.7,7,Gold,0,SkyMind
Business,1206,AeroGulf,1.3,5,Gold,0,PacificAir
Economy,301,PacificAir,2.3,18,Gold,0,AsiaJet
Economy,2746,AeroGulf,2.3,25,Platinum,0,AeroGulf
First,2283,EuroWings,3.7,9,Gold,1,AeroGulf
First,2363,AeroGulf,1.7,2,Gold,0,AeroGulf
Business,3262,PacificAir,3.0,14,Bronze,1,SkyMind
Economy,2051,SkyMind,2.6,3,Gold,1,AeroGulf
First,1166,SkyMind,1.6,12,Silver,0,PacificAir
Economy,2817,EuroWings,4.6,28,Gold,0,AeroGulf
Business,349,SkyMind,3.5,26,Bronze,1,AsiaJet
Business,4149,SkyMind,3.7,1,Platinum,0,SkyMind
Business,688,PacificAir,2.6,23,Bronze,0,EuroWings
First,1976,PacificAir,4.4,11,Silver,0,PacificAir
Business,2784,PacificAir,4.7,28,Silver,1,AeroGulf
First,1327,PacificAir,1.1,21,Gold,1,PacificAir
First,2975,PacificAir,2.8,13,Silver,1,AeroGulf
Business,2413,AeroGulf,3.7,16,Bronze,0,AeroGulf
Business,884,EuroWings,4.3,24,Bronze,0,EuroWings
Economy,1014,PacificAir,4.2,1,Platinum,0,PacificAir
First,3875,AeroGulf,4.9,25,Bronze,1,SkyMind
First,4369,AsiaJet,4.0,3,Bronze,1,SkyMind
Business,4894,PacificAir,1.5,17,Gold,0,SkyMind
Business,2011,EuroWings,1.6,22,Silver,0,AeroGulf
Economy,2530,EuroWings,4.8,9,Bronze,1,AeroGulf
Business,4149,EuroWings,1.1,1,Gold,0,SkyMind
Economy,2792,PacificAir,2.5,16,Gold,1,AeroGulf
Economy,162,SkyMind,2.7,29,Silver,1,AsiaJet
Economy,4991,SkyMind,2.0,7,Gold,1,SkyMind
First,1422,AsiaJet,3.9,3,Platinum,1,PacificAir
First,4715,AsiaJet,4.3,4,Bronze,0,SkyMind
Business,1245,AsiaJet,4.8,20,Platinum,0,PacificAir
Business,517,PacificAir,4.9,28,Silver,1,EuroWings
Economy,4403,AeroGulf,2.6,1,Platinum,0,SkyMind
Business,1201,AsiaJet,4.8,7,Platinum,1,PacificAir
Economy,2327,AsiaJet,2.9,6,Silver,0,AeroGulf
First,3048,AeroGulf,4.3,18,Gold,1,SkyMind
First,4608,AsiaJet,4.2,19,Platinum,0,SkyMind
Economy,246,AsiaJet,1.9,18,Silver,0,AsiaJet
Economy,1242,AeroGulf,3.3,7,Platinum,1,PacificAir
Economy,2301,EuroWings,4.9,20,Gold,1,AeroGulf
First,3038,PacificAir,3.1,23,Platinum,1,SkyMind
First,2478,PacificAir,3.1,16,Bronze,1,AeroGulf
Business,3983,AeroGulf,3.5,21,Bronze,0,SkyMind
First,3196,AsiaJet,4.7,21,Platinum,0,SkyMind
First,3392,EuroWings,2.6,26,Bronze,1,SkyMind
First,3210,AeroGulf,1.2,1,Bronze,1,SkyMind
Business,587,SkyMind,1.7,18,Gold,0,EuroWings
First,1932,AsiaJet,4.8,17,Gold,1,PacificAir
First,1118,SkyMind,2.0,4,Platinum,1,PacificAir
Economy,3329,EuroWings,4.0,17,Silver,1,SkyMind
Economy,441,EuroWings,2.5,2,Bronze,1,AsiaJet
Business,2333,SkyMind,1.2,23,Silver,0,AeroGulf
Economy,3907,AsiaJet,2.3,5,Platinum,0,SkyMind
Business,2624,SkyMind,2.7,27,Platinum,0,AeroGulf
First,4249,AeroGulf,1.9,12,Platinum,0,SkyMind
First,4114,AsiaJet,4.9,19,Platinum,0,SkyMind
Business,331,PacificAir,5.0,9,Silver,1,AsiaJet
Economy,466,SkyMind,2.1,26,Bronze,0,AsiaJet
Economy,3736,PacificAir,4.8,27,Gold,0,SkyMind
Business,593,SkyMind,4.7,2,Silver,1,EuroWings
Economy,4133,SkyMind,4.8,17,Gold,0,SkyMind
Business,3091,AsiaJet,3.9,28,Platinum,0,SkyMind
Economy,138,PacificAir,3.0,21,Bronze,1,AsiaJet
Business,2084,AeroGulf,2.6,4,Gold,0,AeroGulf
Economy,2056,EuroWings,1.1,21,Silver,1,AeroGulf
First,3438,AeroGulf,1.9,27,Gold,1,SkyMind
Business,366,PacificAir,4.0,11,Silver,0,AsiaJet
First,2801,EuroWings,1.5,26,Bronze,0,AeroGulf
First,1937,PacificAir,1.1,28,Bronze,1,PacificAir
Business,1742,EuroWings,4.2,13,Bronze,0,PacificAir
First,1959,PacificAir,2.6,25,Silver,1,PacificAir
Economy,3571,PacificAir,2.6,29,Silver,1,SkyMind
Business,4868,EuroWings,2.1,26,Bronze,0,SkyMind
Business,3004,PacificAir,4.4,18,Bronze,1,SkyMind
First,2071,EuroWings,4.3,9,Platinum,0,AeroGulf
First,3819,PacificAir,3.0,24,Bronze,0,SkyMind
First,2049,PacificAir,3.4,27,Platinum,0,AeroGulf
Business,490,PacificAir,2.0,27,Bronze,1,AsiaJet
Economy,630,AsiaJet,1.6,13,Bronze,1,EuroWings
First,1698,AsiaJet,2.3,16,Bronze,0,PacificAir
Economy,614,EuroWings,4.1,19,Bronze,0,EuroWings
Business,1069,SkyMind,4.6,21,Silver,1,PacificAir
Economy,1888,SkyMind,2.7,25,Silver,1,PacificAir
Business,1836,AsiaJet,4.6,5,Gold,0,PacificAir
Economy,2806,SkyMind,2.2,17,Bronze,0,AeroGulf
Business,1541,AsiaJet,2.5,8,Gold,1,PacificAir
Business,4935,AeroGulf,2.3,25,Silver,1,SkyMind
First,4982,EuroWings,2.0,18,Bronze,0,SkyMind
First,1909,EuroWings,2.6,10,Bronze,1,PacificAir
Economy,1444,AsiaJet,2.3,15,Bronze,0,PacificAir
Economy,3811,PacificAir,1.9,13,Silver,0,SkyMind
Economy,1216,AsiaJet,3.1,29,Platinum,0,PacificAir
Economy,4182,PacificAir,3.6,15,Platinum,1,SkyMind
Economy,1007,EuroWings,4.0,7,Gold,1,PacificAir
Economy,4939,AsiaJet,4.2,26,Platinum,0,SkyMind
Economy,3497,EuroWings,3.0,3,Bronze,0,SkyMind
Economy,4174,PacificAir,2.5,18,Gold,0,SkyMind
Business,2038,AsiaJet,2.1,26,Gold,0,AeroGulf
Economy,3581,AeroGulf,2.7,2,Bronze,0,SkyMind
First,3380,EuroWings,2.2,2,Gold,0,SkyMind
Business,3951,AeroGulf,3.2,26,Gold,0,SkyMind
First,1847,EuroWings,1.0,17,Platinum,1,PacificAir
First,1023,AsiaJet,2.9,28,Silver,1,PacificAir
Business,745,AsiaJet,4.0,26,Silver,1,EuroWings
First,3871,PacificAir,2.1,23,Platinum,0,SkyMind
Economy,4631,AeroGulf,4.5,2,Gold,1,SkyMind
Business,762,AeroGulf,1.7,9,Platinum,1,EuroWings
Business,1092,SkyMind,4.2,24,Silver,0,PacificAir
Business,3372,PacificAir,4.0,7,Gold,1,SkyMind
Economy,1277,AsiaJet,2.6,5,Silver,1,PacificAir
Business,4852,SkyMind,1.0,22,Silver,0,SkyMind
Economy,1204,AeroGulf,1.4,6,Silver,1,PacificAir
First,4993,AsiaJet,3.2,29,Silver,1,SkyMind
Economy,2120,AsiaJet,4.7,24,Silver,0,AeroGulf
Economy,3731,EuroWings,2.8,3,Gold,1,SkyMind
First,3153,PacificAir,4.0,11,Bronze,0,SkyMind
Business,3031,SkyMind,1.6,4,Gold,1,SkyMind
First,470,PacificAir,4.2,1,Platinum,0,AsiaJet
Business,2680,AeroGulf,2.1,16,Platinum,1,AeroGulf
Business,2269,EuroWings,1.5,24,Gold,1,AeroGulf
First,2421,EuroWings,2.9,9,Bronze,1,AeroGulf
First,2942,EuroWings,3.0,26,Platinum,0,AeroGulf
First,2592,SkyMind,3.4,28,Gold,0,AeroGulf
First,2231,PacificAir,2.9,9,Gold,0,AeroGulf
Economy,4712,AeroGulf,2.7,23,Bronze,1,SkyMind
Economy,4976,EuroWings,3.6,12,Platinum,1,SkyMind
Economy,1697,SkyMind,3.9,27,Platinum,1,PacificAir
Business,4616,AeroGulf,2.6,14,Platinum,0,SkyMind
Business,659,AsiaJet,4.3,19,Bronze,1,EuroWings
Business,4251,AsiaJet,2.5,16,Platinum,0,SkyMind
Business,4285,EuroWings,4.6,18,Gold,1,SkyMind
Business,4908,SkyMind,1.8,24,Bronze,0,SkyMind
Economy,1567,AeroGulf,3.3,2,Bronze,1,PacificAir
Business,4700,PacificAir,4.7,13,Bronze,0,SkyMind
Business,2640,PacificAir,1.9,25,Gold,1,AeroGulf
Economy,1912,AeroGulf,4.9,1,Platinum,1,PacificAir
Business,3077,AsiaJet,4.2,24,Gold,0,SkyMind
First,4405,EuroWings,2.6,8,Bronze,1,SkyMind
Business,4862,PacificAir,3.0,5,Silver,0,SkyMind
First,4964,SkyMind,1.4,25,Platinum,0,SkyMind
Business,1463,SkyMind,2.8,14,Bronze,0,PacificAir
Economy,4410,SkyMind,5.0,1,Gold,0,SkyMind
First,2431,SkyMind,5.0,18,Platinum,0,AeroGulf
First,3032,AeroGulf,1.7,4,Silver,0,SkyMind
First,1536,AeroGulf,1.1,11,Gold,0,PacificAir
First,2693,AeroGulf,1.6,14,Silver,0,AeroGulf
Economy,1003,AeroGulf,3.3,11,Bronze,1,PacificAir
Economy,4230,PacificAir,4.6,22,Gold,0,SkyMind
First,3469,EuroWings,1.1,11,Platinum,0,SkyMind
Business,1588,PacificAir,2.4,17,Gold,0,PacificAir
Economy,4442,EuroWings,5.0,21,Platinum,0,SkyMind
First,2119,SkyMind,3.2,21,Silver,0,AeroGulf
Business,833,PacificAir,3.0,19,Bronze,0,EuroWings
Economy,299,PacificAir,1.3,22,Platinum,1,AsiaJet
Business,2077,AsiaJet,2.5,26,Silver,0,AeroGulf
Economy,4508,EuroWings,2.8,14,Platinum,1,SkyMind
Economy,1392,SkyMind,3.0,13,Bronze,0,PacificAir
Economy,1422,AeroGulf,4.6,2,Gold,0,PacificAir
Business,1907,SkyMind,4.6,1,Gold,0,PacificAir
Business,3517,EuroWings,2.7,17,Silver,0,SkyMind
Business,2699,PacificAir,1.1,12,Bronze,0,AeroGulf
First,636,SkyMind,4.5,8,Gold,0,EuroWings
Business,1904,SkyMind,3.3,25,Silver,0,PacificAir
Business,2316,AeroGulf,1.7,17,Gold,1,AeroGulf
Business,1048,AsiaJet,3.5,26,Silver,0,PacificAir
First,4446,SkyMind,3.3,5,Bronze,0,SkyMind
Economy,1942,PacificAir,2.4,21,Platinum,1,PacificAir
Economy,2752,AeroGulf,1.2,11,Silver,0,AeroGulf
Business,3171,AsiaJet,1.1,16,Bronze,0,SkyMind
Business,3111,AeroGulf,3.8,18,Gold,0,SkyMind
First,1737,EuroWings,1.4,26,Gold,1,PacificAir
Economy,1113,SkyMind,4.7,4,Platinum,1,PacificAir
Business,2489,EuroWings,1.6,9,Bronze,0,AeroGulf
Business,2468,AeroGulf,3.2,21,Gold,0,AeroGulf
Economy,2695,EuroWings,4.1,11,Gold,1,AeroGulf
First,4603,SkyMind,4.4,12,Silver,1,SkyMind
Business,4054,AsiaJet,4.5,12,Bronze,0,SkyMind
Business,3435,AeroGulf,3.2,25,Platinum,0,SkyMind
Business,2945,EuroWings,2.0,29,Gold,0,AeroGulf
First,3471,EuroWings,1.8,19,Gold,0,SkyMind
Business,548,EuroWings,2.8,6,Silver,1,EuroWings
Economy,1726,AsiaJet,3.5,26,Bronze,0,PacificAir
Business,2124,AeroGulf,4.4,1,Silver,1,AeroGulf
First,2313,AeroGulf,3.0,27,Platinum,0,AeroGulf
Business,3030,EuroWings,3.8,9,Silver,0,SkyMind
First,1243,AeroGulf,3.8,18,Gold,1,PacificAir
Economy,4964,AeroGulf,1.5,26,Bronze,1,SkyMind
Business,2439,AsiaJet,4.3,11,Gold,0,AeroGulf
First,4844,AsiaJet,2.7,1,Platinum,0,SkyMind
Business,1748,SkyMind,1.2,23,Bronze,0,PacificAir
Business,2810,AsiaJet,3.3,2,Gold,0,AeroGulf
Business,363,AsiaJet,4.6,28,Gold,0,AsiaJet
First,3569,AeroGulf,4.0,16,Bronze,0,SkyMind
Business,329,SkyMind,1.5,22,Bronze,1,AsiaJet
First,2781,AsiaJet,4.2,26,Silver,0,AeroGulf
Economy,1263,EuroWings,1.2,14,Platinum,1,PacificAir
First,3374,EuroWings,3.3,27,Platinum,0,SkyMind
Economy,751,AeroGulf,1.5,22,Platinum,0,EuroWings
Business,815,EuroWings,3.4,29,Silver,1,EuroWings
Economy,3233,AsiaJet,1.6,26,Silver,1,SkyMind
First,2058,AeroGulf,4.6,20,Bronze,0,AeroGulf
Business,2924,SkyMind,3.6,5,Gold,1,AeroGulf
Business,224,AsiaJet,2.8,14,Bronze,1,AsiaJet
Business,2426,SkyMind,4.6,21,Silver,1,AeroGulf
Economy,4087,PacificAir,1.7,6,Silver,0,SkyMind
Business,3347,PacificAir,4.5,7,Silver,0,SkyMind
First,3718,AeroGulf,1.5,3,Silver,0,SkyMind
Economy,3454,AeroGulf,4.1,20,Gold,1,SkyMind
Economy,1093,SkyMind,1.6,14,Gold,0,PacificAir
First,485,AsiaJet,1.6,18,Platinum,1,AsiaJet
First,1870,SkyMind,4.4,18,Silver,0,PacificAir
Business,3698,EuroWings,2.8,12,Bronze,0,SkyMind
Economy,1016,AsiaJet,2.0,2,Silver,0,PacificAir
Economy,1862,SkyMind,3.6,14,Silver,0,PacificAir
Business,2383,AeroGulf,4.4,1,Silver,1,AeroGulf
Economy,2332,EuroWings,2.7,27,Gold,1,AeroGulf
First,4442,AsiaJet,2.1,14,Bronze,0,SkyMind
Economy,2428,AsiaJet,2.1,27,Gold,0,AeroGulf
First,1357,AsiaJet,3.7,18,Silver,1,PacificAir
Business,2571,PacificAir,3.8,8,Silver,1,AeroGulf
Economy,2880,SkyMind,4.7,3,Silver,0,AeroGulf
Business,3815,SkyMind,1.1,19,Bronze,1,SkyMind
Business,1267,EuroWings,1.5,14,Gold,1,PacificAir
Economy,2521,AsiaJet,3.4,28,Platinum,1,AeroGulf
First,3354,PacificAir,2.2,7,Gold,1,SkyMind
Business,2239,SkyMind,2.8,24,Platinum,1,AeroGulf
Economy,2361,EuroWings,4.7,1,Bronze,0,AeroGulf
Economy,2869,AsiaJet,1.4,22,Gold,0,AeroGulf
First,4876,AsiaJet,3.6,20,Silver,1,SkyMind
Business,4736,AeroGulf,4.2,4,Platinum,1,SkyMind
First,3576,AsiaJet,1.5,28,Bronze,1,SkyMind
First,4687,EuroWings,3.6,16,Bronze,0,SkyMind
Business,603,EuroWings,4.3,10,Bronze,1,EuroWings
First,4451,EuroWings,1.8,18,Platinum,1,SkyMind
Business,1378,EuroWings,1.5,28,Silver,1,PacificAir
First,1064,SkyMind,1.3,20,Gold,1,PacificAir
Business,492,EuroWings,3.9,1,Gold,1,AsiaJet
Economy,2458,AsiaJet,2.7,22,Platinum,1,AeroGulf
Business,737,PacificAir,3.0,21,Silver,1,EuroWings
Business,1559,PacificAir,1.4,4,Silver,0,PacificAir
Economy,4154,AsiaJet,1.5,16,Platinum,0,SkyMind
Economy,3843,AeroGulf,3.7,8,Platinum,0,SkyMind
Business,4811,EuroWings,2.6,17,Platinum,0,SkyMind
First,2804,AeroGulf,4.4,18,Bronze,0,AeroGulf
First,908,SkyMind,4.1,1,Bronze,0,EuroWings
First,4740,EuroWings,4.1,24,Gold,1,SkyMind
First,1492,SkyMind,4.4,17,Bronze,0,PacificAir
Economy,4418,AeroGulf,4.4,29,Bronze,1,SkyMind
First,1552,PacificAir,3.2,7,Bronze,0,PacificAir
Economy,886,AeroGulf,2.1,22,Bronze,1,EuroWings
First,700,EuroWings,3.3,13,Gold,0,EuroWings
Business,3721,PacificAir,1.9,14,Platinum,1,SkyMind
Business,2446,PacificAir,1.8,28,Platinum,1,AeroGulf
First,3337,EuroWings,3.0,29,Silver,0,SkyMind
Business,1708,PacificAir,3.5,11,Gold,0,PacificAir
Economy,1195,AsiaJet,2.8,15,Silver,1,PacificAir
Business,1183,PacificAir,4.2,26,Bronze,1,PacificAir
Economy,2020,EuroWings,3.3,11,Bronze,0,AeroGulf
Business,4129,PacificAir,4.9,26,Bronze,0,SkyMind
Business,359,SkyMind,1.7,14,Gold,1,AsiaJet
Business,949,SkyMind,2.2,5,Bronze,1,EuroWings
Business,3661,AeroGulf,1.3,18,Silver,0,SkyMind
Economy,433,PacificAir,3.0,12,Platinum,0,AsiaJet
Business,1246,AeroGulf,1.2,1,Platinum,1,PacificAir
Business,915,PacificAir,3.6,2,Gold,0,EuroWings
First,4999,AeroGulf,2.0,29,Gold,1,SkyMind
Business,1637,PacificAir,4.0,27,Gold,1,PacificAir
Business,4627,EuroWings,1.2,3,Silver,1,SkyMind
Economy,4402,AsiaJet,2.3,29,Silver,0,SkyMind
Economy,454,AeroGulf,4.7,5,Gold,0,AsiaJet
Business,3777,AsiaJet,1.3,18,Gold,1,SkyMind
Business,1450,PacificAir,4.5,7,Platinum,0,PacificAir
Business,2228,AeroGulf,2.3,16,Silver,0,AeroGulf
Economy,835,AeroGulf,1.2,20,Gold,1,EuroWings
First,2131,AsiaJet,4.6,2,Gold,1,AeroGulf
First,1983,EuroWings,2.7,17,Platinum,0,PacificAir
Economy,471,AsiaJet,2.7,21,Bronze,1,AsiaJet
Economy,4745,PacificAir,3.8,29,Silver,1,SkyMind
Economy,1643,EuroWings,2.9,20,Silver,1,PacificAir
Economy,3231,AsiaJet,4.1,26,Silver,0,SkyMind
First,4361,SkyMind,3.3,7,Gold,1,SkyMind
Economy,4521,SkyMind,2.3,18,Silver,1,SkyMind
First,3776,SkyMind,3.6,17,Bronze,0,SkyMind
Business,579,PacificAir,1.4,16,Platinum,1,EuroWings
First,4822,PacificAir,3.0,25,Platinum,0,SkyMind
Economy,2273,AsiaJet,2.4,2,Bronze,1,AeroGulf
Business,1620,AeroGulf,2.6,23,Platinum,1,PacificAir
Economy,4707,EuroWings,3.7,9,Bronze,1,SkyMind
Economy,793,AsiaJet,1.6,8,Gold,0,EuroWings
First,120,SkyMind,1.1,11,Platinum,1,AsiaJet
First,3738,PacificAir,4.5,4,Bronze,1,SkyMind
Business,583,SkyMind,4.4,24,Silver,0,EuroWings
First,4345,PacificAir,4.7,11,Platinum,1,SkyMind
First,4917,AeroGulf,3.8,2,Platinum,1,SkyMind
Economy,771,AsiaJet,4.5,28,Bronze,0,EuroWings
Economy,3657,AsiaJet,2.3,4,Silver,0,SkyMind
First,482,PacificAir,1.6,6,Bronze,1,AsiaJet
Business,4235,SkyMind,3.8,22,Bronze,0,SkyMind
Business,3483,EuroWings,2.4,15,Gold,1,SkyMind
Business,628,SkyMind,2.1,16,Platinum,0,EuroWings
Business,308,PacificAir,3.4,12,Bronze,0,AsiaJet
First,1337,AsiaJet,1.6,13,Platinum,0,PacificAir
First,1663,EuroWings,3.4,10,Platinum,0,PacificAir
Business,1500,AsiaJet,4.5,27,Platinum,0,PacificAir
Business,1949,AsiaJet,3.8,14,Gold,1,PacificAir
Business,3064,PacificAir,3.0,28,Gold,0,SkyMind
First,4936,PacificAir,2.9,2,Bronze,1,SkyMind
Economy,169,PacificAir,2.3,15,Platinum,1,AsiaJet
Business,1145,SkyMind,4.0,15,Bronze,0,PacificAir
First,4713,PacificAir,4.7,2,Silver,0,SkyMind
Economy,1076,AeroGulf,2.9,22,Gold,0,PacificAir
Economy,1058,SkyMind,4.5,14,Bronze,1,PacificAir
First,2851,AsiaJet,1.1,22,Silver,0,AeroGulf
Economy,384,EuroWings,1.8,12,Silver,1,AsiaJet
Business,3347,SkyMind,1.2,13,Platinum,1,SkyMind
Business,1590,PacificAir,3.1,9,Gold,1,PacificAir
First,530,AeroGulf,2.3,5,Platinum,0,EuroWings
First,4623,SkyMind,4.4,25,Gold,1,SkyMind
Business,4527,EuroWings,3.7,9,Silver,1,SkyMind
First,543,SkyMind,3.5,20,Bronze,1,EuroWings
Business,2012,AsiaJet,1.5,26,Platinum,0,AeroGulf
Economy,1336,PacificAir,2.1,15,Silver,1,PacificAir
Business,4638,SkyMind,3.9,24,Gold,0,SkyMind
First,1314,AeroGulf,1.8,14,Platinum,1,PacificAir
Business,577,PacificAir,3.8,26,Bronze,1,EuroWings
Economy,4700,EuroWings,4.6,9,Gold,1,SkyMind
First,1572,PacificAir,4.5,25,Silver,1,PacificAir
Business,1665,SkyMind,1.1,19,Bronze,1,PacificAir
First,4344,AsiaJet,4.5,1,Gold,0,SkyMind
Business,4799,PacificAir,2.2,6,Platinum,1,SkyMind
First,759,SkyMind,2.7,6,Gold,1,EuroWings
Business,4438,SkyMind,3.1,10,Gold,0,SkyMind
First,2038,AsiaJet,2.6,4,Silver,1,AeroGulf
Economy,3296,SkyMind,3.5,28,Bronze,0,SkyMind
First,1467,EuroWings,4.3,9,Gold,0,PacificAir
First,2414,AsiaJet,3.8,23,Bronze,0,AeroGulf
Economy,4491,EuroWings,2.0,14,Bronze,0,SkyMind
Economy,3487,EuroWings,4.7,3,Platinum,0,SkyMind
First,1021,SkyMind,3.8,2,Bronze,0,PacificAir
First,656,PacificAir,1.5,26,Gold,0,EuroWings
First,3273,EuroWings,3.9,7,Silver,0,SkyMind
Business,4210,EuroWings,1.1,18,Gold,1,SkyMind
Business,3440,PacificAir,3.5,27,Platinum,1,SkyMind
Economy,436,AeroGulf,4.7,11,Gold,1,AsiaJet
Business,3638,AeroGulf,3.3,17,Platinum,1,SkyMind
Economy,3853,AsiaJet,2.2,11,Silver,1,SkyMind
Business,4606,AsiaJet,5.0,20,Bronze,0,SkyMind
Business,3249,EuroWings,4.2,2,Platinum,0,SkyMind
Economy,2469,PacificAir,2.0,26,Gold,0,AeroGulf
First,1514,PacificAir,1.3,10,Gold,0,PacificAir
First,1764,AeroGulf,4.9,19,Silver,0,PacificAir
Business,696,SkyMind,1.1,6,Platinum,1,EuroWings
First,4163,SkyMind,3.7,29,Platinum,1,SkyMind
Economy,664,AeroGulf,4.9,22,Gold,0,EuroWings
Economy,652,AeroGulf,2.0,14,Gold,0,EuroWings
Business,2954,AsiaJet,4.7,11,Bronze,1,AeroGulf
Economy,3931,SkyMind,2.7,14,Gold,1,SkyMind
Economy,1064,AsiaJet,1.9,9,Platinum,0,PacificAir
Economy,2648,AeroGulf,1.3,7,Platinum,1,AeroGulf
First,2467,AeroGulf,3.4,11,Silver,0,AeroGulf
Business,1663,AeroGulf,3.8,4,Platinum,0,PacificAir
Economy,1609,PacificAir,3.6,4,Silver,0,PacificAir
Economy,4057,AeroGulf,3.4,10,Gold,1,SkyMind
Business,852,SkyMind,3.5,14,Silver,1,EuroWings
Business,518,SkyMind,3.1,4,Platinum,1,EuroWings
Economy,1584,AeroGulf,1.9,23,Platinum,1,PacificAir
First,740,AsiaJet,3.4,5,Silver,1,EuroWings
First,2842,AsiaJet,4.6,25,Gold,1,AeroGulf
First,1044,PacificAir,1.1,9,Gold,0,PacificAir
Economy,108,AeroGulf,4.9,6,Platinum,1,AsiaJet
Economy,2631,EuroWings,4.9,23,Bronze,0,AeroGulf
Economy,4559,SkyMind,2.1,15,Platinum,1,SkyMind
First,297,AsiaJet,2.7,10,Gold,0,AsiaJet
Business,462,AsiaJet,3.3,18,Silver,0,AsiaJet
First,4206,SkyMind,4.4,9,Platinum,1,SkyMind
First,3935,AsiaJet,1.2,26,Silver,1,SkyMind
First,2771,EuroWings,1.9,27,Bronze,0,AeroGulf
Economy,767,SkyMind,3.6,8,Silver,1,EuroWings
Business,3881,EuroWings,1.2,5,Platinum,0,SkyMind
Business,1955,SkyMind,4.6,8,Silver,1,PacificAir
Business,3307,AeroGulf,4.5,27,Silver,1,SkyMind
Economy,2619,AsiaJet,1.4,4,Bronze,1,AeroGulf
Business,4882,SkyMind,2.7,23,Gold,1,SkyMind
First,2290,PacificAir,3.0,23,Bronze,0,AeroGulf
Economy,2395,SkyMind,3.6,28,Silver,0,AeroGulf
First,3612,AeroGulf,3.2,27,Platinum,0,SkyMind
Business,2199,SkyMind,1.0,12,Silver,1,AeroGulf
Business,3199,SkyMind,1.5,21,Platinum,1,SkyMind
Business,3204,EuroWings,4.3,15,Platinum,1,SkyMind
Business,4013,AsiaJet,4.2,18,Bronze,1,SkyMind
First,982,EuroWings,1.1,25,Platinum,1,EuroWings
Economy,2855,AsiaJet,1.1,27,Platinum,0,AeroGulf
Business,253,PacificAir,4.4,28,Platinum,0,AsiaJet
Economy,1514,PacificAir,2.4,8,Platinum,0,PacificAir
First,1893,EuroWings,2.6,20,Platinum,1,PacificAir
Business,3866,AsiaJet,4.8,6,Bronze,1,SkyMind
Economy,3444,AeroGulf,4.6,19,Gold,1,SkyMind
Economy,1106,EuroWings,2.6,20,Silver,0,PacificAir
First,1879,SkyMind,4.2,3,Silver,1,PacificAir
Economy,1434,EuroWings,2.8,12,Silver,0,PacificAir
Business,1080,SkyMind,2.7,25,Platinum,1,PacificAir
Business,3200,EuroWings,1.1,10,Platinum,0,SkyMind
Business,4163,AsiaJet,4.2,29,Platinum,1,SkyMind
Business,3207,AeroGulf,4.2,8,Platinum,1,SkyMind
Business,4384,AeroGulf,4.1,4,Gold,1,SkyMind
Business,841,SkyMind,4.9,1,Gold,1,EuroWings
Economy,3933,AeroGulf,1.2,7,Silver,0,SkyMind
Business,3242,SkyMind,4.9,11,Bronze,0,SkyMind
Business,1520,AsiaJet,4.4,28,Platinum,1,PacificAir
Economy,2552,AeroGulf,1.5,13,Gold,0,AeroGulf
Economy,2316,AeroGulf,1.2,15,Gold,1,AeroGulf
First,708,AeroGulf,1.1,13,Platinum,0,EuroWings
Economy,1895,AsiaJet,1.5,20,Silver,1,PacificAir
First,2971,SkyMind,4.3,11,Platinum,0,AeroGulf
First,648,AsiaJet,2.5,15,Gold,1,EuroWings
First,3851,EuroWings,3.5,4,Silver,0,SkyMind
Business,4040,AeroGulf,2.6,19,Bronze,0,SkyMind
Economy,4681,SkyMind,3.3,27,Bronze,0,SkyMind
Business,2028,SkyMind,2.1,12,Gold,0,AeroGulf
Business,326,AeroGulf,4.6,23,Platinum,1,AsiaJet
First,1539,EuroWings,3.5,11,Bronze,1,PacificAir
Economy,1245,SkyMind,2.9,18,Silver,0,PacificAir
Business,4484,EuroWings,2.1,19,Gold,0,SkyMind
First,2265,EuroWings,2.2,7,Bronze,0,AeroGulf
Economy,4957,PacificAir,3.8,1,Silver,0,SkyMind
Business,2581,PacificAir,2.6,19,Silver,0,AeroGulf
Business,2500,PacificAir,3.3,10,Gold,0,AeroGulf
Economy,1095,SkyMind,4.9,26,Bronze,1,PacificAir
Economy,4749,AsiaJet,2.3,13,Bronze,1,SkyMind
Business,884,SkyMind,2.6,14,Bronze,0,EuroWings
Business,4053,EuroWings,2.3,18,Platinum,0,SkyMind
First,2037,AsiaJet,1.4,4,Gold,1,AeroGulf
Business,3640,SkyMind,4.8,22,Platinum,0,SkyMind
Economy,663,PacificAir,4.0,4,Bronze,0,EuroWings
First,4490,PacificAir,3.5,19,Silver,1,SkyMind
Business,3298,SkyMind,1.1,18,Gold,1,SkyMind
Economy,3525,AsiaJet,4.3,4,Silver,1,SkyMind
Business,2726,EuroWings,1.3,2,Silver,0,AeroGulf
Economy,3360,AeroGulf,1.5,6,Bronze,0,SkyMind
First,3083,AsiaJet,1.3,26,Silver,0,SkyMind
Economy,289,EuroWings,1.6,21,Bronze,1,AsiaJet
Business,446,EuroWings,3.6,20,Silver,1,AsiaJet
Business,3494,PacificAir,1.3,19,Gold,0,SkyMind
Economy,4266,SkyMind,3.5,12,Bronze,0,SkyMind
Economy,2703,SkyMind,4.1,29,Platinum,0,AeroGulf
First,2750,AsiaJet,2.8,27,Platinum,1,AeroGulf
Business,173,AeroGulf,3.6,3,Silver,0,AsiaJet
Economy,4046,SkyMind,2.4,18,Bronze,1,SkyMind
Economy,3516,SkyMind,4.0,12,Silver,0,SkyMind
Business,2561,PacificAir,4.9,7,Gold,1,AeroGulf
Economy,3397,AeroGulf,2.4,9,Silver,1,SkyMind
First,1733,SkyMind,3.4,17,Gold,0,PacificAir
Economy,1196,AeroGulf,4.9,9,Platinum,0,PacificAir
Business,315,EuroWings,1.1,24,Bronze,1,AsiaJet
Economy,3736,EuroWings,2.1,26,Platinum,1,SkyMind
First,3562,SkyMind,1.6,17,Silver,1,SkyMind
Business,1834,AeroGulf,3.4,14,Silver,0,PacificAir
Economy,4560,AeroGulf,1.7,1,Platinum,0,SkyMind
Business,4336,SkyMind,2.3,27,Silver,0,SkyMind
Economy,3495,SkyMind,2.7,11,Gold,1,SkyMind
First,2302,PacificAir,1.2,22,Bronze,0,AeroGulf
First,251,AsiaJet,2.2,23,Silver,0,AsiaJet
Business,2863,SkyMind,1.9,25,Silver,1,AeroGulf
Business,4926,AeroGulf,2.7,26,Platinum,0,SkyMind
Economy,811,AeroGulf,5.0,22,Bronze,0,EuroWings
Business,290,EuroWings,5.0,5,Platinum,1,AsiaJet
Economy,2223,SkyMind,1.7,18,Gold,0,AeroGulf
First,1941,PacificAir,3.9,13,Platinum,1,PacificAir
Business,4306,PacificAir,4.6,23,Silver,0,SkyMind
Business,1644,AsiaJet,3.1,27,Bronze,1,PacificAir
First,3756,PacificAir,4.0,17,Platinum,1,SkyMind
Business,876,AsiaJet,2.7,20,Bronze,0,EuroWings
First,2710,SkyMind,3.4,21,Silver,1,AeroGulf
Economy,1066,AeroGulf,2.8,16,Bronze,0,PacificAir
First,905,SkyMind,2.2,6,Bronze,1,EuroWings
First,160,AsiaJet,1.6,1,Bronze,0,AsiaJet
Economy,741,AeroGulf,2.2,14,Silver,1,EuroWings
First,797,SkyMind,4.5,11,Silver,1,EuroWings
First,2632,SkyMind,4.6,9,Silver,0,AeroGulf
First,394,EuroWings,4.4,15,Silver,1,AsiaJet
First,4079,AsiaJet,2.2,25,Gold,0,SkyMind
First,1678,AeroGulf,4.6,20,Gold,1,PacificAir
First,474,PacificAir,1.6,13,Gold,0,AsiaJet
Business,1159,EuroWings,4.4,16,Silver,0,PacificAir
First,3238,EuroWings,2.1,17,Silver,0,SkyMind
Business,1254,SkyMind,3.6,24,Platinum,1,PacificAir
Economy,1523,AeroGulf,4.0,24,Gold,0,PacificAir
Economy,3341,AeroGulf,1.3,14,Silver,0,SkyMind
Economy,3898,EuroWings,2.2,7,Platinum,0,SkyMind
First,2561,PacificAir,3.5,29,Gold,0,AeroGulf
First,837,EuroWings,3.4,29,Platinum,0,EuroWings
Economy,1868,SkyMind,4.5,10,Silver,1,PacificAir
Business,4422,PacificAir,3.6,28,Bronze,1,SkyMind
Economy,1151,AsiaJet,1.8,19,Bronze,1,PacificAir
First,963,AeroGulf,4.1,14,Bronze,0,EuroWings
Business,1804,AeroGulf,4.8,18,Bronze,1,PacificAir
Business,850,AsiaJet,3.6,11,Gold,1,EuroWings
Business,735,AsiaJet,2.9,7,Silver,0,EuroWings
Business,202,PacificAir,4.2,26,Platinum,0,AsiaJet
First,2343,AeroGulf,2.8,7,Platinum,0,AeroGulf
Economy,2051,SkyMind,1.6,21,Bronze,0,AeroGulf
Economy,1075,AeroGulf,1.3,9,Silver,0,PacificAir
Economy,4742,PacificAir,2.6,23,Bronze,1,SkyMind
Economy,3063,EuroWings,3.8,14,Silver,0,SkyMind
Economy,3081,PacificAir,3.8,29,Bronze,1,SkyMind
Economy,127,AsiaJet,3.1,24,Gold,0,AsiaJet
Economy,3678,PacificAir,2.8,22,Platinum,1,SkyMind
Economy,3622,EuroWings,3.6,17,Silver,1,SkyMind
Economy,1979,PacificAir,4.8,9,Platinum,0,PacificAir
Business,4735,SkyMind,2.2,7,Bronze,1,SkyMind
Economy,2004,AsiaJet,3.2,26,Gold,1,AeroGulf
First,2090,EuroWings,4.4,13,Platinum,1,AeroGulf
First,2643,PacificAir,2.0,8,Silver,1,AeroGulf
Economy,818,SkyMind,2.0,15,Platinum,1,EuroWings
Economy,4220,AeroGulf,4.5,28,Platinum,0,SkyMind
Economy,4842,PacificAir,4.8,18,Gold,1,SkyMind
Economy,1955,PacificAir,3.7,7,Platinum,0,PacificAir
First,1351,AeroGulf,3.6,27,Silver,0,PacificAir
First,877,AeroGulf,3.1,12,Platinum,1,EuroWings
Business,4800,SkyMind,4.1,10,Gold,0,SkyMind
Business,4975,EuroWings,4.9,19,Gold,0,SkyMind
Economy,1113,PacificAir,2.5,3,Platinum,1,PacificAir
First,256,AsiaJet,2.2,20,Bronze,0,AsiaJet
First,2077,PacificAir,4.9,12,Bronze,0,AeroGulf
Economy,1983,EuroWings,3.0,26,Gold,1,PacificAir
Business,3584,AeroGulf,1.7,9,Silver,1,SkyMind
Business,3989,SkyMind,4.5,25,Bronze,1,SkyMind
First,866,PacificAir,1.4,21,Platinum,0,EuroWings
First,204,AeroGulf,3.1,11,Bronze,1,AsiaJet
First,2422,EuroWings,4.0,26,Gold,0,AeroGulf
First,600,AsiaJet,4.5,26,Gold,1,EuroWings
Business,860,AsiaJet,1.3,19,Gold,0,EuroWings
Business,1345,AsiaJet,3.7,27,Bronze,1,PacificAir
First,4737,AeroGulf,4.2,22,Silver,0,SkyMind
Business,3330,PacificAir,3.5,5,Silver,0,SkyMind
Business,2810,AeroGulf,2.0,11,Gold,0,AeroGulf
Business,3053,EuroWings,3.7,22,Bronze,0,SkyMind
Business,218,EuroWings,4.6,20,Gold,1,AsiaJet
First,747,PacificAir,4.7,7,Silver,0,EuroWings
Business,2213,AsiaJet,3.8,1,Bronze,1,AeroGulf
First,2912,EuroWings,1.9,24,Gold,0,AeroGulf
Economy,2203,AsiaJet,1.9,21,Silver,1,AeroGulf
Economy,114,SkyMind,2.5,16,Silver,0,AsiaJet
First,3196,AsiaJet,1.8,25,Silver,1,SkyMind
First,3353,AeroGulf,1.9,10,Gold,0,SkyMind
Business,1842,AeroGulf,1.9,19,Silver,1,PacificAir
Economy,2923,SkyMind,1.4,16,Gold,1,AeroGulf
Economy,3885,PacificAir,3.1,15,Silver,0,SkyMind
Economy,1247,SkyMind,2.1,16,Platinum,1,PacificAir
Business,1734,AeroGulf,5.0,6,Platinum,0,PacificAir
First,3430,AeroGulf,2.7,3,Bronze,1,SkyMind
Business,2405,AeroGulf,3.5,23,Silver,0,AeroGulf
Economy,4224,PacificAir,4.8,17,Bronze,1,SkyMind
Business,284,PacificAir,4.2,13,Gold,1,AsiaJet
Business,3999,AsiaJet,4.3,22,Platinum,1,SkyMind
First,2540,EuroWings,4.7,20,Bronze,1,AeroGulf
Business,2950,EuroWings,4.4,2,Platinum,0,AeroGulf
Business,3021,AeroGulf,4.6,14,Bronze,0,SkyMind
Business,467,EuroWings,4.6,6,Silver,0,AsiaJet
First,3963,EuroWings,3.0,16,Platinum,0,SkyMind
Economy,799,SkyMind,1.6,1,Gold,1,EuroWings
First,2597,PacificAir,4.3,20,Platinum,0,AeroGulf
First,2405,EuroWings,4.4,1,Platinum,1,AeroGulf
Economy,630,SkyMind,3.3,8,Bronze,0,EuroWings
Economy,4949,AsiaJet,4.1,19,Platinum,0,SkyMind
Economy,371,AsiaJet,4.7,13,Bronze,0,AsiaJet
First,1667,AsiaJet,3.1,18,Bronze,0,PacificAir
Economy,2717,AsiaJet,3.1,16,Platinum,1,AeroGulf
Business,2748,EuroWings,4.6,28,Platinum,0,AeroGulf
Economy,1483,PacificAir,3.2,8,Gold,1,PacificAir
First,1821,AeroGulf,4.3,16,Silver,0,PacificAir
Business,426,AeroGulf,4.3,13,Silver,1,AsiaJet
First,1759,AeroGulf,2.3,22,Platinum,1,PacificAir
Economy,2165,SkyMind,5.0,23,Platinum,0,AeroGulf
Business,1387,SkyMind,4.4,11,Platinum,0,PacificAir
Business,527,AsiaJet,3.9,11,Silver,0,EuroWings
First,1238,SkyMind,2.5,14,Platinum,0,PacificAir
Business,1923,EuroWings,1.7,8,Bronze,0,PacificAir
First,3559,PacificAir,2.4,13,Bronze,0,SkyMind
Business,2491,PacificAir,1.4,14,Silver,1,AeroGulf
First,3433,SkyMind,4.5,21,Silver,1,SkyMind
Business,719,AsiaJet,4.1,1,Bronze,1,EuroWings
First,4574,PacificAir,2.0,16,Silver,1,SkyMind
Economy,4765,AeroGulf,1.8,8,Silver,1,SkyMind
Economy,804,EuroWings,2.0,5,Platinum,1,EuroWings
Business,2277,SkyMind,2.7,14,Platinum,0,AeroGulf
Economy,4407,SkyMind,3.0,14,Bronze,1,SkyMind
Economy,680,SkyMind,1.3,6,Platinum,0,EuroWings
First,3719,EuroWings,1.3,28,Bronze,1,SkyMind
Economy,3636,EuroWings,2.4,18,Platinum,1,SkyMind
Business,3360,SkyMind,3.5,22,Silver,1,SkyMind
Business,4207,EuroWings,3.7,6,Silver,0,SkyMind
Business,1104,AeroGulf,3.7,25,Silver,1,PacificAir
Business,1483,PacificAir,3.1,12,Gold,0,PacificAir
Business,2248,AsiaJet,4.8,29,Platinum,0,AeroGulf
Business,2177,EuroWings,4.0,7,Platinum,1,AeroGulf
Economy,1580,AeroGulf,2.9,24,Bronze,0,PacificAir
Economy,3638,AeroGulf,2.9,19,Bronze,1,SkyMind
First,4498,SkyMind,3.2,29,Platinum,1,SkyMind
Business,3869,AsiaJet,2.4,4,Silver,0,SkyMind
Business,3775,PacificAir,4.6,26,Silver,0,SkyMind
First,2250,EuroWings,3.1,15,Silver,0,AeroGulf
Economy,1917,EuroWings,3.6,24,Platinum,0,PacificAir
Business,693,SkyMind,1.9,26,Platinum,0,EuroWings
First,820,AeroGulf,2.1,13,Gold,1,EuroWings
Business,2685,AsiaJet,4.7,16,Platinum,0,AeroGulf
Business,2245,PacificAir,1.2,13,Silver,1,AeroGulf
Business,1046,AeroGulf,2.4,10,Silver,1,PacificAir
Business,2321,PacificAir,3.0,3,Gold,0,AeroGulf
