airport,hour_of_day,day_of_week,month,flights_per_hour,gate_utilization_pct,runway_utilization_pct,avg_taxi_time_min,weather_score,congestion_level
BOM,7,4,4,51,25,80,32,0.95,medium
DXB,22,5,8,40,35,38,39,0.43,medium
LHR,1,1,2,52,41,43,19,0.82,medium
FRA,9,5,3,75,56,55,49,0.22,high
NRT,18,5,9,10,37,98,16,0.74,medium
LHR,5,1,7,18,69,58,52,0.59,medium
LAX,7,0,5,72,34,77,48,0.37,high
SYD,14,4,7,77,54,49,52,0.53,high
LAX,14,4,6,57,92,58,44,0.63,high
LHR,0,0,1,21,70,47,43,0.96,medium
SYD,6,0,12,31,65,44,11,0.72,medium
DXB,14,2,4,16,58,59,53,0.46,medium
SIN,17,6,7,45,68,75,38,0.3,high
SIN,18,5,10,75,72,54,7,0.2,high
LHR,9,4,4,74,94,65,56,0.82,high
LHR,19,1,5,75,81,56,59,0.86,high
SYD,22,2,7,44,49,28,37,0.86,medium
LAX,3,0,1,53,82,95,48,0.15,high
SIN,20,3,5,42,65,81,36,0.55,medium
LAX,18,4,4,70,51,53,8,0.71,high
JFK,14,5,9,48,55,27,30,0.65,medium
FRA,3,1,6,60,87,96,45,0.25,high
NRT,23,4,1,75,42,95,44,0.84,high
LAX,13,4,5,74,60,73,43,0.07,high
FRA,21,3,12,62,46,97,46,0.82,high
DXB,2,3,6,63,78,32,21,0.43,medium
LAX,3,0,3,75,65,57,7,0.54,high
LAX,5,2,9,29,64,66,53,0.04,medium
JFK,5,3,12,8,99,28,36,0.98,medium
FRA,9,2,4,29,72,54,47,0.65,medium
LHR,1,6,3,73,40,87,19,0.86,high
BOM,18,2,2,15,73,61,54,0.33,medium
SIN,5,4,5,32,92,76,54,0.09,high
SYD,1,4,11,56,26,74,6,0.11,medium
SIN,9,4,1,76,37,73,35,0.92,high
FRA,3,5,7,37,45,53,21,0.63,medium
SIN,11,2,4,46,80,68,27,0.23,high
SYD,16,2,6,35,65,38,26,0.63,medium
LHR,1,1,8,12,50,32,19,0.74,low
LAX,16,1,2,8,78,74,36,0.8,medium
DXB,17,5,5,23,34,64,38,0.03,medium
DXB,7,0,6,51,85,42,8,0.79,medium
LAX,20,3,1,23,83,48,33,0.64,medium
CDG,23,2,5,79,91,84,26,0.7,high
SYD,8,1,12,74,26,48,29,0.57,medium
SYD,11,1,3,11,30,57,18,0.92,low
FRA,16,5,4,75,84,48,59,0.54,high
BOM,8,3,10,74,28,88,59,0.29,high
BOM,5,0,1,77,39,83,54,0.86,high
SYD,22,5,2,71,71,24,36,0.85,medium
CDG,2,3,4,15,33,34,14,0.86,low
NRT,2,6,11,71,27,55,29,0.43,medium
SIN,9,6,4,76,71,44,28,0.33,high
BOM,2,2,11,45,80,21,22,0.35,medium
BOM,19,0,4,39,31,97,21,0.82,medium
LHR,6,1,11,14,43,40,33,0.15,low
LHR,3,1,3,14,90,43,44,0.91,medium
LAX,10,0,1,9,26,82,55,0.7,low
DXB,23,2,2,25,65,76,40,0.88,medium
DXB,23,2,5,9,63,95,13,0.58,medium
NRT,14,4,8,16,40,30,47,0.88,low
DXB,13,6,1,16,93,98,24,0.64,high
DXB,18,4,3,48,27,59,27,0.63,medium
LHR,14,2,4,72,63,69,49,0.68,high
CDG,4,1,6,48,79,51,15,0.29,medium
LHR,6,0,4,47,65,71,53,0.35,medium
BOM,7,4,1,41,50,93,30,0.87,medium
CDG,13,4,8,75,35,27,51,0.66,medium
CDG,6,1,7,38,29,45,19,0.3,medium
CDG,14,3,7,42,22,72,12,0.64,medium
CDG,22,3,9,37,84,98,38,0.92,high
NRT,17,0,10,73,89,71,46,0.62,high
BOM,13,0,10,28,80,28,30,0.77,medium
LHR,15,5,10,47,42,86,27,0.19,medium
LHR,17,2,5,68,89,43,7,0.18,high
LHR,20,5,8,17,53,52,8,0.1,low
CDG,18,2,4,62,42,99,47,0.66,high
BOM,3,2,10,36,46,61,9,0.59,medium
CDG,4,1,7,36,26,63,32,0.01,medium
BOM,11,3,1,67,23,21,10,0.19,medium
DXB,20,3,12,76,20,35,58,0.81,medium
NRT,12,0,2,20,92,61,53,0.57,medium
NRT,6,6,12,71,44,23,54,0.21,medium
DXB,21,4,12,34,94,44,41,0.27,medium
NRT,2,5,11,66,21,45,33,0.24,medium
CDG,9,2,12,7,34,80,5,0.84,low
JFK,13,5,11,45,82,65,43,0.2,high
JFK,17,5,8,19,29,53,20,0.06,low
SYD,2,6,4,66,47,74,31,0.88,high
DXB,12,1,6,27,29,38,27,0.42,low
NRT,9,5,12,38,51,97,47,0.07,medium
LHR,23,0,3,29,30,42,7,0.36,low
LHR,19,6,2,36,73,95,13,0.46,high
LAX,8,1,10,58,34,55,58,0.62,medium
SYD,18,0,10,58,57,41,30,0.16,medium
DXB,20,0,11,28,52,43,47,0.7,medium
SYD,17,4,4,43,29,73,28,0.05,medium
BOM,19,3,9,17,54,84,48,0.19,medium
SYD,4,6,4,46,52,34,21,0.13,medium
JFK,20,4,1,53,55,69,7,0.49,medium
BOM,4,1,4,14,55,34,44,0.42,low
LHR,9,5,7,49,51,93,47,0.79,high
NRT,5,5,3,46,50,47,17,0.35,medium
JFK,8,5,6,73,39,61,14,0.83,high
CDG,4,1,4,59,77,94,44,0.86,high
DXB,15,0,6,44,48,96,54,0.95,high
FRA,0,3,10,67,53,46,11,1.0,medium
LAX,1,5,12,41,57,67,24,0.65,medium
SYD,5,3,7,42,73,54,6,0.75,medium
JFK,21,4,11,20,34,78,55,0.65,medium
LHR,8,6,1,75,49,49,23,0.45,high
BOM,11,4,10,29,21,32,53,0.09,low
NRT,9,1,9,73,93,43,31,0.54,high
NRT,9,0,8,26,26,42,37,0.19,low
DXB,1,1,3,34,21,92,31,0.45,medium
DXB,1,1,3,64,70,49,12,0.16,high
LAX,1,4,7,56,30,89,45,0.03,medium
DXB,10,2,9,51,97,51,46,0.73,high
BOM,4,6,3,61,85,89,12,0.88,high
SYD,14,2,3,49,52,75,57,0.68,medium
BOM,3,5,1,56,61,39,47,0.52,medium
BOM,6,6,7,66,56,57,18,0.75,high
LAX,2,3,8,67,34,56,42,0.15,medium
SYD,8,1,1,40,64,48,55,0.05,medium
SYD,8,0,3,76,75,63,38,0.87,high
DXB,18,1,11,51,83,80,57,0.19,high
JFK,7,4,11,15,24,63,50,0.35,low
SIN,1,6,1,28,22,82,23,0.73,medium
FRA,22,2,4,10,38,81,56,0.38,medium
BOM,18,6,5,23,50,67,16,0.18,medium
JFK,2,5,2,38,80,90,31,0.77,high
BOM,6,6,6,30,52,46,13,0.28,medium
CDG,8,5,3,31,67,30,42,0.88,medium
BOM,6,1,11,10,46,46,11,0.4,low
LAX,7,1,9,62,28,37,20,0.92,medium
NRT,14,6,3,51,61,21,5,0.31,medium
SYD,10,5,10,21,39,77,7,0.22,medium
LAX,5,2,5,61,74,54,29,0.73,high
BOM,20,0,11,72,20,30,47,0.82,medium
NRT,18,2,4,45,97,21,28,1.0,medium
LHR,11,1,11,20,48,54,56,0.04,medium
DXB,12,0,4,32,31,95,6,0.65,medium
JFK,22,1,7,35,52,58,20,0.81,medium
CDG,21,3,4,69,53,32,55,0.88,medium
DXB,22,4,6,55,39,80,34,0.48,medium
BOM,18,6,4,16,40,78,39,0.95,medium
CDG,9,0,12,74,79,29,5,0.08,high
SIN,7,3,11,40,63,86,39,0.78,medium
LAX,10,0,8,49,93,66,59,0.8,high
DXB,13,5,6,11,84,44,49,0.39,medium
SYD,16,5,12,59,66,64,17,0.38,high
BOM,3,4,9,69,86,98,20,0.12,high
JFK,5,6,4,79,59,57,52,0.86,high
SIN,1,3,11,79,59,63,12,0.3,high
JFK,3,4,4,50,54,38,27,0.82,medium
CDG,21,5,3,22,25,23,55,0.09,low
LAX,15,0,10,62,63,58,47,0.06,high
JFK,2,5,5,16,53,37,49,0.92,low
NRT,11,1,12,14,64,37,55,0.64,low
SIN,8,5,6,60,25,32,43,0.51,medium
SYD,3,5,1,79,76,63,57,0.77,high
CDG,20,1,3,33,89,89,31,0.43,high
NRT,4,0,6,49,51,89,18,0.86,high
DXB,14,6,6,18,29,91,11,0.81,medium
BOM,20,2,7,46,48,99,15,0.64,high
DXB,19,4,8,37,66,27,17,0.36,medium
CDG,0,3,9,27,38,22,19,0.47,low
CDG,13,2,12,21,40,51,9,0.94,low
BOM,8,5,12,11,98,41,49,0.88,medium
SIN,21,0,3,5,65,25,16,0.23,low
JFK,20,4,1,64,70,38,11,0.74,medium
JFK,6,6,10,28,78,74,19,0.03,medium
CDG,23,5,5,47,92,80,9,1.0,high
SIN,19,1,9,42,93,98,57,0.46,high
DXB,18,1,4,8,93,99,13,0.42,medium
SYD,11,1,12,54,40,43,52,0.32,medium
DXB,22,1,2,62,39,24,28,0.16,medium
BOM,5,5,11,60,58,29,44,0.45,medium
DXB,9,3,7,45,63,31,12,0.93,medium
NRT,21,4,11,11,93,73,18,0.42,medium
NRT,12,0,6,7,31,36,13,0.33,low
NRT,14,0,2,59,96,47,42,0.8,high
FRA,18,6,6,9,98,69,43,0.86,medium
LAX,21,2,5,6,27,52,5,0.71,low
NRT,13,5,7,27,81,67,52,0.29,medium
SIN,4,0,4,46,58,97,46,0.12,high
SYD,9,2,1,35,61,49,57,0.25,medium
NRT,19,5,9,33,71,56,16,0.84,medium
LHR,18,3,3,59,81,35,35,0.58,medium
CDG,0,2,11,6,60,90,24,0.42,medium
LHR,16,5,4,47,43,35,34,0.6,medium
DXB,18,1,8,50,89,32,45,0.32,medium
BOM,3,3,3,65,27,31,33,0.04,medium
FRA,18,0,12,24,39,80,52,0.6,medium
LHR,22,1,9,46,90,23,29,0.75,medium
FRA,4,0,11,63,93,73,14,0.98,high
BOM,21,3,10,41,69,33,39,0.75,medium
CDG,2,1,9,37,27,65,34,0.9,medium
LAX,12,5,6,32,67,80,19,0.0,medium
BOM,17,4,6,74,55,85,44,0.76,high
SIN,11,3,2,23,83,75,21,0.65,medium
FRA,1,2,10,52,52,42,45,0.99,medium
DXB,2,0,5,79,54,59,15,0.6,high
CDG,10,0,1,28,47,82,47,0.51,medium
BOM,14,5,5,68,97,50,21,0.55,high
SYD,13,4,8,22,65,32,8,0.65,medium
LAX,17,4,12,26,23,63,21,0.07,low
JFK,11,0,6,48,82,73,12,0.16,high
DXB,6,6,2,73,93,64,32,0.53,high
BOM,23,2,7,55,34,79,10,0.54,medium
LAX,5,4,6,79,89,73,29,0.66,high
DXB,5,5,1,33,47,61,5,0.68,medium
LAX,18,6,10,31,67,36,20,0.14,medium
LAX,15,4,2,59,94,57,42,0.41,high
JFK,16,6,7,41,39,95,20,0.35,medium
NRT,12,1,9,62,63,83,33,0.49,high
SIN,10,1,8,73,93,22,25,0.07,high
BOM,10,2,12,60,76,82,7,0.07,high
FRA,12,2,12,11,46,24,29,0.36,low
FRA,6,1,2,19,95,95,24,0.12,high
SYD,8,4,9,60,82,32,13,0.03,medium
CDG,23,1,5,46,58,24,25,0.47,medium
JFK,8,3,11,32,86,68,54,0.67,medium
NRT,14,3,6,66,50,37,43,0.29,medium
CDG,11,5,10,70,20,64,17,0.81,medium
BOM,13,0,4,69,33,95,33,0.03,high
SIN,1,2,6,65,95,80,26,0.8,high
LHR,11,1,9,48,82,89,57,0.47,high
DXB,15,6,5,52,96,64,10,0.59,high
JFK,22,0,8,17,92,25,11,0.98,medium
CDG,2,1,6,9,48,79,6,0.36,medium
JFK,13,5,6,60,99,51,51,0.5,high
SIN,1,4,4,23,20,56,45,0.59,low
JFK,16,6,11,64,60,45,38,0.17,medium
FRA,6,6,10,10,34,20,12,0.64,low
SYD,4,6,8,66,85,40,26,0.1,high
JFK,0,2,11,11,99,59,12,0.16,medium
SIN,13,4,8,35,59,48,21,0.74,medium
FRA,12,1,2,8,93,94,34,0.07,medium
CDG,21,6,10,31,86,92,45,0.11,high
NRT,9,0,4,73,54,60,59,0.8,high
CDG,19,3,4,34,94,78,24,0.67,high
CDG,1,1,9,14,66,27,54,0.34,low
FRA,22,1,5,79,98,79,19,0.77,high
NRT,22,5,1,73,27,50,16,0.36,medium
CDG,6,6,4,12,83,46,57,0.68,medium
JFK,11,2,1,27,79,62,45,0.51,medium
SIN,10,4,4,24,98,74,36,0.2,medium
SYD,23,5,2,24,70,95,25,0.53,medium
JFK,11,2,11,66,42,42,45,0.26,medium
DXB,13,3,5,11,88,99,12,0.64,medium
BOM,5,5,10,17,60,90,51,0.1,medium
BOM,6,5,6,29,70,69,14,0.13,medium
NRT,17,0,11,24,48,88,56,0.22,medium
FRA,17,0,7,17,45,83,52,0.64,medium
BOM,10,6,6,63,92,47,8,0.21,high
CDG,6,2,6,55,59,55,40,0.84,medium
NRT,5,6,9,41,59,67,37,0.4,medium
LHR,10,4,3,47,29,26,43,0.03,low
LAX,6,2,9,29,33,20,49,0.97,low
DXB,19,5,3,55,46,85,37,1.0,high
CDG,0,1,10,51,81,41,48,0.15,medium
NRT,0,1,9,29,70,96,32,0.75,medium
SIN,11,1,10,14,91,44,33,0.88,medium
DXB,23,4,7,74,21,85,28,0.14,high
BOM,19,1,11,17,80,83,24,0.68,medium
SYD,18,4,2,18,33,42,50,0.91,low
SIN,1,4,5,33,39,96,56,0.01,medium
FRA,8,2,12,78,80,95,48,0.77,high
LHR,7,0,3,5,29,23,20,0.33,low
LAX,0,6,6,66,67,96,14,0.45,high
SIN,0,4,4,18,50,75,25,0.96,medium
SYD,6,1,7,6,90,30,37,0.68,low
LHR,6,0,7,8,40,94,51,0.76,medium
FRA,17,1,3,77,20,27,13,0.97,medium
LHR,19,0,4,44,30,86,29,0.6,medium
DXB,17,4,9,6,50,85,18,0.74,medium
SYD,6,0,11,52,43,82,58,0.94,medium
CDG,2,4,7,60,38,90,7,0.88,high
SIN,6,4,4,35,57,80,41,0.23,medium
CDG,7,5,8,17,93,33,44,0.97,medium
BOM,20,2,7,30,26,76,14,0.09,medium
LHR,20,3,9,79,24,23,38,0.68,medium
CDG,3,1,11,35,40,51,59,0.38,medium
CDG,1,3,11,64,97,70,5,0.63,high
SYD,16,3,7,6,63,52,54,0.52,low
CDG,11,1,8,42,81,78,20,0.24,high
LAX,1,4,6,69,41,66,20,0.05,high
BOM,19,5,12,34,33,75,21,0.98,medium
NRT,10,3,12,39,62,74,41,0.13,medium
LAX,23,0,5,43,97,75,27,0.29,high
DXB,14,2,3,41,36,54,11,0.28,medium
LHR,1,6,4,7,25,52,24,0.33,low
LAX,17,4,8,70,87,62,29,0.49,high
SIN,2,3,11,12,67,27,45,0.77,low
FRA,4,4,8,66,88,26,38,0.06,high
DXB,15,6,9,64,28,82,58,0.69,medium
FRA,22,1,6,73,33,80,57,0.88,high
LHR,5,4,1,48,93,53,8,0.2,high
DXB,16,2,8,76,29,79,38,0.78,high
CDG,18,0,1,26,38,97,11,0.39,medium
LHR,22,4,5,73,96,57,25,0.02,high
NRT,4,6,7,40,59,49,15,0.65,medium
FRA,6,2,4,70,72,50,32,0.71,high
NRT,22,1,8,76,62,48,33,0.97,high
LHR,16,4,10,17,37,38,15,0.99,low
SIN,4,5,3,48,71,56,54,0.51,medium
DXB,9,5,6,55,57,84,11,0.96,high
DXB,7,0,9,30,98,48,32,0.97,medium
BOM,19,1,11,70,25,88,12,0.88,high
BOM,9,3,1,56,94,85,19,0.12,high
CDG,6,2,10,36,52,58,55,0.85,medium
NRT,5,1,11,26,85,71,13,0.09,medium
BOM,9,1,3,57,72,55,23,0.99,high
CDG,9,4,9,72,68,26,18,0.71,medium
LHR,11,6,1,51,75,71,53,0.31,high
LAX,10,0,8,5,58,43,45,0.5,low
BOM,16,0,5,61,28,80,41,0.16,medium
BOM,15,1,3,71,64,83,12,0.95,high
LHR,14,3,3,38,62,55,33,0.74,medium
BOM,21,2,5,15,96,28,29,0.52,medium
JFK,19,5,2,10,78,24,59,0.23,low
BOM,11,6,7,21,94,62,34,0.08,medium
FRA,0,4,7,10,73,29,53,0.32,low
DXB,7,2,11,14,57,74,42,0.77,medium
CDG,13,1,3,78,58,98,37,0.29,high
JFK,1,5,5,60,92,34,48,0.11,high
DXB,4,3,7,14,62,48,12,0.09,low
JFK,16,5,5,37,49,51,49,0.44,medium
SIN,21,2,4,51,97,59,45,0.32,high
BOM,17,5,11,6,50,45,43,0.43,low
JFK,1,6,1,23,49,98,11,0.46,medium
NRT,3,4,4,65,81,24,15,0.12,medium
SYD,22,5,7,31,87,86,13,0.19,high
LAX,14,3,11,59,55,44,6,0.2,medium
LHR,15,5,12,41,51,85,35,0.41,medium
BOM,17,5,10,62,79,43,40,0.89,high
JFK,22,2,8,12,40,63,58,0.67,low
SYD,14,2,12,74,84,60,37,0.57,high
FRA,13,0,6,65,74,43,19,0.77,high
JFK,9,4,6,19,32,27,30,0.23,low
FRA,16,4,3,75,27,78,39,0.85,high
DXB,15,1,7,27,61,97,42,0.06,medium
CDG,23,2,2,33,62,92,44,0.14,medium
DXB,7,1,5,35,99,41,35,0.98,medium
SYD,14,5,2,18,63,49,31,0.88,medium
LHR,21,3,8,18,66,81,59,0.74,medium
DXB,5,1,12,32,55,97,30,0.88,medium
SYD,1,4,1,71,74,48,34,0.13,high
LAX,0,6,9,14,57,82,43,0.33,medium
LHR,12,3,7,77,46,67,37,0.89,high
SIN,20,4,3,6,43,99,44,0.48,medium
LAX,13,5,3,23,40,55,44,0.95,low
LHR,10,5,9,19,39,88,23,0.28,medium
JFK,17,2,6,48,43,95,46,0.97,high
DXB,18,5,10,14,40,67,9,0.5,low
FRA,22,0,7,37,87,23,51,0.21,medium
JFK,13,0,8,32,21,71,26,0.79,medium
DXB,7,3,8,79,76,37,24,0.13,high
JFK,19,6,5,22,34,72,37,0.75,medium
LAX,7,0,10,22,76,84,58,0.46,medium
SYD,23,1,2,67,44,87,10,0.11,high
CDG,9,1,12,18,40,30,31,0.58,low
LAX,9,4,2,13,60,37,45,0.38,low
DXB,8,3,10,28,79,86,34,0.3,medium
FRA,19,6,8,50,91,34,17,0.13,medium
NRT,3,2,5,17,55,22,56,0.25,low
BOM,3,0,2,20,49,59,20,0.13,medium
LHR,0,6,2,72,92,39,14,0.01,high
BOM,6,6,4,65,36,70,28,0.67,medium
LHR,11,5,2,61,84,76,53,0.34,high
NRT,9,2,6,75,66,27,45,0.19,high
CDG,8,6,9,35,80,82,39,0.45,high
JFK,0,0,3,46,34,79,14,0.73,medium
BOM,14,0,12,25,81,74,31,0.18,medium
LHR,13,3,8,64,28,42,25,0.4,medium
DXB,15,2,7,32,27,53,58,0.42,low
NRT,14,4,6,14,51,82,53,0.03,medium
JFK,3,6,8,14,54,59,41,0.05,medium
DXB,19,3,9,67,47,62,16,0.21,high
FRA,3,4,5,13,96,82,16,0.58,medium
FRA,6,1,3,32,70,33,45,0.49,medium
CDG,7,4,9,16,25,65,46,0.3,low
JFK,8,0,11,71,51,57,27,0.28,high
CDG,11,6,6,43,33,97,44,0.1,medium
LHR,22,2,7,5,25,86,51,0.84,low
JFK,0,1,6,5,38,76,21,0.62,low
DXB,18,2,7,34,48,65,45,0.01,medium
BOM,6,0,11,64,23,55,38,0.89,medium
JFK,3,6,7,16,70,85,55,0.75,medium
FRA,15,1,12,59,52,72,14,0.84,high
LHR,3,2,10,25,26,26,52,0.03,low
NRT,19,6,10,27,41,62,32,0.35,medium
SIN,19,6,7,66,75,82,33,0.41,high
JFK,22,2,2,34,93,80,9,0.2,high
DXB,22,4,2,66,78,53,32,0.85,high
NRT,8,0,5,34,39,87,57,0.83,medium
LAX,20,5,7,59,31,83,41,0.2,medium
NRT,8,5,10,9,48,29,40,0.68,low
DXB,2,1,3,12,70,97,32,0.91,medium
LAX,15,0,7,37,22,42,19,0.58,low
DXB,0,3,2,74,63,49,46,0.09,high
JFK,20,3,5,9,67,93,23,0.66,medium
LHR,8,3,3,22,50,26,50,0.29,low
LAX,11,3,3,78,20,67,31,0.69,high
DXB,16,5,9,59,71,35,22,0.53,medium
SYD,20,2,2,79,36,85,59,0.77,high
DXB,1,1,5,23,71,36,38,0.01,medium
CDG,1,1,2,40,36,62,50,0.05,medium
BOM,7,2,2,32,23,40,39,0.27,low
SIN,0,6,11,74,44,41,10,0.17,medium
FRA,22,0,4,47,26,41,53,0.64,medium
NRT,17,3,10,39,58,66,12,0.19,medium
NRT,20,3,12,32,80,42,50,0.92,medium
SIN,16,4,7,50,89,92,9,0.69,high
NRT,14,5,11,5,53,80,34,0.6,medium
NRT,3,5,2,41,24,84,50,0.98,medium
NRT,9,3,10,46,40,91,37,0.5,medium
JFK,15,3,12,72,97,20,15,0.82,high
SIN,23,5,4,32,55,65,42,0.35,medium
LHR,12,2,3,7,64,89,40,0.64,medium
FRA,2,3,10,78,78,60,31,0.5,high
BOM,0,0,3,61,95,26,26,0.72,high
CDG,16,5,12,46,20,73,8,0.56,medium
CDG,22,3,6,68,64,25,11,0.19,medium
LAX,9,0,1,7,83,76,22,0.79,medium
SYD,20,4,5,28,43,99,14,0.46,medium
CDG,16,1,12,66,39,77,31,0.03,high
BOM,10,1,3,50,66,69,10,0.86,high
JFK,23,4,8,30,53,91,9,0.54,medium
NRT,2,1,12,41,40,74,36,0.19,medium
CDG,10,3,9,45,73,66,22,0.05,medium
NRT,10,2,12,50,36,20,59,0.25,medium
CDG,11,1,10,53,45,82,38,0.74,medium
NRT,22,5,10,57,95,41,15,0.59,high
NRT,20,4,8,39,28,89,39,0.63,medium
NRT,15,6,7,14,67,91,19,0.8,medium
DXB,12,0,10,73,36,98,54,0.38,high
BOM,7,3,2,6,72,78,55,0.15,medium
LHR,19,2,9,30,90,67,27,0.93,medium
FRA,6,6,5,21,55,26,16,0.94,low
LAX,2,2,3,30,43,62,39,0.17,medium
NRT,6,1,4,68,78,84,25,0.15,high
DXB,22,1,4,66,35,39,50,0.52,medium
BOM,20,5,8,35,84,88,41,0.98,high
SIN,21,4,1,66,88,95,38,0.1,high
SYD,21,3,1,50,22,88,27,0.33,medium
LAX,2,4,11,44,67,81,41,0.62,high
CDG,11,2,7,49,24,48,5,0.27,medium
SIN,13,4,9,64,58,26,35,0.28,medium
SYD,9,1,5,40,83,79,18,0.47,high
LHR,3,2,5,50,27,47,47,0.96,medium
SYD,9,5,1,43,49,84,51,0.89,medium
BOM,19,2,8,27,68,53,37,0.33,medium
LAX,8,3,5,42,85,48,56,0.89,medium
DXB,1,4,11,54,84,62,37,0.05,high
SIN,13,3,9,25,90,71,51,0.39,medium
DXB,1,6,5,67,81,52,19,0.33,high
DXB,1,2,7,23,74,74,19,0.05,medium
JFK,12,4,4,79,62,48,8,0.69,high
NRT,5,6,1,19,87,71,14,0.19,medium
NRT,19,5,3,12,39,64,14,0.85,low
CDG,23,0,8,51,82,77,57,0.34,high
SIN,14,6,1,79,71,62,33,0.43,high
SYD,0,3,12,53,55,81,54,0.46,high
FRA,7,4,9,30,56,94,54,0.06,medium
BOM,14,5,2,10,44,34,13,0.35,low
LHR,12,2,12,75,80,24,13,0.16,high
SIN,13,5,3,64,72,22,55,0.05,medium
JFK,5,3,3,8,99,98,51,0.85,medium
SIN,6,6,10,68,29,25,55,0.23,medium
SIN,5,6,6,32,40,58,10,0.2,medium
CDG,20,3,2,42,45,55,41,0.31,medium
FRA,11,0,10,69,40,26,55,0.45,medium
JFK,2,1,8,71,97,86,20,0.32,high
NRT,20,0,7,58,32,44,32,0.57,medium
FRA,20,6,7,7,59,26,12,0.05,low
LAX,7,0,10,79,61,73,16,0.6,high
JFK,8,1,5,34,27,62,46,0.05,medium
CDG,8,0,8,11,95,75,52,0.6,medium
CDG,21,1,11,66,57,63,15,0.27,high
JFK,23,4,1,40,94,48,18,0.07,medium
SIN,21,2,10,10,21,50,59,0.04,low
SYD,17,3,11,44,49,29,7,0.31,medium
DXB,17,0,2,69,66,96,39,0.77,high
JFK,23,2,6,53,97,66,10,0.73,high
LHR,13,2,7,42,82,65,6,0.25,high
SYD,12,3,4,72,59,32,33,0.65,medium
DXB,8,2,8,63,68,68,37,0.75,high
NRT,9,1,7,19,75,26,8,0.59,low
SYD,16,3,4,27,22,24,24,0.44,low
SIN,5,0,7,14,97,81,33,0.92,medium
NRT,19,6,1,10,23,36,24,0.09,low
DXB,12,2,2,24,42,57,50,0.58,medium
JFK,14,4,1,28,63,52,41,0.73,medium
FRA,11,2,6,74,83,86,17,0.7,high
LAX,10,2,3,17,61,40,42,0.47,low
SIN,10,5,7,32,57,77,17,0.1,medium
SIN,21,0,1,51,74,91,36,0.12,high
FRA,18,5,3,68,84,77,33,0.9,high
CDG,21,5,2,71,28,58,12,0.25,medium
NRT,18,4,8,24,32,31,27,0.4,low
JFK,19,2,9,62,25,81,40,0.81,medium
LHR,18,1,1,8,63,48,53,0.58,low
JFK,20,5,3,42,92,31,52,0.2,medium
NRT,9,3,9,53,36,56,36,0.67,medium
CDG,5,0,8,42,56,28,20,0.31,medium
FRA,10,6,7,49,27,51,59,0.65,medium
CDG,12,3,7,65,24,35,10,0.58,medium
CDG,22,1,5,8,62,94,17,0.18,medium
JFK,10,5,1,62,83,98,17,0.46,high
BOM,18,1,10,76,41,51,26,0.18,high
CDG,0,0,8,13,73,71,12,0.1,medium
JFK,5,2,11,65,97,23,58,0.66,high
NRT,21,0,5,16,71,73,50,0.86,medium
LAX,12,4,5,24,87,84,17,0.98,medium
SYD,6,0,1,49,51,27,23,0.02,medium
DXB,3,2,5,77,36,86,10,0.1,high
DXB,8,0,6,71,74,78,55,0.57,high
CDG,13,2,5,67,64,79,6,0.64,high
NRT,15,6,12,24,81,28,7,0.18,medium
DXB,19,0,3,63,24,70,26,0.85,medium
JFK,22,6,11,77,62,76,44,0.24,high
SIN,17,4,5,67,40,26,17,0.17,medium
CDG,13,2,2,68,70,73,8,0.55,high
SYD,19,6,3,18,62,29,53,0.0,low
SYD,4,6,8,42,60,53,38,0.06,medium
JFK,14,1,9,64,80,96,51,0.68,high
SIN,8,6,6,55,33,69,23,0.64,medium
LHR,11,4,8,5,78,34,15,0.42,low
BOM,19,0,10,15,71,82,16,0.47,medium
BOM,2,1,2,75,20,91,21,0.37,high
CDG,16,2,8,20,73,37,24,0.45,medium
DXB,1,6,6,64,54,34,40,0.05,medium
FRA,18,3,12,70,66,36,50,0.06,high
SYD,14,6,6,51,22,29,38,0.75,medium
JFK,14,2,5,17,47,88,27,0.08,medium
NRT,20,2,8,79,78,97,34,0.68,high
BOM,0,6,12,29,52,56,53,0.42,medium
SYD,21,2,5,59,76,24,55,0.9,medium
JFK,0,1,7,25,26,54,46,0.82,low
BOM,10,6,7,71,56,74,24,0.96,high
LAX,12,2,10,17,68,89,48,0.66,medium
JFK,5,6,9,9,55,46,12,0.04,low
BOM,12,5,1,48,85,88,21,0.08,high
JFK,16,6,10,54,36,57,16,0.6,medium
CDG,14,0,5,36,21,55,32,0.94,medium
SIN,8,5,2,37,40,76,57,0.75,medium
JFK,6,0,10,11,70,99,28,0.57,medium
DXB,22,3,2,45,39,47,9,0.04,medium
FRA,1,6,11,5,62,76,23,0.8,medium
BOM,16,6,12,58,79,48,5,0.37,high
BOM,7,5,8,73,80,88,20,0.85,high
NRT,3,2,12,56,40,44,18,0.31,medium
NRT,13,3,12,20,93,99,22,0.93,high
FRA,1,6,2,35,64,41,11,0.74,medium
CDG,6,6,11,27,84,53,28,0.62,medium
SYD,10,4,5,73,30,89,24,0.78,high
BOM,14,4,8,71,30,76,46,0.55,high
JFK,1,4,2,29,63,66,53,0.37,medium
NRT,7,3,8,53,28,93,51,0.05,medium
DXB,4,5,4,27,51,91,9,0.59,medium
FRA,7,3,1,70,32,41,57,0.41,medium
CDG,14,4,7,54,67,28,30,0.28,medium
SYD,14,4,10,40,29,86,40,0.06,medium
JFK,7,4,1,26,26,56,27,0.98,low
SYD,17,2,8,64,42,74,46,0.92,high
LHR,3,4,5,74,70,69,51,0.73,high
SIN,15,0,2,34,52,74,12,0.32,medium
NRT,4,1,6,23,91,48,52,0.9,medium
BOM,19,3,2,46,71,40,16,0.15,medium
JFK,6,1,11,50,67,42,21,0.99,medium
SIN,9,4,6,11,20,92,9,0.16,low
FRA,19,2,9,42,70,46,6,0.28,medium
CDG,18,1,8,61,88,25,11,0.04,medium
DXB,2,1,1,55,60,36,30,0.11,medium
SIN,9,3,10,48,84,44,51,0.81,medium
SIN,21,0,5,13,82,43,17,0.82,medium
SYD,10,3,4,33,81,55,17,0.25,medium
SIN,11,5,1,70,84,97,54,0.03,high
CDG,5,1,12,12,69,48,22,0.24,medium
BOM,11,2,11,36,60,63,42,0.12,medium
FRA,1,6,7,5,56,84,20,0.72,medium
SIN,21,3,8,48,48,43,45,0.15,medium
JFK,22,2,7,10,21,61,20,0.22,low
BOM,5,2,7,36,64,98,23,0.13,high
NRT,17,0,8,54,36,83,58,0.5,medium
LAX,23,0,7,33,85,45,16,0.33,medium
JFK,7,4,7,12,54,78,50,0.38,medium
SIN,18,6,2,19,67,71,59,0.94,medium
BOM,19,6,7,73,56,20,30,0.73,medium
JFK,7,1,8,54,50,81,59,0.58,high
FRA,23,1,9,21,94,70,18,0.3,medium
CDG,8,3,6,72,36,65,31,0.64,high
CDG,14,3,6,43,37,76,56,0.1,medium
LHR,5,4,7,63,73,58,49,0.9,high
LAX,23,4,7,55,87,67,51,0.92,high
CDG,13,0,6,69,57,23,10,0.98,medium
JFK,18,2,12,65,79,50,36,0.89,high
SIN,0,6,8,23,73,37,21,0.33,medium
SIN,6,3,9,50,29,51,31,0.81,medium
LHR,4,6,2,56,78,90,8,0.18,high
CDG,16,3,7,62,86,45,22,0.34,high
BOM,2,6,7,35,28,96,41,0.19,medium
SIN,21,5,1,60,43,29,22,0.47,medium
LHR,14,2,12,15,93,84,13,0.18,medium
LHR,10,6,10,18,22,87,24,0.31,medium
BOM,23,6,6,41,98,37,30,0.83,medium
JFK,18,2,4,54,57,80,18,0.15,high
NRT,13,5,4,39,51,29,44,0.97,medium
JFK,15,3,1,77,81,64,54,0.67,high
SIN,17,4,8,26,50,44,52,0.44,medium
NRT,5,3,12,19,30,73,28,0.69,medium
NRT,8,2,7,11,46,78,35,0.82,medium
LAX,3,0,5,25,53,99,33,0.06,medium
NRT,6,4,7,13,20,69,55,0.07,low
LAX,13,3,2,77,61,87,22,0.74,high
FRA,13,3,10,36,59,96,9,0.56,medium
BOM,21,6,9,13,79,88,29,0.52,medium
DXB,23,5,9,43,94,83,26,0.65,high
LHR,16,5,4,5,44,52,5,0.64,low
JFK,9,1,8,27,45,96,20,0.58,medium
SYD,13,0,1,61,45,68,50,0.92,medium
DXB,15,1,6,54,69,50,18,0.1,medium
LHR,9,1,7,49,39,63,49,0.1,medium
CDG,10,0,8,75,70,30,59,0.8,high
DXB,9,4,6,40,36,39,21,0.32,medium
NRT,9,2,8,61,93,25,30,0.42,high
NRT,2,5,5,35,48,60,18,0.73,medium
SIN,19,6,9,49,45,87,18,0.18,medium
JFK,11,3,8,33,85,31,19,0.9,medium
LHR,19,0,3,68,56,28,41,0.75,medium
BOM,7,3,9,22,65,59,15,0.01,medium
BOM,16,5,8,21,22,94,18,0.71,medium
LHR,12,4,8,45,45,22,42,0.31,medium
BOM,18,4,8,75,68,64,26,0.03,high
DXB,18,3,10,8,90,91,27,0.67,medium
CDG,9,6,12,30,74,25,25,0.85,medium
SIN,23,2,6,58,63,79,55,0.77,high
DXB,1,4,3,11,49,89,30,0.74,medium
SYD,2,3,9,43,37,56,46,0.43,medium
DXB,3,6,6,75,50,36,15,0.26,medium
SIN,3,6,12,62,58,71,28,0.27,high
NRT,14,5,2,45,73,49,12,0.17,medium
CDG,22,5,4,42,68,69,42,0.34,medium
LAX,21,2,12,66,58,71,5,0.75,high
SYD,13,4,6,32,38,89,19,0.24,medium
JFK,0,3,10,72,83,92,53,0.82,high
SIN,10,5,6,63,45,66,36,0.84,medium
CDG,23,6,10,38,42,87,13,0.47,medium
NRT,15,3,5,57,31,63,30,0.48,medium
SIN,16,5,1,21,82,77,56,0.74,medium
BOM,0,6,11,51,60,34,54,0.89,medium
LAX,14,3,8,14,60,47,14,0.53,low
SIN,8,2,4,44,84,28,54,0.04,medium
FRA,0,0,2,75,86,77,58,0.47,high
CDG,22,1,9,62,31,80,13,0.8,medium
NRT,6,5,4,19,45,75,19,0.12,medium
DXB,9,2,12,63,39,43,33,0.18,medium
LAX,16,6,1,66,26,75,53,0.39,medium
SYD,1,4,12,13,70,81,46,0.59,medium
BOM,19,6,6,61,77,31,12,0.15,medium
LAX,21,2,10,15,38,94,19,0.76,medium
SYD,20,4,2,32,28,33,10,0.2,low
JFK,1,6,4,22,30,91,27,0.27,medium
LAX,6,2,9,50,48,37,13,0.66,medium
LHR,5,1,2,9,53,57,39,0.76,low
FRA,16,4,7,25,63,40,16,0.76,medium
LAX,5,6,5,58,51,52,36,0.91,medium
LHR,10,1,3,59,40,51,24,0.83,medium
SIN,16,2,9,18,32,93,10,0.43,medium
SIN,12,6,5,77,53,73,11,0.29,high
JFK,9,5,10,63,93,54,54,0.73,high
SIN,2,3,8,32,58,86,27,0.26,medium
JFK,0,3,8,9,69,34,50,0.56,low
LHR,3,0,1,54,25,33,36,0.66,medium
LAX,13,4,7,50,44,85,43,0.06,medium
SIN,19,3,5,46,20,70,17,0.76,medium
CDG,14,3,8,28,75,49,50,0.6,medium
JFK,5,3,6,74,35,86,5,0.65,high
SYD,6,5,11,53,54,62,58,0.22,medium
JFK,12,6,11,9,81,66,13,0.67,medium
SIN,19,6,1,78,88,57,13,0.02,high
BOM,20,0,8,7,91,59,42,0.98,medium
DXB,4,2,8,64,35,94,43,0.75,high
CDG,19,6,9,59,97,97,28,0.75,high
SYD,0,3,5,69,32,40,20,0.48,medium
NRT,3,0,2,48,89,86,5,0.79,high
CDG,14,4,3,43,95,74,22,0.12,high
LAX,19,2,6,79,66,26,17,0.18,high
CDG,19,0,5,21,47,77,38,0.28,medium
BOM,23,6,8,72,90,91,20,0.18,high
CDG,6,2,1,11,60,29,59,0.07,low
SYD,20,2,5,61,60,47,59,0.79,medium
NRT,16,2,1,74,42,45,45,0.74,medium
LAX,14,2,7,36,50,33,53,0.96,medium
SYD,7,0,1,35,21,74,16,0.57,medium
LAX,6,4,7,37,72,56,34,0.22,medium
SIN,20,1,4,46,76,63,23,0.27,medium
JFK,11,2,11,53,67,76,12,0.46,high
SYD,21,5,1,60,95,24,14,0.31,high
JFK,8,1,3,76,32,91,57,0.72,high
SYD,7,6,12,56,69,91,24,0.65,high
NRT,9,2,11,30,92,48,22,0.63,medium
BOM,17,1,5,50,59,46,41,0.41,medium
JFK,17,1,1,68,94,75,15,0.43,high
JFK,0,5,5,31,26,74,8,0.61,medium
CDG,19,0,12,59,89,51,31,0.14,high
LHR,18,1,1,47,57,77,33,0.41,medium
LAX,6,1,11,72,69,65,45,0.16,high
LAX,6,3,9,56,98,41,46,0.05,high
JFK,23,3,6,22,90,87,17,1.0,medium
LHR,6,4,5,41,69,80,42,0.27,high
DXB,5,4,8,16,59,21,37,0.04,low
FRA,2,1,4,47,56,44,8,0.3,medium
FRA,20,0,9,77,34,65,57,0.31,high
DXB,8,5,2,48,83,35,57,0.42,medium
SIN,12,0,1,43,83,62,51,0.1,medium
SIN,17,2,4,28,85,52,9,0.1,medium
NRT,14,6,5,38,88,20,47,0.1,medium
SIN,18,4,4,52,73,45,26,0.51,medium
SIN,15,3,9,50,73,50,29,0.73,medium
LHR,3,5,6,47,31,29,48,0.97,medium
CDG,23,3,7,53,78,57,44,0.33,high
DXB,8,1,9,14,85,31,23,0.17,medium
SYD,19,3,12,73,97,61,57,0.33,high
LHR,13,5,9,70,43,38,54,0.88,medium
CDG,6,6,7,79,72,39,44,0.34,high
CDG,16,0,11,27,72,58,41,0.17,medium
CDG,4,1,3,16,51,63,16,0.71,medium
FRA,13,3,1,55,75,64,37,0.48,high
SIN,15,1,5,47,96,97,32,0.07,high
SYD,11,5,12,15,98,49,11,0.79,medium
CDG,18,2,12,70,25,59,23,0.74,medium
BOM,11,6,4,65,32,53,20,0.2,medium
CDG,23,5,4,64,28,47,35,0.37,medium
SIN,4,6,6,61,62,61,27,0.73,high
FRA,10,6,9,62,98,26,38,0.66,high
SYD,6,6,1,15,99,79,59,0.05,medium
SIN,23,1,6,38,46,32,17,0.16,medium
SYD,4,2,10,71,76,39,44,0.92,high
NRT,23,4,10,30,60,78,15,0.88,medium
NRT,5,4,10,24,22,75,46,0.41,medium
CDG,13,6,4,23,94,94,28,0.47,high
LAX,22,2,7,62,49,42,39,0.33,medium
JFK,3,4,7,29,66,56,12,0.18,medium
FRA,17,2,9,65,23,72,7,0.06,medium
CDG,12,5,6,77,56,59,10,0.8,high
JFK,15,2,1,13,54,70,58,0.69,medium
JFK,21,1,5,35,28,68,11,0.98,medium
FRA,1,1,2,11,79,46,7,0.04,medium
SYD,14,4,1,50,85,49,9,0.11,high
NRT,22,0,4,10,49,53,33,0.7,low
LHR,17,1,9,47,57,94,36,0.8,high
FRA,4,1,8,57,98,55,59,0.58,high
LAX,7,2,9,22,75,64,25,0.47,medium
NRT,16,0,10,67,78,78,24,0.34,high
LAX,12,2,7,56,84,39,23,0.71,medium
SIN,9,5,2,45,84,33,15,0.7,medium
LAX,15,4,5,33,70,37,53,0.33,medium
BOM,12,0,4,59,49,41,59,1.0,medium
FRA,6,1,1,9,67,32,43,0.79,low
SYD,15,2,5,34,66,30,21,0.41,medium
NRT,2,6,8,70,49,28,17,0.34,medium
FRA,22,6,2,54,60,83,35,0.15,high
LHR,9,3,6,19,23,41,42,0.96,low
NRT,7,2,12,46,51,83,54,0.26,medium
FRA,11,2,11,10,80,33,33,0.96,low
FRA,9,3,6,60,97,48,20,0.94,high
SYD,20,5,2,16,36,31,29,0.94,low
DXB,2,1,9,47,26,60,14,0.5,medium
JFK,21,3,12,50,44,75,13,0.07,medium
DXB,11,3,9,54,86,87,25,0.22,high
SIN,22,4,2,24,68,61,47,0.18,medium
SYD,16,3,4,74,34,25,46,0.69,medium
NRT,14,0,9,29,47,62,37,0.31,medium
DXB,19,6,10,78,52,83,29,0.74,high
SYD,3,3,2,6,32,97,34,0.72,medium
SYD,10,3,1,20,46,99,27,0.0,medium
SIN,18,2,2,74,61,65,34,0.2,high
LHR,18,6,10,70,61,28,39,0.15,medium
BOM,19,3,4,65,35,84,53,0.49,high
JFK,5,1,9,64,76,80,59,0.16,high
DXB,11,3,2,66,71,51,38,0.91,high
BOM,4,6,10,69,71,95,31,0.65,high
SYD,9,0,6,41,39,23,35,0.05,low
LHR,5,3,6,15,59,68,55,0.84,medium
SYD,6,6,11,10,92,26,56,0.38,medium
SIN,21,1,7,61,54,41,46,0.24,medium
CDG,19,3,2,32,43,61,7,0.87,medium
LHR,17,6,12,9,50,97,48,0.05,medium
DXB,14,0,2,13,38,79,26,0.02,medium
LHR,10,2,5,30,59,29,12,0.96,medium
SYD,19,6,1,41,95,68,39,0.16,high
LAX,21,1,12,28,45,68,35,0.44,medium
LAX,19,3,10,5,85,66,43,0.25,medium
CDG,23,2,5,21,25,38,57,0.54,low
NRT,0,0,12,74,41,54,37,0.73,high
JFK,22,5,10,68,51,53,29,0.23,high
DXB,5,0,12,23,24,65,37,0.59,low
LHR,15,1,4,73,76,67,40,0.63,high
SIN,19,0,3,56,28,92,14,0.88,medium
CDG,0,4,1,57,39,42,42,0.34,medium
JFK,21,3,6,75,50,55,55,0.15,high
LAX,17,5,1,43,90,20,31,0.84,medium
JFK,11,4,4,60,23,75,36,0.36,medium
LAX,2,0,11,50,26,29,35,0.46,medium
NRT,5,6,4,72,45,69,48,0.77,high
LAX,4,5,4,14,47,34,9,0.3,low
LHR,18,1,11,28,55,93,24,0.73,medium
DXB,10,2,4,19,57,51,36,0.1,medium
LHR,20,4,4,39,95,79,37,0.4,high
DXB,20,2,12,62,66,93,51,0.2,high
LAX,2,0,1,26,32,88,56,0.64,medium
NRT,8,6,2,54,95,23,53,0.49,medium
JFK,6,1,12,30,72,27,21,0.97,medium
DXB,20,0,2,68,65,52,13,0.95,high
FRA,2,2,7,48,26,56,5,0.16,medium
JFK,1,1,1,38,75,86,39,0.69,high
FRA,7,0,1,61,81,82,6,0.07,high
DXB,21,6,2,22,32,93,34,1.0,medium
DXB,22,4,8,76,52,96,28,0.22,high
FRA,5,4,6,27,58,93,13,0.99,medium
FRA,4,2,5,55,97,82,33,0.64,high
SYD,18,6,2,49,76,96,18,0.64,high
SYD,17,6,5,44,64,54,59,0.48,medium
CDG,3,1,3,68,23,98,26,0.59,high
SYD,22,2,2,50,37,59,55,0.26,medium
NRT,8,1,1,35,66,91,55,0.56,medium
FRA,20,4,2,22,70,54,13,0.84,medium
LHR,12,6,6,62,51,49,17,0.68,medium
SIN,16,6,1,19,59,49,31,0.39,medium
JFK,22,0,8,43,27,32,32,0.49,low
LAX,12,0,12,59,99,74,39,0.34,high
LHR,11,4,2,45,92,48,32,0.58,medium
BOM,8,0,7,52,25,50,13,0.48,medium
JFK,0,1,6,52,30,41,52,0.29,medium
NRT,17,2,4,59,75,38,22,0.39,medium
LHR,21,5,7,36,26,60,57,0.7,medium
NRT,21,1,1,74,63,99,43,0.23,high
DXB,8,6,5,12,78,39,44,0.46,medium
LAX,21,2,2,69,72,89,56,0.63,high
FRA,5,5,4,20,92,20,17,0.28,medium
LAX,2,2,1,45,47,20,42,0.11,medium
CDG,5,5,3,72,82,31,24,0.01,high
DXB,15,2,10,75,45,99,6,0.2,high
DXB,6,6,11,78,51,87,54,0.29,high
JFK,13,3,9,40,48,35,33,0.81,medium
SYD,19,5,8,34,36,21,46,0.12,low
LAX,1,0,10,56,90,96,41,0.74,high
SIN,14,2,10,79,58,70,15,0.11,high
BOM,23,3,12,25,85,74,39,0.28,medium
NRT,11,3,11,29,33,41,35,0.15,low
CDG,14,6,2,73,52,56,38,0.78,high
CDG,5,0,10,67,23,44,36,0.41,medium
BOM,5,2,12,70,54,43,21,0.63,medium
DXB,2,0,4,51,20,82,11,0.81,medium
LHR,1,0,9,64,87,52,14,0.77,high
LHR,4,2,2,42,41,32,34,0.34,medium
NRT,22,6,3,48,67,82,38,0.5,high
SIN,17,3,3,75,98,31,26,0.08,high
LAX,6,6,4,72,27,69,39,0.4,medium
BOM,1,0,12,69,45,89,50,0.21,high
SIN,2,6,5,40,81,83,25,0.1,high
CDG,4,6,2,49,71,41,6,0.63,medium
NRT,12,6,10,39,77,62,37,0.72,medium
FRA,4,6,10,49,84,80,58,0.54,high
NRT,17,0,3,32,75,74,37,0.03,medium
FRA,0,1,2,49,87,64,40,0.81,high
SYD,19,4,1,19,98,69,39,0.68,medium
SIN,13,4,11,39,66,60,26,0.71,medium
SIN,9,2,10,5,89,72,17,0.6,medium
LAX,14,2,10,20,33,83,34,0.44,medium
JFK,4,5,8,40,73,85,20,0.35,high
DXB,1,4,8,24,49,76,40,0.98,medium
LAX,8,0,7,45,29,27,58,0.81,low
SIN,8,5,1,5,81,44,13,0.99,low
LHR,15,5,11,6,33,70,8,0.92,low
DXB,5,0,5,29,70,73,17,0.71,medium
FRA,14,0,7,44,30,82,54,0.29,medium
SYD,13,4,6,63,94,88,26,0.37,high
NRT,0,1,4,46,26,75,54,0.23,medium
SYD,1,3,7,13,40,77,14,0.68,medium
FRA,20,1,2,41,59,84,54,0.48,medium
LHR,11,4,6,19,83,44,44,0.9,medium
LHR,4,6,4,48,23,22,47,0.6,low
JFK,21,6,3,69,97,73,33,0.62,high
NRT,11,2,6,11,70,28,7,0.42,low
LAX,20,5,5,78,22,29,51,0.35,medium
LAX,7,5,2,17,31,29,58,0.26,low
JFK,15,5,10,73,38,21,32,0.81,medium
JFK,13,3,10,43,79,34,8,0.24,medium
NRT,11,5,5,5,84,31,51,0.81,low
DXB,15,6,7,32,22,50,37,1.0,low
SIN,23,6,12,58,44,90,47,0.38,high
CDG,8,0,5,44,27,23,50,0.95,low
FRA,6,2,3,61,33,46,6,0.28,medium
BOM,19,0,2,34,64,91,19,0.08,medium
LAX,10,0,5,11,67,31,6,0.7,low
SYD,1,5,5,73,84,35,42,0.78,high
FRA,11,6,4,77,64,94,27,0.82,high
NRT,15,1,6,7,77,20,40,0.46,low
SYD,3,3,3,17,76,60,45,0.57,medium
SIN,18,0,5,21,38,63,34,0.15,medium
SYD,13,6,5,48,65,70,49,0.95,medium
DXB,23,0,7,51,57,57,21,0.7,medium
LHR,9,3,2,25,46,56,56,0.16,medium
CDG,7,4,7,49,61,57,56,0.13,medium
DXB,6,6,3,56,52,78,15,0.98,high
SYD,12,2,4,79,39,98,8,0.99,high
LHR,4,3,6,62,22,27,28,0.16,medium
FRA,17,5,10,29,75,92,20,0.91,medium
JFK,0,5,5,29,30,73,24,0.6,medium
SYD,7,2,4,40,21,73,14,0.63,medium
SIN,15,5,9,44,41,27,16,0.23,medium
CDG,22,0,1,37,85,75,35,0.99,high
BOM,2,1,2,9,57,20,34,0.58,low
CDG,18,1,5,31,51,89,24,0.41,medium
NRT,6,1,7,17,48,79,11,0.58,medium
SYD,4,0,3,30,55,59,32,0.34,medium
NRT,21,4,6,5,44,43,13,0.23,low
LHR,19,0,1,65,55,91,13,0.9,high
BOM,22,4,2,72,79,62,39,0.89,high
CDG,5,6,4,20,78,21,38,0.62,low
LHR,4,1,10,22,29,77,50,0.61,medium
NRT,12,3,6,6,31,69,52,0.3,low
CDG,2,5,10,41,84,90,38,0.16,high
SYD,20,0,9,56,62,59,14,0.66,medium
JFK,8,6,7,45,90,61,39,0.23,high
BOM,2,0,11,68,71,58,20,0.73,high
BOM,22,4,9,58,61,29,51,0.08,medium
NRT,7,4,7,26,33,31,6,0.38,low
DXB,23,1,2,36,21,22,44,0.88,low
CDG,13,1,2,28,71,92,51,0.63,medium
FRA,8,5,10,20,94,23,33,0.25,medium
CDG,13,0,12,61,22,36,53,0.32,medium
NRT,22,4,6,16,43,85,25,0.94,medium
SYD,12,5,3,10,45,55,37,0.21,low
CDG,21,5,6,14,22,50,16,0.96,low
LAX,20,3,12,74,32,65,8,0.17,high
SIN,12,3,3,29,64,88,19,0.1,medium
LAX,19,1,2,16,30,78,33,0.18,medium
DXB,23,4,12,30,51,84,36,0.94,medium
DXB,12,4,9,52,52,55,20,0.72,medium
LHR,1,1,9,59,21,66,53,0.22,medium
BOM,16,6,3,47,94,56,6,0.38,high
CDG,19,1,2,56,31,31,35,0.19,medium
BOM,20,3,3,25,26,67,26,0.81,medium
LHR,22,2,12,31,36,87,17,0.68,medium
LAX,12,2,7,72,94,73,15,0.47,high
LAX,10,4,3,64,65,90,39,0.77,high
SIN,7,1,11,7,81,30,41,0.35,low
BOM,16,4,5,46,39,69,27,0.49,medium
NRT,22,1,7,47,29,88,49,0.84,medium
LHR,19,4,6,68,35,48,58,0.86,medium
SYD,2,1,9,12,71,86,56,0.81,medium
BOM,22,3,3,47,51,68,49,0.12,medium
CDG,16,2,6,38,21,95,35,0.77,medium
BOM,3,1,7,49,87,90,27,0.15,high
SIN,17,0,11,6,39,78,21,0.87,low
SIN,3,1,1,66,87,62,47,0.0,high
NRT,13,2,12,61,51,31,15,0.87,medium
DXB,5,1,4,63,28,55,32,0.39,medium
BOM,23,5,3,10,96,83,20,0.73,medium
LHR,19,4,2,55,37,97,7,0.48,high
SIN,1,5,8,22,58,59,5,0.55,medium
SIN,7,6,11,27,36,59,28,0.07,medium
LHR,21,3,9,78,84,54,32,0.59,high
LHR,12,4,9,39,52,50,22,0.39,medium
SYD,12,0,12,24,47,83,55,0.56,medium
DXB,20,3,2,51,41,27,21,0.69,medium
BOM,23,1,9,10,44,99,8,0.48,medium
JFK,16,3,10,79,25,59,11,0.62,medium
NRT,22,2,7,30,67,75,41,0.2,medium
FRA,13,2,4,12,23,48,43,0.01,low
FRA,11,5,5,76,85,44,5,0.56,high
JFK,11,5,11,76,30,29,32,0.11,medium
LHR,3,2,10,12,21,46,7,0.41,low
DXB,3,5,4,50,30,87,7,0.96,medium
FRA,3,6,11,44,84,98,10,0.9,high
LHR,0,2,5,61,96,88,45,0.01,high
JFK,17,6,10,24,87,36,7,0.53,medium
BOM,2,0,3,41,54,51,34,0.35,medium
JFK,6,1,2,73,97,40,57,0.8,high
SYD,9,0,12,70,94,98,42,0.64,high
NRT,16,1,6,69,98,74,36,0.4,high
BOM,14,3,10,13,51,54,47,0.69,low
SIN,6,5,4,43,98,67,35,0.42,high
SIN,19,5,8,44,22,24,12,0.78,low
JFK,18,2,3,48,95,43,38,0.52,high
JFK,9,4,12,47,59,22,46,0.34,medium
BOM,2,6,2,7,79,96,8,0.53,medium
LAX,1,6,2,73,79,61,44,0.67,high
JFK,20,4,11,27,93,36,19,0.98,medium
DXB,19,3,9,48,35,71,21,0.45,medium
BOM,16,2,10,47,96,41,13,0.29,medium
LAX,3,0,9,6,65,36,42,0.27,low
SIN,11,3,5,47,45,82,45,0.1,medium
FRA,21,5,3,76,85,59,5,0.35,high
CDG,8,1,2,77,46,61,44,0.36,high
SIN,1,4,2,25,57,85,54,0.54,medium
JFK,23,0,9,5,28,46,30,0.33,low
CDG,20,0,2,15,83,58,59,0.91,medium
LAX,17,1,3,29,25,65,21,0.26,medium
SYD,21,1,9,31,75,29,55,0.61,medium
DXB,6,4,8,6,85,75,13,0.43,medium
SIN,12,1,5,8,98,54,42,0.0,medium
NRT,7,2,7,58,83,33,27,0.71,medium
BOM,15,3,5,55,99,95,34,0.03,high
CDG,0,1,2,74,57,50,44,0.9,high
JFK,0,2,11,33,20,48,46,0.0,low
FRA,18,2,1,37,66,33,14,0.91,medium
DXB,10,1,2,62,70,78,39,0.29,high
NRT,10,3,3,67,62,51,56,0.02,high
BOM,1,4,9,11,62,21,7,0.53,low
JFK,22,5,11,6,63,42,7,0.09,low
LAX,21,1,7,37,78,41,26,0.09,medium
DXB,1,4,12,19,99,66,5,0.49,medium
BOM,17,1,4,37,47,50,41,0.66,medium
BOM,22,5,9,79,72,68,19,0.69,high
BOM,18,3,3,60,60,41,16,0.04,medium
NRT,3,5,12,64,71,50,19,0.73,high
LHR,23,4,10,70,38,63,13,0.69,high
LHR,17,0,12,52,38,35,7,0.37,medium
JFK,7,2,10,59,56,57,52,0.08,medium
LHR,16,0,7,28,33,96,6,0.23,medium
CDG,17,4,10,27,21,57,5,0.65,low
JFK,10,2,7,45,75,84,44,0.11,high
SIN,16,6,4,58,74,91,29,0.08,high
SIN,9,5,1,72,56,46,53,0.39,high
NRT,19,3,4,61,90,61,26,0.44,high
SIN,17,1,1,47,89,24,45,0.28,medium
LHR,3,5,2,16,52,48,48,0.86,low
JFK,10,0,3,36,77,70,9,0.11,medium
DXB,19,4,5,70,72,33,49,0.64,high
SIN,0,6,7,64,96,91,31,0.49,high
SYD,0,4,8,31,84,22,15,0.41,medium
FRA,16,6,1,30,75,59,16,0.83,medium
SIN,6,2,4,72,26,30,50,0.2,medium
LHR,16,0,10,24,95,86,23,0.94,high
CDG,21,6,4,23,73,21,21,0.11,low
BOM,14,1,5,34,25,62,55,0.49,medium
CDG,20,2,7,73,37,57,42,0.14,medium
LAX,20,1,8,67,46,55,39,0.76,medium
LAX,21,3,6,30,57,73,16,0.05,medium
DXB,18,2,7,13,25,21,58,0.42,low
CDG,5,4,10,18,80,68,7,0.32,medium
SYD,17,3,4,46,65,77,36,0.16,high
LAX,19,4,2,41,29,90,14,0.16,medium
DXB,2,0,10,27,79,39,13,0.02,medium
SIN,15,3,1,68,53,45,11,0.91,medium
CDG,4,1,3,27,64,20,6,0.15,low
SIN,18,4,4,46,29,26,29,0.77,low
LHR,6,5,4,26,72,66,45,0.6,medium
DXB,17,0,12,32,42,23,51,0.53,low
FRA,16,4,5,72,99,86,25,0.47,high
FRA,19,3,10,47,24,34,37,0.35,medium
FRA,9,2,10,41,21,22,14,0.28,low
JFK,18,5,7,17,54,58,36,0.39,medium
LHR,13,5,6,79,78,66,27,0.62,high
FRA,22,2,4,28,34,98,37,0.27,medium
SIN,2,3,4,59,49,95,16,0.35,high
NRT,19,1,7,46,26,70,22,0.92,medium
DXB,5,3,6,21,49,35,35,0.12,low
JFK,12,5,7,7,86,76,58,0.69,medium
NRT,21,1,6,55,97,82,45,0.24,high
FRA,5,5,7,76,96,53,11,0.11,high
JFK,7,0,6,29,68,32,50,0.36,medium
NRT,16,3,12,23,28,30,56,0.84,low
CDG,4,6,2,71,43,98,7,0.6,high
CDG,7,5,2,66,20,66,54,0.99,medium
DXB,6,2,5,66,44,38,43,0.15,medium
LHR,19,6,1,63,90,83,37,0.41,high
SYD,6,1,10,11,69,65,29,0.97,medium
SIN,23,3,4,68,63,23,54,0.52,medium
BOM,16,5,12,65,97,29,11,0.57,high
LAX,4,0,1,37,87,94,31,0.4,high
NRT,8,2,7,39,38,80,43,0.72,medium
LHR,18,1,11,40,44,25,52,0.13,medium
LHR,0,1,2,24,34,59,6,0.93,low
DXB,0,2,4,9,55,29,18,0.77,low
LAX,17,6,11,49,59,27,24,0.7,medium
LAX,15,4,10,21,97,20,49,0.96,medium
FRA,23,4,9,5,56,83,18,0.84,medium
SYD,3,6,6,60,64,53,18,0.68,high
DXB,13,0,8,52,23,31,56,0.99,medium
JFK,1,5,4,7,97,64,8,0.87,medium
NRT,17,4,12,42,28,88,17,0.5,medium
NRT,3,1,7,63,91,61,57,0.61,high
SYD,16,2,11,16,42,88,28,0.81,medium
NRT,20,6,5,23,51,81,50,0.17,medium
SIN,20,3,8,67,89,40,28,0.53,high
LHR,16,6,11,15,52,74,58,0.22,medium
LAX,2,1,11,40,59,50,15,0.31,medium
CDG,5,1,6,46,25,67,25,0.43,medium
JFK,21,3,10,8,57,35,44,0.34,low
FRA,21,3,3,52,21,84,9,0.74,medium
LAX,2,6,5,32,22,36,36,0.52,low
FRA,1,1,6,45,97,56,52,0.02,high
LHR,5,5,3,13,88,47,45,0.5,medium
BOM,11,2,10,48,35,74,30,0.92,medium
SYD,2,5,1,6,38,85,7,0.64,low
CDG,20,4,2,14,35,41,8,0.75,low
SIN,6,0,3,77,95,69,49,0.68,high
NRT,3,6,1,75,55,53,17,0.1,high
NRT,18,0,10,30,66,36,32,0.81,medium
DXB,18,6,10,48,63,35,36,0.93,medium
CDG,3,5,7,73,81,95,52,0.26,high
NRT,22,5,5,18,75,45,41,0.09,medium
BOM,3,0,8,29,71,48,52,0.74,medium
LAX,14,6,3,20,45,60,14,0.11,medium
BOM,20,6,11,73,35,21,57,0.51,medium
BOM,5,6,8,36,67,24,8,0.46,medium
FRA,6,0,9,79,33,23,31,0.77,medium
DXB,2,0,4,14,31,71,5,0.16,low
SYD,3,0,5,59,89,75,18,0.04,high
FRA,1,1,9,50,32,77,59,0.35,medium
NRT,21,5,4,15,21,56,20,0.42,low
CDG,10,2,1,22,49,68,25,0.1,medium
CDG,20,3,11,43,27,24,35,0.78,low
DXB,6,6,12,50,79,85,19,0.91,high
JFK,18,2,11,13,76,35,18,0.86,low
SIN,9,4,7,37,87,23,35,0.22,medium
FRA,20,1,5,11,97,46,13,0.06,medium
LHR,8,4,9,26,42,50,46,0.83,medium
SYD,22,5,11,34,81,26,8,0.72,medium
SYD,4,5,4,41,80,26,44,0.64,medium
NRT,21,5,1,58,99,76,22,0.56,high
FRA,2,0,9,44,28,46,44,0.8,medium
LHR,16,1,6,20,89,24,31,0.73,medium
SIN,13,1,11,29,39,40,15,0.81,low
LHR,1,5,5,58,98,58,37,0.66,high
SIN,17,6,4,47,41,61,14,0.27,medium
JFK,5,5,5,48,89,63,43,0.89,high
DXB,13,3,6,55,20,38,29,0.64,medium
DXB,7,4,2,53,33,41,53,0.54,medium
SIN,13,1,11,24,78,94,26,0.37,medium
DXB,12,2,12,66,32,75,13,0.99,high
LAX,0,3,1,12,92,22,41,0.14,medium
SYD,22,6,8,33,36,38,29,0.58,low
SIN,12,1,1,10,30,29,58,0.33,low
BOM,9,3,1,66,30,66,42,0.15,medium
LAX,5,5,4,47,65,88,12,0.19,high
DXB,23,5,9,74,36,34,43,0.98,medium
LHR,2,6,3,74,98,32,59,0.17,high
BOM,12,3,4,37,96,24,23,0.34,medium
BOM,5,0,4,19,21,23,53,0.88,low
CDG,12,0,1,15,34,58,9,0.02,low
CDG,7,0,12,16,21,79,34,0.41,low
SYD,13,4,10,24,25,61,59,0.95,low
FRA,8,1,5,12,93,93,59,0.29,medium
SIN,15,6,12,41,41,57,59,0.08,medium
FRA,16,0,10,14,25,52,9,0.1,low
LHR,12,2,4,79,66,38,20,0.18,high
FRA,18,4,1,32,62,46,17,0.57,medium
BOM,10,1,12,16,64,97,15,0.82,medium
JFK,10,1,9,79,31,47,59,0.18,medium
SYD,8,4,11,64,89,23,23,0.09,high
DXB,12,3,9,22,98,36,51,0.78,medium
NRT,0,4,5,29,92,78,8,0.63,high
LAX,7,3,1,68,80,29,48,0.64,high
DXB,7,1,3,12,87,56,42,0.91,medium
BOM,2,1,9,41,30,56,35,0.88,medium
LAX,8,4,1,26,88,71,6,0.23,medium
LHR,16,1,2,38,95,91,5,0.04,high
BOM,11,5,5,63,39,82,49,0.69,high
BOM,23,1,7,33,62,76,41,0.22,medium
LAX,23,0,12,5,48,77,18,0.02,low
FRA,14,5,6,66,62,25,40,0.29,medium
DXB,10,2,3,10,47,68,26,0.93,low
BOM,6,5,9,30,95,55,16,0.68,medium
BOM,6,1,8,66,60,31,51,0.93,medium
JFK,10,1,3,36,21,54,36,0.36,medium
CDG,7,2,10,19,51,85,6,0.76,medium
BOM,14,5,8,21,25,69,49,0.39,low
BOM,12,2,10,15,67,52,27,0.32,medium
LHR,7,0,1,30,76,86,44,0.0,medium
JFK,8,6,8,59,81,55,29,0.02,high
LAX,11,4,12,70,78,71,38,0.97,high
DXB,8,1,12,30,59,41,59,0.18,medium
FRA,21,2,12,25,56,59,52,0.86,medium
LHR,8,2,12,60,20,90,51,0.51,medium
NRT,14,0,3,66,64,95,56,0.87,high
JFK,22,1,6,58,85,80,30,0.26,high
NRT,10,5,5,31,33,37,49,0.08,low
JFK,6,4,11,31,82,65,5,0.53,medium
LHR,10,4,2,23,25,29,5,0.84,low
NRT,14,6,2,19,58,74,54,0.08,medium
JFK,22,1,12,51,94,27,39,0.94,medium
NRT,8,1,10,50,37,91,14,0.25,medium
DXB,4,3,6,71,59,38,45,0.83,medium
BOM,1,4,8,20,24,91,36,0.85,medium
DXB,22,0,6,50,70,83,5,0.15,high
SIN,17,2,11,10,58,57,24,0.4,low
CDG,10,0,3,57,73,57,13,0.47,high
LHR,2,2,7,30,89,20,43,0.12,medium
BOM,4,1,8,62,75,32,47,0.47,medium
NRT,12,4,4,26,38,93,39,0.12,medium
DXB,19,4,2,30,51,65,22,0.18,medium
SIN,23,0,2,39,68,21,15,0.3,medium
JFK,8,5,9,8,77,40,18,0.08,low
JFK,22,6,6,56,83,41,34,0.6,high
SIN,18,1,1,70,28,63,52,0.79,medium
SYD,15,4,6,58,28,79,28,0.97,medium
FRA,11,5,2,56,76,48,44,0.17,high
SYD,5,1,11,72,79,74,51,0.1,high
LHR,10,5,6,33,29,97,38,0.17,medium
NRT,20,6,11,14,71,94,32,0.95,medium
CDG,22,6,12,35,27,40,45,0.35,low
SIN,13,1,6,6,42,47,59,0.72,low
LHR,20,6,7,29,34,57,5,0.17,medium
LHR,17,5,4,75,78,60,57,0.37,high
SYD,1,2,7,25,32,43,21,0.73,low
DXB,15,5,10,46,22,70,20,0.22,medium
CDG,17,4,5,62,97,74,37,0.23,high
BOM,21,4,3,79,76,53,53,0.28,high
NRT,10,5,11,35,47,23,51,0.65,low
SIN,15,5,8,44,85,40,43,0.32,medium
CDG,21,1,10,71,98,80,27,0.1,high
SYD,15,2,7,8,59,79,8,0.62,medium
SYD,16,1,8,63,54,48,53,0.27,medium
SYD,5,2,6,57,74,20,54,0.05,medium
SYD,8,0,6,14,59,79,23,0.12,medium
FRA,16,2,11,47,61,29,44,0.17,medium
FRA,14,4,6,5,21,84,59,0.47,low
JFK,1,4,1,5,59,37,21,0.06,low
SYD,7,6,4,67,71,23,10,0.92,medium
FRA,3,2,5,21,54,90,53,0.5,medium
NRT,18,1,3,9,61,98,56,0.16,medium
DXB,5,1,5,74,26,62,46,0.89,medium
JFK,23,5,1,27,40,96,34,0.32,medium
SIN,14,0,2,52,64,33,34,0.54,medium
LAX,3,5,5,10,84,86,13,0.7,medium
NRT,17,0,6,43,74,74,46,0.87,high
LAX,20,2,5,25,75,95,12,0.65,medium
SIN,17,3,8,10,65,54,41,0.58,medium
FRA,7,5,8,25,60,72,41,0.58,medium
SIN,17,4,7,70,42,90,13,0.39,high
JFK,7,2,12,20,90,66,41,0.56,medium
NRT,9,5,9,18,32,31,51,0.17,low
LHR,10,3,7,65,89,69,35,0.3,high
JFK,0,4,3,21,51,34,21,0.7,low
DXB,11,1,7,14,83,40,34,0.96,medium
LHR,23,4,6,26,26,75,30,0.63,medium
CDG,3,3,7,32,75,94,48,0.04,high
FRA,0,0,3,16,93,98,55,0.76,high
SYD,7,2,10,35,69,70,16,0.78,medium
FRA,18,2,3,79,90,58,34,0.21,high
LAX,17,3,8,57,24,24,38,0.94,medium
SYD,23,6,8,12,92,29,37,0.79,medium
SYD,5,3,5,48,68,53,16,0.45,medium
LAX,11,4,2,6,65,44,32,0.84,low
LAX,14,3,4,51,38,71,19,0.86,medium
SIN,8,1,8,76,23,23,9,0.8,medium
BOM,7,2,2,26,74,28,13,0.13,medium
SYD,22,6,12,59,90,39,7,0.42,high
NRT,6,6,6,60,82,24,27,0.76,medium
FRA,5,0,7,68,87,33,7,0.29,high
DXB,20,4,5,70,79,37,32,0.4,high
JFK,17,5,10,59,50,79,16,0.06,high
LHR,9,5,2,76,41,96,15,0.37,high
BOM,9,6,5,59,43,38,40,0.84,medium
LHR,10,3,6,69,75,29,14,0.2,high
CDG,21,2,9,76,47,49,33,0.22,high
CDG,10,3,1,13,22,92,50,0.62,medium
JFK,23,5,5,73,54,55,29,0.21,high
BOM,0,5,5,59,81,91,32,0.55,high
NRT,6,3,4,65,53,73,27,0.19,high
LHR,18,1,5,16,30,61,26,0.55,low
DXB,8,5,8,20,97,42,37,0.94,medium
LAX,15,2,12,64,60,38,23,0.14,medium
JFK,23,4,12,21,68,46,57,0.42,medium
LHR,22,2,1,9,61,33,34,0.71,low
LAX,12,3,9,47,20,84,16,0.67,medium
SYD,8,1,5,46,82,73,37,0.22,high
DXB,17,4,4,38,44,29,9,0.93,medium
LHR,13,2,9,33,60,32,18,0.83,medium
NRT,10,2,11,77,94,64,42,0.76,high
NRT,6,3,11,67,86,75,20,0.89,high
JFK,22,5,8,37,55,48,35,0.23,medium
LHR,20,0,12,36,82,32,16,0.87,medium
LAX,14,5,7,29,88,23,47,0.97,medium
LAX,1,1,11,13,54,80,46,0.13,medium
SYD,0,3,5,23,22,72,22,0.3,low
DXB,0,1,3,49,34,21,11,0.67,medium
LHR,16,2,3,18,78,36,14,0.13,medium
BOM,13,2,6,28,40,73,42,0.45,medium
FRA,23,1,3,22,64,90,50,0.38,medium
CDG,7,1,5,59,47,38,11,0.94,medium
BOM,16,1,2,65,78,20,37,0.17,medium
FRA,20,0,6,7,24,62,46,0.74,low
LHR,19,6,9,30,64,39,54,0.72,medium
SYD,9,4,2,22,38,43,11,0.96,low
LHR,8,1,5,46,49,69,13,0.78,medium
LAX,5,0,12,27,53,50,41,0.3,medium
DXB,1,1,4,31,77,30,35,0.51,medium
NRT,10,4,8,10,23,46,56,0.11,low
CDG,0,5,10,56,41,33,53,0.07,medium
JFK,20,5,2,37,25,63,22,0.37,medium
SYD,21,0,9,36,20,89,54,0.23,medium
SYD,23,3,12,30,71,23,10,0.3,medium
BOM,8,3,6,45,20,76,13,0.52,medium
JFK,13,0,4,6,71,64,40,0.64,medium
LAX,19,1,5,13,42,53,47,0.92,low
LAX,17,0,12,19,95,25,8,0.35,medium
JFK,23,5,10,48,99,90,47,0.39,high
SIN,2,0,2,25,75,30,11,0.61,medium
SIN,23,4,3,75,88,50,49,0.84,high
NRT,8,3,10,39,67,77,12,0.39,medium
LHR,17,6,8,51,66,65,6,0.08,medium
LAX,0,6,3,11,71,25,20,0.22,low
JFK,23,3,4,8,83,99,43,0.88,medium
NRT,22,1,5,15,51,30,38,0.93,low
JFK,0,3,11,27,69,35,25,0.63,medium
FRA,20,1,5,67,78,26,9,0.08,medium
JFK,15,0,7,36,74,98,54,0.94,high
SIN,0,3,11,35,49,27,58,0.53,medium
LHR,2,4,3,45,87,43,23,0.12,medium
NRT,10,5,4,62,46,29,51,0.09,medium
DXB,19,1,5,58,28,54,15,0.92,medium
FRA,9,1,5,74,87,28,51,0.04,high
LHR,21,1,1,31,92,48,55,0.9,medium
NRT,12,2,12,6,21,25,52,0.58,low
BOM,4,4,12,21,67,92,24,0.83,medium
LHR,23,3,3,53,60,85,7,0.75,high
CDG,7,5,10,36,60,99,43,0.2,high
LHR,0,4,10,8,35,88,44,0.66,medium
LAX,9,5,4,66,35,65,36,0.26,medium
LHR,15,2,5,18,93,52,16,0.69,medium
BOM,5,3,9,51,43,44,38,0.2,medium
SYD,5,4,10,36,31,97,45,0.54,medium
SIN,11,6,7,69,86,32,25,0.86,high
SYD,23,5,8,63,68,29,50,0.52,medium
SIN,15,4,12,42,44,48,56,0.12,medium
NRT,20,1,12,67,42,61,56,0.91,medium
LAX,4,3,2,21,48,29,26,0.76,low
JFK,18,1,3,6,75,75,9,0.67,medium
NRT,20,2,2,33,36,64,32,0.78,medium
DXB,20,2,5,72,58,72,18,0.47,high
BOM,3,1,3,28,59,41,55,0.24,medium
DXB,1,5,3,61,33,88,36,0.57,high
FRA,22,3,10,51,51,35,38,0.54,medium
SYD,4,2,4,64,69,79,17,0.52,high
SIN,12,3,1,32,65,32,53,0.85,medium
DXB,22,5,3,5,27,38,29,0.3,low
BOM,12,0,2,5,32,72,12,0.98,low
CDG,18,3,1,36,42,41,52,0.95,medium
SIN,19,5,7,47,98,98,7,0.52,high
DXB,8,1,6,69,23,55,13,0.74,medium
NRT,8,6,11,26,51,57,43,0.33,medium
LAX,2,1,2,75,84,58,9,0.42,high
LHR,21,6,1,41,48,93,20,0.52,medium
FRA,10,4,8,65,40,21,50,0.89,medium
CDG,14,6,4,33,73,24,11,0.89,medium
BOM,6,6,5,70,44,20,23,0.71,medium
JFK,15,4,3,36,96,62,44,0.13,high
BOM,16,0,1,49,82,65,49,0.59,high
SYD,0,1,12,33,85,39,22,0.86,medium
JFK,4,2,12,35,96,76,16,0.75,high
LHR,13,6,3,76,25,22,52,0.78,medium
DXB,21,6,5,43,71,52,12,0.14,medium
SYD,16,4,1,34,50,38,32,0.08,medium
LAX,17,5,12,66,78,44,26,0.91,high
NRT,6,6,5,5,70,43,55,0.58,low
LHR,23,5,9,73,95,84,9,0.09,high
SIN,22,1,8,29,92,30,58,0.46,medium
SYD,1,4,7,12,98,34,32,0.58,medium
FRA,2,0,9,39,83,96,35,0.19,high
SIN,20,0,11,78,72,93,52,0.03,high
LAX,5,6,3,42,59,87,38,0.64,medium
LAX,5,2,6,79,52,91,39,0.7,high
LAX,7,0,12,25,56,56,15,0.77,medium
JFK,23,2,6,11,71,78,39,0.99,medium
FRA,0,4,12,27,85,70,32,0.06,medium
FRA,7,0,10,60,55,50,11,0.97,medium
SIN,10,4,8,45,48,47,40,0.88,medium
SYD,10,5,4,41,73,87,49,0.9,high
NRT,15,5,5,53,34,59,15,0.37,medium
SIN,21,5,3,79,25,70,24,0.67,high
LAX,21,0,6,27,31,21,19,0.22,low
JFK,1,6,9,43,22,62,23,0.75,medium
CDG,18,0,5,60,92,89,23,0.62,high
SIN,16,6,11,11,50,73,29,0.93,medium
BOM,14,3,4,18,45,52,37,0.08,low
NRT,17,0,11,8,99,91,52,0.31,medium
BOM,3,4,7,56,40,27,52,0.77,medium
DXB,16,3,12,42,81,48,25,0.14,medium
NRT,19,1,2,73,37,86,29,0.3,high
NRT,17,1,6,38,61,45,37,0.36,medium
LHR,7,3,3,75,81,79,6,0.57,high
SIN,9,4,7,61,80,70,28,0.53,high
LHR,8,4,3,76,27,39,29,0.9,medium
BOM,11,6,2,39,55,58,49,0.92,medium
LAX,14,3,3,8,50,31,28,0.69,low
BOM,7,0,7,33,75,63,25,0.15,medium
CDG,16,2,10,51,80,40,16,0.91,medium
JFK,17,6,6,33,70,90,39,0.96,medium
FRA,1,2,4,31,37,58,41,0.48,medium
SIN,13,6,5,52,59,70,41,0.34,medium
SYD,14,1,4,40,37,76,12,0.59,medium
NRT,9,2,5,17,63,57,29,0.54,medium
SYD,3,0,8,41,44,29,14,0.68,medium
SYD,5,2,2,17,35,76,12,0.04,medium
BOM,0,5,11,20,97,89,44,0.06,high
LAX,9,5,12,79,83,97,43,0.67,high
NRT,6,5,8,21,95,49,44,0.59,medium
DXB,6,6,10,40,91,55,25,0.4,medium
DXB,0,3,6,68,71,56,5,0.22,high
NRT,15,5,6,27,67,93,12,0.58,medium
LHR,11,3,10,51,50,71,7,0.63,medium
LAX,18,1,2,39,86,56,23,0.4,medium
NRT,11,2,10,46,89,20,49,0.36,medium
JFK,12,3,10,47,21,22,10,0.09,low
CDG,22,4,5,11,68,25,25,0.72,low
SIN,6,2,3,50,59,48,31,0.65,medium
FRA,21,1,3,16,81,87,19,0.26,medium
DXB,17,3,5,13,50,37,45,0.46,low
SIN,1,4,10,16,97,24,22,0.84,medium
CDG,1,5,9,11,85,63,36,0.68,medium
SIN,6,5,8,43,59,59,49,0.39,medium
SYD,10,2,8,63,74,26,37,0.09,medium
DXB,12,1,10,20,43,25,25,0.14,low
NRT,1,4,9,53,58,30,55,0.81,medium
FRA,21,2,12,31,27,50,11,0.17,low
SYD,8,0,9,47,53,70,16,0.63,medium
LHR,14,4,12,77,71,74,36,0.33,high
LHR,19,4,6,63,82,85,25,0.08,high
LAX,5,6,3,22,60,47,35,0.94,medium
JFK,19,5,2,74,49,30,15,1.0,medium
CDG,21,3,3,37,76,40,56,0.75,medium
NRT,0,1,2,49,68,78,25,0.12,high
JFK,11,2,8,39,32,94,55,0.62,medium
NRT,9,1,7,49,95,64,48,0.95,high
SYD,1,6,12,44,29,29,44,0.98,low
SYD,17,1,10,67,38,96,6,0.03,high
LHR,23,1,11,52,93,33,58,0.15,medium
DXB,5,1,1,63,20,64,42,0.68,medium
NRT,2,5,12,6,92,49,20,0.62,medium
FRA,23,1,11,27,83,81,14,0.01,medium
LAX,15,3,10,28,41,29,19,0.6,low
SIN,10,6,10,75,61,83,54,0.4,high
CDG,21,4,11,65,23,93,21,0.01,high
JFK,17,4,9,22,95,69,41,0.76,medium
NRT,8,4,11,34,64,84,31,0.95,medium
SYD,10,6,7,71,70,87,54,0.78,high
SIN,11,1,12,35,95,25,11,0.83,medium
CDG,6,0,2,43,47,75,11,0.36,medium
DXB,3,1,3,13,32,76,6,0.17,low
DXB,15,1,12,56,20,46,17,0.58,medium
FRA,0,3,6,51,62,30,34,0.41,medium
BOM,13,0,8,61,35,49,34,0.39,medium
SIN,3,4,12,70,63,95,30,0.33,high
SIN,1,4,8,10,44,90,6,0.52,medium
NRT,15,2,12,17,51,23,48,0.44,low
LAX,21,4,4,32,97,25,34,0.31,medium
DXB,16,4,4,32,25,79,18,0.78,medium
SYD,23,5,10,18,35,62,39,0.24,low
FRA,11,5,10,42,76,38,35,0.65,medium
SIN,2,5,11,54,72,73,21,0.19,high
BOM,3,1,7,51,88,59,39,0.91,high
NRT,3,1,4,69,98,39,33,0.19,high
JFK,8,6,7,68,68,22,14,0.97,medium
LAX,22,4,1,44,58,72,57,0.16,medium
CDG,5,2,9,71,79,35,58,0.17,high
NRT,13,2,12,7,93,66,53,0.63,medium
LHR,1,2,5,46,50,94,17,0.33,high
FRA,9,2,9,44,67,68,53,0.22,medium
JFK,23,5,10,34,34,63,30,0.04,medium
BOM,22,2,8,20,53,97,56,0.29,medium
JFK,22,6,3,60,68,66,20,0.54,high
DXB,18,3,2,39,88,71,41,0.36,high
NRT,10,5,2,5,61,31,49,0.17,low
CDG,9,6,5,33,86,26,7,0.74,medium
SYD,3,0,11,61,82,30,25,0.3,medium
LAX,10,0,11,32,76,38,16,0.12,medium
NRT,18,4,6,25,66,30,44,0.71,medium
SYD,16,4,1,16,33,52,7,0.12,low
FRA,18,0,1,77,57,82,58,0.06,high
DXB,0,1,11,63,98,20,56,0.98,high
FRA,9,6,1,40,96,32,32,0.04,medium
SYD,16,3,3,55,85,86,27,0.71,high
LAX,5,0,11,39,55,52,30,0.43,medium
FRA,15,1,3,13,27,65,19,1.0,low
DXB,3,5,2,63,92,89,42,0.36,high
SYD,3,2,10,47,22,58,53,0.68,medium
FRA,8,4,6,25,21,27,17,0.55,low
SYD,7,6,4,36,77,38,28,0.05,medium
SYD,17,0,7,21,71,92,17,0.32,medium
FRA,11,6,9,32,38,82,18,0.48,medium
LHR,6,1,8,43,79,54,10,0.27,medium
LHR,21,4,4,31,98,46,40,0.92,medium
BOM,15,6,2,47,58,86,11,0.97,high
LHR,21,6,9,38,62,99,43,0.05,high
LAX,8,5,10,8,88,39,21,0.23,medium
JFK,19,3,12,66,34,98,43,0.48,high
FRA,18,0,6,8,40,43,35,0.62,low
NRT,23,5,4,14,23,66,30,0.79,low
BOM,0,5,10,49,85,55,53,0.64,high
SIN,11,4,9,60,43,93,6,0.43,high
SYD,14,6,11,65,86,88,10,0.67,high
NRT,19,0,2,46,39,22,17,0.46,medium
JFK,22,5,2,50,42,48,40,0.36,medium
LHR,20,6,12,61,21,35,19,0.01,medium
LAX,21,6,12,78,84,48,36,0.94,high
JFK,2,3,1,38,63,42,53,0.47,medium
SIN,8,0,1,52,83,50,39,0.33,high
DXB,7,5,11,40,31,83,32,0.06,medium
LAX,18,2,12,23,24,95,50,0.76,medium
BOM,14,1,11,59,55,83,38,0.05,high
FRA,13,6,5,78,83,59,22,0.32,high
BOM,9,3,10,53,86,30,41,0.25,medium
LHR,21,2,4,18,33,58,48,0.01,low
CDG,13,4,5,78,99,82,24,0.24,high
SIN,0,0,10,76,83,31,21,0.6,high
SYD,12,1,3,59,79,51,43,0.79,high
SIN,23,0,4,39,64,87,39,0.88,medium
FRA,22,3,6,54,44,56,17,0.62,medium
LAX,12,5,5,5,70,75,9,0.78,medium
BOM,2,2,6,69,46,36,37,0.42,medium
SYD,12,2,11,63,62,38,18,0.86,medium
NRT,2,3,2,8,73,49,50,0.01,medium
SIN,14,1,9,66,30,21,6,0.83,medium
JFK,6,6,1,28,50,62,39,0.03,medium
SIN,20,4,10,71,55,25,28,0.29,medium
BOM,13,1,12,31,86,40,45,0.5,medium
BOM,20,5,5,25,80,76,39,0.48,medium
SIN,11,1,6,36,21,32,22,0.6,low
FRA,20,5,6,15,49,40,41,0.88,low
BOM,7,2,12,27,69,44,8,0.29,medium
LAX,8,1,11,5,37,84,49,0.48,low
CDG,5,0,1,55,57,60,23,0.44,medium
SIN,13,4,6,64,61,65,36,0.06,high
CDG,13,5,4,71,67,50,34,0.39,high
NRT,1,1,3,23,42,24,5,0.11,low
NRT,5,0,8,10,38,24,52,0.73,low
FRA,17,2,8,62,37,59,6,0.58,medium
LAX,11,1,1,45,93,22,12,0.59,medium
NRT,18,5,5,40,95,25,18,0.23,medium
LAX,20,2,9,43,56,30,56,0.34,medium
CDG,15,1,1,69,82,31,10,0.18,high
NRT,19,2,8,17,26,42,46,0.07,low
BOM,23,0,7,7,84,23,13,0.1,low
LAX,17,0,4,26,44,76,47,0.43,medium
LAX,6,0,12,49,72,31,46,0.25,medium
JFK,2,2,9,7,52,34,46,0.67,low
LAX,15,0,2,27,72,47,28,0.67,medium
JFK,5,6,6,72,76,53,46,0.44,high
SIN,3,5,3,28,48,74,14,0.45,medium
LAX,0,1,12,15,50,46,34,0.43,low
NRT,18,0,8,76,86,34,28,0.71,high
NRT,3,6,5,33,75,46,15,0.29,medium
SYD,13,3,11,56,84,20,40,0.79,medium
FRA,16,2,5,38,44,50,6,0.01,medium
LAX,7,6,7,47,53,47,34,0.15,medium
LHR,17,4,10,31,89,34,23,0.69,medium
NRT,12,1,12,41,27,73,12,0.96,medium
LAX,13,0,7,74,98,28,31,0.56,high
FRA,22,5,11,64,86,76,24,0.47,high
SYD,7,3,8,56,51,27,37,0.53,medium
NRT,5,2,2,71,41,67,20,0.07,high
SIN,17,4,1,23,60,94,43,0.94,medium
JFK,4,1,7,48,73,51,16,0.39,medium
LHR,4,2,12,71,27,96,36,0.95,high
LHR,12,3,1,34,53,73,58,0.8,medium
FRA,1,2,4,19,50,30,18,0.86,low
SIN,19,4,5,5,49,67,13,0.61,low
LAX,19,0,4,11,79,85,44,0.39,medium
CDG,5,0,3,46,24,93,52,0.9,medium
CDG,1,4,10,67,32,55,32,1.0,medium
CDG,13,0,10,24,68,27,50,0.63,medium
LHR,14,6,10,26,22,52,33,0.44,low
BOM,22,2,3,73,69,32,59,0.62,high
BOM,1,1,5,9,63,64,53,0.37,medium
LAX,15,5,11,72,32,48,40,0.46,medium
LAX,5,1,6,7,32,35,28,0.25,low
BOM,4,3,5,15,65,56,48,0.42,medium
DXB,19,5,11,44,61,51,41,0.69,medium
SIN,21,3,1,50,67,88,53,0.19,high
BOM,9,5,5,43,73,32,12,0.87,medium
CDG,18,4,8,58,71,65,51,0.78,high
SIN,8,1,7,73,52,85,27,0.16,high
LHR,23,3,7,53,86,21,44,0.12,medium
JFK,6,6,5,32,59,38,50,0.94,medium
CDG,6,4,11,31,80,62,16,0.26,medium
JFK,0,0,3,11,90,31,55,0.23,medium
LAX,22,2,8,65,79,89,52,0.52,high
CDG,3,2,11,49,96,94,32,0.86,high
DXB,15,4,5,74,25,72,53,0.49,high
LAX,6,4,9,65,20,26,45,0.22,medium
BOM,0,1,1,45,90,65,29,0.31,high
LAX,18,2,9,69,86,67,10,0.29,high
JFK,17,3,7,49,36,70,30,0.23,medium
DXB,11,6,2,48,60,43,45,0.5,medium
LAX,23,6,2,63,62,94,28,0.43,high
NRT,6,5,8,77,73,72,47,0.19,high
CDG,23,2,12,73,43,66,44,0.24,high
FRA,21,4,3,54,49,81,57,0.87,high
CDG,16,6,9,64,84,31,37,0.81,high
SYD,16,1,8,45,58,78,9,0.04,medium
DXB,22,4,5,26,64,82,16,0.52,medium
SIN,23,2,12,42,85,70,26,0.97,high
SYD,11,0,11,64,61,66,57,0.24,high
CDG,16,2,10,16,31,52,24,0.39,low
DXB,19,5,8,49,66,30,30,0.4,medium
SIN,8,2,10,26,67,99,17,0.15,medium
DXB,3,4,7,71,67,56,12,0.16,high
FRA,20,6,7,42,30,29,7,0.83,low
BOM,10,2,11,46,36,47,40,0.39,medium
BOM,21,1,7,30,28,70,15,0.61,medium
NRT,19,2,2,28,97,34,56,0.17,medium
LAX,21,1,8,17,47,55,36,0.41,low
LHR,21,0,6,7,24,52,34,0.79,low
DXB,6,0,12,9,49,40,15,0.11,low
NRT,2,0,7,30,99,81,14,0.87,high
NRT,2,5,1,6,69,24,24,0.82,low
BOM,6,2,6,36,97,67,51,0.8,high
DXB,7,5,11,36,44,32,57,0.79,medium
BOM,1,5,9,26,88,92,45,0.6,high
DXB,12,4,10,35,54,21,7,0.31,low
FRA,22,5,7,5,40,75,19,0.95,low
LHR,6,4,9,33,46,96,55,0.61,medium
CDG,21,3,9,22,38,67,37,0.35,medium
SIN,0,3,12,39,42,60,31,0.48,medium
JFK,21,5,2,46,34,22,59,0.95,low
LAX,20,1,12,57,59,61,7,0.31,medium
FRA,12,1,1,24,24,43,31,0.48,low
FRA,21,2,12,41,40,98,31,0.74,medium
CDG,13,4,2,5,56,84,34,0.35,medium
DXB,6,4,6,23,29,79,18,0.19,medium
NRT,2,3,12,70,82,43,55,0.39,high
CDG,17,6,1,37,69,26,15,0.15,medium
JFK,12,5,6,29,71,24,44,0.6,medium
NRT,2,1,8,29,37,25,56,0.72,low
FRA,17,6,3,70,92,51,51,0.72,high
LAX,8,3,8,78,48,48,46,0.88,high
LAX,18,2,8,20,39,67,52,0.27,medium
BOM,1,4,8,31,72,36,28,0.62,medium
CDG,17,0,3,78,22,83,45,0.11,high
BOM,12,6,10,14,49,77,30,0.1,medium
DXB,5,5,8,23,30,42,56,0.82,low
DXB,22,2,3,54,83,92,36,0.09,high
DXB,15,0,8,6,21,93,30,0.27,low
LHR,20,0,4,58,41,42,10,0.08,medium
BOM,12,0,11,40,33,50,38,0.55,medium
LHR,17,6,1,49,75,79,23,0.17,high
LAX,10,3,8,51,21,50,40,0.27,medium
LHR,8,2,1,16,79,48,30,0.85,medium
BOM,8,6,1,45,69,35,18,0.52,medium
SYD,19,5,9,12,44,58,48,0.46,low
JFK,3,4,7,29,83,89,46,0.45,high
FRA,22,2,8,9,67,35,36,0.36,low
BOM,5,4,7,72,60,44,32,0.06,high
LHR,11,4,3,20,75,76,58,0.8,medium
SYD,15,1,3,35,63,20,29,0.49,medium
SIN,9,6,4,36,56,87,46,0.57,medium
NRT,13,3,6,56,59,99,23,0.89,high
LHR,22,0,4,43,95,45,33,0.6,medium
JFK,13,1,4,74,42,39,34,0.88,medium
SIN,20,0,11,6,98,47,40,0.48,medium
LHR,23,5,10,6,28,81,7,0.68,low
JFK,8,6,1,60,88,29,49,0.34,high
DXB,15,4,3,25,68,82,14,0.99,medium
JFK,23,2,11,9,58,20,53,0.29,low
SYD,16,3,10,61,90,95,32,0.6,high
CDG,9,6,4,5,32,63,55,0.64,low
JFK,3,3,2,56,93,60,24,0.81,high
FRA,3,5,3,59,54,42,55,0.07,medium
SIN,6,1,7,21,53,85,15,0.52,medium
BOM,8,5,12,24,99,64,8,0.08,medium
FRA,21,1,8,44,36,78,8,0.86,medium
LAX,13,1,8,58,94,82,53,0.68,high
LHR,6,4,1,67,39,29,10,0.44,medium
LAX,2,3,1,34,54,54,56,0.7,medium
FRA,23,3,7,71,81,63,6,0.48,high
FRA,14,4,12,56,75,67,50,0.49,high
SYD,18,4,4,33,97,95,32,0.14,high
DXB,16,5,3,59,85,50,8,0.45,high
CDG,21,4,2,11,55,81,52,0.01,medium
BOM,15,1,7,44,65,34,6,0.21,medium
JFK,6,3,3,33,64,59,25,0.08,medium
JFK,10,4,11,34,66,24,14,0.27,medium
SYD,19,4,2,66,71,90,51,0.65,high
FRA,18,5,9,14,85,49,58,0.36,medium
SIN,6,2,9,38,38,58,10,0.29,medium
SYD,17,2,3,9,90,37,44,0.07,medium
SYD,16,6,8,29,98,26,36,0.1,medium
JFK,21,2,7,16,48,23,30,0.57,low
CDG,19,6,2,75,40,34,23,0.52,medium
FRA,11,3,1,12,60,90,26,0.96,medium
SIN,23,1,4,8,31,88,9,0.23,low
DXB,9,4,10,53,74,56,11,0.13,high
LAX,5,0,6,53,81,46,29,0.8,medium
SIN,22,1,11,30,22,71,5,0.64,medium
JFK,20,2,11,20,69,66,49,0.54,medium
SYD,3,5,5,40,51,56,43,0.16,medium
FRA,19,6,8,69,70,51,5,0.36,high
DXB,1,0,10,39,49,79,9,0.86,medium
JFK,17,0,4,15,83,56,21,0.75,medium
CDG,3,5,1,33,54,44,45,0.09,medium
SIN,11,0,7,64,88,43,15,0.88,high
NRT,13,0,8,60,75,87,39,0.61,high
LAX,15,3,12,17,70,59,52,0.52,medium
CDG,20,1,8,52,51,92,56,0.7,high
DXB,4,1,9,35,20,44,49,0.15,low
LAX,14,2,4,75,32,25,55,0.14,medium
DXB,5,1,10,46,26,54,25,0.33,medium
LHR,3,4,6,47,64,82,6,0.97,high
SYD,17,1,9,15,24,41,43,0.43,low
LAX,23,4,8,37,33,43,33,0.93,medium
NRT,20,1,3,10,52,72,51,0.74,medium
SIN,23,6,8,23,73,82,20,0.72,medium
NRT,5,1,12,48,40,55,45,0.16,medium
FRA,10,1,8,57,45,24,33,0.16,medium
FRA,19,0,7,56,33,28,15,0.99,medium
BOM,7,4,2,20,24,78,42,0.94,medium
SYD,1,3,4,22,88,95,54,0.3,high
CDG,6,2,4,39,65,62,36,0.89,medium
DXB,10,0,8,31,45,38,44,0.63,medium
DXB,3,3,12,50,51,29,24,0.91,medium
DXB,22,1,5,23,82,68,7,0.0,medium
NRT,23,4,2,6,20,68,31,0.87,low
LAX,5,6,1,70,67,21,37,0.66,medium
JFK,14,6,3,51,66,70,17,0.11,high
LAX,15,5,7,10,45,25,36,0.36,low
SIN,21,1,8,38,88,26,27,0.59,medium
SYD,18,3,6,51,96,25,40,0.99,medium
LAX,19,4,5,72,97,49,29,0.7,high
FRA,23,1,10,31,62,75,36,0.22,medium
JFK,4,0,4,19,34,45,59,0.55,low
CDG,10,6,5,59,63,42,53,0.22,medium
DXB,5,6,12,8,87,93,29,0.78,medium
SYD,14,2,8,34,96,90,7,0.03,high
DXB,18,5,10,48,25,47,26,0.31,medium
SIN,20,3,9,74,95,97,40,0.79,high
BOM,20,4,12,70,29,33,18,0.79,medium
DXB,11,3,7,6,22,98,30,0.89,low
LAX,10,4,9,54,30,80,32,0.35,medium
FRA,19,3,5,25,60,68,17,0.64,medium
FRA,5,6,7,32,68,68,13,0.41,medium
FRA,20,6,4,64,43,61,41,0.57,medium
BOM,22,5,7,10,64,30,44,0.51,low
LAX,15,2,8,51,64,31,42,0.4,medium
FRA,21,1,11,15,63,68,21,0.64,medium
LHR,13,4,9,79,78,47,10,0.3,high
FRA,20,0,1,49,52,60,24,0.13,medium
LHR,23,5,6,50,35,86,36,0.05,medium
LHR,12,6,10,44,96,23,21,0.7,medium
FRA,1,4,4,34,37,22,10,0.44,low
FRA,19,2,6,39,56,75,10,0.41,medium
SIN,5,4,5,68,44,54,59,0.2,medium
DXB,10,5,1,18,80,95,58,1.0,medium
DXB,0,4,6,45,42,77,33,0.18,medium
JFK,22,1,12,42,41,56,11,0.6,medium
JFK,21,5,4,9,71,21,30,0.8,low
SYD,15,3,5,39,79,93,22,0.27,high
JFK,1,1,12,57,89,38,17,0.39,high
SYD,18,0,1,65,85,23,41,0.28,medium
NRT,5,4,3,53,96,57,51,0.21,high
DXB,16,4,2,16,77,89,9,0.09,medium
NRT,7,5,8,24,89,65,46,0.89,medium
CDG,9,1,6,70,69,78,21,0.67,high
SYD,1,5,1,20,84,96,31,0.34,medium
NRT,12,2,2,62,92,90,11,0.09,high
LHR,11,1,2,24,63,23,20,0.09,low
SIN,8,5,8,79,99,87,18,0.82,high
CDG,11,6,5,67,93,38,57,0.15,high
BOM,9,6,9,21,59,95,25,0.49,medium
LHR,21,1,2,37,24,80,41,0.6,medium
JFK,21,1,6,58,55,26,34,0.5,medium
BOM,23,0,7,73,47,89,36,0.78,high
DXB,20,4,3,38,42,68,53,0.93,medium
DXB,18,0,5,63,95,42,14,0.4,high
JFK,20,1,3,54,42,93,45,0.6,high
LAX,15,3,11,16,45,81,54,0.58,medium
LAX,1,6,1,67,67,67,35,0.24,high
SYD,2,5,8,78,98,49,20,0.2,high
CDG,13,4,3,74,70,36,31,0.8,high
SIN,14,0,4,34,40,53,45,0.68,medium
LHR,10,2,7,56,88,98,41,0.81,high
CDG,23,1,12,23,57,27,52,0.69,low
DXB,11,2,9,15,97,77,13,0.45,medium
LAX,11,3,3,28,70,94,40,0.62,medium
SYD,14,2,12,6,78,99,58,0.62,medium
SIN,22,4,11,59,56,76,41,0.54,high
JFK,22,3,4,63,27,75,28,0.72,medium
BOM,11,1,4,15,94,49,44,0.3,medium
NRT,19,5,9,73,35,39,39,0.28,medium
DXB,17,1,11,49,27,59,52,0.18,medium
DXB,9,3,10,19,35,43,24,0.84,low
JFK,6,3,8,24,33,37,56,0.2,low
BOM,18,3,1,73,84,59,32,0.69,high
LHR,0,6,2,11,29,88,48,0.99,medium
BOM,18,0,7,51,85,51,53,0.56,high
CDG,3,0,5,54,93,65,25,0.89,high
DXB,7,0,6,24,97,92,57,0.44,high
SIN,4,1,5,64,41,55,51,0.21,medium
DXB,14,2,8,73,41,21,28,0.3,medium
FRA,2,1,2,71,24,54,33,0.45,medium
FRA,3,5,8,37,95,47,19,0.26,medium
DXB,19,0,6,22,75,54,9,0.22,medium
NRT,7,2,7,70,36,85,13,0.12,high
DXB,0,3,2,36,82,94,51,0.24,high
SYD,13,3,4,24,83,79,30,0.3,medium
SIN,7,1,9,53,90,60,59,0.81,high
BOM,12,0,7,69,63,70,41,0.09,high
CDG,22,0,2,27,43,65,53,0.93,medium
FRA,1,4,7,47,20,66,8,0.13,medium
JFK,12,2,6,52,54,77,8,0.42,high
NRT,20,5,4,44,52,32,54,0.67,medium
BOM,4,5,12,26,98,39,44,0.03,medium
LHR,9,5,4,59,48,87,30,0.92,high
SYD,14,0,9,9,30,71,19,0.97,low
BOM,19,2,7,34,68,86,25,0.37,medium
JFK,15,5,4,39,39,25,40,0.52,low
LAX,11,3,8,75,94,98,47,0.89,high
JFK,1,6,5,54,66,74,18,0.15,high
SYD,3,1,6,27,61,46,54,0.71,medium
SYD,9,4,9,39,23,47,32,0.82,medium
SYD,0,6,3,44,95,40,48,0.84,medium
SYD,19,2,12,34,37,29,50,0.35,low
FRA,11,4,3,56,32,56,30,0.23,medium
FRA,19,1,5,71,37,46,29,0.72,medium
BOM,18,4,3,68,46,35,57,0.66,medium
SYD,14,2,2,44,48,70,31,0.17,medium
JFK,18,0,9,19,73,22,8,0.27,low
LHR,10,6,4,61,91,63,42,0.4,high
SYD,6,3,5,61,85,55,35,0.99,high
JFK,11,4,3,43,85,29,49,0.7,medium
LHR,21,3,6,56,59,92,43,0.06,high
BOM,1,5,6,53,96,26,18,0.18,medium
SIN,4,4,12,36,67,58,14,0.82,medium
LAX,6,5,6,53,91,49,20,0.47,high
BOM,0,5,4,68,43,24,37,0.82,medium
JFK,0,2,5,70,53,52,38,0.66,high
DXB,19,3,4,53,74,94,26,0.53,high
LHR,2,1,1,76,87,70,32,0.66,high
CDG,2,1,4,58,64,52,46,0.5,medium
SYD,4,5,7,65,45,79,59,0.39,high
BOM,11,6,9,63,64,78,29,0.78,high
NRT,3,3,12,34,75,97,5,0.18,high
BOM,0,3,8,27,47,40,10,0.08,low
CDG,8,1,9,46,58,92,56,0.9,high
SIN,20,2,8,19,79,20,41,0.74,low
LHR,14,6,11,71,41,65,38,0.62,high
JFK,5,4,1,25,59,68,43,0.81,medium
BOM,20,6,6,23,88,25,48,0.49,medium
LAX,9,2,1,14,80,33,35,0.6,medium
LHR,8,3,8,60,99,88,22,0.27,high
FRA,18,5,5,50,28,70,24,0.86,medium
LHR,17,6,2,24,62,89,25,0.76,medium
JFK,16,2,5,6,75,75,55,0.69,medium
FRA,19,6,8,77,25,98,43,0.81,high
SYD,23,6,4,69,88,57,26,0.49,high
CDG,0,3,10,40,98,86,10,0.68,high
SIN,16,5,9,62,26,97,32,0.84,high
JFK,7,2,5,43,58,21,49,0.1,medium
LAX,18,4,11,5,80,81,34,0.78,medium
FRA,17,5,4,74,37,60,21,0.82,high
LAX,1,2,4,14,29,71,29,0.77,low
DXB,5,0,4,78,68,20,42,0.04,high
LAX,15,5,3,19,36,41,7,0.06,low
DXB,19,4,2,56,96,40,21,0.12,high
SYD,5,5,5,64,63,61,49,0.41,high
SYD,17,5,5,70,43,28,48,0.54,medium
SIN,11,5,1,72,83,85,7,0.24,high
LAX,1,4,5,76,26,24,55,0.6,medium
FRA,3,6,1,22,60,71,21,0.9,medium
LAX,6,5,4,9,88,83,54,0.19,medium
NRT,3,2,4,7,90,86,13,0.83,medium
BOM,1,6,12,67,84,90,42,0.03,high
SYD,21,3,4,35,57,78,54,0.23,medium
LAX,22,0,1,42,28,62,12,0.06,medium
LHR,14,0,11,72,40,22,52,0.87,medium
CDG,16,0,4,64,79,74,53,0.95,high
SIN,17,0,3,22,92,83,23,0.73,medium
FRA,22,0,9,22,73,37,42,0.91,medium
DXB,8,1,4,75,73,56,30,0.47,high
SYD,10,2,4,5,51,69,51,0.76,low
LAX,23,1,8,43,90,79,27,0.89,high
NRT,14,5,8,60,67,85,36,0.6,high
CDG,9,3,11,15,46,25,59,0.57,low
LAX,18,2,5,28,20,71,59,0.84,medium
CDG,7,1,4,34,67,69,23,0.43,medium
DXB,20,5,12,79,80,28,59,0.95,high
CDG,21,1,2,49,55,24,38,0.3,medium
JFK,8,2,11,34,39,48,25,0.05,medium
NRT,1,0,6,56,30,96,57,0.12,high
LHR,9,4,5,35,33,21,19,0.66,low
SYD,18,0,2,22,27,62,12,0.62,low
DXB,16,2,10,75,25,40,52,0.53,medium
FRA,14,5,6,38,48,34,24,0.83,medium
LHR,0,4,3,28,93,93,9,0.8,high
DXB,19,1,4,10,84,54,39,0.86,medium
JFK,11,3,4,30,94,85,51,0.71,high
BOM,15,3,12,41,46,32,44,0.94,medium
SIN,3,0,4,12,28,81,44,0.53,low
NRT,4,5,12,76,35,82,31,0.97,high
NRT,23,0,11,59,30,98,17,0.99,high
JFK,3,0,7,68,44,84,50,0.62,high
LHR,15,0,11,58,52,33,36,0.31,medium
FRA,10,5,12,63,82,27,13,0.09,medium
JFK,0,0,3,6,76,91,18,0.24,medium
DXB,16,4,12,38,84,62,47,0.22,medium
FRA,5,6,11,33,84,81,36,0.32,high
BOM,11,3,12,8,78,24,39,0.28,low
JFK,10,3,4,79,40,74,5,0.21,high
SIN,12,1,10,16,23,50,48,0.85,low
DXB,20,4,8,56,43,55,24,0.45,medium
NRT,20,6,10,65,94,69,34,0.23,high
LHR,20,0,6,20,38,91,59,0.42,medium
DXB,2,5,9,30,90,49,20,0.06,medium
FRA,0,4,6,55,92,66,9,0.94,high
LAX,7,0,11,78,90,23,17,0.46,high
JFK,1,5,10,12,67,23,52,0.34,low
SYD,19,0,8,32,75,40,28,0.08,medium
FRA,22,2,1,79,73,81,11,0.97,high
SYD,2,1,7,12,86,69,44,0.54,medium
CDG,6,1,7,54,67,28,54,0.22,medium
NRT,16,5,8,17,37,29,31,0.47,low
JFK,23,3,12,15,24,53,48,0.32,low
SIN,0,3,7,31,99,79,13,0.68,high
LHR,13,2,9,53,35,46,58,0.24,medium
LHR,12,6,7,13,35,76,38,0.81,low
SIN,5,5,12,8,62,53,26,0.92,low
FRA,10,5,6,31,38,78,35,0.55,medium
JFK,16,5,10,7,45,49,36,0.13,low
JFK,6,2,9,6,39,44,54,0.27,low
JFK,19,5,1,49,83,69,13,0.15,high
LHR,18,1,4,62,33,94,21,0.38,high
SIN,4,4,8,66,41,57,55,0.16,medium
NRT,14,0,3,8,54,23,8,0.3,low
LAX,8,0,10,23,73,72,15,0.34,medium
LAX,17,2,7,23,76,42,21,0.74,medium
LAX,6,1,4,56,36,54,54,0.46,medium
CDG,21,5,6,9,55,97,26,0.22,medium
LHR,14,3,10,35,30,45,57,0.23,low
SIN,14,3,2,29,64,24,6,0.26,medium
FRA,7,0,11,13,76,98,19,0.06,medium
BOM,18,2,1,36,47,93,10,0.63,medium
FRA,20,4,4,71,31,39,12,0.51,medium
SYD,2,3,2,73,22,60,10,0.55,medium
CDG,1,2,10,41,31,45,16,0.33,medium
FRA,11,6,4,50,77,52,29,0.57,medium
LAX,14,0,11,36,29,96,37,0.39,medium
LAX,6,5,1,67,20,97,54,0.31,high
BOM,10,2,9,71,38,90,21,0.99,high
FRA,20,2,7,47,92,80,19,0.39,high
NRT,13,3,5,30,85,73,33,0.49,medium
NRT,21,2,9,34,80,53,19,0.12,medium
NRT,14,6,9,11,65,79,11,0.83,medium
DXB,19,5,12,68,91,22,59,0.66,high
JFK,9,2,3,28,61,52,37,0.94,medium
NRT,11,1,1,13,70,48,53,0.59,medium
NRT,20,1,2,68,73,88,49,0.46,high
NRT,18,2,4,5,70,27,35,0.34,low
SIN,13,0,8,45,93,54,52,0.04,high
CDG,17,0,6,37,84,89,31,0.01,high
CDG,17,3,6,36,27,40,8,0.35,low
LAX,14,1,2,44,60,87,23,0.36,high
SYD,7,1,5,25,45,99,29,0.56,medium
NRT,2,0,7,34,53,91,36,0.0,medium
CDG,7,5,9,73,34,84,54,0.33,high
BOM,8,3,12,58,44,43,23,0.2,medium
CDG,23,5,12,41,94,50,55,0.51,medium
LAX,2,2,9,56,93,96,46,0.04,high
LHR,14,6,1,15,68,35,59,0.01,low
DXB,9,4,4,30,89,54,57,0.52,medium
NRT,17,6,10,62,56,22,54,0.27,medium
NRT,8,6,10,63,28,98,39,0.98,high
JFK,6,0,7,72,96,69,52,0.04,high
SYD,9,1,8,18,83,57,14,0.67,medium
NRT,13,4,11,33,54,75,35,0.93,medium
DXB,17,2,12,67,66,67,16,0.68,high
SIN,14,4,9,14,23,94,59,0.69,medium
DXB,18,2,11,51,95,67,36,0.47,high
LHR,11,0,5,76,55,35,59,0.0,medium
LHR,0,4,4,5,66,73,34,0.2,medium
BOM,22,6,3,38,43,78,58,0.16,medium
SIN,17,5,3,70,49,36,30,0.07,medium
JFK,13,2,5,67,31,38,56,0.94,medium
FRA,13,6,9,56,29,65,37,0.34,medium
BOM,23,4,2,20,68,98,23,0.77,medium
SYD,11,3,4,27,51,69,24,0.8,medium
FRA,3,5,2,43,54,72,57,0.76,medium
FRA,15,4,3,8,68,59,15,0.81,medium
SIN,15,3,2,51,79,61,45,0.47,high
SYD,23,3,6,56,48,46,34,0.31,medium
JFK,4,6,10,11,20,91,32,0.09,low
DXB,20,1,5,73,52,79,36,0.85,high
LHR,20,5,7,45,85,64,6,0.35,high
FRA,14,4,7,53,74,62,17,0.08,high
SYD,17,5,10,69,64,76,51,0.97,high
SYD,8,0,7,8,27,81,28,0.23,low
FRA,6,2,9,42,80,62,25,0.38,medium
SYD,14,4,8,78,38,77,12,0.05,high
NRT,3,1,3,25,73,59,17,0.78,medium
BOM,10,6,2,35,43,23,51,0.78,low
NRT,5,2,1,46,49,50,31,0.67,medium
LAX,13,6,5,33,53,43,50,0.11,medium
SIN,8,3,7,76,59,64,23,0.13,high
LHR,2,2,10,54,52,43,14,0.33,medium
LAX,7,0,12,18,28,76,40,0.9,medium
LHR,8,0,5,71,75,30,46,0.48,high
DXB,19,0,5,51,28,64,47,0.55,medium
BOM,23,1,2,38,73,76,51,0.18,medium
CDG,14,2,11,14,79,50,49,0.71,medium
SIN,11,0,11,62,64,29,23,0.65,medium
CDG,9,6,8,21,45,35,8,0.49,low
JFK,0,4,6,61,53,23,51,0.21,medium
SYD,13,0,3,41,51,27,48,0.9,medium
LAX,19,4,12,68,69,88,41,0.19,high
FRA,10,5,9,55,85,69,53,0.95,high
JFK,12,2,12,47,78,54,28,0.23,medium
LAX,20,2,6,32,87,24,14,0.95,medium
BOM,6,4,10,9,91,94,14,0.89,medium
DXB,23,4,10,50,33,27,28,0.59,medium
NRT,15,0,6,30,65,70,14,0.76,medium
NRT,12,6,7,74,58,32,51,0.3,medium
NRT,19,3,1,77,69,82,12,0.88,high
NRT,20,5,9,35,20,27,22,0.68,low
SYD,13,1,11,32,43,84,45,0.27,medium
SIN,4,1,10,19,94,23,25,0.44,medium
JFK,5,0,6,66,23,50,44,0.75,medium
CDG,2,3,1,7,77,74,44,0.95,medium
DXB,22,6,5,55,71,67,33,0.07,high
LAX,0,2,9,72,97,98,53,0.18,high
BOM,23,4,2,72,99,25,34,0.08,high
LAX,15,2,5,73,64,51,28,0.67,high
SIN,4,5,1,16,76,78,33,0.33,medium
JFK,10,4,5,73,86,58,54,0.14,high
BOM,0,3,1,73,50,93,28,0.74,high
LHR,20,6,5,9,28,71,37,0.92,low
DXB,19,1,12,61,79,24,9,0.17,medium
SYD,9,6,8,32,30,46,22,0.16,low
BOM,12,1,3,5,25,92,35,0.19,low
BOM,23,3,12,26,79,46,28,0.33,medium
CDG,6,1,11,13,56,80,42,0.57,medium
NRT,10,1,4,24,74,84,5,0.3,medium
JFK,3,3,6,18,44,83,34,0.21,medium
BOM,21,3,10,23,83,62,21,0.06,medium
NRT,13,5,1,64,82,98,22,0.18,high
LHR,16,4,8,63,34,39,56,0.07,medium
SIN,0,4,1,47,73,37,37,0.23,medium
FRA,20,5,7,31,99,44,51,0.1,medium
LAX,2,2,4,5,40,98,47,0.17,medium
DXB,12,3,7,49,59,69,58,0.15,medium
DXB,15,5,1,48,58,43,56,0.55,medium
NRT,22,1,10,5,20,41,25,0.54,low
DXB,13,5,3,51,66,79,29,0.49,high
BOM,18,5,8,27,74,37,17,0.88,medium
NRT,23,4,12,76,72,37,31,0.82,high
LHR,17,6,5,73,94,24,35,0.92,high
CDG,15,5,9,30,63,90,15,0.5,medium
SYD,14,0,4,40,25,37,19,0.83,low
FRA,13,3,9,23,42,93,14,0.68,medium
BOM,11,5,11,36,89,47,8,0.64,medium
NRT,13,3,10,11,72,61,18,0.71,medium
BOM,16,1,2,52,25,82,29,0.56,medium
BOM,14,3,5,75,83,24,39,0.79,high
FRA,9,0,7,62,74,84,38,0.54,high
JFK,5,6,4,37,34,52,53,0.13,medium
SIN,0,6,1,36,79,26,51,0.28,medium
SYD,2,1,11,78,36,84,51,0.94,high
NRT,7,5,7,18,47,31,35,0.67,low
NRT,11,0,7,32,40,44,21,0.06,medium
LHR,13,0,1,43,27,39,38,0.59,medium
BOM,12,4,10,72,27,27,19,0.49,medium
DXB,18,3,10,72,82,41,12,0.16,high
SIN,9,2,3,53,80,27,25,0.92,medium
SYD,0,1,6,48,55,63,31,0.35,medium
FRA,8,0,12,32,35,91,43,0.64,medium
CDG,8,3,11,57,28,74,56,0.19,medium
CDG,11,2,2,18,23,25,20,0.93,low
SYD,1,6,6,33,37,71,32,0.72,medium
JFK,9,3,2,69,34,55,39,0.62,medium
FRA,2,3,12,53,87,44,59,0.4,high
DXB,14,6,6,50,21,39,42,0.39,medium
SIN,20,0,8,71,42,98,58,0.12,high
DXB,0,0,3,77,24,57,57,0.71,medium
DXB,23,2,7,51,70,77,55,0.27,high
CDG,21,3,4,77,94,43,9,0.24,high
LHR,14,4,4,19,86,35,20,0.2,medium
LHR,19,0,2,42,20,81,14,0.0,medium
SIN,2,1,3,73,68,52,30,0.72,high
FRA,15,0,7,56,21,47,32,0.12,medium
BOM,19,0,6,30,59,89,22,0.62,medium
JFK,14,2,11,37,52,40,7,0.76,medium
JFK,0,6,9,63,23,25,51,0.27,medium
LHR,7,0,7,32,89,28,8,0.11,medium
SIN,12,5,9,61,42,77,39,0.12,high
SYD,3,2,12,43,69,22,19,0.76,medium
CDG,12,3,11,38,78,27,50,0.87,medium
SIN,19,0,4,60,92,68,51,0.65,high
LHR,2,4,11,71,96,47,33,0.19,high
CDG,13,6,7,68,35,64,23,0.03,medium
SYD,12,0,12,62,26,88,40,0.76,high
BOM,3,1,2,16,28,55,22,0.15,low
NRT,14,5,11,10,25,44,58,0.24,low
BOM,13,1,11,20,34,72,46,0.94,medium
LHR,20,3,11,14,55,66,45,0.03,medium
JFK,19,2,4,73,46,72,5,0.47,high
JFK,21,6,12,37,51,72,41,0.39,medium
LAX,6,6,12,27,60,79,38,0.1,medium
SYD,10,3,12,25,37,87,38,0.82,medium
JFK,20,1,7,12,99,96,20,0.6,medium
SYD,12,4,8,78,49,55,17,0.56,high
BOM,4,2,2,49,37,84,25,0.96,medium
JFK,6,3,1,54,69,55,14,0.14,medium
BOM,5,2,7,10,69,22,48,0.33,low
LHR,2,4,8,69,20,31,19,0.46,medium
JFK,15,5,4,75,61,65,47,0.61,high
FRA,23,5,9,73,41,34,45,0.74,medium
JFK,0,4,3,73,72,94,46,0.26,high
JFK,3,2,9,8,90,78,19,0.05,medium
SYD,0,6,2,72,41,32,38,0.06,medium
FRA,14,2,8,72,38,43,19,0.63,medium
SYD,17,4,7,39,46,92,57,0.4,medium
LHR,17,2,4,47,75,42,16,0.17,medium
DXB,0,5,6,33,89,67,8,0.64,medium
JFK,7,5,7,43,40,49,47,0.65,medium
DXB,0,6,2,54,99,81,39,0.76,high
SYD,3,3,9,63,75,74,30,0.41,high
SIN,2,1,12,70,43,86,7,0.21,high
JFK,15,1,9,44,84,70,40,0.45,high
DXB,16,4,9,55,35,93,20,0.05,high
DXB,17,3,5,30,67,57,53,0.37,medium
SIN,14,0,8,34,74,33,48,0.23,medium
BOM,18,2,10,53,42,65,9,0.62,medium
SIN,3,3,5,8,94,83,28,0.63,medium
NRT,6,5,9,33,68,29,27,0.44,medium
FRA,18,2,11,55,34,56,11,0.16,medium
BOM,3,2,1,57,63,99,6,0.82,high
LHR,5,1,12,24,24,56,23,0.45,low
JFK,1,1,11,12,61,49,45,0.41,low
CDG,23,0,4,46,32,27,59,0.24,medium
NRT,14,2,5,31,34,22,33,0.19,low
LAX,18,4,9,23,98,56,56,0.09,medium
SYD,2,3,5,27,68,57,50,0.26,medium
FRA,0,6,5,50,38,53,18,0.37,medium
CDG,18,1,8,57,23,89,20,0.09,medium
DXB,20,0,9,53,27,29,41,0.77,medium
NRT,1,6,2,18,66,29,18,0.59,low
NRT,20,5,7,27,52,84,41,0.42,medium
BOM,17,5,9,10,97,44,21,0.54,medium
LHR,4,3,4,5,57,58,24,0.94,low
DXB,8,4,7,7,99,35,10,0.7,medium
SIN,12,6,8,35,64,67,45,0.6,medium
JFK,6,5,4,9,74,35,53,0.76,low
CDG,23,6,3,68,82,67,30,0.02,high
CDG,17,5,3,78,76,87,37,0.53,high
NRT,20,5,2,14,37,85,43,0.19,medium
SIN,15,2,2,69,29,91,43,0.58,high
LAX,4,0,8,5,34,79,57,0.74,low
FRA,7,2,5,19,39,97,31,0.4,medium
JFK,15,2,3,34,94,96,22,0.21,high
BOM,6,6,4,26,73,87,6,0.05,medium
JFK,0,5,7,67,61,30,13,0.18,medium
LAX,11,6,10,32,91,82,59,0.26,high
FRA,2,6,6,69,91,32,50,0.59,high
JFK,3,3,11,41,60,90,24,0.73,high
SYD,18,3,8,71,33,44,23,0.68,medium
FRA,18,0,10,31,82,62,42,0.33,medium
SYD,20,6,3,47,20,80,31,0.36,medium
BOM,6,0,12,8,75,29,27,0.86,low
DXB,8,0,4,36,23,64,20,0.39,medium
LAX,3,1,9,46,67,64,57,0.66,medium
JFK,15,5,2,34,38,71,37,0.37,medium
SIN,19,1,7,23,56,76,9,0.96,medium
CDG,13,2,9,22,92,81,53,0.49,medium
SIN,17,3,8,55,73,91,40,0.6,high
SYD,5,6,5,70,86,89,42,0.58,high
LAX,14,5,12,23,31,82,23,0.84,medium
CDG,17,2,2,16,78,38,48,0.12,medium
LHR,20,5,12,17,48,54,19,0.96,low
LHR,4,5,7,61,67,56,28,0.23,high
SIN,2,0,2,52,53,62,31,0.29,medium
SIN,21,2,9,9,43,83,40,0.58,medium
LAX,21,4,4,9,66,63,57,0.12,medium
SIN,21,1,6,71,94,43,53,0.66,high
LAX,19,4,1,62,97,32,7,0.62,high
LHR,9,0,9,65,50,30,6,0.47,medium
JFK,4,3,9,73,69,80,13,0.62,high
CDG,13,0,10,48,78,59,18,0.05,high
CDG,12,1,7,29,59,71,23,0.85,medium
NRT,20,1,6,71,86,22,41,0.68,high
DXB,12,3,4,21,80,64,23,0.72,medium
NRT,18,2,1,47,69,47,59,0.15,medium
SYD,13,0,11,21,87,77,17,0.35,medium
BOM,7,3,5,61,75,51,52,0.39,high
NRT,6,5,3,34,45,33,27,0.63,medium
FRA,10,3,8,74,36,97,22,0.1,high
SIN,0,1,6,75,85,54,5,0.71,high
BOM,2,2,7,15,48,93,6,0.4,medium
JFK,22,3,2,39,95,48,49,0.2,medium
LAX,21,1,12,63,77,85,53,0.46,high
FRA,3,2,5,19,21,75,34,0.01,low
CDG,23,2,10,25,77,35,11,0.07,medium
CDG,4,6,7,5,96,81,17,0.55,medium
LHR,6,3,3,37,59,29,26,0.17,medium
SYD,18,2,3,62,80,34,43,0.49,high
FRA,20,4,12,61,86,88,7,0.37,high
JFK,5,6,5,40,59,51,33,0.76,medium
SYD,22,5,12,29,68,72,57,0.95,medium
FRA,5,0,4,60,48,37,5,0.66,medium
FRA,1,2,8,75,50,56,52,0.89,high
NRT,10,1,7,41,38,48,49,0.88,medium
FRA,8,6,5,46,65,55,33,0.22,medium
JFK,15,4,11,7,54,72,24,0.66,medium
BOM,9,5,2,10,34,51,51,0.62,low
NRT,13,1,4,25,46,47,33,0.24,medium
LHR,4,6,6,54,75,73,32,0.24,high
BOM,23,3,7,73,96,92,54,0.55,high
SYD,7,0,10,34,57,80,30,0.51,medium
FRA,7,2,3,15,88,71,32,0.9,medium
CDG,22,2,5,79,28,32,44,0.93,medium
CDG,5,4,8,45,33,29,30,0.45,medium
NRT,14,3,5,51,73,44,20,0.52,medium
BOM,10,2,5,28,97,66,43,0.49,medium
SIN,12,6,2,9,91,64,54,0.4,medium
NRT,10,3,7,62,28,74,52,0.44,medium
SYD,7,5,5,22,35,27,53,0.84,low
NRT,19,5,3,52,20,86,17,0.72,medium
CDG,9,4,8,55,22,83,46,0.77,medium
SIN,7,6,12,22,71,98,12,0.58,medium
NRT,12,3,6,18,49,51,9,0.55,low
NRT,12,4,3,10,76,58,19,0.45,medium
SYD,3,2,12,54,99,57,21,0.26,high
CDG,2,1,3,64,96,81,53,0.27,high
SIN,15,0,2,69,87,67,23,0.79,high
NRT,22,5,3,45,82,68,31,0.72,high
SIN,11,4,11,33,82,88,54,0.88,high
JFK,0,5,1,25,70,59,57,0.72,medium
FRA,19,0,8,34,26,40,10,0.3,low
FRA,13,1,3,55,65,80,49,0.23,high
LHR,7,1,6,21,88,29,46,0.29,medium
NRT,23,3,3,49,34,69,16,0.17,medium
NRT,4,4,12,75,38,51,55,0.6,medium
NRT,11,4,9,16,84,97,30,0.37,medium
LHR,10,5,5,24,27,31,12,0.83,low
DXB,7,1,3,12,35,96,5,0.07,medium
SIN,15,0,10,74,94,49,9,0.46,high
JFK,7,1,2,47,63,68,7,0.92,medium
JFK,16,0,2,48,77,85,31,0.34,high
FRA,23,3,11,59,26,22,8,0.22,medium
SIN,21,0,7,13,43,86,38,0.52,medium
BOM,23,2,8,54,46,93,17,0.2,high
BOM,17,0,2,23,37,30,20,0.69,low
SYD,22,2,5,30,74,97,29,0.93,high
LAX,21,1,9,51,38,81,29,0.64,medium
NRT,15,6,3,38,58,39,42,0.05,medium
SIN,15,4,5,61,63,94,59,0.38,high
BOM,0,3,3,47,60,71,52,0.14,medium
LHR,18,1,12,27,72,68,40,0.58,medium
SIN,9,2,6,14,66,96,18,0.01,medium
CDG,15,2,1,13,64,24,15,0.48,low
NRT,18,2,12,63,34,60,49,0.34,medium
LHR,2,1,11,68,71,97,41,0.35,high
LAX,19,2,10,75,92,53,14,0.58,high
CDG,13,1,11,56,58,42,30,0.24,medium
CDG,14,0,11,19,74,87,53,0.82,medium
BOM,3,2,1,38,99,50,33,0.43,medium
BOM,2,1,11,8,98,64,40,0.47,medium
NRT,14,1,1,37,20,26,53,0.79,low
LAX,20,1,10,44,79,90,33,0.23,high
CDG,14,5,8,57,48,26,14,0.07,medium
FRA,14,2,7,56,95,48,35,0.79,high
LHR,20,4,6,30,42,46,19,0.28,medium
CDG,9,6,12,5,31,43,22,0.4,low
LHR,14,0,11,36,31,20,9,0.8,low
LAX,15,3,8,17,55,24,58,0.88,low
FRA,17,4,2,72,59,87,6,0.32,high
FRA,18,5,1,44,44,92,13,0.95,medium
BOM,15,1,5,13,93,37,48,0.49,medium
FRA,20,2,3,74,25,98,12,0.87,high
NRT,19,4,7,36,23,33,7,0.97,low
BOM,12,6,2,20,80,29,24,0.2,medium
SYD,23,6,9,29,82,75,55,0.84,medium
SYD,14,5,5,39,62,69,49,0.4,medium
DXB,11,5,6,18,96,59,44,0.67,medium
JFK,14,2,11,30,60,50,21,0.73,medium
CDG,18,0,4,50,22,88,26,0.27,medium
SYD,4,5,12,65,58,64,19,0.14,high
CDG,5,0,3,57,33,47,39,0.58,medium
DXB,6,2,12,20,76,98,50,0.98,medium
DXB,7,5,2,14,51,62,39,0.18,medium
DXB,23,4,12,75,96,27,37,0.18,high
DXB,20,4,8,56,70,56,5,0.22,high
LHR,8,6,12,46,86,81,50,0.44,high
CDG,2,6,12,64,68,83,17,0.55,high
SIN,21,4,1,33,36,92,9,0.54,medium
DXB,4,4,5,29,39,82,17,0.64,medium
SYD,10,6,9,55,29,64,57,0.21,medium
DXB,11,5,10,29,99,33,5,0.3,medium
FRA,15,4,4,11,53,60,15,0.19,low
BOM,13,1,2,11,28,65,26,0.57,low
BOM,13,4,3,14,73,24,31,0.01,low
LHR,21,2,9,33,97,23,38,0.94,medium
DXB,3,4,1,57,41,41,54,0.75,medium
LAX,5,5,2,16,97,27,31,0.26,medium
LHR,19,5,9,38,92,25,58,0.0,medium
JFK,6,5,7,56,90,48,16,0.5,high
FRA,17,3,8,54,82,73,14,0.55,high
DXB,0,1,8,45,92,54,33,0.0,high
LAX,21,6,1,59,37,77,45,0.64,medium
LAX,7,3,9,11,54,21,32,0.37,low
FRA,6,6,8,5,79,92,57,0.12,medium
SIN,9,3,12,21,76,80,41,0.34,medium
SIN,23,4,3,43,47,55,5,0.36,medium
LAX,15,3,12,66,24,21,57,0.44,medium
CDG,6,0,7,24,26,98,25,0.82,medium
SYD,15,3,7,71,73,63,10,0.36,high
SIN,8,4,8,79,83,64,40,0.12,high
JFK,19,2,1,10,62,64,10,0.92,medium
NRT,5,2,3,19,78,82,59,0.3,medium
LAX,9,1,2,48,63,57,56,0.43,medium
SYD,2,2,3,31,61,64,28,0.25,medium
JFK,3,1,11,11,55,94,38,0.41,medium
JFK,18,3,1,20,25,50,28,0.67,low
SYD,14,3,11,75,28,42,46,0.84,medium
LHR,22,4,9,11,45,79,11,0.36,medium
SIN,16,0,9,55,88,89,15,0.42,high
NRT,15,3,12,47,45,68,53,0.2,medium
NRT,3,3,7,62,51,88,17,0.25,high
NRT,23,3,7,34,59,64,53,0.65,medium
LHR,12,6,5,22,42,28,40,0.89,low
CDG,23,4,3,23,77,77,36,0.17,medium
LHR,21,2,10,38,65,38,31,0.38,medium
SYD,23,5,2,64,39,87,42,0.81,high
BOM,12,0,12,69,44,56,38,0.57,medium
BOM,12,6,9,55,99,74,21,0.62,high
FRA,15,6,10,20,47,68,34,0.11,medium
DXB,7,3,4,74,64,83,29,0.66,high
DXB,15,5,10,6,79,46,52,0.91,medium
LAX,16,0,1,54,38,63,27,0.46,medium
DXB,18,5,12,20,95,58,28,0.96,medium
JFK,1,1,6,48,81,39,22,0.05,medium
NRT,0,5,11,17,91,60,46,0.26,medium
CDG,10,3,5,69,45,24,39,0.91,medium
LAX,22,4,5,10,62,33,29,0.29,low
LHR,17,5,12,5,49,23,26,0.92,low
JFK,8,1,9,5,36,21,8,0.6,low
LAX,15,2,3,21,52,63,24,0.86,medium
CDG,23,2,2,63,79,96,27,0.48,high
CDG,18,5,4,45,95,38,58,0.34,medium
FRA,6,0,7,74,37,87,30,0.55,high
BOM,4,1,9,8,85,91,16,0.6,medium
BOM,15,6,7,17,96,72,17,0.6,medium
LAX,7,6,8,62,72,39,19,0.73,medium
SIN,3,1,3,5,87,89,9,0.23,medium
NRT,17,6,7,8,53,78,47,0.56,medium
FRA,22,2,1,69,96,42,45,0.41,high
FRA,5,0,5,5,54,40,6,0.75,low
SIN,5,2,6,10,57,41,56,0.62,low
FRA,21,0,12,49,80,59,44,0.41,high
BOM,9,6,8,27,54,80,19,0.65,medium
FRA,13,5,8,13,26,77,16,0.87,low
LAX,17,3,11,15,40,49,42,0.36,low
JFK,0,6,8,48,95,81,31,0.33,high
BOM,2,3,6,28,73,20,39,0.93,medium
CDG,18,2,3,79,96,81,14,0.12,high
SIN,4,2,1,78,50,39,58,0.57,high
LHR,10,2,4,60,58,43,37,0.53,medium
DXB,3,6,10,60,52,59,49,0.3,medium
BOM,16,0,11,23,99,48,38,0.36,medium
BOM,3,1,7,38,60,59,48,0.73,medium
SYD,12,1,12,43,58,50,12,0.61,medium
JFK,7,6,10,47,99,57,54,0.74,high
LAX,20,2,10,53,67,30,29,0.33,medium
BOM,22,1,7,39,86,45,9,0.2,medium
CDG,6,2,5,63,57,98,20,0.52,high
SIN,16,6,10,55,71,57,41,0.91,high
SIN,12,5,10,68,76,91,39,0.58,high
NRT,1,3,4,11,96,67,24,0.97,medium
JFK,19,0,7,58,80,52,34,0.61,high
CDG,20,4,9,71,97,25,40,0.19,high
BOM,14,5,6,21,52,20,8,0.78,low
SYD,11,6,5,54,41,82,13,0.74,medium
NRT,23,6,4,32,30,36,40,0.88,low
LAX,0,5,8,44,99,95,9,0.96,high
FRA,10,2,4,28,38,82,37,0.89,medium
NRT,14,4,11,66,81,48,5,0.06,high
FRA,21,4,10,63,54,59,22,0.43,high
NRT,23,2,10,64,82,33,58,0.85,high
NRT,5,0,1,7,34,57,34,0.56,low
SIN,9,4,4,32,31,53,31,0.08,medium
LAX,11,2,7,7,20,42,46,0.26,low
LHR,0,4,5,65,27,21,20,0.55,medium
SIN,0,3,6,27,94,99,7,0.69,high
LAX,7,1,3,60,87,63,33,0.16,high
NRT,4,5,2,22,45,37,22,0.38,low
BOM,7,3,8,14,59,88,5,0.13,medium
FRA,9,1,6,51,68,93,21,0.72,high
JFK,8,4,2,28,85,34,39,0.63,medium
DXB,22,0,4,48,44,25,58,0.58,medium
DXB,12,4,4,15,65,57,53,0.89,medium
BOM,15,5,8,7,20,49,35,0.42,low
FRA,1,0,12,58,94,30,16,0.93,high
DXB,9,4,6,36,84,66,16,0.78,medium
LAX,13,3,3,58,84,47,16,0.48,high
LHR,21,2,2,76,50,83,51,0.72,high
FRA,6,3,6,25,23,29,24,0.88,low
LAX,2,4,11,34,64,34,35,0.29,medium
JFK,8,3,3,20,84,60,33,0.13,medium
BOM,23,1,4,47,75,52,40,0.07,medium
NRT,3,6,6,61,75,85,16,0.12,high
FRA,22,5,1,56,53,38,27,0.6,medium
DXB,7,5,11,67,84,51,37,0.68,high
NRT,15,3,6,50,52,83,30,0.92,high
LAX,7,5,1,36,50,46,54,0.64,medium
FRA,23,1,1,59,65,35,8,0.97,medium
CDG,20,2,5,27,32,67,36,0.87,medium
NRT,17,1,1,63,86,68,28,0.08,high
JFK,17,2,2,61,98,20,45,0.61,high
LHR,5,3,12,74,64,65,48,0.23,high
BOM,16,3,10,37,64,22,43,0.66,medium
SYD,0,5,5,60,71,23,15,0.68,medium
FRA,5,0,1,43,39,86,34,0.85,medium
JFK,9,1,2,34,80,42,52,0.31,medium
FRA,4,3,4,58,79,64,45,0.8,high
CDG,16,1,11,57,50,48,27,0.74,medium
JFK,4,1,7,71,73,46,18,0.1,high
DXB,22,1,10,44,71,64,28,0.16,medium
BOM,18,5,11,47,22,71,52,0.2,medium
DXB,2,6,4,70,82,35,14,0.97,high
LAX,6,1,10,32,74,49,55,0.71,medium
LAX,21,0,8,14,64,33,12,0.66,low
FRA,6,5,11,21,96,91,41,0.74,high
NRT,20,5,5,13,41,41,12,0.32,low
SYD,6,0,3,52,34,36,42,0.6,medium
SYD,4,5,6,44,24,28,9,0.19,low
FRA,11,2,8,22,71,52,49,0.44,medium
CDG,10,4,2,23,29,46,58,0.91,low
NRT,12,0,4,37,35,98,35,0.65,medium
CDG,21,5,7,71,57,95,54,0.68,high
LHR,13,6,8,25,95,25,58,0.65,medium
SIN,4,1,1,68,52,35,37,0.82,medium
LAX,21,6,3,71,65,30,53,0.5,medium
SIN,13,4,9,42,84,45,40,0.1,medium
LAX,8,3,9,49,56,48,30,0.87,medium
FRA,14,2,5,54,48,57,17,0.5,medium
BOM,11,5,7,61,87,68,34,0.21,high
CDG,18,6,2,71,97,49,27,0.55,high
NRT,12,3,4,58,20,41,48,0.76,medium
CDG,8,6,7,14,34,48,56,0.41,low
SYD,3,1,10,6,83,79,35,0.27,medium
DXB,3,6,2,63,57,44,15,0.47,medium
JFK,8,4,3,47,65,53,48,0.65,medium
JFK,21,3,10,11,69,89,57,0.36,medium
LAX,18,0,7,52,72,38,25,0.34,medium
BOM,5,2,8,20,61,31,17,0.98,low
NRT,10,6,8,42,46,33,34,0.37,medium
SYD,15,5,7,5,48,65,30,0.02,low
FRA,22,0,7,62,65,79,18,0.45,high
DXB,15,1,12,53,26,31,59,0.82,medium
JFK,20,2,3,16,78,82,39,0.99,medium
SIN,7,5,6,73,33,60,53,0.15,medium
SIN,1,6,3,15,62,38,30,0.82,low
SYD,22,1,1,51,61,25,51,0.8,medium
JFK,19,5,3,13,22,86,14,0.49,low
NRT,16,6,11,72,89,46,47,0.72,high
BOM,13,2,11,60,87,63,37,0.24,high
BOM,6,6,10,76,79,86,53,0.23,high
LHR,16,5,10,20,52,94,55,0.45,medium
LHR,11,4,11,73,70,79,19,0.22,high
JFK,1,6,6,19,35,36,35,0.84,low
SIN,2,2,10,55,70,98,39,0.68,high
CDG,4,4,3,37,94,71,16,0.64,high
LHR,16,3,4,44,40,46,20,0.54,medium
FRA,16,5,11,47,28,91,36,0.75,medium
BOM,10,5,1,40,23,29,40,0.28,low
CDG,6,2,12,43,52,92,37,0.63,medium
BOM,15,4,2,56,73,56,28,0.81,high
LAX,21,4,9,38,26,69,34,0.8,medium
BOM,10,1,12,66,72,65,14,0.45,high
CDG,10,3,7,65,73,27,9,0.23,medium
NRT,17,6,6,31,27,22,21,0.34,low
JFK,18,3,11,41,47,22,15,0.74,medium
DXB,20,6,12,51,92,60,54,0.45,high
FRA,1,2,4,64,37,62,21,0.52,medium
LHR,6,1,7,12,44,94,45,0.88,medium
JFK,3,4,11,56,21,44,19,0.94,medium
LAX,17,3,7,70,72,50,31,0.0,high
LHR,18,3,7,18,60,61,58,0.78,medium
NRT,20,1,6,11,45,64,18,0.21,low
FRA,20,2,6,47,52,66,17,0.06,medium
FRA,20,6,5,47,22,32,39,0.56,low
DXB,5,5,5,8,65,89,28,0.18,medium
BOM,0,4,5,15,46,64,38,0.38,medium
FRA,17,4,6,12,47,87,32,0.94,medium
BOM,4,0,3,74,50,92,22,0.49,high
DXB,16,6,6,31,31,21,45,0.51,low
DXB,0,4,10,73,46,33,18,0.49,medium
FRA,0,6,3,30,57,57,27,0.02,medium
NRT,16,6,1,50,98,42,48,0.06,high
DXB,3,3,2,7,61,40,30,0.39,low
SYD,17,1,11,76,94,21,28,0.83,high
DXB,14,5,9,48,27,81,14,0.14,medium
NRT,18,5,11,68,38,81,49,0.95,high
LHR,8,1,10,69,74,38,40,0.71,high
LHR,17,3,12,69,66,98,15,0.79,high
NRT,6,4,11,55,81,83,11,0.09,high
CDG,19,5,5,26,64,27,50,0.74,medium
NRT,9,5,9,13,45,49,21,0.62,low
LAX,0,6,3,26,84,93,49,0.16,high
SIN,9,0,5,21,57,76,36,0.29,medium
BOM,18,3,1,5,45,97,29,0.59,medium
CDG,19,4,6,44,28,21,42,0.17,low
SYD,13,3,7,37,40,86,32,0.93,medium
LHR,19,5,3,49,70,70,6,0.61,high
FRA,0,2,10,19,93,89,11,0.65,medium
DXB,19,3,1,49,41,24,35,0.2,medium
JFK,23,6,5,47,73,48,43,0.66,medium
SYD,11,2,9,29,20,70,25,0.15,medium
FRA,4,4,5,23,31,60,39,0.73,low
NRT,18,2,5,44,60,77,38,0.46,medium
SIN,19,4,12,71,43,86,28,0.99,high
BOM,11,5,11,15,25,74,20,0.4,low
LAX,13,5,7,20,81,69,9,0.7,medium
LAX,23,6,1,54,98,37,44,0.32,high
CDG,13,3,1,64,67,72,56,0.59,high
JFK,22,2,11,77,72,47,11,0.12,high
FRA,9,4,5,67,37,59,19,0.99,medium
NRT,18,0,8,50,95,83,10,0.57,high
DXB,7,5,4,79,28,41,48,0.24,medium
NRT,13,2,1,18,43,52,43,0.06,low
SYD,10,0,7,57,94,98,58,0.47,high
SYD,22,6,4,55,48,49,39,0.84,medium
NRT,0,6,10,39,21,90,34,0.47,medium
SYD,5,3,8,56,33,53,18,0.06,medium
FRA,17,1,12,20,38,39,59,0.05,low
FRA,23,6,3,35,66,33,43,0.27,medium
JFK,16,2,1,78,23,34,20,0.16,medium
FRA,2,4,12,76,64,27,57,0.63,high
BOM,11,5,3,43,66,87,46,0.0,high
SIN,21,2,10,44,63,70,38,0.68,medium
BOM,10,4,12,25,97,89,6,0.18,high
SYD,10,4,7,78,72,36,28,0.43,high
JFK,3,4,1,73,64,38,21,0.29,high
SIN,13,3,9,76,79,32,32,0.67,high
JFK,0,5,10,59,95,43,58,0.79,high
JFK,23,6,11,5,69,40,41,0.68,low
JFK,13,5,1,45,83,47,15,0.94,medium
DXB,12,4,9,61,57,94,31,0.33,high
FRA,4,1,6,75,93,23,55,0.23,high
CDG,16,5,4,21,65,76,5,0.54,medium
JFK,3,2,7,64,68,47,37,0.65,high
LHR,0,2,4,59,66,26,12,0.61,medium
DXB,21,0,10,71,36,79,17,0.45,high
DXB,17,3,11,7,27,91,10,0.26,low
BOM,11,2,4,19,33,41,17,0.39,low
BOM,1,0,11,22,79,82,26,0.06,medium
LAX,8,1,8,27,35,89,14,0.36,medium
BOM,5,2,11,45,96,95,45,0.6,high
CDG,10,5,12,26,99,34,33,0.47,medium
JFK,21,3,10,57,55,66,58,0.75,medium
JFK,1,0,1,29,76,49,5,0.73,medium
FRA,15,1,9,64,87,29,59,0.77,high
DXB,22,0,12,75,39,28,41,0.31,medium
DXB,23,2,2,41,97,75,14,0.6,high
BOM,13,6,10,28,36,63,30,0.07,medium
SIN,20,2,8,5,20,99,35,0.64,low
SIN,15,0,12,62,45,71,40,0.01,high
SIN,10,2,3,52,86,39,26,0.23,medium
NRT,12,5,7,42,44,21,19,0.75,medium
SYD,3,3,6,56,89,65,54,0.98,high
SYD,11,4,4,31,55,59,41,0.66,medium
JFK,13,6,5,17,67,44,30,0.25,medium
DXB,23,1,12,47,25,41,23,0.71,medium
FRA,20,6,11,47,64,60,33,0.54,medium
BOM,9,4,3,62,88,59,56,0.42,high
LHR,5,0,12,12,91,95,51,0.1,medium
DXB,2,4,2,34,76,86,41,0.34,high
SYD,16,5,11,24,76,30,56,0.21,medium
CDG,21,1,9,26,43,62,59,0.95,medium
DXB,12,0,3,37,96,69,54,0.16,high
SIN,1,4,7,52,65,55,45,0.28,medium
NRT,10,2,12,36,59,39,5,0.34,medium
BOM,9,4,1,21,30,61,35,0.33,low
JFK,19,0,12,42,40,32,10,0.26,medium
JFK,6,3,1,34,95,58,15,0.35,medium
LAX,8,1,12,79,38,31,40,0.51,medium
CDG,17,2,10,74,50,32,55,0.63,medium
FRA,5,0,3,47,56,47,27,0.47,medium
CDG,2,6,7,18,59,97,53,0.59,medium
NRT,0,6,10,11,25,82,55,0.83,low
DXB,8,3,3,70,53,90,29,0.72,high
LHR,5,4,3,28,58,44,50,0.34,medium
LHR,7,5,9,5,88,25,19,0.61,low
LHR,17,4,11,44,42,67,22,0.84,medium
SYD,9,3,3,52,31,24,57,0.28,medium
BOM,21,2,3,18,37,59,8,0.4,low
LAX,9,0,7,30,62,22,14,0.9,medium
CDG,19,5,7,42,34,21,34,0.11,low
DXB,17,0,11,44,97,48,27,0.56,high
NRT,23,6,7,18,71,99,54,0.88,medium
NRT,22,6,1,11,21,24,46,0.84,low
DXB,19,6,3,49,89,31,22,0.2,medium
FRA,4,3,12,61,35,46,24,0.78,medium
BOM,11,5,5,63,64,68,36,0.83,high
JFK,7,4,2,7,90,69,58,0.72,medium
LHR,19,5,6,21,67,62,41,0.37,medium
BOM,10,4,1,18,30,23,19,0.04,low
SYD,10,3,10,64,95,50,14,0.41,high
SIN,17,0,3,40,27,52,16,0.25,medium
DXB,22,4,7,57,47,72,8,0.21,medium
FRA,5,1,10,64,45,28,21,0.31,medium
LAX,1,2,7,39,67,31,25,0.13,medium
SYD,12,3,10,73,71,82,49,0.86,high
SIN,17,4,2,69,59,68,55,0.72,high
CDG,23,2,9,7,36,85,13,0.41,low
CDG,7,3,11,28,77,46,40,0.12,medium
SIN,4,0,6,7,89,98,50,0.2,medium
SIN,6,6,11,16,24,89,27,0.49,medium
SYD,15,0,11,53,31,49,44,0.92,medium
BOM,17,5,9,25,84,44,45,0.98,medium
FRA,15,6,8,75,40,49,51,0.97,medium
SYD,10,1,9,60,29,51,6,0.85,medium
NRT,18,4,1,36,40,82,15,0.04,medium
NRT,13,0,6,17,65,89,37,0.97,medium
CDG,13,4,5,7,77,72,12,0.5,medium
CDG,15,2,2,33,63,48,48,0.03,medium
LAX,4,6,9,68,23,34,10,0.74,medium
BOM,20,2,2,31,48,32,31,0.7,low
SIN,22,5,10,72,24,66,15,0.69,medium
BOM,7,5,3,22,90,68,37,0.39,medium
NRT,7,3,4,46,80,24,37,0.56,medium
BOM,4,5,4,51,71,25,52,0.1,medium
DXB,12,1,12,27,99,30,35,0.99,medium
BOM,3,1,4,25,89,93,55,0.71,high
LAX,6,6,5,50,48,21,19,0.79,medium
LHR,5,0,11,50,94,27,56,0.32,medium
CDG,14,3,10,64,39,60,8,0.09,medium
NRT,12,3,10,48,60,76,43,0.69,medium
SIN,17,6,1,58,51,57,5,0.9,medium
JFK,21,2,10,8,26,23,56,0.49,low
FRA,2,2,5,12,67,35,6,0.17,low
NRT,2,6,8,59,98,89,48,0.61,high
LAX,5,1,10,77,68,67,18,0.71,high
DXB,17,1,9,66,41,44,26,0.68,medium
NRT,12,0,1,45,95,78,9,0.87,high
CDG,13,2,4,32,29,82,39,0.14,medium
BOM,15,3,12,38,75,57,38,0.22,medium
LAX,5,1,2,59,82,25,18,0.65,medium
FRA,8,6,2,18,94,78,40,0.3,medium
LAX,15,1,7,35,29,64,28,0.75,medium
DXB,8,4,9,50,33,88,58,0.38,medium
LHR,12,2,1,34,47,34,24,0.46,medium
BOM,15,1,2,75,92,68,9,0.43,high
JFK,7,2,3,27,49,80,23,0.3,medium
DXB,3,6,2,42,53,98,22,0.55,high
NRT,21,5,8,27,46,56,31,0.79,medium
LAX,7,0,3,37,30,22,57,0.33,low
JFK,20,3,5,67,29,41,36,0.87,medium
SIN,9,4,6,56,27,41,42,0.24,medium
FRA,13,5,8,42,80,40,28,0.48,medium
LAX,18,0,9,21,57,52,37,0.27,medium
FRA,9,1,5,64,93,46,47,0.62,high
DXB,1,6,12,79,97,38,9,0.58,high
NRT,12,2,11,9,52,83,45,0.9,medium
NRT,20,4,10,6,45,78,35,0.1,low
LAX,10,4,9,35,49,50,13,0.01,medium
SYD,6,6,3,62,21,47,22,0.56,medium
JFK,17,5,5,52,28,72,31,0.97,medium
CDG,0,6,2,14,98,37,43,0.98,medium
CDG,13,0,4,17,43,24,55,0.56,low
FRA,4,6,7,31,27,30,51,0.53,low
BOM,7,5,8,37,43,20,36,0.51,low
LAX,14,1,9,14,40,50,15,0.46,low
LHR,13,5,7,53,24,70,31,0.92,medium
LAX,5,1,4,66,31,73,57,0.46,medium
CDG,3,1,7,55,61,56,8,0.61,medium
SIN,6,4,3,69,85,70,36,0.72,high
JFK,0,1,11,45,79,90,16,0.5,high
DXB,11,6,6,36,62,89,12,0.98,medium
LAX,21,5,10,57,35,60,14,0.89,medium
FRA,13,5,9,55,28,27,31,0.29,medium
NRT,3,6,6,68,38,79,32,0.74,high
FRA,23,6,4,49,42,95,39,0.93,high
FRA,15,1,3,57,38,76,11,0.48,medium
CDG,10,1,12,5,34,56,44,0.64,low
NRT,9,0,5,40,26,63,22,0.96,medium
CDG,1,5,5,42,95,51,36,0.23,medium
JFK,0,3,1,30,28,34,19,0.49,low
SIN,7,6,6,17,39,85,54,0.6,medium
FRA,20,0,10,51,80,51,50,0.95,medium
NRT,13,3,3,33,97,25,41,0.5,medium
LHR,3,5,7,79,97,47,57,0.93,high
FRA,20,5,2,36,89,38,28,0.35,medium
JFK,12,0,4,69,85,21,29,0.01,high
LHR,18,5,11,24,76,89,22,0.15,medium
JFK,8,3,9,32,61,82,38,0.89,medium
FRA,12,4,11,24,45,45,45,0.39,low
NRT,19,4,10,45,56,90,13,0.47,high
SIN,12,3,1,45,48,72,46,0.07,medium
DXB,23,1,9,22,21,22,57,0.52,low
BOM,6,1,2,21,27,27,57,0.91,low
SYD,15,6,3,62,58,31,32,0.73,medium
NRT,19,2,9,52,45,68,7,0.1,medium
SYD,6,5,1,56,92,79,17,0.64,high
SIN,12,5,11,54,45,66,57,0.11,medium
LHR,0,6,5,39,82,45,29,0.55,medium
SIN,5,4,7,51,52,95,21,0.52,high
DXB,12,3,10,78,78,45,11,0.56,high
BOM,14,6,1,13,33,74,26,0.22,low
SYD,15,5,9,7,24,87,23,0.98,low
FRA,15,2,1,63,45,37,30,0.78,medium
JFK,19,2,11,19,52,95,32,0.31,medium
JFK,16,2,8,11,75,22,6,0.21,low
CDG,13,6,10,32,97,22,43,0.25,medium
LAX,19,1,12,24,50,80,8,0.74,medium
LAX,13,2,8,38,88,70,12,0.69,high
LAX,12,3,9,45,82,96,42,0.12,high
NRT,8,6,12,26,24,30,52,1.0,low
SYD,0,4,2,21,85,24,52,0.27,medium
CDG,2,5,1,36,25,96,41,0.09,medium
SYD,20,3,2,51,47,78,23,0.25,medium
SYD,16,0,1,17,22,63,6,0.79,low
LHR,2,5,12,73,74,36,42,0.11,high
CDG,16,2,5,32,27,32,36,0.11,low
DXB,5,4,3,77,92,71,21,0.13,high
SIN,18,2,5,32,52,70,6,0.91,medium
SIN,2,5,7,77,30,47,11,0.91,medium
CDG,18,1,1,31,58,72,44,0.46,medium
CDG,23,1,7,46,85,78,31,0.12,high
JFK,10,0,12,19,48,23,59,0.94,low
LAX,13,4,2,59,43,70,29,0.56,medium
DXB,2,4,3,9,88,45,14,0.79,medium
SIN,3,2,5,61,91,91,25,0.7,high
SYD,12,1,9,63,23,73,57,0.69,medium
SYD,3,4,2,38,82,87,15,0.35,high
DXB,5,2,9,46,90,48,16,0.13,medium
SIN,14,3,11,57,90,94,48,0.64,high
CDG,6,3,1,72,69,51,50,0.09,high
JFK,16,4,6,70,45,42,37,0.36,medium
SIN,17,4,12,42,23,60,35,0.57,medium
FRA,11,0,1,8,74,78,5,0.98,medium
LAX,23,4,8,66,23,37,45,0.99,medium
SIN,9,0,6,74,30,34,35,0.65,medium
LAX,6,1,7,50,92,24,41,0.87,medium
LAX,13,5,2,68,74,60,25,0.78,high
NRT,19,0,9,29,25,85,24,0.77,medium
CDG,2,4,4,24,27,82,10,0.1,medium
BOM,6,6,12,69,95,64,47,0.99,high
LHR,10,6,8,12,51,25,55,0.96,low
DXB,18,5,9,57,93,62,24,0.26,high
CDG,11,4,3,60,46,59,48,0.6,medium
LHR,11,1,5,30,78,56,49,0.69,medium
LAX,21,2,12,30,82,99,7,0.37,high
BOM,12,6,12,45,81,74,50,0.38,high
BOM,17,6,9,14,51,68,41,0.97,medium
SYD,6,6,4,7,51,49,31,0.27,low
CDG,6,6,3,56,60,38,20,0.88,medium
SIN,4,3,7,27,59,81,16,0.75,medium
JFK,18,3,2,65,23,56,14,0.52,medium
FRA,14,0,12,54,66,59,31,0.34,medium
JFK,23,3,11,22,77,26,8,0.11,medium
LAX,7,2,10,79,37,87,6,0.41,high
LAX,2,0,2,38,84,21,49,0.32,medium
DXB,10,3,2,20,40,32,40,0.78,low
DXB,15,5,7,18,36,95,39,0.91,medium
LAX,6,4,8,16,26,82,39,0.55,medium
LHR,6,0,2,78,43,47,19,0.95,high
LHR,17,4,11,39,89,38,36,0.21,medium
LAX,1,6,8,44,36,85,29,0.46,medium
DXB,11,2,4,53,46,49,40,0.8,medium
CDG,1,0,1,49,90,52,43,0.8,high
CDG,12,5,1,63,88,84,42,0.77,high
JFK,20,5,6,62,51,20,38,0.31,medium
LAX,9,1,10,23,77,50,10,0.74,medium
DXB,16,5,2,72,81,21,40,0.04,high
BOM,6,2,9,64,91,27,5,0.04,high
NRT,0,1,3,17,54,24,49,0.49,low
FRA,20,1,11,30,73,73,16,0.96,medium
SIN,21,5,12,28,21,26,10,0.0,low
NRT,1,3,8,68,53,88,26,0.45,high
SYD,18,3,5,76,66,57,27,0.0,high
NRT,7,4,1,67,82,35,39,0.64,high
FRA,13,1,6,17,25,37,12,0.44,low
SIN,22,0,10,15,90,70,22,0.18,medium
CDG,17,1,11,6,65,93,35,0.28,medium
SYD,23,2,8,29,31,93,8,0.45,medium
DXB,13,2,9,32,54,54,32,0.85,medium
LAX,21,4,4,67,44,67,17,0.81,high
SIN,11,0,4,79,72,51,55,0.96,high
LAX,8,4,12,30,75,75,57,0.11,medium
SIN,3,1,6,14,67,72,56,0.36,medium
DXB,6,5,3,33,82,53,19,0.65,medium
NRT,9,1,3,49,88,55,37,0.68,high
DXB,18,3,1,16,57,80,50,0.67,medium
CDG,8,1,1,68,72,39,24,0.51,high
JFK,13,3,7,35,29,30,10,0.01,low
SYD,21,4,8,24,78,31,53,0.95,medium
SIN,16,0,12,75,22,91,11,0.27,high
LAX,18,4,4,46,79,53,8,0.2,medium
BOM,5,3,4,61,89,24,14,0.75,medium
DXB,2,6,9,65,35,21,36,0.19,medium
JFK,3,5,10,79,91,20,8,0.85,high
DXB,8,5,2,73,92,98,50,0.06,high
LHR,13,3,2,60,96,32,15,0.17,high
LHR,20,0,5,28,66,46,46,0.46,medium
JFK,2,6,8,21,51,20,38,0.31,low
FRA,13,5,10,35,46,60,31,0.33,medium
LHR,1,5,5,39,74,39,50,0.77,medium
DXB,20,5,5,26,85,26,10,0.69,medium
SIN,7,2,5,69,73,89,13,0.27,high
LAX,3,2,10,78,86,60,18,0.87,high
FRA,3,2,12,59,51,40,10,0.79,medium
LHR,6,6,4,38,50,45,20,0.24,medium
FRA,4,2,12,53,93,21,28,0.14,medium
NRT,11,4,7,45,64,55,7,0.37,medium
BOM,17,1,10,37,39,98,15,0.6,medium
NRT,0,3,2,27,91,43,35,0.64,medium
SYD,18,5,6,72,73,91,47,0.85,high
LHR,12,6,5,17,27,39,45,0.41,low
LHR,21,2,1,35,72,96,12,0.53,high
FRA,5,4,3,43,74,86,19,0.2,high
BOM,22,2,1,53,29,45,21,0.41,medium
JFK,20,3,8,12,79,84,6,0.66,medium
CDG,11,4,8,12,70,99,40,0.87,medium
NRT,21,6,3,14,92,74,26,0.21,medium
JFK,8,4,8,16,60,76,13,0.18,medium
LAX,9,5,1,78,83,94,20,0.76,high
SYD,21,5,8,40,60,31,55,0.6,medium
JFK,9,5,2,64,83,79,26,0.86,high
JFK,5,2,2,34,45,94,54,0.53,medium
LHR,10,3,1,13,93,72,12,0.47,medium
DXB,5,5,4,38,40,73,20,0.09,medium
JFK,16,4,5,35,88,54,25,0.85,medium
DXB,19,0,1,67,91,52,21,0.79,high
LHR,2,3,12,60,88,45,55,0.89,high
LHR,6,2,11,9,44,71,8,0.53,low
NRT,10,0,1,57,65,75,36,0.13,high
BOM,21,2,2,31,29,54,25,0.48,medium
NRT,22,3,5,15,72,90,16,0.57,medium
LHR,21,5,2,16,77,78,48,0.62,medium
BOM,15,3,6,56,88,78,47,0.65,high
LHR,21,5,11,65,33,98,29,0.77,high
SYD,9,4,5,6,93,79,16,0.86,medium
JFK,22,4,6,57,64,52,41,0.25,medium
CDG,14,6,11,46,59,79,31,0.35,medium
NRT,7,5,12,19,82,36,35,0.43,medium
CDG,17,1,9,5,94,60,31,0.74,medium
JFK,15,0,5,20,45,50,59,0.04,low
DXB,11,6,5,51,45,79,15,0.4,medium
CDG,19,5,5,29,55,22,37,0.01,low
BOM,13,6,3,22,80,88,49,0.24,medium
JFK,19,4,7,41,83,32,30,0.23,medium
LAX,16,6,10,55,33,49,41,0.06,medium
JFK,14,4,9,13,50,33,12,0.21,low
NRT,1,6,4,76,26,54,42,0.92,medium
CDG,4,4,9,54,62,91,55,0.89,high
LAX,19,0,6,32,79,37,34,0.67,medium
NRT,15,2,6,24,67,56,30,0.63,medium
SIN,22,2,10,45,34,25,51,0.57,medium
DXB,8,1,11,39,64,92,22,0.62,high
NRT,18,3,1,21,44,60,40,0.75,medium
LHR,23,3,12,79,60,24,39,0.53,medium
FRA,2,3,8,14,43,65,11,0.21,low
FRA,12,3,10,75,73,69,52,0.18,high
SYD,11,6,9,42,70,25,38,0.24,medium
NRT,21,3,2,43,66,74,6,0.61,medium
LHR,7,5,9,64,70,48,31,0.07,high
FRA,16,4,11,68,46,83,37,0.02,high
SYD,1,1,1,73,76,47,46,0.93,high
CDG,20,5,4,16,60,90,22,0.59,medium
LHR,16,1,3,40,89,24,41,0.08,medium
DXB,0,0,11,42,55,58,20,0.77,medium
FRA,5,1,8,66,66,39,45,0.33,medium
LHR,4,1,1,21,96,31,28,0.71,medium
SIN,10,0,10,29,27,72,49,0.27,medium
SIN,22,4,5,44,51,79,48,0.87,medium
LHR,3,5,5,21,72,35,9,0.39,medium
BOM,18,5,2,21,53,53,21,0.5,medium
LAX,4,4,9,78,74,69,36,0.57,high
SYD,11,3,9,45,68,62,43,0.82,medium
LAX,11,0,7,13,33,41,12,0.28,low
DXB,8,6,5,56,91,86,48,0.62,high
LAX,17,3,1,9,94,94,55,0.2,medium
DXB,7,6,6,27,23,53,59,0.67,low
BOM,7,2,7,67,21,61,42,0.32,medium
LHR,8,0,8,40,73,99,6,0.2,high
LAX,12,6,5,43,23,95,57,0.25,medium
NRT,21,4,12,72,47,31,33,0.04,medium
SYD,22,4,9,71,56,81,39,0.44,high
LHR,6,4,10,6,76,32,17,0.63,low
SIN,19,4,2,12,41,79,27,0.23,medium
LHR,18,3,3,46,57,56,15,0.78,medium
DXB,0,4,5,55,41,70,31,0.81,medium
BOM,23,5,10,58,42,47,17,0.54,medium
FRA,18,2,12,11,96,23,40,0.63,medium
DXB,1,5,5,6,51,86,59,0.04,medium
FRA,2,6,2,8,91,49,36,0.58,medium
NRT,21,2,8,10,92,55,8,0.77,medium
BOM,19,5,5,50,74,50,29,0.0,medium
LAX,6,1,3,46,95,26,49,0.19,medium
NRT,8,1,3,73,54,64,41,0.85,high
FRA,10,6,7,25,99,78,48,0.16,high
SIN,13,1,10,29,61,88,59,0.53,medium
JFK,21,4,7,20,38,45,52,0.49,low
NRT,14,3,12,78,88,80,23,0.9,high
LHR,17,1,8,74,21,61,42,0.96,medium
JFK,19,4,5,11,90,93,11,0.68,medium
SYD,19,5,11,77,54,31,43,0.41,medium
BOM,19,4,10,36,57,29,31,0.77,medium
FRA,2,5,10,78,62,50,27,0.59,high
CDG,19,1,11,75,39,58,56,0.79,high
NRT,8,5,12,50,96,48,54,0.79,high
CDG,17,4,2,29,28,64,40,0.17,medium
SIN,16,2,6,20,94,59,48,0.89,medium
BOM,21,1,9,50,30,76,26,0.06,medium
LHR,9,5,7,43,59,45,17,0.33,medium
NRT,14,5,5,21,24,55,22,0.77,low
DXB,22,0,5,23,84,32,24,0.63,medium
DXB,10,6,12,77,36,22,54,0.04,medium
SIN,12,3,8,39,39,97,38,0.5,medium
LHR,7,1,7,76,61,72,15,0.73,high
LHR,16,6,11,33,76,94,44,0.48,high
DXB,14,4,10,65,48,41,31,0.61,medium
BOM,6,6,8,55,31,69,37,0.87,medium
SYD,2,2,10,78,81,33,57,0.23,high
SIN,11,2,5,55,84,44,53,0.74,high
DXB,0,3,4,28,40,50,52,0.61,medium
SYD,22,3,4,54,93,94,37,0.96,high
DXB,6,0,5,16,30,37,26,0.98,low
SIN,15,1,3,5,63,63,21,0.17,medium
SYD,3,0,9,58,84,32,32,0.5,medium
NRT,15,2,3,11,29,53,40,0.68,low
FRA,0,2,1,29,50,47,42,0.55,medium
SIN,16,4,7,53,31,50,42,0.68,medium
JFK,8,4,3,5,99,29,22,0.66,medium
SIN,15,4,5,70,47,77,38,0.5,high
BOM,6,0,12,59,65,56,43,0.74,high
LAX,1,5,8,10,83,30,32,0.76,low
DXB,2,3,9,21,27,31,55,0.19,low
CDG,22,2,5,76,64,98,42,0.23,high
SIN,3,5,9,67,64,96,5,0.46,high
FRA,20,2,4,27,41,82,55,0.71,medium
SIN,2,6,9,50,87,65,58,0.61,high
LHR,17,4,5,65,23,52,18,0.24,medium
LAX,6,3,6,18,57,51,55,0.93,medium
LHR,14,5,5,61,54,99,43,0.45,high
DXB,2,2,2,29,66,25,31,0.72,medium
CDG,12,3,7,51,72,99,34,0.13,high
DXB,8,0,8,56,28,96,13,0.8,high
CDG,11,0,8,69,24,41,59,0.54,medium
DXB,11,4,4,66,67,78,29,0.27,high
BOM,13,6,8,79,34,70,48,0.86,high
FRA,13,5,9,5,90,82,28,0.04,medium
BOM,13,1,3,65,86,35,11,0.28,high
FRA,14,2,9,36,28,61,36,0.83,medium
DXB,9,5,2,19,74,95,47,0.98,medium
DXB,1,6,4,55,50,35,5,0.53,medium
DXB,13,5,9,45,85,38,49,0.09,medium
FRA,8,5,3,13,77,37,36,0.87,medium
FRA,0,6,10,21,79,57,11,0.24,medium
JFK,12,1,3,28,98,65,34,0.72,medium
JFK,13,3,10,65,20,96,28,0.03,high
BOM,3,0,6,35,24,49,39,0.45,low
LAX,19,2,6,78,77,57,26,0.23,high
LAX,7,1,4,79,88,38,10,0.57,high
SYD,4,4,8,14,92,48,14,0.18,medium
NRT,16,3,6,57,66,56,11,0.75,high
FRA,22,3,1,33,45,33,57,0.93,low
LHR,9,5,2,75,29,59,58,0.56,medium
SIN,12,4,1,75,83,94,7,0.49,high
JFK,20,2,4,69,39,67,58,0.47,high
LHR,16,5,10,41,55,36,54,0.73,medium
SIN,19,5,8,52,76,91,36,0.6,high
NRT,9,4,2,38,33,41,37,0.74,medium
CDG,16,3,5,76,58,21,49,0.32,medium
CDG,19,1,9,77,59,76,38,0.42,high
SIN,20,4,5,6,79,59,14,0.62,medium
FRA,14,2,2,9,70,47,37,0.87,low
NRT,5,3,10,65,94,64,48,0.01,high
SIN,4,2,5,38,39,36,15,0.66,medium
DXB,14,1,9,6,41,87,30,0.55,medium
LAX,22,5,11,57,99,62,41,0.55,high
BOM,2,1,8,44,93,80,59,0.36,high
BOM,23,5,7,41,29,59,45,0.61,medium
NRT,11,1,7,51,66,20,56,0.22,medium
SYD,2,3,9,70,37,35,26,0.26,medium
LAX,16,2,7,42,52,47,51,0.85,medium
SYD,7,1,1,10,96,91,17,0.54,medium
SIN,6,3,4,31,29,56,29,0.15,medium
SYD,23,2,10,20,92,22,9,0.84,medium
FRA,6,4,9,76,76,58,20,0.37,high
SYD,19,2,8,51,26,55,48,0.68,medium
NRT,19,5,3,54,47,94,46,0.67,high
NRT,22,5,5,18,93,28,22,0.63,medium
JFK,7,4,6,20,87,52,29,0.35,medium
LHR,6,4,12,36,71,60,58,0.78,medium
LAX,12,3,3,55,40,65,15,0.58,medium
JFK,23,4,11,57,65,53,40,0.78,medium
LHR,11,2,9,40,94,72,8,0.49,high
FRA,2,6,3,58,51,97,31,0.93,high
CDG,2,1,10,7,48,93,46,0.38,medium
LAX,3,6,6,69,45,85,57,0.97,high
FRA,19,4,8,12,28,53,15,0.05,low
CDG,0,1,2,21,71,49,48,0.11,medium
SIN,18,1,5,77,60,62,37,0.74,high
