weather_score,aircraft_age_years,crew_availability,atc_restrictions,season,route_distance_km,airline,prev_cancellations,is_international,cancelled
0.49,12,0.56,0,spring,10645,AeroGulf,0,0,1
0.69,1,0.78,0,autumn,2387,AsiaJet,4,1,0
0.14,6,0.69,0,winter,10434,AeroGulf,4,1,1
0.86,17,1.0,0,autumn,12930,AsiaJet,0,1,0
0.02,8,0.8,1,summer,9651,EuroWings,3,1,0
0.17,5,0.84,0,summer,4036,AsiaJet,1,1,0
0.48,3,0.57,0,spring,1821,AsiaJet,1,1,1
0.25,15,1.0,1,spring,3473,AsiaJet,1,0,0
0.37,24,0.53,0,spring,11776,AeroGulf,9,1,0
0.33,8,0.54,1,winter,9273,AsiaJet,0,0,0
0.27,3,0.54,0,winter,1298,PacificAir,8,0,0
0.38,16,0.94,1,autumn,4487,PacificAir,5,0,0
0.51,7,0.86,0,spring,12163,EuroWings,6,0,0
0.48,17,0.99,1,autumn,7943,SkyMind,5,1,1
0.81,19,0.53,0,summer,6453,AsiaJet,3,1,0
0.31,23,0.85,1,autumn,3203,AsiaJet,9,1,0
0.28,3,0.77,1,summer,1713,AeroGulf,1,0,1
0.5,7,0.82,0,summer,966,SkyMind,4,0,0
0.05,19,0.76,1,summer,9968,SkyMind,2,1,0
0.11,3,0.84,0,autumn,7834,AsiaJet,0,1,0
0.8,18,0.95,1,summer,11170,AsiaJet,1,0,0
0.49,21,0.79,1,autumn,13398,AsiaJet,7,0,1
0.07,17,0.95,1,autumn,8468,SkyMind,6,0,1
0.44,11,0.89,0,summer,2233,PacificAir,6,0,0
0.4,12,0.93,0,winter,6634,AeroGulf,8,0,0
0.25,14,0.83,1,winter,13163,PacificAir,9,1,1
0.37,4,0.76,0,summer,10643,AsiaJet,1,1,0
0.19,12,0.53,1,autumn,4278,SkyMind,1,0,0
0.45,12,0.92,0,summer,10791,PacificAir,9,1,0
0.41,20,0.62,0,spring,11611,SkyMind,5,0,0
0.61,10,0.52,0,winter,9485,AsiaJet,1,1,1
0.94,3,0.76,0,summer,6178,PacificAir,7,0,0
0.19,5,0.82,0,winter,1914,SkyMind,8,0,1
0.42,20,0.83,0,summer,13658,EuroWings,5,1,1
0.56,8,0.83,0,spring,7649,PacificAir,5,0,1
0.55,11,0.83,0,winter,1427,AeroGulf,4,0,0
0.66,15,0.9,0,autumn,13912,SkyMind,9,0,1
0.27,24,0.88,0,summer,11630,AsiaJet,6,1,0
0.63,10,0.91,0,spring,3831,AsiaJet,5,1,1
0.2,1,0.73,0,spring,10436,PacificAir,8,1,0
0.13,24,0.53,0,winter,9881,AsiaJet,5,1,0
0.83,11,0.82,0,autumn,10476,EuroWings,0,1,0
0.47,13,0.61,1,autumn,11744,AeroGulf,3,0,0
0.4,9,0.93,1,autumn,2885,PacificAir,6,0,1
0.93,4,0.86,1,spring,12484,PacificAir,2,1,0
0.71,24,0.88,0,autumn,12125,AsiaJet,5,0,0
0.68,15,0.64,1,summer,10600,SkyMind,3,0,0
0.19,2,0.82,0,summer,8551,AsiaJet,4,1,0
0.21,9,0.76,1,summer,6785,SkyMind,7,1,1
0.48,22,0.63,0,winter,5671,AsiaJet,5,1,0
0.65,9,0.91,1,winter,10372,SkyMind,1,1,0
0.4,11,0.77,0,spring,1171,SkyMind,2,0,0
0.06,24,0.6,1,autumn,5915,EuroWings,0,1,1
0.68,20,0.65,1,spring,8036,EuroWings,8,1,1
0.77,11,0.61,1,spring,8680,EuroWings,9,1,0
0.94,7,0.66,1,autumn,8850,AsiaJet,5,1,1
0.41,15,0.59,1,summer,4185,AeroGulf,9,1,1
0.26,3,0.69,0,spring,11546,EuroWings,8,0,1
0.93,17,0.85,0,autumn,910,PacificAir,2,0,1
0.72,4,0.98,1,summer,11944,AeroGulf,4,1,0
0.06,20,0.61,1,autumn,7532,PacificAir,4,0,0
0.58,5,0.65,0,autumn,10052,EuroWings,4,1,0
0.03,20,0.5,1,summer,5073,PacificAir,8,1,0
0.23,9,0.61,0,summer,4314,AsiaJet,1,0,0
0.07,21,0.71,1,winter,13433,PacificAir,5,1,1
0.2,5,0.73,1,spring,12204,AeroGulf,7,1,1
0.49,14,0.63,1,winter,1214,EuroWings,9,1,1
0.3,24,0.58,1,spring,3449,PacificAir,9,1,0
0.09,23,0.78,1,summer,2769,PacificAir,3,0,0
0.48,12,0.7,0,autumn,581,PacificAir,0,1,1
0.71,18,0.71,1,summer,1308,PacificAir,4,1,1
0.05,17,0.95,1,summer,4983,AeroGulf,4,1,0
0.88,17,0.78,1,summer,2003,SkyMind,3,0,1
0.65,17,0.69,0,spring,13308,AsiaJet,1,1,1
0.52,6,0.63,1,autumn,8758,EuroWings,6,1,0
0.4,21,0.71,1,winter,10254,SkyMind,6,1,0
0.39,22,0.93,1,spring,6966,AsiaJet,2,1,0
0.34,14,0.98,1,spring,8737,PacificAir,9,1,0
0.12,10,0.69,0,summer,5070,SkyMind,5,1,0
0.08,10,0.6,1,summer,4264,AsiaJet,1,1,0
0.31,12,0.96,0,spring,5803,AsiaJet,0,1,0
0.67,5,0.57,1,winter,9900,SkyMind,8,0,0
0.29,13,0.65,1,summer,10711,PacificAir,9,0,1
0.81,23,0.6,0,autumn,11200,PacificAir,0,0,0
0.38,21,0.78,1,spring,4465,EuroWings,9,0,0
0.63,1,0.7,0,summer,9315,AsiaJet,4,0,0
0.43,9,0.64,0,spring,10753,EuroWings,2,1,0
0.5,4,0.88,0,autumn,8653,PacificAir,8,0,0
0.25,5,0.83,0,spring,856,AsiaJet,7,0,1
0.51,13,1.0,1,spring,812,EuroWings,3,0,0
0.11,20,0.66,0,spring,5136,EuroWings,7,1,0
0.39,16,0.92,1,summer,4470,EuroWings,4,0,0
0.45,6,0.65,1,spring,11211,AsiaJet,9,1,1
0.7,1,0.5,1,winter,7554,AeroGulf,7,0,1
0.4,4,0.58,0,winter,12120,AeroGulf,1,1,1
0.67,10,0.75,0,summer,9857,PacificAir,7,0,1
0.17,3,0.91,0,summer,7515,AsiaJet,6,1,0
0.03,3,0.53,0,spring,978,AsiaJet,5,1,0
0.51,12,0.92,0,spring,8446,SkyMind,7,1,0
0.47,8,0.86,0,winter,6000,EuroWings,6,1,1
0.67,24,0.52,0,spring,6925,PacificAir,4,1,0
0.31,23,0.55,1,winter,9908,AsiaJet,4,1,0
0.03,5,0.54,1,spring,6705,SkyMind,9,0,0
0.72,2,0.84,1,spring,9352,SkyMind,6,0,1
0.94,21,0.78,1,winter,5926,AsiaJet,7,0,1
0.39,20,0.68,0,spring,10837,PacificAir,3,0,0
0.61,14,0.54,0,winter,11318,PacificAir,2,0,1
0.54,24,0.7,0,spring,4964,AeroGulf,1,0,0
0.57,6,0.84,1,summer,8105,AeroGulf,5,1,0
0.87,1,0.55,1,autumn,13050,PacificAir,6,1,0
0.74,21,0.93,1,autumn,12242,SkyMind,1,0,1
0.77,24,0.53,1,autumn,11715,AeroGulf,1,1,1
0.09,17,0.8,1,autumn,12005,SkyMind,2,0,1
0.15,1,0.59,1,summer,6791,AeroGulf,3,0,0
0.66,12,0.55,1,winter,7597,SkyMind,4,1,1
0.54,12,0.68,0,autumn,11069,EuroWings,3,0,0
0.77,15,0.83,0,spring,2335,AsiaJet,3,0,1
0.09,3,0.56,1,summer,2667,PacificAir,2,1,1
0.57,14,0.74,1,autumn,9900,EuroWings,6,1,0
0.49,1,0.7,1,autumn,9313,PacificAir,6,1,0
0.85,14,0.71,1,autumn,3081,SkyMind,3,0,1
0.19,14,0.97,1,autumn,10491,AeroGulf,0,0,0
0.35,6,0.67,0,autumn,10842,AeroGulf,1,0,0
0.15,13,1.0,0,autumn,12800,AeroGulf,3,0,0
0.45,5,0.77,1,summer,4928,AsiaJet,3,0,0
0.88,12,0.92,1,spring,6522,AsiaJet,7,0,1
0.67,21,0.67,1,autumn,12048,PacificAir,1,1,1
0.74,3,0.54,0,winter,1440,AeroGulf,0,0,0
0.09,2,0.54,1,autumn,13807,EuroWings,8,1,0
0.45,1,0.79,0,autumn,13332,PacificAir,5,0,0
0.84,18,0.96,0,summer,784,AsiaJet,0,0,0
0.84,15,0.54,0,autumn,6470,AsiaJet,5,1,1
0.99,16,0.84,1,summer,9491,AeroGulf,8,1,1
0.53,5,0.78,0,summer,10632,AsiaJet,8,0,0
0.0,16,0.83,1,spring,4268,SkyMind,4,1,0
0.9,12,0.61,1,summer,8964,AsiaJet,0,1,1
0.96,16,0.54,1,spring,4181,AeroGulf,4,0,0
0.93,11,0.54,1,winter,8134,PacificAir,9,1,0
0.77,8,0.62,1,autumn,8496,AsiaJet,4,0,1
0.21,3,0.61,1,autumn,4414,EuroWings,1,0,0
0.14,21,0.56,1,winter,5679,EuroWings,2,1,0
0.7,16,0.63,0,autumn,13463,SkyMind,3,0,0
0.14,7,0.77,1,autumn,1897,PacificAir,2,0,1
0.95,2,0.97,1,summer,10378,SkyMind,2,0,0
0.45,19,0.96,1,spring,6386,SkyMind,2,0,0
0.03,3,0.64,1,summer,12117,AeroGulf,1,1,0
0.15,11,0.53,1,autumn,10710,AeroGulf,5,0,1
0.29,9,1.0,1,summer,12164,AeroGulf,8,0,0
0.7,11,0.74,0,winter,12499,EuroWings,0,0,1
0.74,1,0.99,0,autumn,5881,AsiaJet,1,0,0
0.21,1,0.77,1,winter,10471,PacificAir,9,0,1
0.65,12,0.94,1,spring,9117,AeroGulf,5,1,0
0.03,10,0.72,1,summer,4067,PacificAir,0,0,0
0.1,23,0.81,1,spring,5260,SkyMind,9,0,1
0.54,12,0.77,1,summer,3494,AsiaJet,6,0,1
0.7,14,0.61,1,spring,3638,EuroWings,2,0,1
0.91,11,0.88,0,winter,1067,PacificAir,5,0,0
0.44,4,0.53,0,winter,5218,AsiaJet,2,0,0
0.12,10,0.68,0,summer,8370,PacificAir,5,0,0
0.93,24,0.93,0,summer,1538,SkyMind,3,0,0
0.44,17,0.75,0,autumn,6643,AeroGulf,8,0,0
0.5,1,0.54,0,summer,9138,SkyMind,2,0,0
0.85,6,0.6,1,winter,12065,PacificAir,4,1,1
0.59,5,0.55,0,spring,4336,EuroWings,5,0,0
0.3,21,0.64,1,spring,11261,PacificAir,9,0,1
0.54,18,0.58,1,winter,1144,EuroWings,0,1,0
0.62,18,0.86,0,spring,5017,EuroWings,6,1,0
0.89,4,0.83,1,autumn,5064,PacificAir,8,0,0
0.23,18,0.57,0,spring,12959,PacificAir,5,1,0
0.56,20,0.72,0,autumn,5748,EuroWings,9,1,1
0.92,21,0.65,0,spring,10280,PacificAir,3,0,0
0.05,20,0.67,1,autumn,2335,AsiaJet,6,1,0
0.19,16,0.79,1,spring,1292,EuroWings,3,0,0
0.35,22,0.95,1,autumn,6174,EuroWings,8,1,1
0.68,15,0.95,0,summer,4752,PacificAir,7,1,0
0.84,13,0.71,0,spring,9117,SkyMind,0,1,0
0.2,3,0.7,0,autumn,3541,AsiaJet,2,0,0
0.25,18,0.76,1,autumn,4194,PacificAir,0,1,1
0.82,1,0.74,1,autumn,9134,AeroGulf,0,1,0
0.15,5,0.53,0,winter,11945,AsiaJet,6,0,0
0.26,4,0.79,1,autumn,4646,AeroGulf,6,0,0
0.73,9,0.79,0,spring,12550,AsiaJet,8,0,0
0.17,1,0.73,1,autumn,2007,EuroWings,0,1,1
0.83,24,0.71,0,spring,10480,AsiaJet,1,0,0
0.49,10,0.97,0,summer,6832,PacificAir,8,1,0
0.45,12,0.8,0,summer,8191,AeroGulf,8,1,0
0.14,12,0.91,0,summer,3347,SkyMind,9,1,0
0.68,15,0.98,0,winter,11465,AeroGulf,1,1,1
0.88,20,0.91,1,spring,2164,EuroWings,3,0,0
0.69,2,0.97,1,summer,756,EuroWings,6,1,0
0.32,15,0.88,1,spring,9432,SkyMind,0,0,1
0.7,3,0.59,1,summer,13067,AsiaJet,1,1,1
0.51,10,0.61,0,summer,4416,AsiaJet,4,0,1
0.85,2,0.6,1,spring,10468,EuroWings,9,0,0
0.46,8,0.66,1,winter,3151,SkyMind,1,0,0
0.24,1,0.68,1,winter,980,EuroWings,5,1,0
0.1,15,0.91,0,summer,6221,AeroGulf,0,1,0
0.28,4,0.68,1,spring,1796,AsiaJet,5,1,0
0.56,3,0.86,0,winter,7948,AeroGulf,4,0,0
0.17,13,0.95,0,spring,1586,AeroGulf,8,1,0
0.04,10,0.56,0,summer,8595,PacificAir,7,1,0
0.45,2,0.5,1,spring,4597,AsiaJet,7,1,0
0.35,19,0.94,0,autumn,6121,EuroWings,9,1,0
0.42,19,0.62,0,winter,5982,EuroWings,8,1,1
0.45,14,0.58,1,autumn,2321,AeroGulf,4,1,1
0.77,9,0.65,1,winter,11877,SkyMind,9,1,1
0.96,19,0.59,0,summer,5825,PacificAir,9,1,1
0.26,20,0.9,0,autumn,5352,PacificAir,6,1,1
0.94,17,0.82,1,summer,574,AeroGulf,2,0,1
0.23,24,0.58,1,spring,9262,PacificAir,5,1,1
0.75,5,0.79,0,spring,2620,PacificAir,7,0,0
0.68,2,0.6,1,autumn,11991,AeroGulf,3,1,1
0.05,7,0.6,0,autumn,3593,EuroWings,9,0,0
0.72,22,0.8,0,autumn,4407,AeroGulf,0,1,0
0.9,2,0.83,0,spring,4766,AeroGulf,2,1,0
0.93,22,0.67,1,autumn,1254,AsiaJet,6,1,0
0.69,12,0.88,0,winter,11111,EuroWings,9,0,0
0.79,14,0.92,1,winter,12252,AeroGulf,5,1,0
0.07,7,0.96,1,summer,6278,AsiaJet,0,1,0
0.16,14,0.81,0,spring,11315,PacificAir,5,1,0
0.26,12,0.61,0,winter,12991,SkyMind,5,0,1
0.53,16,0.87,1,autumn,6302,EuroWings,1,1,1
0.39,14,0.55,0,spring,11925,AsiaJet,5,1,0
0.66,21,0.59,0,spring,958,EuroWings,8,0,1
0.45,21,0.92,0,winter,10456,AsiaJet,7,1,0
0.78,4,0.96,1,summer,7986,PacificAir,2,1,0
0.71,14,0.53,0,summer,5539,PacificAir,2,0,1
0.75,1,0.66,0,winter,7330,SkyMind,4,0,1
0.83,10,0.81,1,autumn,5508,PacificAir,6,0,1
0.83,23,0.97,0,winter,5828,PacificAir,0,1,1
0.78,3,0.79,1,spring,4970,SkyMind,2,0,1
0.07,15,0.91,0,winter,5315,EuroWings,5,1,0
0.62,21,0.96,1,winter,4446,PacificAir,1,1,0
0.02,13,0.76,1,winter,5403,EuroWings,1,0,0
0.74,8,0.87,0,summer,8027,SkyMind,4,1,1
0.06,2,0.83,0,summer,10239,AeroGulf,4,0,0
0.98,20,0.84,0,winter,5834,PacificAir,2,1,1
0.61,9,0.76,1,autumn,806,EuroWings,9,1,0
0.18,11,0.81,0,spring,13605,AsiaJet,3,0,0
0.47,2,0.78,0,autumn,1204,AsiaJet,4,1,0
0.83,8,0.82,1,autumn,13219,AeroGulf,9,0,0
0.18,9,0.75,1,autumn,11275,PacificAir,5,1,1
0.54,12,0.61,0,spring,11440,PacificAir,4,0,1
0.0,19,0.85,0,spring,12841,PacificAir,8,0,1
0.79,15,0.69,0,winter,8744,AsiaJet,5,1,1
0.19,21,0.56,1,autumn,804,AeroGulf,9,0,1
0.39,4,0.93,1,autumn,5743,AsiaJet,1,1,0
0.53,10,0.59,0,autumn,9576,PacificAir,4,0,1
0.14,13,0.77,0,spring,13645,AeroGulf,9,1,0
0.93,24,0.86,1,autumn,12955,AsiaJet,8,0,1
0.47,8,0.82,1,summer,10610,PacificAir,0,1,0
0.23,11,0.58,0,autumn,8637,AeroGulf,9,0,0
0.74,5,0.6,1,autumn,8117,AeroGulf,0,1,1
0.89,21,0.57,0,spring,7536,SkyMind,3,1,0
0.91,15,0.54,1,spring,8725,AeroGulf,6,0,0
0.43,1,0.64,0,summer,13701,SkyMind,8,0,1
0.36,21,0.76,1,winter,9035,PacificAir,1,0,1
0.93,17,0.59,1,autumn,4031,SkyMind,8,0,0
0.05,12,0.99,0,spring,3211,PacificAir,3,1,0
0.75,4,0.85,0,winter,10811,PacificAir,0,1,1
0.18,7,0.79,1,spring,2208,EuroWings,6,1,1
0.47,11,0.84,0,spring,7564,SkyMind,4,0,0
0.95,12,0.72,0,spring,12797,AeroGulf,0,1,0
0.58,16,0.73,0,spring,9815,AeroGulf,0,0,0
0.52,18,0.94,0,spring,5114,PacificAir,9,1,1
0.06,14,0.86,0,winter,3366,SkyMind,1,0,0
0.28,15,0.79,1,autumn,13581,AsiaJet,6,0,1
0.0,17,0.98,1,winter,4061,AeroGulf,6,0,0
0.88,2,0.83,0,spring,7382,AsiaJet,2,0,1
0.64,23,0.7,1,autumn,4755,SkyMind,1,1,1
0.12,3,0.52,0,winter,1189,AeroGulf,9,0,0
0.36,5,0.7,1,winter,618,AsiaJet,7,1,0
0.81,1,0.96,1,autumn,3355,AeroGulf,6,1,0
0.14,10,0.52,1,summer,595,EuroWings,8,1,0
0.23,15,0.59,0,winter,3050,EuroWings,8,1,0
0.54,10,0.9,1,summer,3397,PacificAir,0,0,1
0.14,24,0.68,0,summer,2633,SkyMind,1,1,0
0.38,4,0.59,1,autumn,12034,AeroGulf,6,1,1
0.98,13,0.91,0,autumn,1756,AsiaJet,7,1,1
0.54,16,0.78,0,autumn,1418,AeroGulf,5,1,1
0.7,10,0.77,1,winter,3676,AeroGulf,4,0,0
0.66,2,0.65,0,spring,12248,AsiaJet,5,0,1
0.21,8,0.84,1,summer,8832,AsiaJet,1,1,1
0.85,14,0.93,1,spring,2528,EuroWings,8,1,1
0.12,5,0.88,1,winter,2633,PacificAir,9,1,1
0.92,18,0.81,0,summer,5427,AsiaJet,3,1,1
0.22,22,0.68,0,summer,11088,AeroGulf,8,1,0
0.95,8,0.93,0,spring,11382,EuroWings,7,0,0
0.8,12,0.78,0,autumn,4614,SkyMind,9,0,1
0.17,18,0.94,0,summer,5855,EuroWings,3,1,0
0.16,13,0.63,1,winter,12887,EuroWings,4,0,0
0.08,5,0.83,1,autumn,11174,EuroWings,9,0,1
0.25,11,0.97,1,spring,12442,AeroGulf,6,1,0
0.66,3,0.69,0,summer,2745,AsiaJet,4,0,1
0.52,16,0.98,1,autumn,769,PacificAir,1,1,0
0.61,8,0.7,1,summer,1167,SkyMind,7,1,0
0.03,17,0.72,1,winter,914,PacificAir,9,1,1
0.08,6,0.9,0,autumn,13484,AeroGulf,7,1,0
0.69,13,0.63,0,autumn,2208,PacificAir,7,0,0
0.85,17,0.85,0,autumn,7117,PacificAir,9,0,0
0.36,3,0.65,0,spring,7782,SkyMind,7,0,0
0.17,13,0.8,0,summer,11641,EuroWings,5,0,0
0.31,8,0.89,0,autumn,5612,AsiaJet,9,1,0
0.41,8,0.51,0,spring,7965,AsiaJet,1,0,1
0.63,19,0.54,0,winter,12278,PacificAir,3,0,1
0.41,10,0.97,1,autumn,6012,SkyMind,1,1,1
0.9,24,0.91,1,autumn,8438,AsiaJet,1,1,1
0.4,15,0.94,0,winter,6724,AsiaJet,8,1,0
0.18,22,0.72,1,winter,13070,AsiaJet,8,0,0
0.25,7,0.86,1,winter,10072,PacificAir,4,1,1
0.47,18,1.0,1,spring,11227,AeroGulf,2,0,1
0.78,1,0.72,1,spring,2274,PacificAir,8,1,1
0.87,13,0.92,1,winter,2212,PacificAir,6,1,1
0.19,17,0.54,1,summer,1271,AeroGulf,3,0,0
0.0,19,0.77,1,spring,5341,AsiaJet,2,1,0
0.87,23,0.67,1,autumn,11939,PacificAir,7,0,1
0.23,2,0.76,1,winter,3771,EuroWings,5,1,0
0.82,22,0.56,1,spring,9086,AsiaJet,3,1,1
0.55,8,0.68,0,spring,5936,AsiaJet,8,0,1
0.4,11,0.54,0,winter,11849,AsiaJet,0,0,1
0.15,12,0.73,1,autumn,10598,PacificAir,4,0,0
0.67,3,0.72,1,autumn,532,SkyMind,2,1,1
0.82,21,0.66,0,winter,9053,SkyMind,1,1,0
0.46,5,0.97,0,summer,671,AeroGulf,4,0,1
0.45,12,0.54,0,autumn,5395,SkyMind,2,1,0
0.76,24,0.91,0,winter,11467,AsiaJet,6,0,1
0.5,1,0.68,0,spring,13557,EuroWings,0,1,0
0.79,11,0.6,0,winter,4434,EuroWings,4,1,1
0.05,3,0.64,0,winter,4218,AsiaJet,6,0,0
0.86,22,0.95,1,winter,13222,PacificAir,5,1,0
0.26,22,0.91,0,spring,11464,PacificAir,1,0,1
0.17,20,0.51,1,autumn,10713,AsiaJet,4,0,0
0.03,21,0.57,0,summer,7423,AsiaJet,2,0,0
0.83,10,0.84,1,summer,13027,AeroGulf,1,0,1
0.06,13,0.66,0,winter,7102,PacificAir,7,0,0
0.95,19,0.96,1,autumn,1434,SkyMind,1,0,1
0.56,13,0.89,1,spring,11905,SkyMind,3,1,1
0.7,20,0.94,1,autumn,733,PacificAir,7,0,0
0.73,14,0.6,1,spring,1088,EuroWings,9,0,1
0.29,10,0.58,0,spring,2307,AsiaJet,8,1,0
0.81,17,0.97,0,spring,9551,AeroGulf,5,0,0
0.95,6,0.7,0,winter,11013,AeroGulf,4,0,0
0.37,5,0.71,0,autumn,12098,AeroGulf,3,1,0
0.84,14,0.84,1,spring,10949,SkyMind,0,0,0
0.77,14,0.7,0,autumn,8226,EuroWings,9,1,0
0.59,5,0.94,0,autumn,4030,EuroWings,4,0,0
0.37,20,0.98,0,summer,11302,AeroGulf,3,1,0
0.42,11,0.67,1,summer,11396,AsiaJet,5,0,1
0.31,5,0.6,0,summer,4187,AsiaJet,5,0,0
0.43,23,0.54,0,winter,12647,AsiaJet,6,0,0
0.99,19,0.61,0,autumn,10799,AeroGulf,3,1,1
0.36,15,0.57,0,autumn,3321,AsiaJet,0,1,0
0.67,17,0.51,0,autumn,4884,PacificAir,2,0,1
0.32,17,0.52,0,winter,10056,AeroGulf,8,0,0
0.47,3,0.75,0,summer,4712,EuroWings,4,0,0
0.08,19,0.85,1,spring,2218,SkyMind,2,1,0
0.76,5,0.99,0,winter,3732,PacificAir,7,1,1
0.66,24,0.58,1,spring,9400,SkyMind,0,0,1
0.35,22,0.85,1,summer,7431,PacificAir,3,1,0
0.52,8,0.78,1,summer,13450,AeroGulf,2,0,0
0.87,23,0.74,1,spring,4888,EuroWings,1,1,1
0.04,1,0.86,1,summer,7125,PacificAir,1,0,1
0.93,14,0.62,1,winter,963,AeroGulf,4,0,1
0.47,10,0.66,1,autumn,10995,EuroWings,6,0,0
0.86,8,0.69,0,autumn,8865,SkyMind,8,0,0
0.86,1,0.59,1,summer,6414,PacificAir,4,0,0
0.06,5,0.74,1,autumn,9079,AeroGulf,1,1,0
0.78,19,0.57,1,winter,5421,PacificAir,3,1,1
0.73,7,0.66,1,autumn,13058,AsiaJet,3,0,0
0.04,5,0.56,1,autumn,12589,PacificAir,5,0,0
0.94,2,0.52,0,winter,1446,EuroWings,1,1,1
0.63,15,0.68,0,winter,8926,AsiaJet,2,1,0
0.17,1,0.81,0,spring,11311,EuroWings,5,1,0
0.12,10,0.58,0,summer,11483,SkyMind,3,0,0
0.56,6,1.0,1,winter,1907,AsiaJet,5,1,0
0.06,6,0.64,0,autumn,12355,AsiaJet,5,0,0
0.16,14,0.51,0,winter,10645,EuroWings,2,1,0
0.95,8,0.51,0,winter,13410,AeroGulf,6,0,0
0.74,18,0.83,1,summer,7105,PacificAir,3,0,0
0.61,5,0.83,1,winter,8014,SkyMind,6,0,1
0.21,21,0.95,0,autumn,5813,SkyMind,8,1,0
0.22,14,0.55,0,winter,9964,AeroGulf,2,1,1
0.45,10,0.69,0,spring,2704,EuroWings,8,0,1
0.75,24,0.94,1,winter,5112,SkyMind,1,0,0
0.0,9,0.9,0,autumn,12879,PacificAir,4,1,0
0.04,21,0.62,1,winter,6133,AeroGulf,3,1,0
0.87,21,0.94,1,spring,2261,AsiaJet,9,0,0
0.81,3,0.84,1,autumn,1270,PacificAir,6,0,1
0.69,6,0.63,0,spring,10268,EuroWings,6,0,0
0.5,7,0.52,0,autumn,12937,EuroWings,2,1,0
0.15,19,0.75,1,winter,3633,AeroGulf,3,0,1
0.1,15,0.86,1,autumn,2404,AsiaJet,6,0,0
0.91,2,0.63,1,winter,8995,AsiaJet,2,1,1
0.38,14,0.58,0,spring,8653,AeroGulf,0,1,1
0.7,14,0.54,0,autumn,6775,AeroGulf,1,1,1
0.46,12,0.92,1,winter,6104,AeroGulf,4,0,0
0.73,18,0.53,1,autumn,13588,AsiaJet,4,1,1
0.19,6,0.8,1,winter,11813,EuroWings,7,0,1
0.48,2,0.88,0,autumn,13804,EuroWings,2,0,0
0.38,21,0.89,1,winter,2662,PacificAir,8,1,0
0.25,23,0.83,1,winter,5371,EuroWings,4,0,1
0.6,1,0.83,1,spring,6051,AeroGulf,9,0,0
0.54,24,0.74,1,winter,896,PacificAir,2,1,0
0.5,11,0.71,1,summer,3853,SkyMind,7,1,0
0.59,15,0.57,0,autumn,12198,AsiaJet,1,0,1
0.14,6,0.77,1,autumn,5910,PacificAir,7,0,0
0.37,17,0.54,1,spring,13026,SkyMind,8,0,0
0.32,8,0.73,0,summer,12764,AeroGulf,7,1,0
0.77,21,0.87,1,winter,1459,EuroWings,9,1,0
0.04,23,0.72,0,autumn,12380,EuroWings,0,1,0
0.28,20,0.75,0,autumn,6926,PacificAir,8,0,1
0.92,18,0.92,1,winter,4385,SkyMind,0,0,0
0.3,12,0.82,1,summer,8370,EuroWings,8,0,0
0.15,8,0.56,1,autumn,4067,AeroGulf,9,1,1
0.76,20,0.77,0,summer,4689,SkyMind,1,1,1
0.05,24,0.68,1,spring,2254,SkyMind,7,1,0
0.43,9,0.6,1,spring,6558,EuroWings,8,0,0
0.86,11,0.82,1,summer,11724,PacificAir,5,0,0
0.95,13,0.69,0,spring,3792,PacificAir,5,0,0
0.25,4,0.88,1,summer,5738,PacificAir,2,1,0
0.3,8,0.79,0,winter,4612,EuroWings,9,0,0
0.57,4,0.55,0,autumn,12015,AsiaJet,8,0,0
0.23,14,0.68,1,spring,9503,AeroGulf,7,0,0
0.15,24,0.63,0,summer,2229,AeroGulf,1,1,0
0.43,17,0.57,1,summer,1328,PacificAir,4,1,0
0.07,2,0.9,0,summer,5019,PacificAir,6,0,0
0.89,12,0.69,1,autumn,9923,AeroGulf,0,0,0
0.33,12,0.81,1,autumn,2891,EuroWings,7,0,0
0.34,19,0.94,1,autumn,6571,SkyMind,2,0,0
0.79,18,0.77,0,spring,6321,AeroGulf,9,0,1
0.34,24,0.63,0,autumn,9160,AeroGulf,1,1,0
0.76,10,0.9,0,summer,13036,SkyMind,6,1,0
0.18,9,0.72,1,autumn,10126,SkyMind,4,0,0
0.53,16,0.78,0,spring,2929,AsiaJet,7,0,1
0.77,1,0.95,0,autumn,798,AeroGulf,0,1,0
0.45,16,0.74,1,summer,11071,SkyMind,8,0,1
0.07,24,0.67,1,winter,10025,AeroGulf,5,1,0
0.74,8,0.86,1,spring,1260,SkyMind,7,0,0
0.49,19,0.57,1,summer,11495,PacificAir,5,1,1
0.32,24,0.96,1,autumn,5970,PacificAir,6,0,0
0.99,2,0.96,0,spring,1693,PacificAir,7,1,0
0.88,18,0.79,1,spring,529,AeroGulf,8,0,0
0.04,20,0.58,1,summer,6813,AeroGulf,3,1,1
0.59,23,0.73,0,spring,7639,AeroGulf,2,0,0
0.35,20,0.71,1,spring,2084,EuroWings,9,0,1
0.04,18,0.65,1,winter,5212,PacificAir,9,1,0
0.01,21,0.59,0,spring,1353,SkyMind,1,1,0
0.58,24,0.63,1,winter,12418,AsiaJet,1,0,1
0.32,14,0.78,0,summer,10570,EuroWings,3,1,0
0.7,7,0.84,0,autumn,13342,AeroGulf,7,1,0
0.45,7,0.99,1,summer,10134,PacificAir,5,1,0
0.77,5,0.61,0,winter,2631,EuroWings,2,1,1
0.81,20,0.6,1,autumn,2022,PacificAir,3,1,0
0.66,12,0.56,1,autumn,11293,SkyMind,2,1,1
0.42,13,0.97,0,spring,1360,AsiaJet,2,0,0
0.99,17,0.69,0,spring,10319,EuroWings,8,1,0
0.31,15,0.96,0,autumn,10131,AsiaJet,2,1,0
0.51,16,0.94,0,autumn,10299,EuroWings,1,0,0
0.52,13,0.52,1,spring,9763,PacificAir,1,0,1
0.43,22,0.64,0,winter,10176,AeroGulf,7,0,0
0.12,11,0.65,1,autumn,2389,PacificAir,9,1,0
0.35,3,0.64,1,autumn,4834,AeroGulf,2,0,1
0.22,22,0.71,1,autumn,4236,AeroGulf,9,1,0
0.9,23,0.75,1,autumn,702,AeroGulf,9,1,1
0.66,1,0.88,0,autumn,5875,PacificAir,8,1,0
0.29,6,0.63,0,spring,2059,PacificAir,2,1,0
0.57,8,0.65,1,winter,11191,AsiaJet,9,1,0
0.85,21,0.8,0,spring,4374,EuroWings,1,0,0
0.93,5,0.59,0,summer,10135,AeroGulf,7,0,0
0.08,7,0.74,0,autumn,1745,SkyMind,5,0,0
0.79,24,0.63,0,summer,13467,SkyMind,3,1,1
0.97,23,0.6,0,summer,1721,AeroGulf,0,1,1
0.47,3,0.9,0,spring,6365,EuroWings,9,1,0
1.0,22,0.85,1,winter,7268,PacificAir,5,0,0
0.96,9,0.62,1,autumn,11514,AsiaJet,6,1,0
0.66,14,0.71,1,summer,9767,SkyMind,7,1,1
0.85,2,0.58,1,summer,1344,EuroWings,6,0,1
0.3,3,0.53,0,summer,6430,PacificAir,1,1,0
0.92,19,0.79,1,spring,2247,AeroGulf,2,1,1
0.59,10,0.68,1,winter,5496,PacificAir,0,0,0
0.51,2,0.6,1,autumn,10478,PacificAir,3,0,1
0.84,13,0.56,0,autumn,1931,PacificAir,4,1,0
0.89,14,0.84,1,spring,4637,AsiaJet,8,1,1
0.7,19,0.64,0,winter,11285,SkyMind,0,1,0
0.03,13,0.95,1,autumn,11068,SkyMind,6,1,0
0.6,7,0.6,1,spring,7154,AsiaJet,3,0,0
0.82,3,0.62,0,autumn,13803,EuroWings,7,0,1
0.55,1,0.93,1,summer,2317,PacificAir,9,1,1
0.93,20,0.79,0,autumn,837,AeroGulf,1,1,0
0.9,23,0.55,1,summer,5527,AsiaJet,4,1,1
0.53,13,0.77,0,winter,13060,PacificAir,1,0,0
0.4,6,0.65,0,winter,12775,PacificAir,1,0,0
0.06,12,0.87,1,autumn,8376,SkyMind,6,0,1
0.63,10,0.54,1,summer,9749,AsiaJet,3,0,1
0.27,3,0.96,1,winter,12072,AeroGulf,8,0,1
0.67,1,0.74,0,autumn,3154,AsiaJet,9,0,1
0.8,24,0.87,0,summer,3207,AeroGulf,1,1,0
0.41,13,0.85,0,winter,9195,PacificAir,6,0,0
0.02,2,0.59,0,winter,13741,AeroGulf,7,1,1
0.87,21,0.94,1,autumn,11950,PacificAir,0,0,1
0.55,19,0.62,0,spring,10321,AeroGulf,0,0,0
0.31,20,0.6,1,winter,2661,SkyMind,6,0,0
0.63,3,0.76,0,autumn,7361,AsiaJet,4,0,0
0.67,19,0.99,1,summer,12587,SkyMind,6,0,0
0.15,15,0.66,0,winter,3571,EuroWings,0,0,0
0.65,19,0.98,0,winter,13399,AsiaJet,8,1,0
0.29,10,0.72,1,spring,7352,AsiaJet,1,0,0
0.8,11,0.92,1,winter,5089,AeroGulf,4,1,0
0.94,15,0.76,1,winter,2870,PacificAir,3,0,0
0.1,8,0.6,0,spring,915,AeroGulf,4,0,0
0.92,11,0.94,0,summer,12791,AsiaJet,8,0,1
0.9,17,0.54,1,spring,7527,SkyMind,4,1,1
0.34,2,0.84,1,winter,5082,PacificAir,3,1,1
0.03,18,0.92,1,summer,8077,AeroGulf,3,1,0
0.66,9,0.92,1,spring,5229,SkyMind,4,0,0
0.34,7,0.83,0,autumn,8466,AeroGulf,9,0,0
0.19,10,0.63,0,summer,3901,AsiaJet,0,1,0
0.11,23,0.77,1,spring,2239,AeroGulf,8,1,0
0.2,8,0.81,1,spring,3760,SkyMind,0,1,0
0.24,13,0.94,1,summer,6788,SkyMind,6,1,1
0.8,2,0.58,0,summer,9706,SkyMind,3,0,1
0.78,10,0.73,1,summer,11816,AeroGulf,8,1,1
0.49,17,0.67,0,winter,3489,AsiaJet,9,0,0
0.55,16,0.71,1,winter,3067,EuroWings,0,1,0
0.92,12,0.59,1,spring,12603,EuroWings,3,1,0
0.91,6,0.61,0,spring,13969,EuroWings,6,1,1
0.83,15,0.88,1,autumn,13289,PacificAir,1,0,0
0.37,15,0.74,1,summer,9286,AsiaJet,4,0,0
0.37,16,0.76,0,autumn,4997,AsiaJet,9,1,0
0.89,3,0.95,0,summer,9516,PacificAir,6,1,0
0.93,13,0.62,1,spring,8187,EuroWings,9,1,0
0.8,18,0.66,1,winter,11203,EuroWings,9,1,0
0.76,3,0.65,0,summer,2573,PacificAir,2,0,0
0.56,4,0.83,0,winter,8840,SkyMind,7,1,1
0.34,5,0.78,0,autumn,6691,AsiaJet,3,1,0
0.24,20,0.74,1,autumn,11302,EuroWings,4,0,1
0.14,24,0.83,1,winter,10161,EuroWings,4,0,0
0.73,6,0.74,1,spring,4410,PacificAir,6,0,0
0.78,7,0.91,0,autumn,3976,AeroGulf,7,1,0
0.36,20,0.71,1,winter,5169,AsiaJet,0,0,0
0.01,13,0.95,0,autumn,4599,AsiaJet,9,0,0
0.94,14,0.56,0,spring,4392,AsiaJet,6,1,0
0.44,7,0.55,1,autumn,10637,SkyMind,7,1,0
0.97,21,0.83,0,spring,13512,AeroGulf,1,0,1
0.68,11,0.69,0,spring,9764,AsiaJet,0,1,0
0.12,12,0.73,1,autumn,12782,SkyMind,8,1,1
0.33,18,0.85,1,winter,12863,SkyMind,8,1,0
0.66,18,0.61,0,spring,6685,SkyMind,2,1,1
0.65,2,0.52,0,summer,9023,AsiaJet,9,0,0
0.23,3,0.72,1,spring,11663,AsiaJet,8,1,1
0.18,20,0.95,1,autumn,13979,PacificAir,0,1,0
0.28,7,0.73,1,summer,10021,PacificAir,0,1,0
0.79,21,0.79,1,winter,6304,AeroGulf,1,0,1
0.24,23,0.6,1,summer,9089,PacificAir,6,0,0
0.7,1,0.73,0,summer,988,AsiaJet,3,0,0
0.87,20,0.74,0,summer,2927,PacificAir,8,1,1
0.39,2,0.62,0,winter,3655,AeroGulf,5,0,0
0.01,22,0.58,1,winter,7440,AsiaJet,7,1,0
0.14,18,0.68,1,winter,7963,EuroWings,6,0,0
0.31,20,0.52,1,spring,2621,EuroWings,8,1,0
0.19,14,0.58,0,winter,10854,EuroWings,9,0,1
0.29,5,0.87,0,spring,12584,AeroGulf,8,0,0
0.54,24,0.82,1,spring,5646,AeroGulf,1,0,0
0.02,21,0.66,0,winter,9428,AsiaJet,0,0,0
0.06,12,0.78,0,autumn,2331,EuroWings,8,1,0
0.86,2,0.91,1,winter,13271,SkyMind,8,0,1
0.52,10,0.92,1,winter,708,PacificAir,2,1,1
0.94,13,0.83,0,autumn,6579,EuroWings,6,1,1
0.0,14,0.56,0,summer,6046,EuroWings,7,1,0
0.0,24,0.58,0,autumn,1630,EuroWings,1,0,0
0.74,24,0.65,1,spring,942,EuroWings,2,1,1
0.48,1,0.84,1,spring,3055,AsiaJet,6,1,0
0.91,9,0.63,1,spring,6157,PacificAir,2,1,1
0.79,24,0.73,1,winter,10797,EuroWings,8,0,1
0.5,1,0.91,0,winter,12642,AsiaJet,6,0,0
0.48,9,0.95,1,spring,7265,EuroWings,8,1,0
0.81,24,0.92,1,spring,4921,SkyMind,6,1,0
0.8,11,0.56,0,summer,2223,AsiaJet,5,0,1
0.28,7,0.96,1,spring,9965,SkyMind,4,0,0
0.67,22,0.84,1,spring,12379,EuroWings,1,1,1
0.64,21,0.81,0,spring,8307,PacificAir,7,0,0
0.86,22,0.62,1,summer,5669,AsiaJet,3,0,0
0.87,1,0.96,1,spring,12755,SkyMind,7,0,1
0.27,1,0.51,1,winter,12089,SkyMind,5,0,1
0.88,9,0.54,1,autumn,7631,PacificAir,9,1,1
0.92,15,0.58,1,summer,12569,AsiaJet,5,0,1
0.11,22,0.85,1,winter,7929,AeroGulf,2,0,1
0.57,16,0.81,1,summer,10173,SkyMind,6,0,1
0.44,3,0.97,1,spring,8064,AsiaJet,6,1,0
0.4,3,0.67,1,spring,13530,AeroGulf,4,1,0
0.7,14,0.67,1,spring,6337,AsiaJet,5,0,0
0.13,5,0.83,0,summer,10708,EuroWings,5,0,0
0.82,17,0.59,1,summer,9619,SkyMind,7,1,1
0.03,21,0.73,1,autumn,4164,AeroGulf,8,1,0
0.58,10,0.51,0,spring,5444,PacificAir,5,0,1
0.23,16,0.8,0,spring,3608,PacificAir,2,0,0
0.67,18,0.89,0,winter,13556,EuroWings,4,0,0
0.53,13,0.6,1,spring,5094,EuroWings,0,0,1
1.0,18,0.65,0,summer,12404,AeroGulf,0,1,1
0.86,17,0.57,1,summer,10794,SkyMind,9,0,0
0.34,4,0.81,0,summer,11403,SkyMind,9,0,0
0.53,4,0.78,1,summer,13639,PacificAir,0,1,0
0.32,21,0.91,0,summer,10460,EuroWings,8,0,0
0.73,15,0.99,1,autumn,9179,PacificAir,9,0,0
0.42,4,0.99,0,summer,8410,AeroGulf,1,0,0
0.12,13,0.55,1,summer,3838,PacificAir,9,1,1
0.66,18,0.78,0,autumn,9485,PacificAir,0,1,1
0.01,21,0.89,0,summer,10966,EuroWings,4,1,0
0.3,24,0.83,0,autumn,10639,EuroWings,7,1,0
0.91,6,0.95,0,spring,13864,SkyMind,4,0,0
0.09,5,0.72,1,winter,9379,SkyMind,4,0,0
0.5,23,0.71,1,autumn,1549,SkyMind,9,1,0
0.8,1,0.51,1,winter,7026,PacificAir,1,0,1
0.9,6,0.51,0,spring,5164,PacificAir,6,1,0
0.56,2,0.85,0,winter,1093,AsiaJet,0,1,1
0.15,5,0.74,0,autumn,13384,AeroGulf,1,1,0
0.94,16,0.83,0,spring,12979,AsiaJet,4,1,0
0.75,4,0.62,0,winter,4380,AeroGulf,6,0,0
0.4,13,0.93,0,autumn,2669,EuroWings,6,0,0
0.28,7,0.95,0,spring,3479,PacificAir,7,1,0
0.05,9,0.83,0,summer,7759,AsiaJet,5,0,0
0.19,1,0.64,0,autumn,3908,PacificAir,2,1,0
0.78,23,0.61,0,winter,1596,AsiaJet,7,1,0
0.11,23,0.81,0,winter,4234,SkyMind,0,1,1
0.13,5,0.97,0,summer,3020,AeroGulf,2,1,0
0.2,24,0.79,1,autumn,5709,SkyMind,7,1,1
0.4,20,0.92,1,summer,2536,PacificAir,2,0,1
0.19,11,0.78,0,spring,3849,EuroWings,4,0,0
0.9,17,0.84,0,spring,3044,EuroWings,4,0,1
0.26,13,0.78,0,spring,7941,SkyMind,6,0,1
0.92,20,0.79,1,winter,9138,AsiaJet,3,0,1
0.98,2,0.87,0,summer,10212,SkyMind,9,1,1
0.75,16,0.7,0,winter,9268,EuroWings,1,1,0
0.01,19,0.95,0,autumn,2778,SkyMind,1,1,0
0.24,20,0.93,0,summer,7169,AeroGulf,6,0,0
0.27,23,0.86,0,winter,6224,SkyMind,2,1,0
0.54,9,0.87,0,autumn,12582,AsiaJet,9,0,0
0.16,4,0.71,1,spring,5570,PacificAir,1,1,0
0.08,18,0.92,1,autumn,1763,SkyMind,4,1,1
0.18,10,0.97,1,spring,7458,AeroGulf,1,1,1
0.33,15,0.9,0,winter,7426,AsiaJet,4,1,0
0.05,13,0.57,0,spring,9313,AeroGulf,7,0,0
0.2,16,0.89,1,winter,11396,AsiaJet,5,0,0
0.17,10,0.73,0,summer,13636,EuroWings,0,1,1
0.77,4,0.8,0,summer,8666,EuroWings,9,0,1
0.17,16,1.0,1,spring,8495,PacificAir,6,0,1
0.79,24,0.68,1,spring,13394,PacificAir,3,1,0
0.51,11,0.67,0,winter,1112,AsiaJet,3,0,0
0.76,2,0.63,1,winter,8416,AeroGulf,8,1,1
0.45,12,0.56,0,autumn,8323,AeroGulf,9,0,1
0.9,8,0.58,1,winter,3380,SkyMind,5,1,1
0.28,21,0.76,0,spring,7275,EuroWings,9,1,0
0.77,13,0.95,0,winter,9602,SkyMind,6,0,1
0.16,2,0.9,0,autumn,9145,PacificAir,1,1,0
0.88,24,0.59,1,summer,915,EuroWings,2,1,0
0.03,2,0.78,0,spring,11544,AeroGulf,9,1,0
0.46,4,0.92,1,winter,8771,EuroWings,0,0,0
0.42,18,0.77,0,summer,5497,PacificAir,4,0,0
0.62,22,0.96,1,winter,13555,EuroWings,6,0,0
0.44,3,0.95,0,autumn,11371,PacificAir,5,1,0
0.59,7,0.67,0,autumn,5727,AeroGulf,5,1,0
0.86,6,0.94,1,spring,12268,AsiaJet,5,1,0
0.14,1,0.79,0,spring,1534,EuroWings,3,1,0
0.24,9,0.74,1,winter,2238,AsiaJet,6,1,0
0.8,12,0.89,0,spring,4030,PacificAir,5,0,0
0.23,7,0.89,0,autumn,2621,EuroWings,4,1,0
0.91,1,0.84,1,winter,7033,AeroGulf,6,0,1
0.54,20,0.91,0,summer,1810,EuroWings,6,0,0
0.08,4,0.98,0,spring,2538,AeroGulf,1,0,0
0.02,6,0.94,0,winter,6659,PacificAir,4,0,0
0.76,16,0.54,1,summer,8793,AsiaJet,6,0,1
0.86,15,0.93,1,winter,4128,SkyMind,7,1,1
0.24,3,0.89,1,spring,7645,SkyMind,8,1,1
0.24,18,0.96,1,summer,1534,EuroWings,3,0,1
0.95,19,0.87,1,autumn,13816,AsiaJet,4,1,1
0.66,13,0.94,1,spring,3711,AeroGulf,7,0,0
0.17,20,0.51,0,autumn,12993,SkyMind,7,1,0
0.45,14,0.99,1,winter,9085,AsiaJet,1,1,0
0.91,14,0.6,0,autumn,12790,AsiaJet,0,0,0
0.62,8,0.93,0,summer,839,PacificAir,9,0,0
0.41,11,0.96,1,summer,4737,SkyMind,9,0,1
0.15,12,0.5,0,autumn,4390,PacificAir,3,0,1
0.73,24,0.96,1,spring,11532,AsiaJet,1,1,1
0.28,1,0.91,0,summer,1265,SkyMind,9,1,0
0.57,9,0.96,1,autumn,13062,AeroGulf,2,1,0
0.6,20,0.59,1,autumn,7010,EuroWings,1,1,0
0.56,14,0.89,0,autumn,6319,AsiaJet,3,0,1
0.25,20,0.74,0,winter,10152,AeroGulf,7,0,0
0.71,14,0.63,0,spring,10409,EuroWings,8,0,1
0.57,13,0.88,1,winter,7403,SkyMind,6,1,1
0.4,12,0.74,0,summer,2653,AeroGulf,1,1,1
0.05,12,0.95,0,summer,2105,AeroGulf,6,0,0
0.33,20,0.86,1,autumn,13369,EuroWings,9,1,1
0.35,7,0.57,0,spring,2281,AeroGulf,5,1,0
0.79,2,0.63,1,winter,12989,SkyMind,3,0,0
0.51,23,0.63,0,autumn,3401,SkyMind,0,1,0
0.93,11,0.67,1,summer,13956,AsiaJet,9,0,0
0.75,16,0.83,0,spring,6965,EuroWings,9,1,1
0.54,13,0.95,1,winter,9867,PacificAir,0,1,0
0.17,18,0.8,1,autumn,7563,SkyMind,5,1,1
0.22,19,0.88,0,summer,13077,PacificAir,6,1,0
0.16,11,0.66,1,summer,8066,AeroGulf,0,0,0
0.44,21,0.76,0,summer,2918,EuroWings,1,1,0
0.72,1,0.75,0,spring,6953,EuroWings,8,0,0
0.76,13,0.85,0,spring,9799,SkyMind,9,1,1
0.1,8,0.76,1,summer,4940,SkyMind,3,1,0
0.5,22,0.67,1,summer,8506,EuroWings,3,1,1
0.48,20,0.62,0,spring,5709,PacificAir,9,1,0
0.44,14,0.63,1,autumn,2524,EuroWings,5,0,0
0.3,14,0.99,1,autumn,13690,AsiaJet,4,0,0
0.48,16,0.68,1,autumn,5283,EuroWings,8,0,1
0.52,19,0.9,0,summer,13545,PacificAir,2,0,0
0.6,7,0.54,1,winter,9201,AeroGulf,7,0,1
0.38,6,0.54,0,summer,11419,PacificAir,0,0,0
0.95,9,0.84,1,winter,6639,EuroWings,6,1,1
0.34,18,0.73,1,winter,10991,EuroWings,7,0,0
0.9,6,0.94,1,spring,11933,AeroGulf,8,0,0
0.8,17,0.93,1,summer,10536,AsiaJet,9,0,1
0.47,4,0.88,0,winter,8032,SkyMind,0,0,0
0.5,20,0.91,0,autumn,11017,PacificAir,0,0,0
0.87,9,0.94,1,summer,6335,PacificAir,7,0,1
0.49,8,0.89,1,autumn,9680,EuroWings,1,0,0
0.68,15,0.76,0,spring,5833,PacificAir,5,1,1
0.81,8,0.63,1,spring,10917,AeroGulf,7,1,0
0.91,21,0.89,1,winter,7309,AsiaJet,9,1,1
0.22,11,0.66,1,spring,1660,EuroWings,5,1,0
0.98,19,0.62,0,spring,5851,SkyMind,8,1,1
0.97,13,0.59,0,spring,9524,AeroGulf,7,1,0
0.3,15,0.81,1,summer,975,SkyMind,6,1,0
0.61,5,0.62,1,autumn,10604,PacificAir,4,1,1
0.05,7,0.69,1,autumn,11534,PacificAir,0,0,0
0.17,13,0.85,1,autumn,9282,AsiaJet,1,0,0
0.58,16,0.9,1,summer,11434,SkyMind,1,0,1
0.65,24,0.66,1,autumn,9385,AeroGulf,0,0,1
0.53,16,0.92,1,winter,5664,SkyMind,4,0,1
0.7,24,0.53,1,autumn,6627,SkyMind,2,0,1
0.79,2,0.99,0,summer,2588,SkyMind,7,0,0
0.17,7,0.71,1,autumn,3262,SkyMind,1,1,0
0.66,4,0.66,0,summer,13813,PacificAir,2,0,1
0.56,20,0.96,0,winter,5497,AsiaJet,8,0,1
0.12,13,0.57,1,autumn,12494,AeroGulf,1,0,0
0.23,23,0.68,1,spring,3321,EuroWings,8,1,0
0.42,21,0.68,1,spring,10459,PacificAir,8,1,0
0.86,5,0.71,1,summer,2017,PacificAir,2,1,0
0.22,23,0.92,0,summer,8901,AeroGulf,4,0,1
0.18,12,0.92,1,summer,6956,AeroGulf,9,0,1
0.72,13,0.8,1,summer,9487,AsiaJet,1,1,0
0.98,9,1.0,1,spring,13001,EuroWings,0,0,1
0.45,16,0.92,0,spring,12474,PacificAir,2,1,0
0.35,6,0.84,1,winter,2021,AsiaJet,7,0,0
0.25,23,0.6,0,winter,5827,PacificAir,1,0,1
0.05,13,0.77,1,winter,11421,AsiaJet,4,0,0
0.18,14,0.61,0,spring,13595,AsiaJet,3,0,1
0.09,4,0.65,0,winter,5372,EuroWings,8,0,0
0.49,24,0.84,1,summer,12054,SkyMind,9,1,0
0.98,9,0.59,0,winter,7665,PacificAir,4,1,1
0.79,5,0.55,1,spring,3063,AsiaJet,0,0,0
0.6,11,0.77,0,spring,10530,AsiaJet,6,0,0
0.49,16,0.5,1,winter,8000,AeroGulf,8,0,0
0.62,12,0.8,1,summer,3518,SkyMind,5,0,0
0.38,17,0.95,0,summer,13465,AeroGulf,9,1,0
0.18,8,0.6,1,autumn,801,SkyMind,7,0,0
0.59,12,0.69,0,spring,9218,EuroWings,8,1,0
0.53,8,0.96,0,summer,7008,EuroWings,6,0,0
0.94,13,0.85,1,winter,9238,AeroGulf,4,1,0
0.65,23,0.57,0,spring,845,AeroGulf,2,1,0
0.77,23,0.69,0,spring,8111,SkyMind,3,0,1
0.09,5,0.88,1,spring,8746,SkyMind,3,1,1
0.76,8,0.83,1,spring,3171,AeroGulf,6,0,0
0.98,3,0.58,0,summer,13851,AeroGulf,8,0,1
0.66,11,0.53,1,winter,1848,AsiaJet,1,1,1
0.74,5,0.84,0,winter,5496,PacificAir,9,0,0
0.98,16,0.8,1,autumn,9222,AeroGulf,1,0,1
0.39,10,0.53,0,spring,8807,SkyMind,3,1,0
0.82,10,0.99,1,autumn,6230,AsiaJet,7,1,0
0.4,16,0.63,1,spring,11568,EuroWings,9,0,1
0.43,11,0.69,0,winter,4991,EuroWings,0,0,0
0.66,24,0.59,1,winter,2539,EuroWings,5,0,1
0.26,9,0.91,1,winter,7078,AsiaJet,0,1,0
0.99,24,0.98,1,autumn,9749,AeroGulf,8,1,0
0.33,22,0.61,0,winter,10009,PacificAir,4,0,1
0.12,7,0.64,0,summer,6859,EuroWings,2,1,1
0.32,14,0.85,0,spring,12319,AeroGulf,0,1,0
0.86,14,0.76,1,winter,2754,EuroWings,3,1,0
0.31,22,0.55,1,spring,7947,EuroWings,9,0,1
0.61,18,0.96,1,winter,9683,EuroWings,5,1,0
0.94,17,0.81,1,autumn,3635,SkyMind,7,1,1
0.26,1,0.65,1,summer,8537,AsiaJet,8,0,1
0.13,12,0.74,1,spring,11167,AsiaJet,3,1,0
0.1,23,0.75,1,autumn,3841,SkyMind,4,0,0
0.44,8,0.76,1,winter,7826,EuroWings,7,1,0
0.1,1,0.75,1,summer,3545,AsiaJet,2,0,1
0.45,12,0.78,0,summer,9769,AsiaJet,3,0,0
0.86,17,0.7,1,autumn,4728,AsiaJet,9,0,0
0.78,7,0.57,1,summer,7767,EuroWings,5,1,1
0.58,11,0.83,1,spring,3301,EuroWings,4,1,0
0.85,13,0.9,0,winter,10926,AsiaJet,7,1,1
0.1,21,0.92,1,summer,2753,PacificAir,9,1,1
0.61,9,0.51,0,winter,4210,AeroGulf,1,1,1
0.12,23,0.7,0,summer,8424,AeroGulf,8,0,0
0.48,7,0.99,1,spring,9237,EuroWings,0,1,1
0.46,18,0.53,1,winter,3372,PacificAir,1,1,0
0.27,18,0.89,0,spring,7911,PacificAir,7,0,0
0.83,10,0.56,1,summer,10356,PacificAir,7,0,1
0.23,1,0.91,1,autumn,1437,SkyMind,7,0,0
0.55,14,0.84,1,winter,12696,SkyMind,1,1,1
0.48,23,0.86,1,winter,12046,AsiaJet,7,1,1
0.43,21,0.99,1,spring,5035,PacificAir,4,1,1
0.03,1,0.97,1,spring,6618,AeroGulf,3,0,0
0.7,23,0.65,0,autumn,1146,SkyMind,1,0,0
0.01,7,0.69,1,spring,6556,EuroWings,8,1,0
0.82,19,0.7,0,autumn,10328,EuroWings,2,0,0
0.27,19,0.59,1,spring,5076,PacificAir,4,0,1
0.12,4,0.69,0,summer,4136,AsiaJet,3,0,1
0.42,7,0.99,1,summer,12433,PacificAir,8,1,0
0.56,16,0.74,1,autumn,12545,EuroWings,3,1,0
0.31,7,0.98,1,summer,2258,EuroWings,4,0,0
0.12,11,0.54,0,autumn,2607,AsiaJet,7,1,0
0.02,8,0.52,0,summer,3110,SkyMind,3,0,0
0.7,13,0.79,0,autumn,1681,AsiaJet,1,1,0
0.89,9,0.87,1,winter,8888,AeroGulf,9,1,0
0.1,5,0.61,0,autumn,5516,EuroWings,1,0,0
0.23,10,0.75,1,summer,9618,AeroGulf,9,1,0
0.02,11,0.94,0,spring,2493,EuroWings,8,1,0
0.89,24,0.88,0,winter,7044,EuroWings,9,1,1
0.44,17,0.62,0,spring,4815,PacificAir,5,1,1
0.93,15,0.67,1,winter,7140,EuroWings,0,0,0
0.47,11,0.65,0,winter,12614,EuroWings,9,0,1
0.86,2,0.86,0,autumn,10887,EuroWings,1,0,1
0.95,24,0.98,1,autumn,7680,EuroWings,8,0,1
0.34,8,0.64,0,winter,7777,PacificAir,7,0,0
0.64,12,0.79,1,summer,6719,PacificAir,8,1,0
0.67,7,0.99,0,winter,13728,AeroGulf,5,0,0
0.02,24,0.58,0,summer,7298,AeroGulf,2,0,0
0.44,2,0.83,1,winter,9901,AeroGulf,3,0,1
0.86,8,0.67,0,summer,6641,AsiaJet,6,0,1
0.95,15,1.0,0,autumn,13751,PacificAir,7,0,0
0.9,12,0.55,0,winter,3220,PacificAir,9,1,1
0.97,3,0.73,1,winter,2839,SkyMind,8,0,0
0.65,4,0.63,1,summer,10063,SkyMind,9,1,0
0.23,12,0.52,1,summer,8584,SkyMind,7,1,0
0.58,23,0.98,0,winter,2041,AeroGulf,1,1,1
0.42,7,0.78,1,summer,13481,EuroWings,1,0,0
0.26,16,0.85,1,autumn,2668,AsiaJet,4,1,0
0.77,22,0.81,1,autumn,6262,PacificAir,1,0,1
0.63,17,0.57,1,winter,4495,AeroGulf,0,0,0
0.79,19,0.59,0,winter,7321,AsiaJet,9,0,0
0.27,15,0.81,0,summer,12963,PacificAir,3,1,1
0.9,20,0.89,1,autumn,4306,AsiaJet,0,0,1
0.24,18,0.81,0,spring,13340,AsiaJet,3,0,1
0.6,5,0.79,0,autumn,2859,PacificAir,3,0,0
0.06,22,0.87,1,summer,10122,AsiaJet,5,0,1
0.54,22,0.62,0,summer,3383,SkyMind,9,0,0
0.1,14,0.87,1,winter,10392,SkyMind,4,1,0
0.33,14,0.71,1,autumn,3242,AsiaJet,8,0,0
0.86,14,0.84,0,winter,7470,AeroGulf,9,0,1
0.89,17,0.64,1,summer,9118,EuroWings,7,1,1
0.77,14,0.57,0,winter,8440,PacificAir,5,1,0
0.37,4,0.51,1,winter,12716,AeroGulf,5,1,1
0.58,10,0.9,1,winter,2751,EuroWings,5,1,0
0.22,4,0.6,1,winter,624,PacificAir,3,0,0
0.68,3,0.68,1,spring,2992,EuroWings,4,1,1
0.35,7,0.88,1,summer,4521,PacificAir,3,1,1
0.22,20,0.73,0,autumn,7469,SkyMind,1,0,0
0.58,7,0.61,1,winter,11886,AeroGulf,4,1,1
0.11,3,0.6,0,autumn,9809,EuroWings,0,1,1
0.69,13,0.7,1,autumn,9458,SkyMind,8,0,0
0.19,4,0.78,0,autumn,11029,AeroGulf,9,1,0
0.55,19,0.7,1,summer,12440,AsiaJet,8,1,1
0.39,4,0.95,0,winter,1097,AeroGulf,8,0,0
0.57,15,0.5,1,autumn,10786,AeroGulf,1,1,1
0.25,20,0.7,1,winter,13639,SkyMind,2,0,1
0.31,12,0.87,0,winter,8481,SkyMind,7,1,1
0.14,14,0.95,0,autumn,4933,EuroWings,1,0,0
0.78,4,0.68,1,spring,1338,EuroWings,5,1,0
0.07,3,0.84,0,summer,11285,AsiaJet,8,0,0
0.38,6,0.79,1,winter,11105,SkyMind,6,0,1
0.45,15,0.6,0,winter,7167,SkyMind,2,0,0
0.2,5,0.84,1,spring,6933,AeroGulf,7,0,0
0.38,6,0.62,0,summer,11105,AeroGulf,8,0,1
0.42,12,0.89,0,autumn,13000,AsiaJet,4,0,0
0.22,7,0.93,1,summer,3033,AeroGulf,7,1,1
0.64,20,0.74,1,autumn,11413,AeroGulf,7,1,1
0.03,11,0.53,0,autumn,8481,EuroWings,0,1,0
0.2,17,0.87,1,spring,10434,AsiaJet,1,0,1
0.62,12,0.73,1,winter,1297,EuroWings,6,1,0
0.63,8,0.55,1,summer,6897,AsiaJet,0,1,0
0.27,13,0.67,0,summer,10940,EuroWings,3,0,0
0.68,18,0.65,0,autumn,4869,EuroWings,6,0,1
0.47,19,0.86,0,spring,13255,AsiaJet,9,1,1
0.53,18,0.71,1,spring,8693,AeroGulf,4,1,0
0.33,10,0.79,0,autumn,12311,PacificAir,1,1,1
0.98,6,0.75,0,spring,867,SkyMind,2,0,1
0.74,5,0.86,1,winter,3125,AsiaJet,7,1,1
0.25,13,0.86,0,spring,2669,PacificAir,0,1,0
0.24,23,0.72,1,spring,6760,EuroWings,4,1,1
0.77,7,0.57,0,winter,6560,AeroGulf,2,0,1
0.39,11,0.7,0,autumn,10017,EuroWings,8,1,0
0.09,13,0.58,0,spring,13127,AsiaJet,5,0,0
0.04,5,0.98,0,autumn,8238,PacificAir,4,0,0
0.41,19,0.98,1,autumn,2996,EuroWings,2,1,1
0.41,19,0.73,0,autumn,1483,AeroGulf,3,1,1
0.71,4,0.51,0,winter,13899,AsiaJet,7,0,1
0.57,12,0.69,0,summer,11667,AsiaJet,0,0,0
0.77,18,0.95,0,autumn,10973,EuroWings,6,0,1
0.32,3,0.64,0,summer,6653,AeroGulf,0,1,0
0.62,11,0.81,0,summer,9384,AsiaJet,0,1,0
0.89,9,0.59,0,summer,2257,AsiaJet,3,0,0
0.07,24,0.91,0,autumn,5883,EuroWings,1,0,0
0.71,18,0.95,0,winter,6195,PacificAir,0,0,0
0.72,12,0.81,1,spring,1684,SkyMind,7,1,0
0.79,9,0.81,0,summer,6341,AeroGulf,9,0,0
0.27,21,0.69,1,summer,10065,AsiaJet,9,0,1
0.42,24,0.85,0,spring,9415,AsiaJet,6,0,0
0.24,6,0.74,0,winter,1505,AsiaJet,8,1,0
0.31,2,0.87,1,winter,4758,PacificAir,1,1,1
0.97,1,0.98,1,summer,1263,SkyMind,9,0,0
0.45,4,0.91,1,summer,9276,EuroWings,9,1,0
0.85,20,0.76,1,summer,5244,AeroGulf,5,0,1
0.79,23,0.99,1,winter,9682,PacificAir,2,0,1
0.44,18,0.8,1,autumn,9067,AsiaJet,4,0,1
0.99,4,0.53,0,summer,8030,SkyMind,8,0,0
0.84,11,0.87,0,spring,12698,SkyMind,2,0,1
0.48,1,0.91,0,spring,7763,SkyMind,8,1,0
0.31,7,0.57,0,summer,8033,EuroWings,7,1,1
0.08,11,0.84,1,autumn,3329,AeroGulf,9,1,1
0.46,16,0.96,0,summer,663,AsiaJet,8,1,0
0.36,19,0.63,0,spring,2131,PacificAir,1,0,1
0.71,24,0.79,0,spring,5262,PacificAir,3,1,0
0.02,13,0.64,1,spring,4327,PacificAir,2,1,0
0.83,1,0.89,1,autumn,8047,PacificAir,5,1,1
0.42,12,0.79,0,summer,4616,AsiaJet,7,0,0
0.47,1,0.71,0,winter,2107,AeroGulf,6,0,0
0.18,14,0.51,0,summer,6519,AsiaJet,1,0,1
0.94,13,0.97,0,autumn,12855,PacificAir,4,0,0
0.4,16,0.75,0,summer,7730,AeroGulf,3,0,0
0.84,5,0.9,1,summer,4317,EuroWings,0,1,0
0.24,4,0.7,1,winter,10450,AeroGulf,4,1,0
0.1,4,0.92,0,winter,816,EuroWings,4,1,0
0.64,8,0.58,1,winter,2391,AsiaJet,4,0,0
0.98,15,0.62,0,spring,9348,EuroWings,2,1,1
0.65,16,0.67,1,summer,2425,EuroWings,0,0,1
0.61,7,0.54,1,summer,11934,AeroGulf,9,0,0
0.44,8,0.72,1,spring,11190,AsiaJet,6,1,0
0.28,18,0.74,0,winter,7733,AeroGulf,8,1,1
0.43,16,0.56,1,summer,10304,SkyMind,9,0,0
0.15,15,0.71,0,summer,4142,EuroWings,5,1,0
0.26,23,0.6,0,summer,6893,AeroGulf,3,1,0
0.49,20,0.94,1,autumn,10955,AsiaJet,4,0,0
0.14,24,0.75,0,winter,5194,AeroGulf,2,1,0
0.79,24,0.98,1,winter,4634,SkyMind,3,1,0
0.01,16,0.67,0,autumn,8272,EuroWings,9,1,0
0.32,16,0.67,1,autumn,12948,SkyMind,2,1,0
0.52,2,0.67,1,spring,9253,SkyMind,9,1,0
0.93,6,0.63,0,winter,644,EuroWings,6,0,0
0.57,11,0.89,1,spring,7833,SkyMind,3,0,0
0.29,5,0.64,1,winter,6384,EuroWings,9,0,0
0.35,15,0.64,1,summer,6828,EuroWings,5,0,0
0.34,14,0.52,0,autumn,971,PacificAir,7,1,1
0.18,16,0.98,1,winter,9721,AsiaJet,7,0,0
0.14,16,0.94,1,spring,3110,AeroGulf,5,0,0
0.48,9,0.65,1,winter,1597,AeroGulf,8,1,1
0.27,19,0.76,0,winter,12405,AsiaJet,5,0,0
0.09,5,0.74,0,winter,11995,SkyMind,8,1,0
0.22,21,0.54,0,summer,1432,AsiaJet,5,1,0
0.52,8,0.77,0,summer,9098,EuroWings,8,0,1
0.26,14,0.56,0,spring,2039,EuroWings,7,0,0
0.24,9,0.72,1,winter,9047,AeroGulf,6,1,1
0.62,12,0.54,1,summer,7778,PacificAir,7,0,1
0.69,15,0.79,0,winter,13464,SkyMind,3,1,1
0.24,21,0.52,1,autumn,9090,AsiaJet,6,0,1
0.47,14,0.81,1,summer,12071,EuroWings,1,1,0
0.76,2,0.85,0,winter,5960,EuroWings,2,1,1
0.69,22,0.79,0,spring,11738,PacificAir,2,1,0
0.07,4,0.73,1,autumn,11969,EuroWings,4,0,0
0.36,8,0.53,0,autumn,4895,AsiaJet,3,0,0
0.72,22,0.51,0,autumn,5625,AeroGulf,0,1,1
0.18,2,0.67,0,spring,3594,AeroGulf,6,1,0
0.2,19,0.89,1,spring,12698,SkyMind,9,1,0
0.63,18,0.82,0,summer,8556,AsiaJet,1,0,0
0.28,6,0.56,1,winter,8050,EuroWings,7,0,1
0.32,20,0.84,1,summer,8864,EuroWings,3,0,1
0.52,16,0.79,1,winter,1542,AsiaJet,9,1,0
0.75,1,0.58,0,summer,11825,AeroGulf,4,0,0
0.5,9,0.88,1,summer,2322,EuroWings,3,0,0
0.89,22,0.92,1,spring,6994,EuroWings,3,0,0
0.11,2,0.62,1,summer,12083,AsiaJet,5,1,1
0.75,15,0.82,1,spring,8710,SkyMind,4,0,0
0.54,19,0.69,1,summer,9710,AsiaJet,5,0,0
0.82,24,0.53,1,autumn,4499,EuroWings,1,1,0
0.32,9,0.93,0,winter,9289,AsiaJet,0,0,0
0.48,9,0.91,1,summer,3311,AsiaJet,2,1,1
0.82,5,0.66,0,summer,5793,SkyMind,9,0,1
0.83,4,0.77,0,spring,12492,AeroGulf,7,0,1
0.38,5,0.76,0,summer,1528,AsiaJet,0,1,0
0.82,12,0.59,1,spring,4105,AsiaJet,7,1,0
0.68,1,0.57,0,spring,6164,SkyMind,1,0,0
0.41,19,0.92,0,summer,12454,EuroWings,9,1,0
0.97,9,0.93,1,spring,6401,PacificAir,3,1,1
0.03,12,0.86,0,winter,10908,PacificAir,2,0,0
0.38,24,0.54,1,summer,13160,EuroWings,0,1,0
0.31,13,0.95,1,spring,4305,EuroWings,7,1,1
0.94,20,0.99,1,winter,11734,EuroWings,0,0,0
0.1,17,0.89,1,spring,3017,AeroGulf,6,1,1
0.63,3,0.68,0,autumn,10259,AeroGulf,2,1,1
0.72,13,0.7,0,autumn,3206,SkyMind,2,0,0
0.18,14,0.93,0,spring,13792,EuroWings,8,1,0
0.15,4,0.64,1,spring,10062,AsiaJet,7,1,0
0.05,4,0.57,0,spring,12756,EuroWings,9,1,0
0.16,1,0.91,1,spring,9976,EuroWings,2,0,1
0.81,6,0.6,0,summer,2672,AsiaJet,8,0,0
0.94,11,0.95,1,winter,5885,SkyMind,5,0,0
0.9,24,0.8,0,summer,3102,EuroWings,2,1,0
0.37,2,0.78,0,winter,5498,AsiaJet,6,0,0
0.73,23,0.89,0,summer,1918,PacificAir,3,0,1
0.83,19,0.51,1,autumn,1731,PacificAir,5,1,0
0.81,22,0.86,1,summer,6120,AsiaJet,1,0,0
0.06,18,0.8,1,winter,9956,EuroWings,8,1,1
0.21,24,0.76,1,spring,3026,AeroGulf,2,0,1
0.94,20,0.61,0,winter,9445,AeroGulf,9,0,0
0.74,22,0.91,1,winter,3909,EuroWings,3,0,1
0.83,16,0.63,0,autumn,6941,AsiaJet,8,1,0
0.51,3,0.74,0,winter,4622,SkyMind,6,1,1
0.39,1,0.58,1,spring,12903,AeroGulf,1,0,0
0.65,2,0.99,1,summer,7044,PacificAir,0,0,0
0.47,13,0.6,1,winter,949,SkyMind,6,0,0
0.37,14,0.9,1,autumn,1684,PacificAir,1,1,0
0.35,8,0.63,1,winter,1064,EuroWings,5,1,1
0.16,14,0.63,0,winter,3794,SkyMind,5,0,0
0.53,6,0.71,0,spring,1315,EuroWings,4,1,0
0.52,12,0.92,1,spring,9496,AeroGulf,1,1,0
0.59,4,0.84,0,spring,4431,EuroWings,8,1,0
0.12,9,0.94,0,summer,10553,AeroGulf,0,0,0
0.91,7,0.52,0,winter,10272,AeroGulf,9,0,0
0.74,1,0.98,1,summer,6600,AsiaJet,0,1,1
0.13,22,0.54,1,spring,6113,EuroWings,1,0,0
0.08,4,0.86,0,winter,3533,SkyMind,7,0,0
0.64,6,0.6,1,summer,5882,SkyMind,4,0,1
0.34,11,0.92,0,spring,1692,AsiaJet,2,0,0
0.32,8,0.93,0,spring,7484,EuroWings,3,1,0
0.84,13,0.78,0,winter,845,AsiaJet,3,1,0
0.35,9,0.7,1,summer,13028,AeroGulf,8,1,1
0.63,19,0.9,0,spring,4569,EuroWings,4,1,0
0.54,18,0.94,0,spring,11578,SkyMind,3,1,0
0.26,23,0.87,1,spring,6493,AeroGulf,6,1,1
0.33,23,0.95,1,spring,1902,AsiaJet,5,0,1
0.94,19,0.81,0,spring,11279,AsiaJet,1,0,0
0.33,5,0.84,0,spring,6872,AsiaJet,3,0,0
0.78,10,0.79,1,winter,7925,EuroWings,2,1,1
0.86,15,0.74,0,autumn,13229,AsiaJet,8,1,1
0.07,8,0.83,0,autumn,12219,AeroGulf,5,0,1
0.66,19,0.78,0,spring,6516,EuroWings,1,0,1
0.75,8,0.87,0,spring,4384,EuroWings,4,1,0
0.43,15,0.97,0,winter,9887,AeroGulf,5,0,0
0.57,19,0.69,1,winter,9111,SkyMind,0,0,1
0.16,4,0.71,0,spring,2717,EuroWings,9,1,0
0.32,3,0.51,1,summer,5042,AeroGulf,5,1,1
0.71,5,0.76,0,summer,2818,EuroWings,2,0,1
0.6,12,0.57,1,autumn,9579,SkyMind,7,0,0
0.14,16,0.86,1,winter,2638,SkyMind,4,0,1
0.99,8,0.89,0,autumn,12422,PacificAir,5,1,0
0.94,21,0.86,0,autumn,9973,EuroWings,3,1,0
0.22,23,0.77,0,summer,9851,EuroWings,0,0,0
0.88,20,0.77,1,autumn,13209,AeroGulf,3,0,1
0.27,18,0.82,0,spring,8073,AeroGulf,9,1,0
0.56,22,0.78,0,autumn,12072,PacificAir,3,1,0
0.78,12,0.88,0,autumn,7470,AeroGulf,3,1,1
0.34,5,0.95,0,spring,11400,SkyMind,2,1,0
0.56,8,0.77,1,spring,1114,AsiaJet,2,0,0
0.45,8,0.56,0,autumn,10217,EuroWings,0,1,0
0.76,1,0.57,1,summer,7686,PacificAir,7,0,1
0.48,8,0.69,0,autumn,4467,EuroWings,6,0,1
0.57,19,0.75,1,summer,3303,PacificAir,2,1,1
0.85,18,0.61,1,summer,13797,AsiaJet,6,0,1
0.7,20,0.73,1,spring,6011,PacificAir,8,0,1
0.53,10,0.57,1,summer,4089,PacificAir,6,0,0
0.46,8,0.62,1,winter,8737,AsiaJet,3,1,1
0.13,13,0.87,1,autumn,13459,AeroGulf,0,1,0
0.06,5,0.99,0,summer,6456,SkyMind,8,1,0
0.95,11,0.59,0,summer,13210,PacificAir,7,0,1
0.19,23,0.67,1,autumn,2343,SkyMind,2,1,1
0.28,8,0.68,0,spring,3117,PacificAir,9,1,0
0.61,19,0.61,0,winter,6002,AsiaJet,8,0,0
0.83,23,0.6,0,summer,8759,SkyMind,4,1,0
0.83,23,0.57,1,winter,2352,EuroWings,3,0,1
0.83,19,0.95,1,autumn,13246,SkyMind,5,1,0
0.98,22,0.82,0,summer,2741,AsiaJet,6,0,1
0.06,23,0.65,0,summer,12337,AeroGulf,5,1,1
0.4,9,0.63,0,summer,1402,AeroGulf,8,1,0
0.91,16,0.79,0,winter,10279,SkyMind,0,1,0
0.47,12,0.85,0,winter,5158,AsiaJet,3,0,0
0.87,4,0.63,1,summer,1988,AeroGulf,0,0,1
0.02,4,0.67,1,autumn,2656,AeroGulf,9,1,1
0.5,12,0.65,0,summer,12809,AeroGulf,6,0,1
0.92,14,0.54,1,autumn,5334,SkyMind,3,1,1
0.26,16,0.69,1,spring,627,AeroGulf,0,1,0
0.93,21,0.77,0,spring,11981,AsiaJet,0,1,0
0.01,12,0.83,1,spring,13537,AsiaJet,7,1,0
0.08,21,0.71,1,autumn,8031,EuroWings,3,0,1
0.48,15,0.99,1,winter,10113,AeroGulf,9,1,0
0.11,1,0.81,1,autumn,3709,EuroWings,2,1,1
0.23,8,0.94,0,autumn,12237,EuroWings,8,0,0
0.3,24,0.96,1,spring,7628,AeroGulf,1,0,0
0.48,3,0.91,1,summer,3672,EuroWings,4,0,0
0.39,12,0.63,1,autumn,10946,AeroGulf,1,1,1
0.92,6,0.72,1,spring,1637,PacificAir,2,1,1
0.89,9,0.5,0,autumn,13091,AsiaJet,4,1,0
0.75,20,0.73,0,winter,3385,PacificAir,1,0,0
0.66,22,0.65,0,autumn,8040,SkyMind,6,1,1
0.2,20,0.56,1,spring,2159,SkyMind,1,0,0
0.6,6,0.92,0,autumn,7302,EuroWings,9,0,1
0.15,15,0.84,0,autumn,11983,PacificAir,4,0,0
0.45,22,1.0,0,autumn,5966,PacificAir,4,1,0
0.46,4,0.75,0,spring,3485,AeroGulf,2,0,1
0.69,5,0.67,1,spring,1443,EuroWings,1,0,1
0.84,17,0.63,0,autumn,5060,AsiaJet,7,0,0
0.32,9,0.72,0,spring,8951,PacificAir,5,1,0
0.04,11,0.65,0,autumn,5756,PacificAir,9,0,0
0.05,7,1.0,0,autumn,2071,AeroGulf,4,0,0
0.87,21,0.59,1,autumn,8840,AeroGulf,2,1,0
0.49,21,0.51,0,autumn,13528,AsiaJet,9,0,1
0.25,6,0.56,0,summer,10071,EuroWings,0,1,1
0.03,11,0.95,1,summer,4919,AeroGulf,9,1,1
0.53,14,0.85,1,winter,8170,SkyMind,4,1,0
0.14,24,0.89,0,autumn,7907,PacificAir,0,1,0
0.42,11,0.66,0,autumn,8746,SkyMind,0,1,0
0.52,19,0.81,0,spring,8057,SkyMind,2,0,1
0.23,13,0.85,1,autumn,5553,PacificAir,1,0,1
0.2,8,0.66,0,spring,11122,PacificAir,4,1,0
0.02,19,0.86,1,winter,1113,AeroGulf,4,1,0
0.59,14,0.81,1,summer,6977,EuroWings,6,0,0
0.2,5,0.65,1,summer,10838,PacificAir,4,1,0
0.88,11,0.53,0,spring,12910,EuroWings,6,0,1
0.6,21,0.62,0,autumn,6718,PacificAir,7,0,1
0.56,2,0.81,1,spring,7880,SkyMind,0,0,1
0.5,15,0.8,0,winter,6771,SkyMind,3,0,0
0.22,16,0.75,0,summer,8986,AsiaJet,0,1,0
0.97,1,0.63,1,autumn,11262,AeroGulf,5,0,1
0.97,3,0.72,1,autumn,4454,AeroGulf,3,0,0
0.32,10,0.57,1,autumn,11269,PacificAir,8,0,1
0.78,4,0.83,0,summer,557,PacificAir,0,0,0
0.12,23,0.93,1,autumn,4746,AeroGulf,6,0,0
0.78,23,0.73,0,winter,3020,AsiaJet,7,0,0
0.29,16,0.61,1,winter,2191,PacificAir,0,0,0
0.29,9,0.91,0,summer,3910,EuroWings,3,0,0
0.51,4,0.66,0,summer,4014,PacificAir,0,0,0
0.39,19,0.8,1,summer,4622,EuroWings,5,0,1
0.12,19,0.54,0,spring,963,EuroWings,2,0,0
0.59,10,0.86,1,summer,7773,SkyMind,4,1,0
0.21,10,0.73,0,summer,7082,SkyMind,0,1,0
0.44,14,0.71,1,spring,6718,AsiaJet,0,1,0
0.23,1,0.97,1,autumn,879,SkyMind,6,1,0
0.86,16,0.75,0,spring,11535,EuroWings,5,0,0
0.34,22,0.51,1,winter,4537,AsiaJet,8,1,0
0.89,20,0.98,0,winter,8879,SkyMind,4,1,0
0.33,5,0.51,0,autumn,11784,SkyMind,0,1,0
0.18,14,0.77,1,spring,3739,EuroWings,7,1,0
0.58,18,0.82,1,autumn,8668,PacificAir,0,0,0
0.56,8,0.95,1,winter,3887,AsiaJet,0,1,0
0.62,10,0.84,1,spring,11347,SkyMind,9,1,0
0.3,3,0.91,1,spring,7743,EuroWings,8,1,0
0.32,23,0.88,0,winter,9369,SkyMind,6,1,0
0.24,8,0.61,1,summer,7422,PacificAir,4,1,1
0.93,15,0.85,0,autumn,4821,AeroGulf,4,1,1
0.68,14,0.82,1,winter,9203,AsiaJet,9,1,0
0.76,3,0.62,0,winter,775,AsiaJet,7,1,1
0.19,15,0.56,1,spring,12973,EuroWings,2,0,0
0.66,21,0.88,1,spring,11158,EuroWings,0,1,0
0.76,1,0.99,1,autumn,10138,SkyMind,4,1,1
0.34,7,0.87,0,winter,11407,AsiaJet,4,1,0
0.16,14,0.87,1,winter,11871,SkyMind,6,1,0
0.7,4,0.58,1,spring,10519,AeroGulf,9,0,1
0.61,14,0.62,0,winter,7174,AsiaJet,7,1,0
0.58,9,0.79,0,spring,12197,AeroGulf,6,1,1
0.18,10,0.52,0,summer,13431,SkyMind,6,1,0
0.26,24,0.83,0,summer,1218,PacificAir,8,1,0
0.62,10,0.57,1,autumn,12887,AeroGulf,0,1,1
0.61,7,0.71,1,autumn,10556,PacificAir,7,0,1
0.55,15,0.66,1,winter,2275,AsiaJet,8,1,0
0.77,4,0.55,1,winter,7076,PacificAir,1,0,1
0.81,18,0.79,0,winter,1756,PacificAir,3,0,1
0.28,16,0.68,0,winter,13922,SkyMind,7,0,1
0.16,19,0.52,1,summer,9184,SkyMind,7,0,0
0.2,8,0.72,0,spring,11052,SkyMind,2,0,1
0.28,16,0.8,1,spring,6958,SkyMind,0,0,0
0.95,6,0.57,1,winter,7542,AsiaJet,6,1,0
0.14,19,0.79,1,summer,7916,SkyMind,0,0,0
0.88,10,0.65,0,winter,2748,AsiaJet,6,0,1
0.2,13,0.63,0,spring,8149,AsiaJet,7,1,0
0.35,16,0.9,0,autumn,6182,PacificAir,2,0,1
0.13,2,0.73,1,summer,7690,AsiaJet,9,1,0
0.1,8,0.69,0,spring,12965,SkyMind,1,0,0
0.1,9,0.91,1,spring,4593,EuroWings,3,0,1
0.34,7,0.96,1,autumn,13101,PacificAir,0,0,0
0.52,5,0.66,0,autumn,5644,AsiaJet,1,0,0
0.2,8,0.53,0,autumn,10309,PacificAir,8,0,0
0.93,3,0.77,0,autumn,4881,AsiaJet,7,1,0
0.59,13,0.86,0,summer,13764,AsiaJet,8,0,0
0.89,20,0.79,0,winter,5436,PacificAir,0,0,1
0.15,19,0.84,0,summer,2167,PacificAir,9,1,0
0.14,12,0.82,1,summer,4734,AeroGulf,5,0,1
0.85,19,0.98,0,spring,13264,AeroGulf,0,0,0
0.57,8,0.93,1,spring,10194,SkyMind,6,0,0
0.94,19,0.57,1,spring,11801,AsiaJet,9,0,0
0.15,6,0.73,1,spring,4974,PacificAir,4,1,0
0.03,7,0.73,0,spring,1288,EuroWings,7,0,0
0.92,17,0.73,1,summer,6690,PacificAir,5,1,1
0.7,15,0.97,1,autumn,1911,AeroGulf,0,1,0
0.81,14,0.66,1,winter,12183,PacificAir,6,1,1
0.3,15,0.81,1,summer,6758,EuroWings,5,0,0
0.0,8,0.95,0,winter,8247,PacificAir,2,0,0
0.48,8,0.53,0,winter,6871,PacificAir,7,1,0
0.99,20,0.94,1,autumn,9258,EuroWings,2,1,1
0.91,24,0.88,0,winter,7116,AeroGulf,7,0,1
0.07,6,0.6,1,autumn,6178,PacificAir,4,1,1
0.19,23,0.66,1,summer,12567,AeroGulf,9,1,1
0.31,3,0.66,1,autumn,12529,EuroWings,2,1,1
0.83,16,0.61,1,autumn,12777,PacificAir,7,1,0
0.82,3,0.82,1,spring,6561,PacificAir,1,1,0
0.19,13,0.99,1,spring,11778,AsiaJet,9,0,0
0.53,15,0.58,1,autumn,6664,SkyMind,0,1,1
0.5,10,0.62,0,autumn,13320,EuroWings,7,0,1
0.41,9,0.65,1,winter,8220,AeroGulf,7,1,1
0.54,15,0.97,0,winter,13311,EuroWings,3,0,1
0.29,12,0.81,0,autumn,8613,AsiaJet,6,1,0
0.53,19,0.61,1,winter,1705,EuroWings,2,1,1
0.69,9,0.9,1,summer,3244,SkyMind,8,0,1
0.06,3,0.96,0,winter,11265,EuroWings,0,1,0
0.97,13,0.7,1,winter,2166,AeroGulf,7,0,1
0.17,4,0.59,1,autumn,7815,AeroGulf,6,0,0
0.36,3,0.65,1,winter,12569,SkyMind,7,0,1
0.47,5,0.61,0,autumn,10858,AsiaJet,4,0,0
0.04,20,0.6,1,spring,2417,PacificAir,7,0,0
0.55,9,0.59,0,winter,11350,PacificAir,6,0,0
0.87,18,0.94,0,autumn,1419,SkyMind,6,0,0
0.9,10,0.54,0,autumn,11276,SkyMind,4,1,0
0.33,24,0.71,1,winter,6837,AeroGulf,6,0,0
0.56,19,0.51,0,spring,13694,SkyMind,9,0,0
0.78,15,0.65,0,autumn,8810,AeroGulf,0,1,1
0.25,18,0.85,1,autumn,4543,EuroWings,7,0,1
0.53,7,0.6,0,winter,10954,AeroGulf,8,1,0
0.37,22,1.0,1,summer,6448,AeroGulf,9,0,0
0.38,24,0.52,1,autumn,4163,EuroWings,3,1,0
0.09,3,0.57,1,winter,9254,AeroGulf,4,1,1
0.41,22,0.89,1,winter,6229,PacificAir,6,0,0
0.16,2,0.99,1,spring,5585,AeroGulf,5,0,0
0.3,11,0.98,0,autumn,2698,SkyMind,5,1,0
0.33,15,0.9,1,autumn,13303,AeroGulf,6,1,1
0.43,7,0.99,1,autumn,6174,EuroWings,8,1,1
0.92,19,0.92,1,winter,1935,SkyMind,1,1,1
0.63,5,0.53,0,autumn,7005,EuroWings,4,0,0
0.97,19,0.92,0,spring,5032,EuroWings,6,1,0
0.59,10,0.74,1,spring,7930,PacificAir,0,1,1
0.81,15,0.73,1,autumn,9906,AsiaJet,6,0,0
0.83,1,0.5,0,autumn,1763,PacificAir,8,0,0
0.74,17,0.81,0,winter,9018,EuroWings,8,1,1
0.67,10,0.84,0,spring,12296,EuroWings,6,1,0
0.42,4,0.9,1,summer,6238,EuroWings,9,1,1
0.57,21,0.66,1,autumn,9627,EuroWings,5,0,0
0.19,17,0.56,1,autumn,6485,EuroWings,9,1,0
0.62,10,0.72,0,winter,3163,PacificAir,0,1,1
0.51,12,0.68,0,spring,984,AsiaJet,5,1,0
0.8,11,0.88,0,autumn,763,EuroWings,3,0,1
0.9,3,0.61,1,winter,12296,AsiaJet,3,0,0
0.13,19,0.57,0,autumn,11911,SkyMind,1,0,0
0.69,18,0.72,0,winter,11328,AeroGulf,7,1,0
0.95,22,0.81,0,winter,3775,EuroWings,8,1,0
0.92,18,0.64,0,winter,4150,EuroWings,0,1,1
0.83,4,0.56,0,autumn,9078,EuroWings,6,0,1
0.05,5,0.72,0,autumn,6446,AeroGulf,6,1,1
0.25,3,0.98,0,spring,1589,AsiaJet,6,1,0
0.15,1,0.98,0,autumn,2657,PacificAir,3,0,0
0.93,17,0.85,1,summer,12161,EuroWings,5,1,0
0.75,17,0.89,1,spring,9654,AeroGulf,9,1,1
0.53,22,0.6,1,winter,2959,SkyMind,8,0,0
0.98,20,0.69,0,spring,6971,AeroGulf,8,1,1
0.19,22,0.8,0,summer,5137,EuroWings,3,1,0
0.64,1,0.88,0,summer,2174,AsiaJet,1,0,1
0.61,21,0.58,1,winter,11330,AsiaJet,1,0,1
0.34,1,0.73,0,autumn,4843,SkyMind,1,1,0
0.49,4,0.58,1,summer,11618,EuroWings,0,0,1
0.24,9,0.82,0,autumn,5565,SkyMind,9,1,0
0.68,6,0.89,0,winter,6554,SkyMind,6,0,0
0.42,12,0.92,1,autumn,8049,EuroWings,5,1,0
0.02,13,0.87,1,autumn,6499,AsiaJet,4,1,0
0.95,20,0.58,0,spring,9731,AsiaJet,2,1,1
0.5,23,0.91,0,autumn,8226,AsiaJet,2,0,0
0.71,11,0.67,0,autumn,5786,AsiaJet,0,0,0
0.2,12,0.92,0,spring,8155,AsiaJet,0,1,0
0.13,10,0.63,0,autumn,10784,SkyMind,9,0,0
0.9,16,0.74,1,spring,2454,PacificAir,7,0,1
0.59,17,0.79,1,spring,7090,EuroWings,5,0,1
0.49,13,0.52,0,autumn,6860,PacificAir,4,1,0
0.52,1,0.95,0,autumn,5471,SkyMind,3,1,0
0.24,21,0.76,0,autumn,6308,EuroWings,7,0,0
0.91,23,0.6,0,spring,646,SkyMind,9,1,0
0.21,9,0.58,0,summer,9701,EuroWings,8,1,0
0.16,8,0.84,0,spring,8916,AeroGulf,0,1,0
0.93,18,0.54,1,summer,4655,SkyMind,1,1,1
0.26,1,0.72,1,winter,6649,SkyMind,3,1,0
0.86,3,0.77,0,summer,3225,AeroGulf,5,1,1
0.77,1,0.62,0,winter,2316,AsiaJet,9,0,1
0.38,1,0.56,1,autumn,5521,AeroGulf,2,0,1
0.25,24,0.75,1,spring,11790,AeroGulf,0,1,0
0.76,19,0.67,1,spring,5807,PacificAir,2,0,0
0.6,18,0.57,1,winter,3627,PacificAir,7,1,1
0.25,12,0.61,0,spring,5886,AsiaJet,4,1,0
0.89,6,0.74,1,spring,8716,PacificAir,0,1,1
0.72,17,0.57,0,winter,13577,AsiaJet,4,1,0
0.91,12,0.97,0,summer,12432,AeroGulf,9,0,1
0.44,2,0.89,0,autumn,7339,PacificAir,7,0,0
0.13,4,0.66,0,summer,12626,AsiaJet,8,0,0
0.92,7,0.63,1,summer,9690,AsiaJet,5,1,1
0.6,2,0.94,1,winter,6347,PacificAir,3,1,0
0.61,20,0.71,0,winter,2828,EuroWings,4,1,0
0.58,20,0.93,1,winter,6115,PacificAir,2,0,0
0.47,24,0.87,1,winter,6137,AsiaJet,6,0,0
0.26,15,0.55,1,summer,7245,EuroWings,9,0,1
0.61,7,0.91,0,winter,2826,PacificAir,3,1,1
0.72,23,0.77,0,spring,4933,AeroGulf,9,1,0
0.92,19,0.84,0,summer,4330,SkyMind,6,1,1
0.07,3,0.61,1,winter,7188,PacificAir,9,1,1
0.25,9,0.5,1,spring,9901,PacificAir,3,1,1
0.78,12,0.67,1,spring,6391,SkyMind,0,0,0
0.78,18,0.6,1,winter,8797,EuroWings,8,1,1
0.21,3,0.72,1,winter,4130,SkyMind,9,1,1
0.18,9,0.55,1,spring,6128,EuroWings,6,1,1
0.37,6,0.95,1,spring,10737,AsiaJet,9,1,0
0.06,5,0.56,1,summer,1799,EuroWings,7,1,1
0.73,9,0.88,0,summer,1615,AeroGulf,4,1,1
0.67,23,0.97,1,spring,4440,SkyMind,1,1,0
0.86,14,0.57,1,winter,10147,AeroGulf,1,1,1
0.43,2,0.67,1,winter,1085,AeroGulf,9,0,1
0.64,22,0.87,0,autumn,8690,SkyMind,0,1,0
0.95,3,0.86,1,spring,5475,EuroWings,8,1,0
0.96,1,0.52,1,winter,9378,AeroGulf,6,1,1
0.07,4,0.54,0,summer,2823,AeroGulf,3,1,0
0.0,13,0.56,0,spring,1280,EuroWings,4,0,0
0.96,8,0.78,1,summer,3909,AeroGulf,3,1,1
0.54,21,0.53,1,winter,5092,PacificAir,2,1,0
0.7,21,0.79,1,summer,10059,SkyMind,8,1,0
0.91,18,0.67,0,winter,2179,EuroWings,6,0,1
0.43,20,0.83,1,autumn,8623,PacificAir,1,0,0
0.44,4,0.89,1,summer,3440,PacificAir,1,1,0
0.17,7,0.9,1,winter,10842,EuroWings,6,1,0
0.91,13,0.52,1,spring,12303,AsiaJet,8,0,1
0.65,23,0.97,0,summer,12213,AeroGulf,3,0,1
0.18,21,0.79,1,winter,11028,AeroGulf,5,0,0
0.56,1,0.95,0,spring,12302,AsiaJet,5,0,0
0.33,18,0.81,0,autumn,13705,AsiaJet,8,1,0
0.15,14,0.74,0,autumn,1553,AsiaJet,1,0,0
0.18,8,0.86,1,winter,4679,AeroGulf,9,1,0
0.56,22,0.61,0,summer,5451,SkyMind,1,1,0
0.56,10,0.55,0,autumn,4134,AeroGulf,4,1,0
0.79,8,0.55,0,summer,7012,SkyMind,2,0,1
0.25,3,0.92,1,autumn,749,AeroGulf,4,1,1
0.92,3,0.96,1,summer,4212,SkyMind,6,1,0
0.52,6,0.91,1,summer,5145,SkyMind,9,1,1
0.2,11,0.95,0,spring,13402,PacificAir,0,0,1
0.41,4,0.99,0,summer,1441,AeroGulf,3,0,0
0.92,20,0.76,0,spring,5963,SkyMind,3,1,0
0.48,16,0.58,1,winter,13619,PacificAir,3,0,1
0.87,11,0.8,1,winter,6708,AeroGulf,2,0,1
0.16,20,0.68,0,summer,10115,SkyMind,3,1,0
0.91,2,0.67,1,summer,11512,PacificAir,6,1,1
0.43,23,0.86,0,summer,11128,AsiaJet,2,0,0
0.94,5,0.55,0,autumn,7724,SkyMind,9,1,0
0.87,5,0.52,1,autumn,4198,PacificAir,8,1,1
0.66,16,0.85,0,summer,7102,SkyMind,9,1,0
0.67,14,0.63,1,autumn,7572,AeroGulf,7,0,1
0.21,7,0.69,0,summer,1346,PacificAir,7,1,1
0.6,21,0.65,1,spring,10886,AeroGulf,4,0,1
0.55,1,0.81,0,winter,5170,PacificAir,2,0,0
0.33,2,0.58,0,spring,7643,SkyMind,1,1,0
0.51,14,0.86,1,summer,3805,AeroGulf,3,1,0
0.93,5,0.96,1,spring,1698,EuroWings,9,0,0
0.01,13,0.92,0,spring,8910,EuroWings,1,1,0
0.42,13,0.95,1,winter,3590,EuroWings,8,0,1
0.33,7,0.97,0,autumn,874,EuroWings,1,1,0
0.96,15,0.69,1,winter,8732,PacificAir,3,0,1
0.97,10,0.9,0,spring,7355,AeroGulf,6,0,0
0.59,2,0.75,1,summer,6094,PacificAir,2,0,0
0.55,24,0.63,0,autumn,5454,AeroGulf,0,0,1
0.9,21,0.87,0,summer,12056,EuroWings,9,1,1
0.01,22,0.62,0,summer,13152,AsiaJet,5,1,0
0.56,19,0.55,0,summer,3198,SkyMind,0,1,1
0.02,13,0.85,0,spring,12734,EuroWings,1,1,0
0.97,6,0.64,0,winter,1643,EuroWings,5,1,0
0.32,1,0.65,0,spring,2849,AsiaJet,1,0,0
0.52,1,0.94,1,autumn,8500,PacificAir,4,1,1
0.42,24,0.57,0,winter,3621,PacificAir,3,1,1
0.89,12,0.88,0,summer,9184,AeroGulf,7,0,0
1.0,14,0.69,0,spring,4847,SkyMind,1,1,0
0.07,23,0.95,1,winter,11255,AeroGulf,1,1,0
0.73,11,0.72,0,winter,12203,EuroWings,3,0,1
0.37,1,0.7,1,winter,9187,PacificAir,0,1,1
0.14,24,0.71,1,summer,13626,EuroWings,9,1,0
0.41,5,0.92,0,spring,13341,EuroWings,2,1,0
1.0,3,0.51,1,summer,3029,PacificAir,7,0,0
0.36,13,0.85,0,summer,12092,EuroWings,8,1,0
0.28,5,0.6,0,summer,8944,EuroWings,2,0,0
0.85,13,0.94,0,spring,2298,SkyMind,6,1,0
0.87,23,0.69,0,spring,12954,AeroGulf,3,0,0
0.34,10,0.67,0,spring,6342,SkyMind,2,0,0
0.3,24,0.86,0,spring,8499,AsiaJet,4,1,0
0.65,3,0.86,1,autumn,4847,SkyMind,8,0,0
0.21,1,0.82,1,summer,10499,AeroGulf,3,0,0
0.48,13,0.66,0,spring,755,SkyMind,7,0,1
0.14,22,0.81,0,spring,8298,AsiaJet,1,1,0
0.3,5,0.53,1,summer,12293,EuroWings,8,1,0
0.3,11,0.98,0,winter,9786,EuroWings,9,0,1
0.69,21,0.73,1,summer,3441,SkyMind,0,0,1
0.28,12,0.65,0,summer,4781,AsiaJet,7,1,0
0.9,11,0.93,1,winter,1420,AeroGulf,7,0,0
0.98,15,0.66,0,spring,7442,AsiaJet,2,1,0
0.08,6,1.0,1,autumn,8163,SkyMind,0,0,0
0.4,3,0.85,0,winter,13642,PacificAir,3,0,0
0.3,16,0.82,1,autumn,660,PacificAir,2,1,0
0.35,13,0.58,0,winter,1759,AsiaJet,1,0,0
0.27,16,0.8,0,autumn,2709,SkyMind,5,1,0
0.38,5,0.58,0,autumn,5500,AsiaJet,2,1,1
0.14,15,0.89,1,winter,774,SkyMind,6,0,0
0.28,16,0.57,1,summer,10219,AeroGulf,1,0,0
0.75,1,0.68,1,autumn,2260,PacificAir,3,0,0
0.34,8,0.74,1,autumn,5779,EuroWings,7,1,1
0.21,20,0.9,0,autumn,13804,PacificAir,2,0,0
0.11,5,0.82,1,autumn,3583,EuroWings,0,0,0
0.35,7,0.87,0,winter,11969,SkyMind,4,1,0
0.64,10,0.62,0,summer,832,EuroWings,6,0,0
0.25,16,0.62,1,winter,3133,AeroGulf,4,0,1
0.42,5,0.69,1,winter,11626,SkyMind,5,1,1
0.95,20,0.51,0,winter,13199,PacificAir,9,1,1
0.55,24,0.92,0,summer,12616,PacificAir,0,1,0
0.53,11,0.68,1,spring,5768,AsiaJet,1,0,1
0.41,22,0.53,0,summer,11472,EuroWings,0,0,0
0.56,18,0.94,0,autumn,13724,SkyMind,2,0,1
0.98,20,0.98,0,winter,8467,EuroWings,2,1,0
0.25,13,0.82,1,winter,13570,AeroGulf,9,0,0
0.94,19,0.68,0,winter,867,AeroGulf,3,0,1
0.15,12,0.71,0,winter,7497,AsiaJet,5,1,0
0.11,18,0.63,0,spring,12748,SkyMind,1,1,0
0.65,15,0.86,0,spring,2463,SkyMind,0,0,1
0.25,6,0.68,0,winter,7063,EuroWings,0,0,0
0.44,10,0.52,1,summer,2435,AsiaJet,9,0,1
0.73,17,0.52,0,spring,1920,PacificAir,2,1,0
0.53,10,0.81,0,summer,8617,SkyMind,3,1,0
0.01,4,0.65,1,spring,10086,SkyMind,1,1,0
0.31,8,0.58,0,autumn,8141,SkyMind,4,0,0
0.06,5,0.78,0,autumn,10527,AsiaJet,4,0,0
0.93,19,0.64,1,autumn,3581,AeroGulf,8,1,1
0.79,18,0.54,0,spring,4214,PacificAir,6,1,1
0.98,16,0.6,0,summer,2208,AeroGulf,0,0,1
0.89,22,0.89,0,spring,1759,EuroWings,6,0,0
0.48,4,0.93,0,autumn,12221,SkyMind,2,0,0
0.88,7,0.94,0,spring,8371,EuroWings,9,0,1
0.67,8,0.77,1,autumn,11661,EuroWings,2,1,1
0.52,15,0.98,1,autumn,6852,SkyMind,3,0,1
0.37,9,0.58,1,summer,10360,AsiaJet,1,0,0
0.68,7,0.84,1,winter,2089,EuroWings,8,0,1
0.59,9,0.85,1,autumn,12247,AsiaJet,5,0,0
0.61,20,0.53,1,summer,1120,AeroGulf,9,1,1
0.4,1,0.64,1,winter,7265,PacificAir,5,0,1
0.74,7,0.97,1,spring,12867,PacificAir,8,0,1
0.08,2,0.88,1,winter,9772,PacificAir,1,0,0
0.73,15,0.53,0,winter,8649,PacificAir,5,1,1
0.73,10,0.77,1,summer,12598,AsiaJet,8,0,1
0.52,9,0.82,1,summer,8177,AeroGulf,6,0,1
0.26,16,0.99,1,autumn,13114,AsiaJet,8,0,0
0.52,6,0.86,1,winter,8264,EuroWings,0,1,1
0.12,12,0.82,0,autumn,2979,SkyMind,8,0,0
0.29,8,0.95,0,summer,5016,EuroWings,5,1,1
0.42,9,0.83,1,autumn,5886,AsiaJet,5,1,0
0.67,7,0.97,0,winter,2618,EuroWings,4,1,0
0.19,14,0.75,1,spring,649,EuroWings,1,0,0
0.16,11,0.86,1,spring,12285,EuroWings,5,1,1
0.61,12,0.82,1,autumn,4705,AeroGulf,0,1,1
0.68,19,0.78,1,summer,13894,AeroGulf,0,1,0
0.08,10,0.66,1,spring,2141,SkyMind,6,1,0
0.03,21,0.95,1,winter,707,PacificAir,0,0,0
0.15,19,0.64,1,summer,2730,AsiaJet,4,0,1
0.9,13,0.58,0,spring,2867,AsiaJet,5,1,1
0.67,3,0.86,0,winter,11897,AeroGulf,3,1,0
0.92,23,0.77,1,spring,11769,AeroGulf,4,1,1
0.66,16,0.63,1,autumn,3494,SkyMind,1,1,0
0.97,22,0.94,0,winter,13829,AsiaJet,9,0,0
0.44,5,0.64,1,autumn,11030,AsiaJet,6,1,1
0.6,21,0.53,1,winter,1051,SkyMind,9,0,1
0.6,8,0.51,0,summer,3684,SkyMind,0,0,0
0.0,1,0.96,1,autumn,6030,EuroWings,1,1,1
0.03,14,0.7,1,autumn,12534,SkyMind,7,0,0
0.15,20,0.61,0,winter,13433,EuroWings,9,0,1
0.51,5,0.78,0,autumn,10768,AsiaJet,1,1,0
0.43,16,0.74,0,winter,7392,EuroWings,0,0,0
0.54,1,1.0,0,spring,9935,PacificAir,4,1,0
0.8,22,0.94,1,winter,6863,AeroGulf,1,0,1
0.82,3,0.64,0,summer,2730,EuroWings,9,0,0
0.98,3,0.85,0,summer,6319,PacificAir,2,1,0
0.56,11,0.69,1,winter,3917,SkyMind,5,0,1
0.35,11,0.68,1,winter,10823,SkyMind,5,1,0
0.31,20,0.68,1,summer,2947,SkyMind,2,1,0
0.34,5,0.82,0,autumn,6539,SkyMind,9,1,0
0.32,12,0.77,1,summer,3776,PacificAir,9,0,0
0.39,6,0.88,0,summer,3219,AeroGulf,2,0,0
0.07,21,0.58,0,spring,12702,EuroWings,6,1,1
0.63,16,0.71,1,winter,1083,AeroGulf,5,1,1
0.57,6,0.93,0,summer,11031,EuroWings,0,0,1
0.46,22,0.5,1,autumn,2791,AeroGulf,4,0,1
0.08,9,0.81,1,spring,13566,PacificAir,6,0,1
0.09,10,0.89,0,spring,11520,PacificAir,5,1,0
0.55,23,0.69,0,spring,3425,SkyMind,3,1,0
0.04,14,0.94,0,winter,2920,AsiaJet,0,0,0
0.72,15,0.87,1,summer,11238,PacificAir,6,0,0
0.99,7,0.8,1,winter,7184,PacificAir,3,0,1
0.6,20,0.6,1,spring,2448,SkyMind,3,1,1
0.72,5,0.84,0,spring,11948,AsiaJet,4,0,0
0.44,7,0.92,1,spring,5781,PacificAir,6,1,0
0.67,8,0.86,0,summer,6534,PacificAir,8,1,1
0.65,22,0.79,1,spring,5955,AeroGulf,3,0,0
0.82,24,0.86,0,summer,11421,EuroWings,0,1,0
0.71,14,0.99,1,winter,2066,EuroWings,2,1,0
0.75,15,0.51,1,autumn,2916,AeroGulf,6,0,0
0.56,17,0.83,1,winter,2921,EuroWings,9,0,0
0.48,20,0.9,1,winter,878,SkyMind,9,0,1
0.46,16,0.82,0,summer,9380,AsiaJet,6,1,1
0.39,9,0.64,1,winter,12496,PacificAir,1,0,1
0.27,21,0.91,1,autumn,586,EuroWings,5,0,0
0.03,11,0.96,0,autumn,12386,PacificAir,2,0,0
0.67,4,0.84,1,autumn,10191,AeroGulf,9,0,0
0.9,2,0.76,1,winter,7769,AeroGulf,6,1,1
0.93,2,0.68,1,spring,7997,EuroWings,0,0,0
0.58,15,0.67,1,summer,10445,AeroGulf,1,0,1
0.09,8,0.86,1,summer,6066,EuroWings,5,1,0
0.88,16,0.8,0,spring,10314,SkyMind,8,0,1
0.75,8,0.58,0,summer,4698,EuroWings,1,0,1
0.25,5,0.57,0,winter,631,AeroGulf,3,1,0
0.8,22,0.54,0,spring,8168,SkyMind,4,0,0
0.47,11,0.84,0,spring,10156,SkyMind,1,0,0
0.89,5,0.66,0,winter,1051,EuroWings,7,0,0
0.25,8,0.51,0,winter,10624,PacificAir,2,0,0
0.8,16,0.67,0,summer,9612,PacificAir,3,1,1
0.71,6,0.92,1,winter,1530,AeroGulf,8,1,0
0.01,6,0.62,1,autumn,13811,EuroWings,9,1,1
0.56,7,0.82,1,autumn,9169,PacificAir,4,0,1
0.72,18,0.72,0,winter,2142,EuroWings,2,1,0
0.16,3,0.77,0,autumn,5148,PacificAir,6,0,0
0.53,21,0.8,0,spring,2259,SkyMind,0,0,0
0.3,14,0.73,0,autumn,11800,EuroWings,2,1,0
0.7,17,0.53,0,spring,5576,PacificAir,3,0,1
0.54,10,0.78,1,spring,12688,AsiaJet,7,0,0
0.62,16,0.7,1,autumn,10956,AeroGulf,5,0,1
0.07,20,0.6,1,winter,6629,AeroGulf,2,0,0
0.14,22,0.95,0,autumn,4157,EuroWings,8,0,0
0.55,19,0.87,1,spring,3078,AsiaJet,7,1,1
0.18,12,0.64,1,winter,7479,SkyMind,9,0,0
0.5,22,0.77,0,spring,9007,AeroGulf,0,1,1
0.69,14,0.98,1,autumn,10960,EuroWings,4,0,0
0.81,11,0.62,1,summer,6485,AeroGulf,0,0,1
0.14,1,0.97,0,winter,4472,EuroWings,9,0,0
0.74,10,0.84,0,spring,8249,AsiaJet,8,1,0
0.36,11,0.77,1,winter,5337,PacificAir,1,1,0
0.68,4,0.99,1,spring,2646,PacificAir,3,1,0
0.15,18,0.67,1,autumn,951,PacificAir,0,0,1
0.52,11,0.64,0,autumn,4494,PacificAir,3,0,0
0.84,8,0.67,0,autumn,5748,SkyMind,8,1,0
0.11,7,0.88,0,spring,5699,EuroWings,9,1,0
0.83,17,0.67,1,autumn,4684,SkyMind,4,1,1
0.45,6,0.55,0,summer,9755,PacificAir,4,1,0
0.82,10,0.82,0,summer,9975,PacificAir,1,1,0
0.96,12,0.61,0,autumn,12695,AsiaJet,9,0,0
0.16,21,0.5,0,spring,2430,AeroGulf,5,1,0
0.67,2,0.6,1,autumn,11565,PacificAir,0,1,1
0.24,13,0.91,1,autumn,3333,SkyMind,9,1,0
0.14,13,0.97,1,spring,9834,SkyMind,0,0,1
0.63,5,0.83,0,summer,4837,SkyMind,3,0,1
0.11,22,0.66,0,summer,778,AsiaJet,6,0,0
0.47,6,0.72,0,spring,3935,SkyMind,4,1,0
0.64,16,0.6,1,autumn,6874,EuroWings,2,1,0
0.5,18,0.94,1,autumn,8802,EuroWings,8,0,1
0.7,17,0.83,1,spring,6724,AsiaJet,8,0,1
0.8,20,0.54,0,summer,13987,EuroWings,2,0,1
0.87,15,0.68,1,spring,6556,AsiaJet,8,0,1
0.56,15,0.77,1,winter,12288,AsiaJet,2,1,0
0.28,15,0.9,1,spring,4269,AsiaJet,5,1,0
0.51,4,0.96,1,summer,2014,EuroWings,1,1,0
0.39,9,0.57,1,spring,9425,PacificAir,1,1,1
0.23,12,0.92,1,winter,10657,EuroWings,5,0,0
0.53,14,0.53,1,autumn,10626,AsiaJet,4,0,1
0.02,1,0.62,0,autumn,9275,AeroGulf,4,1,0
0.61,10,0.51,1,winter,9017,EuroWings,6,0,1
0.82,15,0.53,0,winter,5837,AeroGulf,0,0,1
1.0,11,0.52,0,spring,11499,EuroWings,5,1,1
0.92,1,0.57,0,spring,9548,AsiaJet,8,0,1
0.09,8,0.94,0,summer,6077,EuroWings,4,0,0
0.16,21,0.64,0,spring,13227,SkyMind,9,1,0
0.14,9,0.74,1,winter,11847,SkyMind,9,0,1
0.56,22,0.74,1,autumn,13469,AsiaJet,6,1,0
0.05,3,1.0,0,summer,1607,PacificAir,2,0,0
0.94,1,0.68,0,winter,11084,AeroGulf,9,1,1
0.06,10,0.63,1,spring,8058,EuroWings,7,0,1
0.39,6,0.98,0,winter,3192,AsiaJet,0,1,0
0.89,19,0.8,0,autumn,8954,AeroGulf,9,0,0
0.95,4,0.64,0,spring,3106,EuroWings,6,0,0
0.47,19,0.64,0,spring,2191,EuroWings,5,0,1
0.49,7,0.54,1,summer,11204,PacificAir,9,1,0
0.64,12,0.78,0,spring,7950,AeroGulf,5,1,0
0.41,21,0.86,0,summer,12229,EuroWings,0,1,0
0.32,22,0.74,1,winter,3655,PacificAir,1,0,1
0.74,5,0.94,1,summer,9645,SkyMind,5,1,1
0.6,19,0.74,1,winter,2933,PacificAir,1,1,0
0.48,19,0.67,1,spring,8928,AeroGulf,3,0,1
0.1,20,0.63,1,summer,11401,PacificAir,5,0,0
0.07,21,0.62,1,winter,5125,SkyMind,1,0,1
0.51,7,0.66,0,summer,10043,SkyMind,5,0,0
0.62,14,1.0,1,summer,12670,AeroGulf,8,1,0
0.66,9,0.68,0,winter,7442,AsiaJet,5,0,0
0.89,5,0.76,1,summer,3954,PacificAir,9,0,1
0.82,18,0.64,1,winter,5256,AeroGulf,6,1,0
0.14,9,0.57,0,spring,9357,EuroWings,2,0,0
0.79,5,0.82,0,winter,12206,PacificAir,3,0,1
0.68,22,0.77,1,summer,13279,SkyMind,3,1,1
0.83,16,0.53,0,spring,5668,PacificAir,0,0,0
0.84,9,0.94,1,autumn,622,AeroGulf,8,1,1
0.35,20,0.75,1,winter,5451,AsiaJet,8,1,0
0.26,11,0.67,0,spring,8023,AsiaJet,6,1,0
0.55,14,0.89,1,summer,6167,EuroWings,1,1,1
0.3,3,0.56,0,winter,7748,AeroGulf,2,1,0
0.35,20,0.74,0,summer,8621,PacificAir,6,0,1
0.07,24,0.77,1,autumn,4707,SkyMind,0,0,1
0.99,7,0.89,1,autumn,4834,PacificAir,2,0,1
0.31,23,0.69,0,spring,853,PacificAir,3,1,0
0.78,11,0.93,1,autumn,13185,SkyMind,4,0,1
0.99,17,0.85,1,summer,13198,EuroWings,6,0,1
0.97,18,0.89,0,spring,3370,AsiaJet,8,1,1
0.63,19,0.98,1,winter,676,AsiaJet,1,0,1
0.54,17,0.92,1,summer,3688,PacificAir,5,0,0
0.31,9,0.67,0,summer,3468,AeroGulf,1,1,0
0.86,14,0.82,1,summer,2747,AsiaJet,9,0,1
0.34,21,0.93,1,winter,3131,EuroWings,1,1,0
0.11,11,0.76,0,winter,6305,EuroWings,9,0,1
0.29,15,0.84,1,summer,5063,SkyMind,4,1,0
0.32,4,0.59,1,autumn,11037,AeroGulf,4,1,1
0.72,19,0.91,0,spring,13168,AsiaJet,0,0,0
0.17,9,0.88,1,summer,11845,AeroGulf,7,0,0
0.32,2,0.94,0,summer,3507,AsiaJet,7,0,0
0.08,8,0.86,0,spring,1044,SkyMind,0,0,0
0.85,7,0.94,1,summer,12213,AeroGulf,5,0,0
0.72,18,0.58,0,spring,7194,AeroGulf,8,0,1
0.44,19,0.91,1,spring,11641,AsiaJet,4,1,1
0.43,18,0.98,1,autumn,11130,PacificAir,6,0,0
0.17,15,0.91,0,spring,11042,AsiaJet,5,0,0
0.38,11,0.81,1,spring,3126,AeroGulf,0,0,0
0.91,12,0.96,1,winter,7976,SkyMind,2,1,1
0.14,3,0.55,1,spring,13916,SkyMind,6,0,1
0.77,4,0.51,0,summer,3026,PacificAir,7,0,1
0.05,21,0.98,0,spring,7643,PacificAir,6,0,0
0.31,18,0.84,1,spring,9626,AeroGulf,0,1,0
0.85,12,0.56,0,winter,9577,PacificAir,2,0,0
0.44,16,0.67,1,autumn,13441,SkyMind,1,1,1
0.7,12,0.87,1,autumn,9479,AeroGulf,3,0,0
0.1,7,0.88,1,autumn,1413,PacificAir,2,0,1
0.68,12,0.58,0,winter,4431,SkyMind,8,0,1
0.82,4,0.74,1,autumn,4718,PacificAir,5,0,1
0.81,16,0.9,1,spring,11545,SkyMind,5,0,0
0.44,16,0.98,1,summer,8345,AeroGulf,5,0,1
0.9,17,0.81,1,summer,13909,SkyMind,8,0,1
0.57,20,0.82,0,summer,9866,EuroWings,8,1,0
0.82,9,0.73,0,autumn,2224,AsiaJet,8,0,1
0.21,14,0.77,1,winter,12973,SkyMind,3,0,0
0.21,5,0.55,1,winter,12051,EuroWings,5,0,0
0.75,18,0.67,0,autumn,12866,PacificAir,8,1,0
0.65,12,0.75,1,winter,985,AsiaJet,5,1,0
0.68,22,0.64,1,spring,4478,SkyMind,7,1,0
0.24,7,0.68,1,winter,12387,SkyMind,7,1,0
0.4,2,0.99,1,autumn,9411,AeroGulf,4,1,0
0.26,18,0.5,1,winter,8223,SkyMind,2,0,0
0.07,3,0.65,1,winter,9945,AsiaJet,5,0,0
0.2,15,0.79,1,spring,4378,PacificAir,4,1,0
1.0,11,0.64,0,spring,9247,AeroGulf,2,0,0
0.23,10,0.84,0,summer,9062,AsiaJet,5,0,0
0.16,20,0.65,1,winter,10194,SkyMind,3,1,0
0.7,21,0.82,1,autumn,4152,AsiaJet,5,0,1
0.6,19,0.92,1,autumn,7016,AsiaJet,6,0,1
0.75,13,0.83,0,spring,10231,PacificAir,0,1,1
0.65,16,0.52,0,summer,7149,SkyMind,5,1,1
0.22,20,0.9,0,spring,973,EuroWings,7,0,0
0.5,23,0.61,1,spring,1377,AeroGulf,9,0,0
0.18,22,0.82,1,spring,5743,PacificAir,2,1,1
0.25,18,0.82,0,autumn,10685,AeroGulf,1,1,0
0.99,12,0.9,1,winter,2254,SkyMind,6,1,0
0.73,15,0.75,1,winter,2810,AeroGulf,9,1,0
0.78,23,0.69,0,autumn,5974,AsiaJet,3,1,1
0.03,2,0.76,0,autumn,9255,AsiaJet,6,0,0
0.38,13,0.77,0,summer,1685,AsiaJet,8,0,1
0.56,12,0.91,0,autumn,12047,EuroWings,7,0,0
0.15,15,0.6,0,summer,4054,AsiaJet,1,1,1
0.85,3,0.92,1,winter,2040,AsiaJet,9,1,0
0.14,17,0.68,1,winter,11906,SkyMind,5,0,0
0.64,6,0.87,0,summer,12180,AsiaJet,2,1,1
0.55,11,0.67,1,autumn,8655,EuroWings,1,0,0
0.85,20,0.85,0,autumn,7203,EuroWings,9,0,1
0.31,4,0.9,1,summer,10767,PacificAir,2,0,0
0.28,10,0.78,1,autumn,2375,EuroWings,6,0,1
0.85,22,0.81,1,spring,11791,AsiaJet,5,0,0
0.22,24,0.85,1,summer,12136,AeroGulf,8,1,0
0.75,21,0.84,1,autumn,1090,PacificAir,2,0,0
0.19,19,0.86,0,summer,1224,EuroWings,2,0,0
0.88,9,0.92,0,summer,11115,PacificAir,7,1,1
0.84,19,0.61,1,autumn,11670,SkyMind,2,1,1
0.79,15,0.61,0,autumn,4915,AsiaJet,3,0,0
0.49,9,0.99,0,summer,6236,AsiaJet,9,0,0
0.03,13,0.93,0,autumn,13239,PacificAir,9,0,0
0.13,2,0.8,0,autumn,4622,EuroWings,7,0,0
0.46,8,0.5,0,summer,9632,AeroGulf,2,0,0
0.04,12,0.93,0,spring,1186,EuroWings,6,0,0
0.06,22,0.88,0,winter,3240,PacificAir,4,1,0
0.13,9,0.98,0,autumn,13621,EuroWings,8,1,0
0.26,5,0.51,0,winter,7077,PacificAir,0,0,0
0.75,4,0.51,1,spring,6942,AsiaJet,3,1,1
0.05,13,0.76,1,spring,9628,AsiaJet,2,0,0
0.98,15,0.93,0,spring,13596,AsiaJet,8,0,1
0.27,2,1.0,0,spring,1826,PacificAir,6,0,0
0.32,1,0.66,1,winter,4640,AsiaJet,4,0,0
0.25,4,0.52,0,autumn,5605,SkyMind,9,1,0
0.6,24,0.6,1,winter,1616,AeroGulf,0,0,1
0.02,10,0.94,1,spring,10804,PacificAir,7,0,0
0.09,1,0.73,0,summer,12959,AsiaJet,0,1,0
0.1,2,0.93,0,autumn,4081,SkyMind,0,0,0
0.66,12,0.72,1,winter,8655,EuroWings,2,1,0
0.33,16,0.53,0,winter,9448,AeroGulf,0,1,0
0.44,3,0.81,1,autumn,6854,AeroGulf,2,1,0
0.95,24,0.72,0,winter,11540,AsiaJet,4,1,1
0.2,9,0.75,0,winter,8242,PacificAir,1,1,0
0.07,3,0.97,0,winter,10167,PacificAir,4,1,0
0.44,20,0.73,0,spring,6894,SkyMind,9,1,1
0.16,16,0.9,1,autumn,5800,PacificAir,5,0,0
0.14,8,0.53,1,winter,1421,AsiaJet,4,0,1
0.41,19,0.74,1,spring,9018,AeroGulf,7,0,0
0.67,11,0.79,0,spring,5534,AeroGulf,5,0,1
0.24,6,0.56,0,autumn,13901,AeroGulf,3,1,0
0.88,14,0.65,0,summer,1219,AsiaJet,1,1,0
0.36,1,0.87,1,autumn,13825,EuroWings,7,0,0
0.93,12,0.59,1,autumn,2470,AsiaJet,8,0,0
0.49,23,0.56,1,autumn,8048,AeroGulf,7,1,1
0.73,21,0.65,0,summer,9624,AeroGulf,9,0,1
0.85,15,0.93,0,autumn,5920,PacificAir,8,1,1
0.53,16,0.88,0,autumn,1406,AeroGulf,0,1,1
0.85,4,0.89,1,winter,11155,SkyMind,4,0,0
0.38,24,0.66,0,autumn,7333,AsiaJet,2,0,0
0.36,8,0.55,0,autumn,7188,PacificAir,3,0,1
0.79,23,0.52,1,autumn,12088,PacificAir,4,1,0
0.24,17,0.79,1,winter,1333,EuroWings,9,0,0
0.72,22,0.85,0,summer,4333,EuroWings,0,0,0
0.08,3,0.69,1,autumn,1664,AeroGulf,1,1,0
0.64,24,0.76,0,winter,13780,SkyMind,7,0,1
0.94,3,0.64,0,autumn,5370,SkyMind,9,1,1
0.46,15,0.68,0,spring,8726,PacificAir,5,1,0
0.42,15,0.86,1,winter,2822,AsiaJet,8,0,0
0.54,8,0.86,1,autumn,5205,EuroWings,1,1,0
0.72,21,0.51,1,spring,5269,PacificAir,5,0,0
0.36,15,0.97,0,autumn,7565,EuroWings,8,0,0
0.0,21,0.63,1,autumn,11705,EuroWings,0,0,0
0.5,8,0.95,0,autumn,2253,SkyMind,9,1,0
0.42,19,0.76,1,winter,6230,PacificAir,9,0,0
0.53,4,0.75,0,winter,12682,SkyMind,7,1,1
0.72,1,0.73,0,winter,8882,SkyMind,3,0,0
0.28,3,0.96,1,spring,9981,PacificAir,4,1,1
0.51,8,0.6,0,summer,10519,AsiaJet,4,1,1
0.25,17,0.81,1,summer,3537,EuroWings,3,1,0
0.46,17,0.66,0,winter,7125,SkyMind,2,0,0
0.34,6,0.96,0,summer,5210,AsiaJet,2,0,1
0.37,11,0.58,0,autumn,10727,AeroGulf,4,0,0
0.58,6,0.84,0,summer,11668,PacificAir,0,1,1
0.69,23,0.71,0,summer,956,AeroGulf,3,1,0
0.01,1,0.83,1,spring,1138,AeroGulf,8,0,0
0.88,3,0.58,0,summer,2196,PacificAir,1,0,1
0.36,20,0.7,0,winter,3434,EuroWings,0,0,1
0.64,9,0.55,1,autumn,570,AsiaJet,8,0,1
0.12,15,0.98,1,autumn,10684,AeroGulf,9,1,1
0.57,8,0.61,0,winter,12976,AeroGulf,6,1,0
0.68,20,1.0,1,winter,3459,AsiaJet,4,0,1
0.16,16,0.71,1,autumn,7377,AeroGulf,7,1,0
0.91,10,0.54,0,spring,6853,PacificAir,7,1,1
0.76,14,0.51,0,winter,4787,AsiaJet,4,0,0
0.53,23,0.8,1,autumn,687,SkyMind,1,1,0
0.17,16,0.81,0,spring,13771,SkyMind,2,1,0
0.87,15,0.76,0,autumn,7782,EuroWings,1,1,0
0.07,9,0.53,0,autumn,4097,AeroGulf,5,0,0
0.12,10,0.67,0,spring,13217,PacificAir,1,1,0
0.7,8,0.68,1,winter,2512,AsiaJet,2,0,0
0.25,12,0.85,0,winter,4504,AeroGulf,3,1,1
0.46,5,0.71,1,summer,13273,PacificAir,1,1,0
0.54,14,0.79,1,winter,3782,PacificAir,0,0,1
0.46,21,0.64,1,winter,3449,SkyMind,6,1,0
0.08,3,0.86,0,spring,4152,SkyMind,0,1,0
0.74,15,0.52,1,spring,11006,PacificAir,9,0,0
0.24,6,0.99,1,autumn,12986,AeroGulf,6,1,0
0.74,19,0.82,0,spring,11901,AsiaJet,4,0,1
0.87,18,0.57,0,spring,6277,EuroWings,1,1,0
0.54,7,0.86,0,autumn,4443,AeroGulf,8,1,1
0.71,3,0.89,1,autumn,13801,PacificAir,5,0,1
0.04,5,0.89,1,summer,10708,AsiaJet,6,1,1
0.04,16,0.64,0,spring,1134,EuroWings,8,0,1
0.2,15,0.98,0,summer,10942,PacificAir,7,0,0
0.36,20,0.51,0,summer,5189,AsiaJet,7,1,0
0.18,9,0.69,0,summer,8400,AsiaJet,2,1,0
0.63,22,0.55,1,winter,10614,EuroWings,7,0,0
0.28,3,0.69,0,autumn,13841,PacificAir,3,0,0
0.85,12,0.53,1,spring,1830,SkyMind,6,0,0
0.56,1,0.82,1,summer,7040,AeroGulf,5,1,1
0.38,24,0.53,0,autumn,12877,EuroWings,0,0,0
0.89,20,0.81,0,autumn,10118,AeroGulf,3,1,1
0.83,6,0.62,1,winter,12542,EuroWings,8,0,1
0.82,2,0.59,0,spring,9272,SkyMind,8,1,1
0.73,13,0.67,1,summer,9228,AeroGulf,6,0,1
0.61,20,0.82,1,winter,6224,AsiaJet,2,0,1
0.37,8,0.79,0,autumn,10912,AsiaJet,2,1,0
0.42,18,0.84,0,summer,5836,AeroGulf,7,0,1
0.65,22,0.96,1,spring,6294,PacificAir,8,1,0
0.17,16,0.6,0,winter,7335,AsiaJet,2,1,0
0.83,2,0.71,0,summer,11818,EuroWings,7,1,1
0.94,24,0.63,1,autumn,691,PacificAir,5,0,1
0.1,16,0.79,1,summer,13764,EuroWings,4,1,0
0.02,3,0.64,1,winter,11341,SkyMind,6,1,0
0.14,16,0.78,1,autumn,2166,AsiaJet,1,0,0
0.76,16,0.91,0,summer,8727,SkyMind,0,0,1
0.11,9,0.78,0,spring,6191,PacificAir,1,0,0
0.37,22,0.92,0,winter,8811,EuroWings,1,0,1
0.06,19,0.81,0,winter,11220,AsiaJet,3,0,0
0.43,11,0.94,1,winter,6906,AeroGulf,1,1,0
0.6,2,0.97,1,winter,4167,SkyMind,3,0,0
0.63,16,0.75,0,spring,5857,AsiaJet,3,1,1
0.52,24,0.9,0,autumn,13382,AeroGulf,0,1,1
0.94,16,0.73,0,spring,3611,PacificAir,8,0,1
0.53,15,0.85,0,spring,10040,AeroGulf,2,0,0
0.86,20,0.52,1,summer,7529,PacificAir,3,0,1
0.99,24,0.98,1,summer,1299,SkyMind,2,1,1
0.23,7,0.95,1,summer,13541,AeroGulf,0,1,0
0.27,12,0.95,1,summer,11169,EuroWings,9,1,1
0.52,15,0.64,1,summer,5546,EuroWings,6,0,1
0.18,2,0.64,0,spring,5243,EuroWings,7,1,1
0.56,7,0.7,0,winter,8688,PacificAir,0,1,0
0.68,20,0.94,1,spring,9302,AeroGulf,8,0,1
0.06,22,0.93,0,autumn,8313,AsiaJet,8,1,0
0.68,24,0.64,0,summer,6194,AeroGulf,0,0,0
0.16,12,0.77,0,autumn,4639,AeroGulf,7,0,1
0.3,20,0.74,0,winter,12260,SkyMind,3,1,0
0.74,19,0.83,0,summer,12983,AsiaJet,2,1,0
0.16,14,0.61,1,winter,11541,EuroWings,6,0,1
0.53,2,0.54,0,summer,8180,PacificAir,1,1,0
0.59,14,0.51,0,spring,2662,AsiaJet,2,1,0
0.16,20,0.69,0,winter,4814,EuroWings,8,1,0
0.27,14,0.97,0,summer,11749,PacificAir,4,0,0
0.61,18,0.84,1,summer,13000,AsiaJet,5,1,0
0.46,3,0.87,0,spring,4812,PacificAir,2,0,0
0.66,17,0.97,0,summer,715,PacificAir,2,1,0
0.85,16,0.71,0,winter,7183,EuroWings,7,1,0
0.14,13,0.74,1,spring,8373,SkyMind,2,0,0
0.07,23,0.68,1,summer,9018,EuroWings,9,1,0
0.67,22,0.59,1,winter,7998,AsiaJet,3,1,0
0.77,17,0.88,0,winter,6225,EuroWings,6,0,1
0.45,6,0.95,1,spring,13407,EuroWings,8,1,1
0.39,5,0.91,0,winter,8390,EuroWings,2,1,0
0.6,17,0.52,1,autumn,11951,AsiaJet,5,0,0
0.55,15,0.65,1,summer,10396,AsiaJet,2,0,1
0.49,21,0.8,1,autumn,4675,PacificAir,2,1,1
0.82,2,0.66,1,winter,8077,PacificAir,5,1,1
0.17,7,0.58,0,summer,4589,AsiaJet,0,0,0
0.68,22,0.77,0,summer,12930,PacificAir,0,1,0
0.74,4,0.76,1,autumn,3605,EuroWings,3,0,1
0.9,19,0.85,1,autumn,3301,AeroGulf,2,1,1
0.95,13,1.0,1,spring,1976,AeroGulf,6,1,0
0.51,21,0.82,1,summer,4423,PacificAir,6,0,0
0.43,3,0.66,1,autumn,10713,PacificAir,3,1,1
0.5,9,0.98,1,summer,6759,SkyMind,6,1,1
0.73,22,0.79,0,spring,1560,EuroWings,3,1,0
0.02,10,0.82,0,autumn,6586,EuroWings,7,0,1
0.17,18,0.68,0,winter,12265,SkyMind,3,1,0
0.91,23,0.73,0,spring,9852,SkyMind,1,1,1
0.2,24,0.71,1,summer,9325,AeroGulf,9,1,0
0.23,16,0.97,1,winter,2584,EuroWings,3,1,0
0.94,4,0.9,1,winter,1404,EuroWings,9,1,1
0.29,17,0.55,0,spring,10630,AsiaJet,2,0,0
0.29,16,0.66,1,spring,10586,EuroWings,4,0,1
0.92,24,0.53,0,spring,4543,AeroGulf,3,1,1
0.38,1,0.76,1,spring,11827,AeroGulf,9,0,0
0.49,5,0.64,0,summer,3199,SkyMind,5,0,0
0.56,2,0.54,1,spring,5123,AeroGulf,2,0,0
0.87,8,0.89,1,winter,4188,AeroGulf,2,1,1
0.08,16,0.55,0,winter,11126,AsiaJet,3,1,0
0.26,21,0.64,1,spring,3195,AeroGulf,2,0,0
0.59,6,0.89,0,spring,581,PacificAir,2,1,0
0.43,14,0.76,1,spring,5181,PacificAir,3,0,0
0.28,23,0.91,1,spring,7124,SkyMind,9,0,0
0.41,4,0.71,0,winter,1743,EuroWings,7,1,0
0.97,21,0.91,0,spring,5354,EuroWings,6,0,0
0.02,22,0.77,1,summer,5350,AsiaJet,0,0,1
0.15,8,0.54,0,spring,9008,AeroGulf,3,0,0
0.02,20,0.74,1,summer,9652,AeroGulf,5,1,1
0.59,14,0.78,1,spring,7190,AeroGulf,6,0,1
0.01,4,0.81,0,summer,6772,AeroGulf,9,0,0
0.45,14,0.96,1,autumn,8535,AeroGulf,8,0,0
0.86,8,0.59,0,summer,10961,PacificAir,0,1,1
0.1,19,0.8,1,winter,13165,AsiaJet,0,1,0
0.37,5,0.88,1,autumn,7272,SkyMind,1,0,0
0.38,12,0.94,0,autumn,13410,SkyMind,3,0,0
0.36,3,0.76,1,summer,6386,PacificAir,1,1,0
0.73,17,0.61,0,autumn,8924,AeroGulf,6,1,0
0.0,19,0.91,0,autumn,12545,AeroGulf,9,0,0
0.78,6,0.95,0,winter,12004,EuroWings,7,1,0
0.84,22,0.55,1,winter,5323,SkyMind,0,1,1
0.43,23,0.61,0,winter,3911,EuroWings,9,1,0
0.89,19,0.94,1,autumn,7239,SkyMind,7,1,0
0.38,13,0.74,1,spring,11540,EuroWings,9,1,0
0.69,9,0.58,0,winter,11199,AeroGulf,8,0,1
0.39,18,0.82,0,spring,3179,AeroGulf,8,1,0
0.04,14,0.73,1,winter,13672,AeroGulf,1,1,1
0.08,8,0.98,1,summer,11064,AsiaJet,2,0,0
0.44,11,0.61,1,summer,5706,EuroWings,8,1,1
0.99,18,0.68,0,spring,4099,AsiaJet,7,1,0
0.18,18,0.58,0,winter,5404,AsiaJet,3,1,0
0.9,15,0.52,1,summer,2913,EuroWings,4,0,1
0.92,6,0.64,1,winter,8782,AeroGulf,3,0,1
0.41,24,0.91,1,summer,6460,PacificAir,4,1,0
0.46,17,0.63,0,winter,12801,SkyMind,0,0,0
0.5,24,0.85,1,winter,528,EuroWings,1,1,0
0.77,8,0.76,0,spring,7297,AeroGulf,1,1,1
0.12,20,0.76,0,spring,6994,AsiaJet,4,0,0
0.33,16,0.89,0,winter,4730,AeroGulf,1,1,0
0.17,22,0.81,0,spring,9119,EuroWings,0,1,1
0.88,2,0.58,0,spring,6396,EuroWings,9,0,1
0.07,1,0.61,1,autumn,8111,SkyMind,4,0,1
0.75,13,0.77,0,spring,6470,SkyMind,1,1,0
0.44,7,0.92,1,spring,3112,EuroWings,1,1,0
0.71,23,0.58,0,spring,11221,SkyMind,0,0,0
0.89,19,0.55,0,spring,11069,AsiaJet,9,0,0
0.34,3,0.76,1,spring,3106,AeroGulf,2,0,0
0.23,12,0.59,0,autumn,3971,PacificAir,1,0,1
0.65,12,1.0,1,winter,4642,AeroGulf,6,0,1
1.0,17,0.5,0,spring,5363,AeroGulf,7,1,0
0.73,17,0.72,0,autumn,9112,EuroWings,8,0,1
0.8,18,0.58,1,autumn,9482,PacificAir,7,0,1
0.63,3,0.84,1,winter,8664,SkyMind,5,0,0
0.37,20,0.82,1,autumn,6802,SkyMind,7,0,1
0.65,24,0.9,1,winter,12779,AeroGulf,0,0,0
0.13,21,0.78,0,winter,13299,EuroWings,8,1,1
0.49,15,0.59,0,summer,5933,PacificAir,7,1,0
0.57,2,0.53,0,winter,10674,EuroWings,2,1,1
0.91,7,0.86,1,winter,11637,PacificAir,1,0,1
0.92,24,0.72,0,winter,9033,PacificAir,8,0,0
0.06,13,0.61,1,winter,2525,SkyMind,2,1,0
0.63,13,0.63,1,autumn,6000,AeroGulf,5,0,1
0.8,19,0.57,1,spring,6633,SkyMind,1,1,1
0.54,6,0.64,1,spring,1271,EuroWings,4,1,1
0.1,10,0.9,0,summer,12884,SkyMind,5,0,0
0.23,8,0.81,1,spring,11761,AeroGulf,8,1,0
0.31,22,0.99,0,autumn,11913,AsiaJet,3,1,0
0.66,10,0.76,0,autumn,1196,SkyMind,9,1,1
0.07,6,0.76,0,autumn,6674,EuroWings,8,0,0
0.55,24,0.6,0,winter,10431,AeroGulf,6,1,1
0.11,12,0.79,1,autumn,7465,EuroWings,8,0,1
0.4,1,0.8,0,summer,10631,PacificAir,2,0,1
0.43,2,0.6,1,autumn,2716,AeroGulf,8,0,1
0.45,11,0.54,0,winter,7676,PacificAir,6,0,1
0.71,3,0.68,0,spring,4362,AeroGulf,6,0,0
0.08,23,0.59,0,winter,6036,AsiaJet,5,0,0
0.27,1,0.75,0,winter,1990,AsiaJet,9,1,0
0.64,4,0.76,0,spring,13076,AeroGulf,1,0,0
0.94,3,0.8,0,autumn,3000,PacificAir,6,1,0
0.62,24,0.8,0,summer,12210,PacificAir,7,0,0
0.88,23,0.84,0,summer,8170,EuroWings,9,0,0
0.97,17,0.62,1,autumn,1832,AeroGulf,0,0,1
0.88,20,0.87,0,autumn,13158,PacificAir,7,0,0
0.97,7,0.76,1,autumn,9480,AeroGulf,7,1,1
0.78,12,0.72,1,spring,1331,AsiaJet,4,0,1
0.89,22,0.82,1,spring,12051,PacificAir,3,0,1
0.49,19,0.75,0,summer,3763,PacificAir,1,1,0
0.35,6,0.76,0,winter,3996,AsiaJet,2,0,0
1.0,7,0.51,0,spring,13254,EuroWings,2,1,1
0.1,5,0.9,0,summer,7713,AeroGulf,5,1,0
0.96,4,0.71,0,summer,9097,AeroGulf,5,0,1
0.43,11,0.76,1,summer,1623,AeroGulf,8,1,0
0.02,22,0.69,1,spring,3724,AeroGulf,7,1,0
0.8,10,0.78,1,spring,12247,SkyMind,8,1,0
0.44,24,0.53,0,summer,8525,AsiaJet,0,0,0
0.8,23,0.69,1,winter,10816,EuroWings,9,0,1
0.04,3,0.83,1,summer,2643,AsiaJet,0,1,0
0.97,18,0.97,1,winter,2789,AeroGulf,3,0,1
0.67,15,0.92,1,autumn,5591,SkyMind,4,0,0
0.05,12,0.98,0,summer,11782,SkyMind,6,1,0
0.0,21,0.89,1,summer,11475,AsiaJet,2,0,0
0.59,16,0.82,0,autumn,9765,PacificAir,0,1,0
0.98,5,0.71,0,summer,12427,EuroWings,7,0,0
0.52,10,0.56,0,spring,11824,SkyMind,4,1,0
0.35,11,0.63,0,spring,1859,AeroGulf,4,1,0
0.94,1,0.64,1,summer,9048,PacificAir,5,1,1
0.98,16,0.71,1,autumn,571,EuroWings,8,1,1
0.78,12,0.8,1,autumn,6992,AeroGulf,1,0,0
0.72,2,0.81,1,spring,1958,AsiaJet,3,1,0
0.0,12,0.73,0,spring,1957,SkyMind,3,0,0
0.31,2,0.64,1,autumn,3628,AsiaJet,6,0,0
0.93,22,0.53,0,winter,7864,PacificAir,5,1,1
0.37,11,0.99,0,winter,13697,SkyMind,5,0,0
0.33,3,0.97,1,summer,7179,AeroGulf,9,1,0
0.54,5,0.59,0,summer,2802,PacificAir,0,0,1
0.45,15,0.8,1,winter,13565,EuroWings,8,1,1
0.86,5,0.65,0,winter,1208,AeroGulf,6,0,0
0.08,19,0.6,1,summer,11296,EuroWings,2,1,1
0.66,12,0.84,1,summer,12969,SkyMind,9,1,0
0.7,8,0.89,0,winter,11365,EuroWings,3,0,0
0.88,3,0.7,1,autumn,1790,SkyMind,0,0,1
0.42,22,0.53,1,autumn,8916,EuroWings,1,0,0
0.3,13,0.7,0,autumn,1616,AsiaJet,5,0,0
0.63,21,0.77,1,summer,6741,AsiaJet,6,1,1
0.72,11,0.95,1,summer,4405,PacificAir,4,0,0
0.17,11,0.83,1,winter,5344,EuroWings,1,1,0
0.16,7,0.86,1,winter,1436,SkyMind,6,0,0
0.26,6,0.6,0,spring,11050,AeroGulf,6,0,0
0.25,11,0.86,1,autumn,6691,SkyMind,2,1,0
0.75,9,0.75,0,autumn,12776,AsiaJet,0,0,0
0.53,15,0.91,1,summer,6435,AeroGulf,0,1,0
0.55,16,0.61,1,summer,3740,EuroWings,7,0,1
0.01,2,0.76,0,summer,11211,AsiaJet,6,1,0
0.99,11,0.6,0,summer,10285,EuroWings,3,0,1
0.83,6,0.64,1,autumn,12186,AsiaJet,3,1,1
0.44,12,0.92,0,winter,10952,EuroWings,0,1,1
0.07,5,0.84,1,summer,9275,AsiaJet,0,1,0
0.69,18,0.86,0,spring,4904,PacificAir,0,0,1
0.54,12,0.53,1,summer,3680,SkyMind,7,0,0
0.68,8,0.86,1,spring,1086,SkyMind,1,1,0
0.68,23,0.75,1,winter,13288,EuroWings,6,1,1
0.15,1,0.73,0,spring,577,EuroWings,9,1,0
0.33,3,0.71,0,winter,1011,AeroGulf,6,0,0
0.02,4,0.93,0,summer,3683,AeroGulf,6,1,0
0.98,8,0.59,1,summer,11532,SkyMind,4,1,0
0.81,18,0.91,1,spring,2061,SkyMind,5,1,1
0.93,8,0.96,1,winter,11289,PacificAir,7,1,1
0.04,2,0.58,0,summer,2079,EuroWings,3,1,0
0.5,12,1.0,0,spring,13600,EuroWings,2,0,0
0.75,19,1.0,1,spring,5461,SkyMind,1,1,0
0.1,8,0.81,1,winter,1895,EuroWings,3,0,0
0.78,9,0.63,1,summer,10215,AeroGulf,0,0,1
0.65,21,0.71,1,winter,3624,EuroWings,3,1,1
0.98,20,0.59,1,spring,8343,AeroGulf,3,1,1
0.14,15,0.56,0,spring,1236,AsiaJet,8,1,0
0.63,19,0.85,0,spring,2130,EuroWings,9,1,0
0.95,15,0.79,1,winter,13829,AsiaJet,8,0,1
0.74,19,0.78,0,winter,767,SkyMind,5,0,0
0.34,9,0.62,1,autumn,10169,EuroWings,2,0,0
0.12,20,0.62,0,summer,2942,PacificAir,9,0,1
0.96,18,0.99,1,summer,4850,PacificAir,8,1,1
0.07,16,0.81,1,autumn,10509,AsiaJet,5,0,0
0.98,13,0.91,0,spring,8860,PacificAir,8,0,0
0.3,15,0.69,1,autumn,10619,AeroGulf,9,0,0
0.86,20,0.92,0,winter,13651,SkyMind,8,1,1
0.55,19,0.86,1,spring,6090,AeroGulf,3,1,1
0.91,15,0.68,1,summer,6250,SkyMind,2,1,1
0.43,5,0.86,1,summer,868,PacificAir,0,0,1
0.85,4,0.96,1,summer,10872,SkyMind,4,1,1
0.24,18,0.61,1,winter,10705,AeroGulf,3,1,0
0.47,14,0.77,1,spring,7832,AsiaJet,2,1,1
0.85,10,0.98,1,autumn,5871,AsiaJet,7,1,1
0.12,1,0.91,0,winter,1913,EuroWings,9,1,0
0.73,17,0.81,0,winter,11785,AeroGulf,6,0,0
0.44,1,0.53,1,autumn,7184,AeroGulf,1,1,0
0.51,19,0.7,1,autumn,13712,AsiaJet,8,1,0
0.58,15,0.83,0,spring,5560,PacificAir,7,1,1
0.28,2,0.7,1,summer,4320,AsiaJet,9,1,0
0.1,4,1.0,0,summer,8838,EuroWings,3,0,0
0.02,3,0.88,0,winter,4342,EuroWings,3,1,0
0.43,23,0.59,1,summer,3099,AeroGulf,6,1,1
0.27,8,0.75,0,summer,3777,AeroGulf,6,0,1
0.63,11,0.69,0,autumn,3618,EuroWings,3,1,0
0.72,21,0.8,0,summer,4467,AeroGulf,0,1,1
0.5,6,0.72,1,summer,10075,SkyMind,5,0,0
0.62,23,0.62,1,summer,10608,EuroWings,5,1,1
0.56,9,0.86,1,summer,6319,EuroWings,2,1,1
0.0,17,0.55,1,spring,12187,AeroGulf,4,1,0
0.84,15,0.77,1,winter,8430,SkyMind,7,0,1
0.06,13,0.66,0,spring,4426,EuroWings,3,0,0
0.41,15,0.98,0,autumn,3982,SkyMind,8,1,0
0.11,18,0.65,0,summer,2008,EuroWings,9,1,1
0.66,17,0.67,0,spring,6323,SkyMind,4,1,0
0.33,9,0.85,1,autumn,11231,AsiaJet,4,0,0
0.07,2,0.56,0,spring,10313,EuroWings,6,1,0
0.05,18,0.66,0,winter,5097,SkyMind,0,0,0
0.24,21,0.85,0,autumn,8446,AsiaJet,5,0,1
0.67,9,0.52,0,winter,6850,AeroGulf,1,0,1
0.72,19,0.66,1,autumn,2384,PacificAir,2,0,1
0.13,10,0.5,0,summer,834,SkyMind,7,0,1
0.14,14,0.58,1,autumn,8972,AsiaJet,3,0,0
0.59,24,0.8,0,summer,5704,EuroWings,6,0,1
0.96,1,0.73,0,summer,10142,AsiaJet,9,0,0
0.55,18,0.58,0,summer,12842,PacificAir,9,1,1
0.71,24,0.54,0,autumn,9276,PacificAir,4,1,0
0.58,1,0.53,0,winter,10188,PacificAir,1,0,0
0.1,9,0.54,1,autumn,1764,AeroGulf,0,0,0
0.95,20,0.55,1,autumn,11791,SkyMind,4,0,0
0.07,16,0.54,1,summer,13642,EuroWings,3,0,0
0.76,19,0.53,1,autumn,1936,SkyMind,5,1,1
0.98,3,0.85,1,spring,6225,SkyMind,2,0,1
0.32,1,0.97,0,summer,5964,AeroGulf,1,1,0
0.17,8,0.93,0,winter,11207,EuroWings,2,1,0
0.57,20,0.63,1,spring,5014,AeroGulf,3,1,1
0.8,17,0.6,1,autumn,10100,EuroWings,5,1,0
0.95,5,0.52,1,winter,13985,AsiaJet,8,0,1
0.69,10,0.58,0,spring,4619,EuroWings,1,1,0
0.34,8,0.78,1,winter,13520,AeroGulf,5,1,1
0.49,24,1.0,0,spring,9548,AsiaJet,8,1,0
0.76,12,0.93,1,spring,902,EuroWings,1,0,1
0.79,16,0.76,1,winter,5268,PacificAir,0,0,1
0.07,19,0.71,0,winter,4699,AeroGulf,7,1,0
0.61,4,0.57,1,summer,2890,AsiaJet,3,1,1
0.97,10,0.71,0,autumn,11434,PacificAir,1,0,1
0.79,4,0.8,1,summer,4647,AsiaJet,7,0,0
0.01,16,0.8,1,winter,13156,EuroWings,4,1,0
0.22,3,0.78,1,winter,12506,EuroWings,7,0,0
0.45,22,0.91,1,autumn,13398,AsiaJet,3,1,1
0.71,19,0.76,1,winter,9935,AsiaJet,3,0,0
0.56,22,0.74,0,summer,1123,EuroWings,4,0,1
0.08,21,0.65,1,spring,13366,SkyMind,0,1,1
0.74,2,0.59,1,spring,11167,AsiaJet,9,1,1
0.84,8,0.5,0,summer,5349,SkyMind,2,0,0
0.21,11,0.66,0,spring,9983,EuroWings,7,0,1
0.07,23,0.82,1,spring,3822,PacificAir,3,0,1
0.79,7,0.78,1,autumn,9709,PacificAir,0,1,0
0.64,6,0.77,1,winter,11195,AeroGulf,5,1,0
0.8,9,0.89,1,autumn,10517,AeroGulf,5,0,0
0.57,4,0.62,0,summer,4585,EuroWings,1,1,0
0.43,14,0.84,1,autumn,11705,AsiaJet,7,1,1
0.96,21,0.8,1,summer,9122,PacificAir,3,0,1
0.78,15,0.67,1,summer,6718,AsiaJet,7,1,1
0.41,19,0.61,1,autumn,2580,SkyMind,7,1,0
0.91,19,0.78,1,summer,3358,EuroWings,2,1,1
0.99,16,0.97,1,spring,6850,AeroGulf,4,0,1
0.31,12,0.54,0,spring,3327,EuroWings,7,1,1
0.89,24,0.98,1,spring,9226,AeroGulf,0,0,0
0.05,10,0.73,0,summer,6469,EuroWings,9,1,0
0.21,6,0.86,1,autumn,4319,EuroWings,3,1,1
0.16,18,0.9,0,summer,5105,AeroGulf,2,1,0
0.36,19,0.58,1,spring,12748,SkyMind,5,0,1
0.56,8,0.52,1,winter,626,EuroWings,9,0,0
0.72,15,0.56,1,spring,7727,PacificAir,7,1,0
0.9,5,0.67,0,spring,13924,EuroWings,8,1,1
0.16,13,0.98,1,autumn,7465,AsiaJet,6,0,0
0.58,14,0.52,1,spring,7110,PacificAir,2,1,0
0.55,15,0.96,1,summer,12889,AsiaJet,4,0,0
0.46,2,0.78,1,spring,1751,AeroGulf,4,0,0
0.69,19,0.55,0,winter,11619,AeroGulf,0,1,0
0.51,2,0.58,0,autumn,9665,AeroGulf,1,1,0
0.55,5,0.84,0,summer,6429,AsiaJet,6,1,0
0.9,5,0.8,1,spring,11038,AeroGulf,3,0,1
0.86,22,0.58,1,autumn,5160,PacificAir,2,1,1
0.58,2,0.95,0,autumn,3325,AeroGulf,3,1,0
0.16,17,0.57,0,winter,12511,EuroWings,6,0,0
0.96,7,0.76,1,spring,1979,AsiaJet,3,0,1
0.62,23,0.76,1,autumn,8885,AsiaJet,8,1,0
0.81,10,0.94,0,spring,4081,AsiaJet,6,1,1
0.06,22,0.51,1,summer,13579,AsiaJet,1,0,0
0.9,15,0.57,1,summer,1593,SkyMind,9,0,1
0.69,18,0.59,0,autumn,6520,AeroGulf,3,1,1
0.69,8,0.53,0,summer,2449,EuroWings,3,1,1
0.11,4,0.82,0,winter,1747,EuroWings,2,0,0
0.71,11,0.61,0,spring,6262,AsiaJet,0,0,0
0.08,7,0.79,0,summer,9323,EuroWings,8,0,0
0.06,16,0.89,1,summer,4159,AeroGulf,4,0,0
0.33,24,0.7,1,spring,7949,PacificAir,8,1,0
0.02,23,0.88,1,winter,7356,EuroWings,7,1,1
0.16,3,0.89,1,spring,5819,SkyMind,9,1,0
0.73,24,0.63,1,autumn,7854,AsiaJet,6,1,0
0.83,20,0.51,1,spring,2748,PacificAir,0,1,0
0.18,15,0.55,0,winter,11865,PacificAir,3,0,0
0.82,24,0.91,1,spring,8523,AsiaJet,3,0,1
0.48,21,0.7,0,winter,4799,AsiaJet,3,1,0
0.96,9,0.92,1,winter,13375,EuroWings,7,1,1
0.14,19,0.77,1,summer,10024,AsiaJet,5,1,0
0.05,14,0.6,0,spring,2593,SkyMind,0,0,1
0.85,2,0.86,0,winter,682,AeroGulf,3,0,1
0.36,20,0.78,0,spring,8837,PacificAir,9,1,0
0.46,18,0.68,0,summer,13060,AsiaJet,6,1,0
0.51,11,0.54,0,autumn,11675,EuroWings,8,1,1
0.83,11,0.55,1,spring,5272,AsiaJet,1,0,1
0.08,18,0.59,1,winter,11282,SkyMind,1,1,0
0.55,1,0.84,0,winter,7420,AsiaJet,4,0,0
0.43,8,0.86,1,summer,8282,SkyMind,4,0,0
0.34,1,0.82,1,autumn,723,AsiaJet,6,0,1
0.35,24,0.67,1,winter,2407,AeroGulf,3,0,0
0.93,9,0.72,0,autumn,11736,EuroWings,3,0,0
0.27,22,0.85,1,winter,7686,SkyMind,1,0,1
0.45,7,0.83,1,winter,10024,AsiaJet,1,0,1
0.49,22,0.89,0,autumn,9885,PacificAir,3,0,0
0.72,17,0.62,0,winter,983,SkyMind,1,0,0
0.52,17,0.5,0,autumn,4342,AeroGulf,1,0,0
0.62,12,0.63,1,summer,13515,AeroGulf,9,0,0
0.4,1,0.67,1,autumn,8215,PacificAir,3,1,1
0.72,3,0.98,1,summer,845,AsiaJet,2,0,1
0.47,15,0.61,0,autumn,11975,AsiaJet,9,0,1
0.22,23,0.91,1,summer,5953,AsiaJet,3,0,1
0.82,8,0.81,0,autumn,11603,AsiaJet,9,1,1
0.77,12,0.58,0,summer,9595,AsiaJet,6,1,0
0.63,17,0.7,1,spring,5032,PacificAir,2,0,1
0.52,6,0.76,1,winter,3608,AeroGulf,0,0,1
0.21,24,0.67,0,spring,4824,PacificAir,3,1,0
0.87,12,0.61,0,summer,13886,EuroWings,6,0,1
0.1,21,0.63,0,autumn,3129,EuroWings,1,1,1
0.38,11,0.79,1,spring,8344,SkyMind,9,0,1
0.85,2,0.84,1,spring,12179,AsiaJet,9,1,1
0.6,20,0.73,1,summer,6036,AeroGulf,1,0,0
0.44,16,0.97,0,summer,12193,SkyMind,5,1,0
0.79,20,0.86,1,summer,4932,EuroWings,4,1,1
0.99,4,0.95,0,summer,2352,SkyMind,3,0,1
0.19,24,0.74,0,summer,3497,EuroWings,5,0,0
0.05,22,0.51,0,spring,11221,EuroWings,8,1,1
0.46,9,0.8,0,summer,2262,PacificAir,3,0,0
0.29,17,0.91,0,autumn,3465,SkyMind,4,0,0
0.67,17,0.77,1,summer,7903,EuroWings,8,1,1
0.49,2,0.78,0,winter,10713,AeroGulf,0,1,1
0.5,21,0.99,0,winter,10421,EuroWings,9,1,1
0.35,11,0.68,1,winter,8621,PacificAir,2,0,0
0.21,6,0.9,1,autumn,10195,SkyMind,0,0,0
0.21,19,0.75,1,spring,9317,EuroWings,4,1,0
0.39,17,0.73,0,winter,11786,AsiaJet,4,0,0
0.68,23,0.57,0,spring,1152,AsiaJet,2,0,0
0.34,16,0.87,1,winter,783,EuroWings,4,1,0
0.33,17,0.91,1,summer,3715,SkyMind,0,1,0
0.43,23,0.72,1,spring,1455,PacificAir,1,1,1
0.99,15,0.88,1,spring,6508,AeroGulf,1,0,0
0.09,13,0.79,1,autumn,13284,SkyMind,9,1,0
0.29,17,0.63,0,spring,8843,PacificAir,0,0,0
0.29,8,0.96,1,summer,1335,EuroWings,5,0,0
0.97,9,0.85,0,spring,7129,AeroGulf,6,1,0
0.41,8,0.94,1,winter,8787,SkyMind,1,0,0
0.57,17,0.64,1,spring,8353,EuroWings,0,1,1
0.2,20,0.96,1,autumn,7974,AeroGulf,4,0,1
0.01,14,0.68,1,autumn,10253,EuroWings,8,0,1
0.34,20,0.5,1,winter,1950,AsiaJet,6,1,1
0.64,12,0.54,0,summer,8771,AsiaJet,4,0,1
0.69,1,0.54,1,spring,8692,PacificAir,4,1,0
0.75,13,0.6,1,spring,7695,AeroGulf,8,1,1
0.86,7,0.59,1,autumn,1348,AsiaJet,9,1,1
0.12,23,0.53,1,spring,12291,EuroWings,5,1,1
0.08,16,0.95,1,winter,9938,PacificAir,9,0,0
0.79,24,0.91,1,winter,13743,AsiaJet,5,1,0
0.44,3,0.88,1,autumn,12632,PacificAir,2,0,0
0.95,11,0.74,1,winter,899,AeroGulf,2,1,0
0.94,18,0.71,0,winter,4193,AsiaJet,8,0,1
0.14,10,0.71,1,winter,8375,AsiaJet,8,1,1
0.69,16,0.63,0,summer,11806,SkyMind,4,1,0
0.07,19,0.8,1,autumn,7691,SkyMind,9,0,0
0.4,8,0.53,1,winter,1174,AeroGulf,5,0,1
0.84,6,0.83,1,winter,5222,AeroGulf,6,0,0
0.46,3,0.76,0,winter,4373,SkyMind,8,1,0
0.03,2,0.91,1,winter,4652,AsiaJet,6,1,0
0.24,17,0.99,0,summer,9288,PacificAir,4,1,0
0.09,24,0.94,1,spring,4864,AeroGulf,7,0,0
0.41,3,0.86,0,spring,9402,SkyMind,8,1,0
0.7,3,0.72,1,autumn,5919,PacificAir,2,0,1
0.66,21,0.61,1,summer,13328,SkyMind,2,1,0
0.72,15,0.83,0,autumn,11914,EuroWings,4,0,1
0.38,5,0.6,0,spring,9393,AsiaJet,1,0,0
0.27,21,0.51,0,autumn,10309,PacificAir,7,1,0
0.06,14,0.79,1,spring,8611,SkyMind,9,0,0
0.94,23,0.7,1,autumn,11953,PacificAir,4,1,1
0.12,23,0.94,0,summer,4472,EuroWings,4,0,1
0.18,7,0.82,1,summer,11531,EuroWings,5,1,0
0.03,5,0.82,1,winter,6472,AsiaJet,7,0,1
0.32,14,0.89,0,summer,6623,SkyMind,7,1,1
0.82,19,0.67,0,autumn,8144,SkyMind,7,0,0
0.33,11,0.98,0,spring,10480,SkyMind,0,0,0
0.67,7,0.61,1,autumn,10900,AeroGulf,0,1,1
0.97,8,0.94,0,spring,1277,AsiaJet,9,1,0
0.89,4,0.96,0,winter,13320,EuroWings,0,1,1
0.18,6,0.52,1,winter,7557,AsiaJet,7,0,1
0.36,5,0.82,0,summer,8977,AeroGulf,9,1,0
0.75,10,0.87,1,winter,11431,SkyMind,3,1,0
0.98,18,0.98,0,winter,10112,EuroWings,2,0,0
0.72,17,0.63,0,summer,6136,SkyMind,1,0,0
0.25,14,0.78,1,autumn,9637,AeroGulf,9,1,1
0.13,13,0.89,0,spring,10361,AeroGulf,8,1,0
0.5,6,0.57,1,spring,10904,SkyMind,3,0,1
0.19,16,0.93,0,spring,10047,SkyMind,7,0,0
0.23,10,0.7,1,autumn,7935,PacificAir,0,1,0
0.63,22,0.82,1,winter,5933,EuroWings,0,0,0
0.51,7,0.52,1,spring,13741,EuroWings,5,0,1
0.12,21,0.61,1,winter,11512,AsiaJet,8,1,0
0.15,1,0.74,0,winter,6087,AsiaJet,0,1,0
0.02,11,0.64,0,winter,6737,AeroGulf,4,1,0
0.22,6,0.98,1,winter,13768,EuroWings,8,0,0
0.89,4,0.9,1,autumn,4151,AeroGulf,7,0,1
0.79,11,0.93,0,summer,7034,SkyMind,7,1,0
0.41,23,0.73,0,summer,11122,EuroWings,8,0,0
0.74,2,0.74,0,summer,2199,AeroGulf,6,1,0
0.41,9,0.9,1,winter,10574,PacificAir,8,1,0
0.79,7,0.69,0,winter,10561,PacificAir,7,0,0
0.18,14,0.74,0,summer,5446,EuroWings,5,0,0
0.15,5,0.76,1,winter,1649,EuroWings,4,1,0
0.08,18,0.8,0,winter,612,AsiaJet,2,0,0
0.24,17,0.82,1,autumn,5332,EuroWings,2,1,0
0.15,21,0.84,1,autumn,8892,AsiaJet,6,1,1
0.8,14,0.72,1,autumn,2115,PacificAir,0,0,1
0.24,16,0.65,1,summer,4144,PacificAir,9,0,0
0.52,21,0.96,0,summer,9671,PacificAir,5,0,0
0.76,19,0.91,0,spring,1354,SkyMind,4,0,0
0.68,11,0.5,1,autumn,1049,EuroWings,0,0,1
0.2,1,0.76,0,spring,5348,PacificAir,4,1,0
0.08,5,0.64,0,summer,3635,AsiaJet,2,1,0
0.91,11,0.82,1,spring,3169,AsiaJet,5,1,0
0.62,20,0.75,0,winter,8741,AeroGulf,0,1,0
0.71,13,0.51,0,winter,3351,AeroGulf,8,0,1
0.39,2,0.86,0,summer,12025,SkyMind,1,1,0
0.24,1,0.64,1,winter,1704,AsiaJet,7,1,1
0.53,11,0.63,0,winter,2022,AeroGulf,5,0,0
0.08,4,0.52,0,spring,11199,EuroWings,2,1,0
0.8,22,0.91,1,winter,8034,EuroWings,1,0,1
0.65,8,0.79,0,autumn,13102,EuroWings,8,1,0
0.76,18,0.74,1,summer,9514,EuroWings,1,1,1
0.57,11,0.84,1,autumn,11145,AeroGulf,3,0,0
0.58,2,0.67,1,autumn,8088,SkyMind,1,1,0
0.6,22,0.78,1,spring,12355,AeroGulf,4,1,0
0.78,4,0.62,0,winter,7307,EuroWings,1,0,1
0.23,10,0.53,1,summer,2187,PacificAir,0,1,0
0.68,20,0.78,0,spring,12285,EuroWings,2,1,1
0.55,12,0.61,1,winter,7121,SkyMind,3,1,0
0.5,18,0.88,0,autumn,5245,AsiaJet,4,1,0
0.54,15,0.73,1,summer,12845,AsiaJet,3,1,0
0.27,12,0.63,1,spring,3021,EuroWings,1,1,1
0.04,1,0.8,1,autumn,5880,SkyMind,1,1,0
0.76,6,0.56,1,autumn,8356,AeroGulf,1,1,1
0.92,11,0.88,1,spring,4211,SkyMind,5,1,0
0.48,1,0.73,1,autumn,8838,EuroWings,9,1,1
0.84,6,0.91,1,winter,7591,AeroGulf,2,0,1
0.56,8,0.57,0,autumn,2116,AsiaJet,2,0,1
0.93,6,0.69,1,spring,6580,EuroWings,5,0,0
0.51,20,0.59,1,winter,5203,AsiaJet,0,1,1
0.2,12,0.53,1,spring,13927,EuroWings,5,0,1
0.87,18,0.98,0,winter,9114,AeroGulf,4,1,0
0.8,5,0.86,1,autumn,7790,SkyMind,2,0,1
0.4,5,0.66,1,spring,13657,AsiaJet,8,0,1
0.84,8,0.62,0,autumn,12786,AeroGulf,7,0,0
0.01,19,0.6,0,winter,4596,AsiaJet,2,1,0
0.8,2,0.52,1,summer,7305,PacificAir,4,1,1
0.69,14,0.55,1,winter,3521,AeroGulf,0,0,1
0.38,17,0.55,0,autumn,4703,AeroGulf,4,1,0
0.79,18,0.83,1,spring,12554,SkyMind,1,0,0
0.13,18,0.8,0,winter,12166,SkyMind,3,1,0
0.2,17,0.78,0,spring,7182,EuroWings,2,0,1
0.53,8,0.87,0,autumn,11525,SkyMind,8,1,0
0.88,24,0.63,1,autumn,13481,EuroWings,4,1,1
0.13,10,0.67,0,autumn,11908,SkyMind,7,0,0
0.56,4,0.56,0,winter,8106,SkyMind,0,0,0
0.75,19,0.79,1,summer,4429,EuroWings,5,1,1
0.74,17,0.97,0,spring,10385,PacificAir,6,1,0
0.63,24,0.93,1,summer,9685,AeroGulf,3,1,0
0.94,13,0.78,0,spring,13763,EuroWings,6,0,1
0.48,8,0.82,1,summer,8232,PacificAir,5,0,1
0.88,4,1.0,1,winter,13892,SkyMind,5,0,0
0.62,5,0.76,1,winter,7825,EuroWings,2,1,0
0.74,20,0.94,1,autumn,13325,PacificAir,2,0,1
0.46,21,0.75,0,summer,10682,PacificAir,1,1,0
0.17,15,0.52,0,winter,5048,AeroGulf,2,0,1
0.11,20,0.97,0,autumn,520,SkyMind,6,0,0
0.68,9,0.56,0,spring,13051,AsiaJet,1,0,0
0.38,1,0.85,0,autumn,1168,PacificAir,4,0,0
0.57,10,0.62,1,spring,4755,EuroWings,3,1,1
0.75,3,0.95,0,spring,5043,SkyMind,3,1,0
0.79,23,0.6,1,autumn,9675,AsiaJet,6,1,0
0.51,13,0.57,1,winter,6047,AsiaJet,0,1,1
0.31,22,0.72,0,spring,6582,AsiaJet,0,0,0
0.78,8,0.75,0,spring,6443,PacificAir,6,1,1
0.42,14,0.91,0,spring,8247,AeroGulf,3,0,0
0.94,12,0.88,0,summer,6270,AsiaJet,0,1,0
0.82,22,0.66,0,summer,5272,AsiaJet,1,0,0
0.75,11,0.69,0,spring,4219,EuroWings,3,1,0
0.24,15,0.79,0,summer,2989,AsiaJet,4,0,0
0.36,24,0.78,1,summer,7285,SkyMind,6,0,1
0.85,17,0.93,0,winter,8697,AeroGulf,9,0,0
0.02,21,0.74,1,autumn,6291,AeroGulf,1,0,1
0.78,2,0.95,0,autumn,9047,AsiaJet,3,1,1
0.4,1,0.6,1,winter,902,PacificAir,4,1,1
0.8,20,0.93,1,spring,5982,PacificAir,3,1,0
0.55,13,0.65,1,autumn,4572,AsiaJet,9,0,0
0.53,12,0.89,0,spring,12632,AsiaJet,6,1,0
0.7,8,0.78,1,spring,11141,PacificAir,1,1,1
0.81,19,0.94,1,winter,8534,AsiaJet,5,0,0
0.69,15,0.62,0,autumn,10316,EuroWings,9,0,1
0.45,10,0.85,1,winter,3483,EuroWings,2,0,0
0.32,20,0.92,1,autumn,559,AsiaJet,3,1,1
0.85,2,0.89,0,winter,8665,PacificAir,7,1,1
0.52,2,0.78,0,autumn,6811,EuroWings,5,0,1
0.78,18,0.84,0,spring,9269,PacificAir,9,0,1
1.0,1,0.6,0,spring,10377,AsiaJet,6,0,1
0.64,10,0.61,0,winter,7704,AsiaJet,2,1,0
0.28,16,0.63,0,summer,2401,AsiaJet,8,1,0
0.87,14,0.91,1,spring,1556,EuroWings,0,0,1
0.27,21,0.58,1,autumn,1799,AeroGulf,0,1,1
0.26,21,0.65,0,spring,13804,AeroGulf,4,1,0
0.07,11,0.96,0,autumn,5759,AeroGulf,3,0,0
0.08,13,0.88,1,autumn,5668,EuroWings,4,0,0
0.86,19,0.87,1,winter,2197,PacificAir,0,1,1
0.23,16,0.73,1,spring,1366,AeroGulf,5,1,0
0.11,19,0.85,1,winter,10074,AeroGulf,3,1,0
0.35,24,0.78,0,autumn,1448,SkyMind,0,1,0
0.71,23,0.54,1,winter,11823,AsiaJet,4,0,1
0.34,4,0.79,0,spring,565,AeroGulf,3,0,0
0.31,8,0.73,0,winter,1807,AeroGulf,1,0,0
0.49,10,0.56,0,autumn,5062,PacificAir,4,0,0
0.02,22,0.67,1,spring,2219,AsiaJet,1,0,0
0.49,23,0.95,1,winter,10750,EuroWings,2,1,1
0.99,11,0.9,0,summer,8862,EuroWings,5,0,0
0.8,13,0.96,1,spring,9455,SkyMind,0,0,0
0.07,23,0.86,0,autumn,675,PacificAir,6,1,1
0.65,13,0.82,0,winter,2221,PacificAir,1,0,0
0.46,21,0.57,1,autumn,3244,AsiaJet,7,1,1
0.83,13,0.55,0,winter,4225,PacificAir,2,1,0
0.1,11,0.62,1,winter,9689,SkyMind,8,1,1
0.23,16,0.66,1,spring,2379,AsiaJet,0,0,1
0.79,15,0.8,1,winter,4589,PacificAir,3,1,1
0.85,4,0.94,1,autumn,3753,PacificAir,5,1,1
0.53,2,0.95,1,summer,13429,AeroGulf,6,0,0
0.02,16,0.84,0,winter,11805,AeroGulf,7,0,1
0.89,11,0.79,0,spring,7403,SkyMind,6,0,0
0.38,17,0.62,1,summer,2791,AeroGulf,1,1,0
0.04,8,0.97,1,summer,11353,PacificAir,4,1,0
0.82,2,0.84,1,spring,3196,AeroGulf,2,0,0
0.42,8,0.77,1,summer,532,PacificAir,7,0,0
0.19,20,0.55,1,winter,2924,AsiaJet,3,0,1
0.8,17,0.91,1,autumn,11063,AeroGulf,8,1,0
0.46,22,0.67,0,winter,947,SkyMind,9,1,1
0.61,8,0.95,1,winter,11604,EuroWings,6,0,1
0.82,1,0.58,1,summer,11954,PacificAir,3,0,1
0.52,14,0.52,0,autumn,2939,SkyMind,4,0,0
0.11,5,0.72,1,summer,9518,PacificAir,9,1,1
0.96,16,0.54,1,spring,11099,PacificAir,7,0,1
0.29,17,0.53,1,winter,13948,AsiaJet,6,0,0
0.99,23,0.86,0,autumn,12927,PacificAir,7,1,0
0.01,22,0.63,1,summer,5677,EuroWings,4,0,1
0.48,12,0.82,1,autumn,5919,EuroWings,0,1,0
0.7,20,0.79,0,spring,10371,EuroWings,8,1,1
0.91,8,0.57,1,winter,5173,SkyMind,3,0,1
0.78,8,0.69,0,autumn,3682,AsiaJet,0,1,0
0.26,2,0.53,0,autumn,7833,SkyMind,8,1,0
0.24,5,0.71,1,autumn,11422,SkyMind,3,1,0
0.36,13,0.59,1,summer,5976,EuroWings,2,1,1
0.11,17,0.55,1,summer,12897,SkyMind,5,0,1
0.67,3,0.66,0,autumn,8035,PacificAir,5,0,0
0.94,15,0.5,0,spring,10934,AeroGulf,5,1,1
0.64,12,0.88,0,autumn,8022,PacificAir,1,0,0
0.53,3,0.58,1,winter,3554,SkyMind,6,0,1
0.5,10,0.81,0,winter,11324,AsiaJet,4,1,0
0.59,16,0.92,0,winter,9700,PacificAir,7,1,1
0.71,19,0.96,1,autumn,7383,SkyMind,4,0,0
0.79,3,0.78,0,summer,11130,AsiaJet,3,1,0
0.7,10,0.89,1,autumn,10216,EuroWings,4,1,1
0.71,2,0.73,1,autumn,5005,AeroGulf,3,1,1
0.95,15,0.75,1,winter,6079,SkyMind,3,0,1
0.9,23,0.77,0,spring,3011,PacificAir,8,1,0
0.82,7,0.84,0,spring,2450,AeroGulf,4,0,0
0.04,20,0.83,1,winter,11403,EuroWings,5,1,0
0.67,8,0.89,1,autumn,4011,EuroWings,8,1,0
0.45,15,0.81,0,autumn,10802,AeroGulf,9,0,0
0.62,8,0.94,0,winter,3981,SkyMind,4,0,1
0.69,13,0.85,0,spring,7981,SkyMind,3,0,0
0.71,20,0.96,1,spring,2574,AsiaJet,7,1,1
0.87,22,0.88,1,winter,2585,AsiaJet,2,1,1
0.91,22,0.87,0,autumn,7714,SkyMind,9,1,0
0.61,21,0.93,1,autumn,10212,PacificAir,8,1,0
0.89,4,0.83,1,autumn,5859,EuroWings,4,0,1
0.76,12,0.59,1,summer,10606,AsiaJet,4,1,0
0.2,22,0.54,1,spring,4302,AeroGulf,8,1,0
0.04,23,0.66,1,spring,1090,AeroGulf,1,0,1
0.01,12,0.91,1,summer,11751,SkyMind,0,0,1
0.59,5,0.51,0,spring,9198,AeroGulf,0,1,1
0.52,2,0.58,0,winter,12556,AeroGulf,0,0,1
0.7,6,0.55,0,summer,4279,SkyMind,7,1,0
0.84,11,0.52,1,spring,3145,PacificAir,4,0,1
0.16,11,0.91,0,autumn,13933,SkyMind,1,0,0
0.86,3,0.64,0,winter,6310,EuroWings,9,1,0
0.1,10,0.86,0,summer,4558,AsiaJet,6,1,0
0.88,16,0.57,1,summer,6155,PacificAir,7,1,1
0.85,16,0.7,0,autumn,12796,PacificAir,4,1,1
0.7,22,0.56,1,summer,12637,AeroGulf,4,0,0
0.3,19,0.5,1,spring,5385,AsiaJet,3,1,1
0.09,14,0.81,0,summer,1294,AsiaJet,6,0,0
0.78,8,0.74,0,autumn,1840,PacificAir,7,1,0
0.22,16,0.71,1,summer,13620,EuroWings,8,1,0
0.44,16,0.54,0,winter,5940,EuroWings,5,0,1
0.53,7,0.79,1,winter,8833,AeroGulf,1,0,1
0.69,1,0.89,0,spring,13539,AeroGulf,1,0,1
0.49,16,0.53,1,autumn,11229,EuroWings,2,0,1
0.69,20,0.71,0,summer,2567,AsiaJet,4,0,0
0.81,2,0.66,0,summer,9556,EuroWings,7,0,0
0.71,22,0.95,0,winter,5792,PacificAir,7,0,0
0.3,5,0.63,1,autumn,8346,SkyMind,8,1,1
0.89,2,0.97,1,autumn,5959,SkyMind,0,0,0
0.55,17,0.91,1,winter,11492,SkyMind,4,1,1
0.47,7,0.55,0,spring,9540,AsiaJet,7,0,0
0.58,12,0.74,0,summer,5777,EuroWings,9,0,0
0.48,9,0.82,1,winter,13248,PacificAir,2,0,0
0.76,11,0.8,1,autumn,2483,PacificAir,2,0,1
0.42,19,0.84,1,spring,12377,AeroGulf,5,0,0
0.78,15,0.71,1,winter,5465,AsiaJet,3,1,0
0.76,12,0.95,0,autumn,12860,PacificAir,7,1,1
0.28,22,0.64,1,summer,4943,AeroGulf,6,0,0
0.1,15,0.55,0,summer,9738,AsiaJet,0,0,1
0.85,17,0.99,1,spring,10003,PacificAir,7,0,1
0.17,11,0.83,1,spring,13124,EuroWings,4,1,1
0.03,17,0.83,0,autumn,6427,PacificAir,5,0,0
0.4,22,0.91,1,summer,10393,AsiaJet,6,1,1
0.25,22,0.71,1,summer,11825,AeroGulf,4,0,1
0.22,21,0.69,0,summer,1054,AsiaJet,8,0,1
0.17,12,0.97,0,spring,11727,SkyMind,7,0,1
0.75,22,0.69,1,spring,6216,PacificAir,6,1,0
0.78,10,0.54,1,summer,1065,SkyMind,7,0,1
0.05,21,0.65,1,summer,9184,EuroWings,2,0,0
0.55,6,0.94,1,autumn,8362,AeroGulf,3,1,1
0.14,7,0.55,0,spring,5574,EuroWings,1,0,0
0.5,14,0.86,0,autumn,5025,AsiaJet,0,0,0
0.35,16,0.63,1,spring,5541,PacificAir,2,1,0
0.2,3,0.87,0,autumn,4810,AeroGulf,7,1,0
0.95,9,0.76,0,autumn,825,SkyMind,7,1,0
0.96,6,0.82,1,autumn,11654,SkyMind,0,0,1
0.56,5,0.62,1,summer,2615,AsiaJet,7,0,1
0.19,4,0.58,0,winter,8228,SkyMind,2,0,0
0.58,15,0.53,1,winter,13834,AsiaJet,6,0,1
0.93,10,0.91,1,winter,5496,AeroGulf,0,0,0
0.38,1,0.86,0,winter,12211,EuroWings,3,1,0
0.14,7,0.65,1,winter,6932,PacificAir,2,1,1
0.69,21,0.92,0,autumn,7231,EuroWings,1,1,0
0.66,17,0.92,0,spring,11762,EuroWings,9,0,0
0.0,4,0.57,0,autumn,7895,PacificAir,9,0,0
0.85,10,0.86,1,summer,10480,AeroGulf,4,0,1
0.66,1,0.65,0,winter,1070,AsiaJet,3,1,0
0.2,10,0.73,0,summer,11344,SkyMind,0,0,0
0.0,20,0.72,0,summer,10945,PacificAir,8,1,0
0.97,7,0.8,1,summer,13306,EuroWings,6,1,1
0.75,9,0.67,1,autumn,12318,PacificAir,5,1,0
0.37,2,0.54,1,winter,7203,AeroGulf,6,0,0
0.43,4,0.84,0,autumn,6249,PacificAir,9,0,0
0.54,17,0.98,0,spring,11677,SkyMind,0,0,0
0.72,6,0.83,0,spring,5553,EuroWings,5,0,0
0.17,8,0.77,1,winter,12551,SkyMind,0,0,1
0.2,14,0.58,0,autumn,738,SkyMind,7,0,0
0.05,12,0.81,0,spring,8216,SkyMind,3,1,0
0.99,19,0.81,1,spring,12225,SkyMind,5,0,1
0.88,5,0.81,0,winter,1493,PacificAir,1,0,1
0.55,11,0.95,0,spring,2538,PacificAir,9,0,0
0.43,17,0.86,0,winter,5916,EuroWings,1,1,1
0.24,12,0.89,0,spring,9372,AsiaJet,1,1,0
0.59,5,0.66,1,summer,10570,AsiaJet,5,1,0
0.69,1,0.64,0,spring,8154,SkyMind,2,0,0
0.69,21,0.6,1,autumn,2267,AeroGulf,8,1,1
0.01,7,0.89,1,autumn,3448,SkyMind,2,0,0
0.7,7,0.85,0,winter,4244,AeroGulf,2,1,0
0.87,11,0.67,0,spring,2979,AeroGulf,2,0,1
0.11,21,0.57,0,winter,3570,SkyMind,6,0,0
0.76,24,0.92,0,summer,8607,EuroWings,0,1,0
0.82,23,0.69,1,summer,7101,AeroGulf,2,1,0
0.28,6,0.59,1,summer,6397,SkyMind,7,1,0
0.71,6,0.57,0,spring,1968,SkyMind,2,1,0
0.1,23,0.96,1,autumn,7934,SkyMind,7,1,1
0.65,10,0.57,1,spring,5830,AeroGulf,0,1,1
0.51,3,0.68,1,winter,2214,PacificAir,3,0,0
0.85,5,0.82,0,autumn,7408,AeroGulf,1,0,1
0.45,18,0.7,1,autumn,8654,PacificAir,7,0,0
0.43,21,0.74,0,summer,5112,PacificAir,7,1,0
0.93,15,0.9,0,winter,5091,EuroWings,4,1,0
0.93,12,1.0,1,spring,7008,AsiaJet,2,0,1
0.04,8,0.73,0,autumn,5168,SkyMind,9,0,0
0.49,7,0.69,1,autumn,5248,SkyMind,1,1,0
0.16,3,0.7,1,autumn,4896,AeroGulf,6,1,0
0.27,7,0.68,0,autumn,7434,AsiaJet,6,1,0
0.67,18,0.74,1,autumn,6636,EuroWings,4,0,0
0.13,16,0.67,0,summer,13547,SkyMind,4,1,1
0.01,20,0.73,1,summer,6525,AeroGulf,5,1,0
0.73,2,0.97,0,autumn,5203,EuroWings,5,0,1
0.64,7,0.64,1,spring,1568,AsiaJet,6,0,1
0.9,5,0.83,0,autumn,12918,AeroGulf,9,0,0
0.54,14,0.74,0,spring,13917,EuroWings,9,1,0
0.95,15,0.87,0,winter,920,AsiaJet,4,1,1
0.61,16,0.74,0,autumn,1524,SkyMind,4,0,0
0.39,23,0.58,1,summer,1990,AsiaJet,2,1,0
0.61,2,0.94,0,winter,8251,AeroGulf,3,1,0
0.75,20,0.84,1,summer,12746,SkyMind,1,1,0
0.35,19,0.76,0,spring,4532,PacificAir,1,0,0
0.37,10,0.92,1,autumn,8721,AeroGulf,9,0,0
0.63,18,0.99,0,autumn,5215,PacificAir,0,0,0
0.46,2,0.7,0,summer,12215,AsiaJet,0,0,0
0.53,8,0.68,1,winter,4978,EuroWings,6,0,1
0.98,6,0.88,0,winter,9672,SkyMind,8,0,0
0.04,19,0.73,0,winter,9583,AeroGulf,9,0,1
0.65,8,0.54,0,spring,12872,SkyMind,3,0,1
0.92,19,0.68,0,autumn,10311,AsiaJet,8,1,0
0.24,21,0.9,1,spring,6671,AsiaJet,3,0,0
0.21,1,0.85,1,summer,9292,EuroWings,8,0,1
0.36,13,0.93,1,autumn,9300,EuroWings,8,0,0
0.07,17,0.57,1,autumn,13994,AeroGulf,6,1,0
0.56,10,0.62,0,winter,11057,SkyMind,6,0,0
0.65,18,0.61,1,spring,10754,AeroGulf,8,1,1
0.82,23,0.99,0,summer,12884,PacificAir,6,1,0
0.07,17,0.58,0,summer,5302,AsiaJet,6,0,1
0.44,23,0.8,0,spring,8563,PacificAir,2,1,0
0.78,16,0.82,0,winter,11395,PacificAir,6,1,0
0.77,15,0.81,0,summer,3486,SkyMind,4,0,0
0.07,10,0.85,0,summer,8546,PacificAir,1,0,0
0.01,5,0.74,1,spring,5491,PacificAir,6,1,0
0.78,11,0.54,1,spring,11341,EuroWings,0,0,1
0.14,11,0.85,0,autumn,13136,AeroGulf,4,1,1
0.58,14,0.64,1,summer,6536,EuroWings,6,0,1
0.09,6,0.54,1,summer,9554,SkyMind,6,1,0
0.3,15,0.58,1,autumn,10222,AeroGulf,4,1,1
0.16,14,0.64,1,winter,2131,AeroGulf,6,0,0
0.74,12,0.72,0,winter,5179,AsiaJet,7,0,1
0.67,23,0.93,1,spring,12026,AsiaJet,9,0,1
0.14,14,0.77,0,summer,4730,PacificAir,4,0,0
0.06,24,0.74,0,winter,10536,AeroGulf,9,0,0
0.47,11,0.6,0,spring,4269,AeroGulf,5,0,1
0.2,18,0.98,1,winter,7786,AsiaJet,6,0,1
0.01,18,0.95,1,winter,11997,PacificAir,6,1,0
0.26,14,0.91,1,summer,3974,AsiaJet,4,0,1
0.22,22,0.66,1,winter,8206,AeroGulf,1,0,1
0.68,7,0.78,0,spring,12935,SkyMind,5,0,0
0.86,5,0.69,0,autumn,2391,AsiaJet,4,1,0
0.24,17,0.7,0,summer,3169,EuroWings,5,0,0
0.22,8,0.54,0,autumn,3730,AsiaJet,2,0,1
0.39,17,0.57,1,spring,10229,AeroGulf,0,1,1
0.17,15,0.98,0,winter,11976,PacificAir,8,0,0
0.95,17,0.81,0,summer,11440,AeroGulf,9,0,0
0.24,2,0.5,1,winter,4572,PacificAir,0,0,0
0.09,5,0.9,0,winter,9045,AeroGulf,9,1,0
0.56,20,0.54,1,autumn,13614,EuroWings,8,1,1
0.54,4,0.85,0,spring,5348,EuroWings,9,0,1
0.63,17,0.81,0,autumn,7997,PacificAir,3,0,0
0.97,1,0.53,0,winter,3256,EuroWings,7,0,1
0.32,10,0.77,0,winter,12689,SkyMind,5,1,0
0.36,2,0.52,0,spring,8806,SkyMind,7,1,0
0.34,18,0.53,1,winter,3082,EuroWings,7,1,0
0.63,1,0.53,0,autumn,4156,AsiaJet,1,0,0
0.6,10,0.63,1,spring,11335,EuroWings,2,0,0
0.53,24,0.9,0,spring,10041,PacificAir,8,0,0
0.36,19,0.68,0,summer,6515,EuroWings,1,0,0
0.43,24,0.82,0,autumn,3433,EuroWings,3,1,0
0.79,21,0.56,1,winter,10904,PacificAir,0,1,0
0.61,11,0.97,0,summer,13408,SkyMind,3,0,0
0.72,19,0.75,0,autumn,12896,AsiaJet,2,1,0
0.28,22,0.51,0,summer,7861,AeroGulf,3,1,0
0.91,2,0.77,0,autumn,13358,AsiaJet,2,0,0
0.04,1,0.59,1,spring,13637,AeroGulf,4,0,0
0.6,13,0.6,1,summer,7864,EuroWings,3,1,1
0.81,3,0.8,0,winter,769,SkyMind,8,0,0
0.87,7,0.61,1,autumn,10822,EuroWings,4,1,1
0.32,15,0.61,0,autumn,11558,AeroGulf,4,0,0
0.46,20,0.77,1,summer,13152,SkyMind,1,1,0
0.03,4,0.62,0,spring,12413,AeroGulf,3,0,0
0.79,2,0.56,1,autumn,4260,EuroWings,3,1,0
0.12,6,0.7,1,autumn,6312,AeroGulf,4,0,1
0.43,3,0.53,1,spring,5160,SkyMind,4,1,0
0.99,2,0.95,1,spring,595,AsiaJet,3,1,0
0.92,21,0.73,1,winter,6732,EuroWings,9,0,1
0.33,23,0.51,0,summer,6305,AeroGulf,1,0,1
0.22,22,0.61,1,spring,11732,AeroGulf,6,0,1
0.25,20,0.98,1,summer,6574,AsiaJet,9,1,0
0.68,9,0.75,1,spring,13364,SkyMind,1,0,0
0.73,17,0.68,1,winter,6230,PacificAir,6,0,1
0.22,14,0.66,0,winter,9513,PacificAir,8,1,0
0.24,14,0.71,1,autumn,4204,PacificAir,7,0,1
0.32,10,0.61,1,spring,6189,EuroWings,8,1,0
0.43,17,0.87,0,spring,11418,PacificAir,7,1,0
0.92,7,0.75,1,spring,13117,PacificAir,1,0,1
0.03,5,0.88,0,winter,12332,AsiaJet,8,1,0
0.64,15,0.63,1,winter,10680,PacificAir,6,0,0
0.86,20,0.5,0,spring,1474,AeroGulf,3,0,0
0.72,16,0.98,0,spring,5204,AsiaJet,9,1,0
0.22,14,0.76,0,summer,2726,AeroGulf,6,1,0
0.48,5,0.54,0,summer,11850,EuroWings,8,0,0
0.91,3,0.55,1,winter,11377,AsiaJet,0,1,1
0.12,17,0.72,1,summer,8129,AeroGulf,3,1,0
0.99,5,0.85,0,autumn,9423,AeroGulf,8,1,1
0.14,6,0.7,1,summer,4825,SkyMind,9,1,0
0.14,16,0.91,1,autumn,5856,SkyMind,3,1,0
0.81,15,0.66,0,autumn,9982,SkyMind,6,0,1
0.83,8,0.52,1,winter,13628,SkyMind,1,0,1
0.04,10,0.5,0,autumn,12744,PacificAir,2,0,0
0.17,14,0.93,0,summer,9786,EuroWings,7,1,0
0.95,22,0.99,1,spring,5434,PacificAir,0,0,1
0.28,10,0.57,0,summer,1387,EuroWings,2,0,1
0.01,19,0.53,0,summer,6734,AsiaJet,7,1,0
0.25,14,0.96,1,summer,6096,EuroWings,5,1,1
0.74,24,0.55,0,winter,2366,PacificAir,9,1,0
0.92,18,0.61,1,summer,9215,AsiaJet,8,1,0
0.16,23,0.9,0,summer,590,AsiaJet,4,1,0
0.22,22,1.0,1,winter,3751,AsiaJet,8,1,0
0.44,18,0.74,0,summer,6708,SkyMind,8,0,0
0.75,4,0.61,0,winter,11643,PacificAir,9,1,1
0.66,3,0.92,0,spring,9769,SkyMind,7,1,0
0.33,17,0.7,0,summer,3160,AeroGulf,9,1,1
0.07,3,0.64,1,spring,3485,AsiaJet,0,0,1
0.25,7,0.75,0,autumn,4277,AsiaJet,7,1,0
0.22,6,0.93,0,autumn,6377,AsiaJet,7,1,0
0.02,3,0.62,1,spring,852,PacificAir,9,0,0
0.98,13,0.71,0,winter,2074,AsiaJet,9,0,1
0.26,18,0.72,1,spring,3576,PacificAir,2,1,1
0.84,22,0.92,0,autumn,11771,AeroGulf,8,1,0
0.48,13,0.84,0,summer,12337,AeroGulf,7,1,1
0.97,12,0.89,1,summer,4566,AeroGulf,9,0,0
0.15,7,0.85,0,spring,13862,SkyMind,6,0,0
0.11,18,0.8,1,autumn,1557,AsiaJet,1,1,0
0.0,23,0.57,0,summer,2588,AeroGulf,0,0,0
0.72,19,0.92,0,spring,2823,EuroWings,4,0,0
0.31,14,0.8,1,autumn,7237,PacificAir,0,1,1
0.87,22,0.85,1,winter,4186,EuroWings,3,1,1
0.63,21,0.89,1,winter,5774,AeroGulf,3,0,0
0.58,12,0.66,0,winter,7531,SkyMind,1,0,0
0.49,17,0.72,0,autumn,8518,SkyMind,3,1,0
0.26,9,0.77,0,spring,572,EuroWings,0,1,1
0.06,4,0.67,1,spring,3143,AeroGulf,1,0,0
0.44,5,0.63,1,autumn,13498,AsiaJet,7,0,1
0.1,3,0.89,1,summer,7683,PacificAir,3,1,0
0.91,7,0.88,1,autumn,3649,PacificAir,3,0,0
0.83,16,0.92,0,summer,11964,SkyMind,7,0,0
0.62,20,0.85,1,autumn,6906,EuroWings,8,0,1
0.45,4,0.66,0,winter,3208,AeroGulf,7,0,0
0.45,9,0.66,0,summer,3437,AeroGulf,0,0,0
0.46,3,0.76,0,autumn,8273,AsiaJet,7,0,0
0.75,21,0.92,0,spring,13505,AsiaJet,8,1,0
0.13,19,0.67,0,autumn,8660,AeroGulf,3,0,0
0.53,13,0.88,0,spring,1678,AeroGulf,7,1,0
0.81,18,0.65,1,summer,3520,PacificAir,9,1,0
0.51,22,0.67,0,summer,7285,EuroWings,4,1,0
0.01,24,0.88,1,winter,4560,PacificAir,0,1,1
0.24,21,0.84,0,autumn,9459,AsiaJet,6,0,0
0.67,2,0.6,0,spring,13824,SkyMind,1,0,0
0.93,5,0.91,1,spring,5224,AeroGulf,4,1,0
0.89,14,0.89,1,winter,4850,AeroGulf,0,0,0
0.82,13,0.9,0,summer,1474,EuroWings,4,1,0
0.95,10,0.74,0,autumn,10464,AsiaJet,5,1,0
0.28,12,0.66,1,spring,1004,AeroGulf,8,1,0
0.01,6,0.92,1,spring,7356,PacificAir,9,1,0
0.35,15,0.79,1,autumn,9053,EuroWings,2,0,1
0.58,1,0.97,1,spring,10977,AeroGulf,2,0,0
0.32,3,0.63,1,winter,6829,SkyMind,0,1,1
0.04,7,0.99,0,summer,7037,AsiaJet,5,0,0
0.51,24,0.69,0,summer,5494,EuroWings,3,1,0
0.2,4,0.69,1,winter,1412,PacificAir,1,1,1
0.73,6,0.62,1,autumn,637,AsiaJet,3,0,1
0.09,15,0.98,1,spring,9676,AeroGulf,8,1,0
0.96,11,0.52,1,winter,11038,SkyMind,2,1,1
0.88,23,0.74,1,summer,6694,PacificAir,7,1,1
0.87,14,0.68,0,winter,12276,AsiaJet,4,0,1
0.79,18,0.58,0,winter,3079,AeroGulf,4,1,0
0.63,22,0.86,1,spring,5962,EuroWings,6,1,1
0.05,16,0.95,0,summer,9906,AeroGulf,4,0,0
0.66,24,0.62,0,summer,2406,EuroWings,6,1,1
0.75,17,0.75,1,summer,9411,EuroWings,1,1,1
0.13,17,0.79,0,spring,13597,AeroGulf,0,1,0
0.62,17,0.7,0,summer,12374,SkyMind,9,0,0
0.48,20,0.96,1,autumn,9516,EuroWings,6,1,1
0.47,2,0.73,1,autumn,8737,EuroWings,4,0,1
0.2,23,0.99,1,spring,11137,AeroGulf,6,0,1
0.74,4,0.65,0,summer,2034,EuroWings,0,0,1
0.93,23,0.54,1,autumn,12266,PacificAir,6,1,1
0.79,11,0.79,1,autumn,10921,AsiaJet,0,0,0
0.37,18,0.91,1,summer,1655,AeroGulf,2,0,1
0.98,13,0.69,0,spring,4951,PacificAir,2,1,1
0.36,19,0.59,1,winter,946,EuroWings,2,0,1
0.23,12,0.87,0,spring,10583,EuroWings,4,1,0
0.97,17,0.64,0,winter,6920,EuroWings,1,0,1
0.79,9,0.88,1,spring,11636,AsiaJet,0,1,1
0.76,11,0.63,0,winter,1071,SkyMind,5,1,1
0.08,6,0.78,0,spring,3594,AeroGulf,9,0,0
0.19,13,0.94,1,summer,7171,PacificAir,9,1,0
0.02,11,0.6,0,winter,13313,SkyMind,3,1,0
0.78,15,0.91,0,spring,7785,AeroGulf,0,0,1
0.28,23,0.63,0,summer,8768,EuroWings,8,0,0
0.13,11,0.83,0,summer,885,EuroWings,6,0,1
0.18,4,0.62,0,summer,9280,PacificAir,5,1,0
0.64,20,0.56,0,spring,4161,SkyMind,3,0,0
0.43,10,0.83,1,spring,9158,EuroWings,6,0,1
0.94,10,0.8,0,winter,3641,AsiaJet,6,0,1
0.37,8,0.7,0,winter,9708,AeroGulf,7,1,0
0.83,1,0.52,1,summer,5697,PacificAir,8,1,1
0.55,23,0.74,1,winter,12749,AsiaJet,9,1,0
0.71,4,0.57,1,summer,4491,PacificAir,0,1,0
0.17,4,0.68,0,summer,4233,AeroGulf,2,1,0
0.75,8,0.79,1,summer,13533,SkyMind,5,0,1
0.09,22,0.97,1,summer,8520,AsiaJet,4,0,1
0.69,21,0.76,1,autumn,3427,EuroWings,9,1,0
0.47,16,0.6,1,summer,13538,PacificAir,8,0,1
0.23,14,0.97,0,summer,6033,SkyMind,9,0,0
0.48,2,0.51,0,autumn,9207,AeroGulf,1,0,0
0.86,23,0.82,1,autumn,9947,EuroWings,3,0,1
0.15,2,0.63,1,winter,1945,PacificAir,4,1,0
0.17,5,0.88,1,winter,13502,SkyMind,5,1,0
0.53,3,0.67,0,summer,5083,AeroGulf,9,1,1
0.63,9,0.71,1,summer,11715,SkyMind,2,1,1
0.42,22,0.89,0,spring,6583,AeroGulf,1,0,0
0.27,6,0.95,0,autumn,9789,EuroWings,7,0,0
0.07,14,0.59,0,summer,11861,AsiaJet,8,0,0
0.05,19,0.65,1,autumn,13290,PacificAir,1,0,0
0.04,9,0.5,0,summer,12979,AsiaJet,2,0,0
0.9,7,0.93,1,winter,9413,EuroWings,5,0,1
0.13,21,0.97,1,spring,5024,AsiaJet,4,1,0
0.3,14,0.64,0,autumn,9068,PacificAir,7,1,0
0.99,7,0.69,1,spring,12358,EuroWings,4,1,1
0.93,10,0.71,0,summer,9990,PacificAir,8,0,0
0.04,2,0.7,1,autumn,12028,AsiaJet,0,0,0
0.55,6,0.7,0,winter,5587,SkyMind,5,1,1
0.63,5,0.74,0,spring,5579,SkyMind,6,1,1
0.05,6,0.58,0,summer,6487,PacificAir,1,1,0
0.73,15,0.53,1,winter,9933,SkyMind,5,0,0
0.99,12,0.86,1,spring,11447,PacificAir,0,1,1
0.43,24,0.92,0,winter,3375,AsiaJet,2,1,0
0.45,12,0.91,0,winter,5297,AeroGulf,1,0,0
0.66,3,0.81,1,spring,1745,EuroWings,6,1,1
0.74,24,0.98,1,winter,4756,AsiaJet,8,0,0
0.79,9,0.5,1,summer,752,AeroGulf,2,0,1
0.08,21,0.66,1,summer,10196,AsiaJet,2,0,0
0.8,16,0.66,1,winter,4882,AeroGulf,8,1,0
0.86,21,0.67,1,autumn,8497,PacificAir,8,0,1
0.05,7,0.9,1,spring,12991,EuroWings,7,0,1
0.04,13,0.68,1,autumn,11966,PacificAir,2,0,1
0.55,20,0.76,1,summer,3420,EuroWings,9,1,1
0.5,19,0.81,0,summer,3488,AeroGulf,5,1,0
0.98,15,0.92,1,spring,7012,SkyMind,3,1,0
0.29,19,0.81,1,summer,677,SkyMind,5,1,0
0.59,9,0.69,0,spring,11466,SkyMind,7,0,0
0.51,17,0.85,0,autumn,11477,SkyMind,4,0,1
0.54,9,0.76,1,spring,4375,AsiaJet,3,0,0
0.66,24,0.76,1,summer,6269,AsiaJet,9,0,0
0.54,1,0.67,0,autumn,1123,SkyMind,1,1,0
0.01,24,0.5,0,autumn,6886,PacificAir,0,0,0
0.84,20,0.68,0,spring,2057,AeroGulf,0,0,1
0.2,22,0.65,1,autumn,4554,SkyMind,8,1,0
0.23,8,0.55,0,winter,10031,PacificAir,8,0,0
0.65,17,0.6,1,spring,13717,PacificAir,9,1,1
0.48,4,0.99,1,autumn,7868,PacificAir,1,1,0
0.57,2,0.64,0,summer,7285,AsiaJet,0,1,0
0.5,1,0.76,1,winter,9287,EuroWings,5,0,1
0.42,20,0.77,0,winter,883,AsiaJet,4,0,1
0.48,19,0.78,1,winter,8616,SkyMind,1,0,1
0.14,14,0.52,0,summer,11451,SkyMind,4,1,0
0.97,1,0.89,0,winter,8560,SkyMind,1,1,1
0.57,22,0.87,1,winter,3087,AeroGulf,1,1,0
0.29,14,0.99,1,winter,11056,AeroGulf,6,1,0
0.71,4,0.59,1,summer,2887,EuroWings,7,0,0
0.88,20,0.78,1,autumn,4580,AsiaJet,8,0,1
0.3,3,0.9,1,summer,723,PacificAir,4,1,1
0.32,18,0.56,0,summer,4784,AsiaJet,4,1,1
0.44,20,0.89,1,summer,9198,SkyMind,7,1,0
0.22,23,0.63,1,autumn,3296,EuroWings,0,1,0
0.81,7,0.64,1,autumn,2671,AeroGulf,4,0,1
0.58,1,0.97,0,summer,2576,EuroWings,8,0,1
0.06,16,0.66,0,summer,12067,PacificAir,3,0,0
1.0,13,0.79,1,summer,13096,EuroWings,3,1,1
0.57,3,0.72,1,autumn,11534,EuroWings,8,0,0
0.89,12,0.54,1,summer,8962,EuroWings,6,1,1
0.5,4,0.98,0,spring,1875,SkyMind,1,0,0
0.58,19,0.61,1,winter,8693,PacificAir,1,1,1
0.45,14,0.63,0,summer,13983,AeroGulf,7,0,0
0.42,22,0.69,0,spring,3231,AsiaJet,3,0,1
0.22,7,0.75,1,autumn,5886,AeroGulf,9,0,0
0.96,4,0.57,1,autumn,6055,EuroWings,4,1,0
0.18,12,0.81,0,spring,6967,EuroWings,0,1,0
0.53,7,0.76,0,autumn,5264,AsiaJet,3,1,0
0.09,14,0.65,1,spring,13603,PacificAir,5,1,0
0.99,15,0.85,0,winter,5602,EuroWings,6,1,1
0.56,6,0.76,0,spring,9346,SkyMind,5,0,0
0.81,17,0.92,0,summer,2686,SkyMind,1,0,0
0.56,17,0.93,0,summer,3869,AeroGulf,6,0,1
0.8,12,0.99,1,winter,7000,SkyMind,3,1,1
0.53,4,0.53,1,autumn,7536,AeroGulf,6,1,1
0.44,7,0.7,0,summer,3133,EuroWings,9,1,0
0.46,4,0.75,0,autumn,1534,SkyMind,1,0,0
0.0,7,0.62,1,winter,3825,SkyMind,2,1,0
0.37,6,0.96,0,autumn,2527,AsiaJet,4,0,0
0.95,4,0.54,0,winter,4221,AeroGulf,3,1,0
0.68,10,0.71,1,autumn,3274,AsiaJet,4,0,0
0.92,24,0.59,1,autumn,6654,PacificAir,9,0,1
0.2,1,0.84,1,spring,1976,AsiaJet,9,0,1
0.49,23,0.85,0,spring,9281,SkyMind,3,0,0
0.03,1,0.94,1,summer,6365,SkyMind,2,0,0
0.68,22,0.7,0,winter,6441,PacificAir,4,1,0
0.78,7,0.89,0,winter,13555,AeroGulf,2,0,1
0.75,22,0.77,1,winter,9380,AeroGulf,6,1,1
0.09,4,0.91,1,autumn,4488,AeroGulf,4,0,1
0.25,24,0.54,0,spring,2002,PacificAir,4,1,0
0.66,24,0.73,1,spring,7808,EuroWings,8,1,0
0.76,16,0.58,1,winter,4619,EuroWings,4,0,0
0.27,18,0.9,1,spring,5190,PacificAir,4,0,0
0.41,14,0.58,0,autumn,10277,AsiaJet,0,1,0
0.35,13,0.5,0,spring,3511,PacificAir,2,0,1
0.0,15,0.96,1,summer,13754,EuroWings,0,1,0
0.58,1,0.74,1,winter,12655,EuroWings,5,0,0
0.67,24,0.99,1,winter,6661,AsiaJet,1,0,1
0.28,23,0.73,0,autumn,13234,SkyMind,4,1,0
0.69,10,0.8,1,summer,2089,SkyMind,8,0,1
0.24,18,0.87,0,spring,12640,SkyMind,5,0,0
0.72,5,0.64,1,autumn,2778,AeroGulf,6,1,1
0.46,21,0.57,0,spring,8268,EuroWings,8,0,0
0.87,7,0.83,0,spring,6063,PacificAir,5,0,1
0.54,2,0.76,1,spring,9151,AsiaJet,6,0,0
0.18,9,0.91,1,winter,1322,EuroWings,2,1,0
0.82,5,0.52,0,winter,8324,SkyMind,3,1,1
0.78,18,0.77,1,summer,12027,AsiaJet,2,0,1
0.08,12,0.59,1,autumn,10486,PacificAir,5,0,0
0.05,23,0.81,1,winter,7520,EuroWings,4,1,0
0.14,4,0.88,1,autumn,6643,PacificAir,0,0,1
0.85,16,0.63,1,autumn,13722,EuroWings,9,1,1
0.32,11,0.74,1,autumn,5849,EuroWings,9,1,1
0.5,19,0.71,1,summer,4335,SkyMind,6,1,1
0.6,23,0.88,1,autumn,9106,AsiaJet,1,0,1
0.74,23,0.8,0,summer,9522,SkyMind,4,1,0
0.83,1,0.56,0,autumn,1253,EuroWings,8,0,1
0.52,23,0.99,1,winter,6051,SkyMind,3,0,0
0.42,13,0.96,1,summer,3667,EuroWings,5,0,1
0.2,5,0.79,0,winter,8637,SkyMind,3,1,0
0.61,23,0.89,0,winter,6573,EuroWings,6,0,0
0.55,8,0.51,0,spring,13898,AeroGulf,8,1,0
0.29,10,0.6,0,spring,1014,AeroGulf,5,0,0
0.45,15,0.88,0,winter,12480,PacificAir,9,1,1
0.74,15,0.55,1,summer,9621,EuroWings,9,1,0
0.63,23,0.52,1,summer,10664,SkyMind,2,0,0
0.48,13,0.81,1,summer,5642,EuroWings,7,0,1
0.27,2,0.52,1,summer,9636,SkyMind,8,0,0
0.67,4,0.59,1,winter,7119,PacificAir,0,1,1
0.63,22,0.54,0,autumn,12772,EuroWings,7,1,1
0.46,13,0.77,1,autumn,12434,PacificAir,5,0,0
0.24,9,0.84,0,winter,13261,SkyMind,0,0,0
0.17,5,0.59,0,spring,9787,AsiaJet,8,1,0
0.34,12,0.73,1,spring,1288,SkyMind,0,1,0
0.91,2,0.51,1,autumn,13995,PacificAir,7,1,1
0.75,20,0.63,0,summer,13182,EuroWings,0,0,0
0.89,8,0.59,0,summer,10358,EuroWings,7,1,1
0.84,20,0.58,0,summer,13623,PacificAir,1,1,0
0.46,16,0.61,1,winter,11434,EuroWings,1,0,0
0.53,24,0.9,1,autumn,7632,AeroGulf,9,0,1
0.17,20,0.97,0,winter,1980,AsiaJet,7,0,0
0.72,8,0.85,0,autumn,13110,PacificAir,3,0,0
0.42,19,0.54,1,winter,11223,AsiaJet,6,0,1
0.16,20,0.81,0,spring,7165,PacificAir,9,0,0
0.1,10,0.87,0,winter,4068,AsiaJet,9,0,0
0.7,5,0.56,0,spring,8714,SkyMind,9,0,1
0.48,3,0.65,0,winter,4613,PacificAir,4,0,0
0.01,19,0.71,0,spring,7601,EuroWings,1,0,0
0.82,20,0.66,1,winter,9643,AsiaJet,1,1,0
0.62,2,0.76,0,autumn,7800,SkyMind,7,0,0
0.04,7,0.57,1,autumn,9955,SkyMind,2,1,0
0.3,23,0.72,1,autumn,6989,SkyMind,9,0,0
0.72,9,0.87,0,summer,7364,EuroWings,7,1,1
0.06,8,0.73,1,winter,11589,SkyMind,2,1,0
0.74,19,0.61,0,spring,6327,AsiaJet,4,0,1
0.5,5,0.9,0,spring,9286,EuroWings,2,0,1
0.78,8,0.7,0,spring,12867,PacificAir,0,0,0
0.86,15,0.71,1,summer,992,EuroWings,8,0,1
0.77,24,0.68,1,autumn,3528,PacificAir,4,1,1
0.08,2,0.64,1,spring,13335,PacificAir,2,1,0
0.46,12,0.8,1,winter,7285,PacificAir,3,0,1
0.32,17,0.59,1,winter,13072,PacificAir,5,1,0
0.51,16,0.88,1,spring,9790,EuroWings,7,0,1
0.97,5,0.74,1,summer,5260,AeroGulf,1,0,1
0.12,1,0.94,0,spring,3082,AeroGulf,1,1,0
0.87,13,0.97,1,summer,5087,SkyMind,2,1,0
0.99,7,0.69,1,winter,1203,AsiaJet,5,1,1
0.99,8,0.58,0,spring,4543,AsiaJet,8,0,0
0.8,22,0.75,0,summer,9790,AsiaJet,8,0,0
0.47,19,0.64,0,autumn,6263,SkyMind,9,1,0
0.18,14,0.71,0,summer,4413,AsiaJet,8,1,0
0.61,10,0.69,1,autumn,7056,EuroWings,8,1,0
0.61,17,0.73,1,spring,648,AeroGulf,5,1,0
0.32,18,0.75,0,autumn,8277,PacificAir,9,1,0
0.62,2,0.81,1,spring,12117,AsiaJet,2,1,0
0.12,10,0.5,1,spring,3963,SkyMind,4,1,0
0.63,18,0.63,1,autumn,13776,SkyMind,5,0,1
0.9,10,0.59,1,spring,2759,EuroWings,8,0,0
0.47,21,0.86,0,spring,6682,PacificAir,8,1,0
0.76,2,0.92,1,autumn,1604,PacificAir,2,0,1
0.64,9,0.86,1,spring,2970,SkyMind,6,0,1
0.0,16,0.99,0,autumn,4573,AsiaJet,8,0,0
0.12,6,0.54,0,autumn,8655,EuroWings,2,1,0
0.77,7,0.73,0,spring,13625,EuroWings,9,0,0
0.04,3,0.95,0,summer,3410,PacificAir,4,1,0
0.96,7,0.66,1,winter,2746,EuroWings,0,1,0
0.89,20,0.9,1,winter,6547,AeroGulf,8,1,1
0.36,8,0.78,0,winter,10642,PacificAir,9,1,0
0.31,5,0.99,0,autumn,3956,SkyMind,0,0,0
0.61,3,0.69,0,spring,7977,EuroWings,3,0,0
0.61,14,0.71,0,spring,11649,PacificAir,3,0,0
0.09,6,0.58,0,summer,5738,AsiaJet,7,1,0
0.22,3,0.58,1,autumn,5003,AsiaJet,4,0,0
0.64,22,0.93,1,summer,13639,AeroGulf,2,0,1
0.8,7,0.7,0,autumn,3132,SkyMind,0,0,0
0.19,6,0.81,0,spring,6129,AsiaJet,0,0,0
0.7,20,0.88,1,autumn,11285,PacificAir,3,0,1
0.87,23,0.72,1,spring,3581,EuroWings,6,1,0
0.12,18,0.98,0,winter,9538,AsiaJet,7,0,0
0.44,21,0.97,0,spring,11364,AsiaJet,0,0,1
0.85,22,0.84,1,summer,5945,AeroGulf,7,1,1
0.37,22,1.0,0,winter,1534,EuroWings,4,0,0
0.27,21,0.5,1,winter,4566,EuroWings,5,1,0
0.75,10,0.5,0,spring,5594,AsiaJet,7,1,1
0.4,5,0.53,0,winter,2416,EuroWings,9,0,0
0.71,8,0.97,0,winter,8208,SkyMind,0,1,0
