aircraft_type,distance_km,passengers,fuel_kg,load_factor_pct,engine_type,co2_kg
A320,7696,352,21118,67,CFM56,67718
B777,3418,335,44943,76,PW1100,142242
A380,5645,281,31986,70,CFM56,100920
B737,8630,350,41312,64,GE90,129191
A380,13257,76,57326,75,PW1100,181038
B787,7812,60,32515,51,PW1100,103661
B777,12548,195,13311,89,CFM56,42046
B737,8983,464,73833,98,GE90,233047
B787,10724,368,79915,69,CFM56,252723
A320,7362,493,15282,97,CFM56,48464
B787,4988,119,77360,95,Trent1000,244055
A380,12792,461,72847,64,PW1100,229596
A350,11887,100,21313,76,GE90,68602
B787,9193,51,18120,96,Trent1000,57669
B737,8698,85,42824,98,CFM56,134849
A320,9781,442,50529,89,PW1100,160101
A380,10476,376,64920,96,Trent1000,205589
A380,8713,328,30621,98,CFM56,96445
A320,9227,485,22867,81,Trent1000,72206
A350,6623,286,41110,69,GE90,129772
A320,2036,339,14581,67,Trent1000,46307
A350,7205,497,47535,78,Trent1000,149370
A380,7755,488,16259,60,CFM56,51659
A320,4670,156,23408,90,CFM56,74145
B737,7825,495,26733,65,CFM56,84918
A380,11899,112,70266,99,CFM56,223061
A380,2681,345,74124,57,CFM56,234099
B777,6696,430,43518,61,CFM56,137630
B787,11176,335,5464,88,PW1100,17255
B737,7650,132,36449,86,Trent1000,115277
A380,5982,236,48450,58,PW1100,153561
A320,9083,475,26568,51,GE90,83300
B737,6323,348,59010,70,CFM56,185461
A350,8276,133,36781,75,CFM56,115779
B777,10796,184,7029,53,CFM56,22836
B737,11613,148,35416,59,CFM56,111926
A320,3163,148,62760,98,PW1100,199047
B737,4263,307,14286,78,Trent1000,45270
A380,588,307,69274,62,GE90,218859
A350,10922,135,60222,80,CFM56,190193
B787,6323,378,68715,80,GE90,216676
A380,4342,84,38966,86,GE90,123238
A350,1194,276,41989,86,GE90,133768
B787,5697,120,48502,82,PW1100,153554
A320,9051,453,56828,89,CFM56,179256
B787,12345,143,15029,52,GE90,46829
A380,6390,485,74159,91,PW1100,235148
A380,8296,63,5155,54,GE90,17766
A380,9571,197,71417,69,Trent1000,226124
B787,13105,333,37064,89,CFM56,117147
B777,5787,452,43898,72,CFM56,139598
A320,5213,134,42342,89,Trent1000,134461
B787,3689,209,78589,68,PW1100,248653
A350,7481,295,13980,90,CFM56,44349
A320,4212,255,22993,90,GE90,73274
B787,5259,153,34715,77,Trent1000,108980
B737,12448,223,69346,66,Trent1000,218150
B737,12723,187,19979,55,Trent1000,63281
A350,11699,278,27675,86,Trent1000,87780
A380,11927,60,63104,67,PW1100,198989
A350,2889,183,39001,89,GE90,122949
A320,6036,89,11052,79,PW1100,35259
A350,565,116,36036,54,Trent1000,114197
B777,4632,309,30765,74,CFM56,97272
B737,12607,95,74421,55,Trent1000,235753
B777,13464,404,38993,78,GE90,123204
B787,12779,213,29911,82,Trent1000,94917
B737,9117,206,18572,79,Trent1000,58046
B787,12041,127,30301,51,CFM56,95405
A380,9465,277,20143,75,GE90,63496
A380,739,155,29037,91,PW1100,91589
A350,13906,116,6619,92,GE90,20641
A350,10874,54,20795,84,Trent1000,65824
B737,11353,75,22852,75,GE90,71402
B787,12914,119,64171,65,Trent1000,202752
B787,11039,186,15175,72,PW1100,47996
B787,1609,256,62564,59,CFM56,197786
A320,7099,432,13170,68,CFM56,41692
A380,9004,350,11173,52,PW1100,35325
A320,11857,260,18375,62,PW1100,57762
B737,9093,336,65512,95,GE90,207390
B737,4570,155,21336,75,Trent1000,67727
A320,791,412,62558,97,CFM56,197943
B787,11587,189,48248,78,CFM56,152090
A320,5930,167,75144,50,CFM56,238345
B737,13964,313,72468,78,CFM56,228087
A350,2578,64,76999,93,PW1100,242897
B777,8962,164,52279,70,GE90,165013
A320,13596,372,69940,96,Trent1000,222037
B787,6866,159,28367,69,Trent1000,90086
B787,5466,251,27652,75,PW1100,87322
B737,1320,419,5581,74,Trent1000,18467
A320,3224,71,54675,90,PW1100,171983
A350,12156,119,27348,65,CFM56,86228
A380,12548,416,48773,96,GE90,154358
A380,1580,293,46854,52,PW1100,148215
B777,10633,124,47254,79,CFM56,148654
A320,8153,362,24332,57,GE90,76661
B777,2060,133,11709,51,CFM56,37960
A320,3494,113,74331,91,Trent1000,234611
B777,8813,247,44595,68,Trent1000,141462
A380,2562,202,8962,91,GE90,28386
B787,10463,146,18868,51,Trent1000,60267
B737,10674,216,24446,81,Trent1000,77276
A380,5419,282,40888,77,PW1100,127981
A380,5133,50,45002,84,Trent1000,142586
B787,11036,217,44670,98,Trent1000,140773
A320,12797,496,7860,67,GE90,24572
A380,6416,254,5133,99,GE90,15652
A380,1824,55,11083,68,PW1100,34334
B787,12916,355,5621,95,PW1100,17296
A320,7969,206,73922,57,CFM56,233657
A380,2284,341,29413,59,GE90,93088
A320,3103,448,72921,55,CFM56,231058
A380,13341,268,47539,93,Trent1000,150607
A380,6638,495,68493,59,GE90,216588
A320,10024,86,29720,66,PW1100,94544
A350,3761,394,73588,90,GE90,232295
B787,2032,140,33666,59,Trent1000,106537
B787,2460,105,33715,93,Trent1000,107199
B737,3756,208,59613,72,GE90,188366
A350,8991,341,64010,53,PW1100,201837
B737,5111,149,42131,55,GE90,133235
A380,4619,352,37112,60,GE90,116243
B737,8956,119,22836,57,CFM56,72876
B777,1002,347,27502,85,GE90,88011
B777,13081,361,33581,61,GE90,106473
B777,13297,357,30079,62,GE90,94969
B777,7568,442,47279,81,CFM56,149129
A350,2967,59,19120,90,PW1100,60269
B777,6552,282,28935,50,Trent1000,91081
B787,8309,265,40135,62,GE90,127664
B777,2256,375,27151,64,CFM56,84321
B737,8849,441,45464,91,CFM56,143611
B777,2356,55,52409,89,Trent1000,165830
B787,13510,76,30117,65,Trent1000,94990
A380,7115,223,73754,66,GE90,232757
B737,7380,260,62906,55,CFM56,198936
A320,13353,123,30438,70,GE90,95937
B777,13898,385,53044,80,CFM56,168136
A380,3311,220,15402,62,Trent1000,48452
A350,5638,201,25271,69,GE90,79724
B777,893,312,56491,73,Trent1000,178404
A320,664,186,42795,61,Trent1000,135783
A380,12117,454,61006,74,Trent1000,192392
A350,2054,303,54467,72,CFM56,171801
A320,12561,462,35777,60,CFM56,113786
A350,13233,145,60258,60,PW1100,191558
B737,12176,357,27602,68,PW1100,86875
B787,1667,175,7725,81,Trent1000,24844
A320,1820,172,53042,91,CFM56,166752
B737,2470,189,77310,82,Trent1000,245395
A320,6997,83,55857,66,CFM56,176934
B787,9197,94,39867,80,PW1100,126148
A320,12458,496,54193,93,PW1100,170776
B787,3463,435,47449,53,CFM56,150161
B787,13151,333,42728,70,Trent1000,134830
B737,2779,281,38867,62,GE90,122770
A380,2573,389,42036,56,CFM56,132583
A320,845,487,71313,61,Trent1000,225528
A380,4293,153,33949,58,CFM56,107639
A350,11560,484,11455,78,CFM56,36121
B787,10414,178,24077,58,PW1100,76662
A320,10167,402,29125,92,GE90,90910
A380,12593,319,47681,78,Trent1000,151279
B737,11327,152,35014,95,PW1100,109929
B777,799,245,24338,63,PW1100,77560
B777,1387,96,60906,89,GE90,192401
B787,8305,225,41389,69,PW1100,130763
B787,6224,450,56098,89,Trent1000,177882
B737,5993,79,42055,59,GE90,132225
B787,7580,142,35587,65,PW1100,112806
B737,582,336,26582,86,GE90,84892
B777,8781,493,17508,51,PW1100,55973
B737,5589,58,42650,56,GE90,134586
B787,903,311,30940,50,PW1100,98092
B737,3742,151,32776,55,CFM56,104210
B787,592,148,47705,95,GE90,150483
A350,10152,495,34805,98,CFM56,110121
B777,7312,491,30786,83,Trent1000,97547
B737,1654,283,24954,51,GE90,79170
A320,1005,323,69504,80,PW1100,219147
A380,7058,70,63786,69,CFM56,201248
B787,5266,60,25335,84,CFM56,80092
A380,13781,239,77820,50,PW1100,246958
B787,11378,439,22592,96,Trent1000,72225
B737,3214,383,25166,56,Trent1000,79548
B777,12803,399,18215,83,GE90,57651
B737,5716,421,72682,97,PW1100,228792
A380,1734,162,40285,60,Trent1000,127577
B777,12315,316,14897,84,Trent1000,46615
B787,9557,276,39668,84,GE90,125585
B777,10538,361,6649,65,Trent1000,21704
A350,2013,57,9622,99,CFM56,30533
B737,3696,260,48546,87,PW1100,152835
B737,7943,355,10524,68,Trent1000,34157
B777,13375,189,77302,60,CFM56,244697
B737,3905,92,25107,79,Trent1000,80248
B737,8699,241,52780,84,CFM56,166731
A380,6993,170,48166,83,Trent1000,152542
A320,2547,229,65612,75,PW1100,207386
B737,7284,477,10464,61,CFM56,33389
A380,10663,412,70610,66,PW1100,222625
B787,10241,345,15964,93,Trent1000,50207
B777,8663,323,20321,73,GE90,64205
A380,831,160,75721,82,CFM56,238936
A350,5863,77,44532,69,CFM56,140651
A380,10301,356,33947,86,PW1100,107619
B777,10522,105,58362,93,Trent1000,184788
B777,7898,406,46088,94,CFM56,145068
B787,1104,276,12175,67,PW1100,37931
B787,4429,72,21681,90,GE90,69362
B787,7132,60,44920,64,PW1100,141892
B777,11565,419,71477,94,Trent1000,225643
B777,2096,170,78907,83,CFM56,250242
B787,10924,474,76597,95,GE90,242303
B777,1978,274,5525,73,CFM56,17331
A320,3492,473,7638,67,PW1100,24604
B737,7623,114,47115,91,CFM56,148940
B787,13844,396,29546,77,GE90,93712
B737,9504,437,59517,64,GE90,187838
A320,11892,226,10340,54,PW1100,32592
B737,7079,442,69777,79,Trent1000,220850
B737,10889,148,56113,74,GE90,177309
A380,828,310,64884,54,GE90,205152
B737,1825,76,30762,76,GE90,96975
A380,10515,239,70907,86,CFM56,224964
B787,10129,312,40827,65,CFM56,128922
A320,10963,339,15554,81,CFM56,48519
A380,9349,276,50816,87,Trent1000,161624
A380,855,371,74649,77,CFM56,236475
A350,5973,388,38581,53,Trent1000,121799
B777,1859,418,12287,79,Trent1000,38636
A380,11857,74,46034,51,CFM56,146067
B737,9534,486,27182,65,CFM56,86266
A380,8897,423,67465,87,Trent1000,213907
B737,2004,287,52959,90,PW1100,166815
A380,2303,267,71828,71,PW1100,226860
B737,11755,51,40752,77,GE90,128673
A380,11517,218,45113,90,PW1100,142694
A320,3344,474,7775,73,PW1100,24420
A320,3639,296,44802,83,GE90,141573
B737,8553,69,60644,86,CFM56,191431
B787,9686,411,65605,59,CFM56,207714
A350,10363,89,27652,74,GE90,87385
A320,656,78,17233,58,CFM56,54559
B787,13616,175,66727,92,CFM56,211195
B737,2015,148,37878,93,Trent1000,119361
B737,1526,156,8668,53,CFM56,27609
A320,7057,128,72714,78,PW1100,230055
B787,9724,395,42914,57,CFM56,135324
A320,8632,314,55059,98,PW1100,173624
B787,7082,55,70990,51,PW1100,224406
A320,2795,357,64348,70,PW1100,203518
B737,2829,190,51321,58,GE90,162304
A350,5514,274,40172,77,PW1100,126532
B737,8198,269,65072,71,PW1100,205361
B787,7846,379,14973,88,Trent1000,46295
A350,4744,362,44944,71,Trent1000,141351
A380,7434,266,76847,69,PW1100,243635
A380,10175,56,45282,69,CFM56,142766
A350,1075,89,34781,71,PW1100,110125
A350,6712,365,64625,53,CFM56,204755
A380,3605,395,52310,68,PW1100,164362
B737,9502,459,22063,59,PW1100,69625
A380,9956,169,38049,85,PW1100,119707
A320,5655,95,8488,97,GE90,26141
A350,12326,211,47004,74,Trent1000,148306
B737,10734,212,48009,76,PW1100,150646
B737,8789,232,24970,74,GE90,78996
A380,9123,455,66145,79,GE90,208326
B737,4514,341,29926,98,CFM56,95041
B777,11092,497,72600,65,PW1100,228206
B737,8010,112,28072,99,PW1100,88869
B787,627,52,66276,60,GE90,208060
B787,9230,188,78302,96,CFM56,248037
B777,7450,83,8042,69,GE90,25779
B737,13342,85,48958,67,PW1100,154324
A380,6459,211,75514,81,GE90,238063
A350,2673,363,62972,58,GE90,199180
B777,13834,319,78833,65,Trent1000,248471
A320,3815,494,71777,60,GE90,226688
B777,10875,431,8733,86,GE90,27655
A350,5534,412,32635,75,Trent1000,103723
A380,5509,346,8386,59,GE90,26096
B777,4088,168,18547,81,CFM56,58409
A350,5594,174,17614,83,Trent1000,55206
B787,10012,390,40752,91,CFM56,128801
B777,8466,438,72326,86,PW1100,229097
B787,9066,244,75086,63,PW1100,238242
B787,8094,79,56947,88,Trent1000,181043
A320,8055,370,28934,60,GE90,91139
A350,7709,380,26071,75,PW1100,82195
B777,9827,262,49079,78,Trent1000,154379
B787,11301,322,20538,66,Trent1000,64394
A380,9520,481,71215,93,CFM56,224773
B777,12292,271,57881,52,CFM56,182743
A350,12597,353,45447,57,CFM56,143537
A320,511,129,70793,52,PW1100,224757
B777,8055,440,57144,95,GE90,179569
A380,6499,247,7810,51,CFM56,24884
A350,13561,336,11246,51,PW1100,36222
A350,10347,288,42840,78,GE90,134996
B737,4015,312,79480,68,GE90,251346
B737,6911,258,45623,76,GE90,144151
A350,6371,265,76740,62,CFM56,242723
A320,5383,401,59635,54,Trent1000,188049
B787,5490,248,5249,67,GE90,17253
B777,3897,186,20856,55,PW1100,66238
B787,10381,62,70607,58,PW1100,223399
B777,7742,417,30682,94,PW1100,96998
A380,5273,236,37519,82,PW1100,119074
A320,13122,180,36244,72,Trent1000,115197
B737,10390,378,78866,50,PW1100,249004
A380,12301,339,19009,50,Trent1000,59832
A350,10071,212,60797,64,GE90,191511
A350,4635,295,49723,61,Trent1000,156728
A350,1217,385,66624,64,PW1100,210704
A320,10377,440,46781,98,Trent1000,147912
B777,8369,221,6638,63,PW1100,20825
B777,8213,213,25404,52,CFM56,79318
A320,3738,215,60545,72,PW1100,190923
B737,5936,347,25282,68,PW1100,80077
A350,8449,303,65672,69,GE90,207537
A320,8741,75,46677,71,GE90,146867
B777,5199,391,20945,91,CFM56,66003
B777,13500,474,42805,75,CFM56,134669
B787,4053,102,27363,81,CFM56,87002
A380,9456,115,26728,80,GE90,84863
B787,8666,188,44879,71,Trent1000,142584
A380,5250,202,59489,88,GE90,188055
A320,5880,222,38960,75,GE90,123146
A350,2371,136,18638,55,PW1100,59011
A350,7149,310,51063,70,CFM56,161512
A320,2700,68,44381,85,GE90,141156
B777,11289,476,14328,68,GE90,45554
B787,7999,305,58909,56,CFM56,186913
B737,11398,230,53082,99,PW1100,166933
B777,13884,343,72626,77,CFM56,228753
B787,8065,455,74873,90,GE90,237415
B777,8598,124,30410,72,GE90,96286
B787,13519,53,56935,62,PW1100,180336
B777,11969,218,18700,50,CFM56,59790
A380,5847,247,50361,63,CFM56,160208
B777,6257,116,74694,85,GE90,236328
A320,13914,321,47980,95,Trent1000,151215
B737,8733,425,48303,89,Trent1000,152634
A320,12011,379,29848,67,GE90,94325
B787,10572,383,79759,84,PW1100,252535
B777,8256,428,16092,55,Trent1000,50498
A350,6601,405,51713,89,CFM56,163573
A320,13361,434,26773,55,Trent1000,84612
B787,4333,168,66868,60,PW1100,210982
A320,7466,387,56760,74,PW1100,178383
B787,8441,317,55684,63,Trent1000,176320
A320,12249,149,46864,54,GE90,148765
B787,6026,437,27626,90,PW1100,87313
A380,10596,239,65453,56,PW1100,205911
B787,3037,409,60431,67,GE90,191441
B787,9495,448,12579,64,PW1100,39095
A320,11440,80,67996,77,GE90,215243
A320,8669,486,11968,60,GE90,37758
A350,5487,148,54497,64,CFM56,173193
B737,6246,458,66865,55,PW1100,211804
B737,2489,410,6300,66,CFM56,20010
B737,13690,359,28608,77,PW1100,90659
B737,2844,200,26864,62,Trent1000,84664
A350,10633,463,75415,69,PW1100,237506
A380,2073,497,41245,69,GE90,129367
B787,12483,472,41477,86,PW1100,131011
B777,13162,139,49593,57,Trent1000,155869
B737,979,460,31365,59,GE90,99263
A380,1313,303,10002,75,GE90,31512
A320,7482,263,24768,99,GE90,77483
B777,2592,154,73633,88,GE90,232302
B777,10020,383,10719,90,PW1100,34388
B787,4629,93,40722,50,CFM56,129208
A380,7539,409,12532,67,Trent1000,39952
A350,6806,234,16368,54,Trent1000,51377
B737,656,310,43970,82,GE90,138617
A350,11037,210,9381,83,GE90,29567
A380,12864,280,20138,64,CFM56,62826
A380,8197,453,62008,74,CFM56,195265
B787,11622,432,58328,63,Trent1000,184618
A380,3937,473,19707,65,PW1100,63092
A380,5529,420,24941,67,Trent1000,78589
A380,11341,477,9780,63,GE90,30530
B777,13482,223,20359,98,PW1100,64825
B787,3251,70,20223,73,GE90,64152
B787,5416,465,21163,87,PW1100,66954
A380,10345,422,6360,66,Trent1000,20847
B777,7242,232,34549,57,CFM56,109146
A350,8991,481,59281,74,GE90,187195
B737,7063,420,11808,60,Trent1000,38002
B737,3279,306,32534,99,PW1100,102724
A380,13969,123,44706,52,CFM56,140107
A320,10718,438,43419,90,CFM56,136959
A380,7555,164,74913,57,CFM56,236877
B737,2162,77,7772,66,GE90,24943
A320,9794,227,40411,75,PW1100,128561
B787,5731,343,60652,54,PW1100,192151
A380,11165,214,78548,71,PW1100,248345
B777,10800,469,37365,98,CFM56,118468
A350,4977,417,35780,51,Trent1000,112599
B787,10985,261,31095,86,PW1100,98253
B777,13812,465,9574,73,GE90,30316
A350,10596,210,64414,81,CFM56,203598
B737,1072,215,28007,91,GE90,89043
A350,12365,494,41169,73,GE90,130055
B777,10710,268,58743,79,CFM56,185091
A320,1284,224,52228,54,Trent1000,164290
A350,13837,471,14927,64,CFM56,46276
A380,6132,307,34546,70,Trent1000,109249
B787,11791,328,16016,89,GE90,50635
A320,10893,459,13036,93,CFM56,40963
B777,11482,231,29684,86,PW1100,94156
B787,9807,50,35299,77,Trent1000,110505
A320,3707,311,19957,69,PW1100,63163
A380,911,449,24509,90,GE90,77273
A350,4100,305,29180,79,PW1100,92625
B737,2421,146,24147,69,GE90,76510
B787,3036,298,13491,54,CFM56,42528
A380,11141,378,7303,75,CFM56,24093
A350,8552,154,21750,93,GE90,68404
B777,566,94,42740,96,PW1100,134333
B777,11855,486,45273,81,GE90,142826
A380,783,310,6310,85,Trent1000,20727
A350,12762,270,12216,98,GE90,37764
A380,6703,144,55158,80,CFM56,174340
B737,3782,380,7495,70,Trent1000,23787
A320,6739,50,78456,72,CFM56,247755
B737,2787,216,36840,78,PW1100,116298
B777,8316,409,25027,71,Trent1000,79688
B777,7242,464,11784,79,PW1100,37069
B737,9902,458,71073,68,Trent1000,224388
A320,6229,64,14979,90,Trent1000,47500
A380,13692,352,33891,75,GE90,106725
A350,9975,169,69369,86,CFM56,218436
B777,3405,408,43236,71,PW1100,136618
A350,1819,166,25425,90,GE90,81039
A380,2984,63,41594,85,CFM56,131480
B787,7458,431,46261,57,Trent1000,146236
A320,13543,92,60179,50,GE90,190215
A320,4601,313,51199,69,PW1100,161089
B737,10817,380,44406,92,PW1100,140859
A380,5665,487,64757,57,Trent1000,205088
A380,10126,285,68389,57,PW1100,216103
A350,13428,339,47174,51,Trent1000,148622
B777,11418,474,50150,80,Trent1000,158468
B777,3553,135,28908,57,GE90,91190
B787,11854,233,79351,58,GE90,250542
A320,2023,286,65310,82,Trent1000,205224
B787,1153,453,63617,74,CFM56,201159
A320,4713,287,22734,87,PW1100,72126
A320,9696,252,67672,50,GE90,213940
B777,7183,231,78548,99,CFM56,248439
A380,1224,277,48971,99,CFM56,154868
B787,7910,407,58596,59,GE90,184939
A320,9619,219,10061,66,GE90,32072
A320,11972,449,55228,74,PW1100,174432
A380,13949,475,12042,96,Trent1000,37262
B777,9831,144,34611,70,PW1100,109297
B737,6811,162,74750,52,CFM56,235413
B737,10413,214,41331,55,PW1100,131182
A350,2450,362,57359,88,CFM56,181497
B777,9073,454,64077,96,Trent1000,202472
A350,3479,123,30908,57,Trent1000,98283
B777,10672,334,60300,99,GE90,190285
B737,8802,470,78040,66,CFM56,246102
A320,1503,285,34052,72,PW1100,106469
B777,2901,479,25181,69,GE90,79543
B787,1218,231,15718,90,CFM56,50549
B777,5746,195,31404,66,CFM56,98670
B787,3907,493,5634,89,GE90,17971
B737,10592,266,42346,84,PW1100,133221
A320,7890,279,12178,60,GE90,38670
B737,5338,93,49572,78,Trent1000,157324
A350,10020,343,21130,66,PW1100,67293
A380,4616,66,59396,73,CFM56,187385
A320,8492,180,70765,94,Trent1000,223230
A380,3865,160,20053,54,Trent1000,63719
B737,2773,247,49429,63,PW1100,156769
A380,7183,295,67055,53,Trent1000,212194
A350,4528,282,10176,54,GE90,32128
A320,6845,193,48359,89,PW1100,152674
A350,3229,381,56261,62,Trent1000,178139
A320,13964,131,79696,59,PW1100,252290
A350,3440,85,9034,69,PW1100,28707
A380,4576,166,73378,58,GE90,232035
B777,13663,79,63702,76,PW1100,200968
A350,5812,303,45210,85,CFM56,142354
A380,6497,391,27163,59,PW1100,86772
A320,5064,111,33903,52,GE90,107512
B777,1865,119,19726,84,PW1100,62283
B737,11231,314,75933,60,GE90,239270
A350,10969,371,23199,73,Trent1000,73249
A350,4552,228,27176,67,PW1100,85487
B737,556,334,15851,71,CFM56,50151
A350,10726,472,7729,96,PW1100,24347
A380,3987,309,52065,70,PW1100,163431
A380,3719,304,60689,70,CFM56,191755
B777,12418,130,67980,78,PW1100,215034
A350,3818,297,66106,74,PW1100,208517
B737,8030,474,37995,59,PW1100,119366
B737,9153,233,54676,79,PW1100,173063
A320,12916,275,12637,85,CFM56,40043
B787,6878,280,51893,94,PW1100,163850
A350,9378,211,63109,90,CFM56,199386
B737,9719,121,69932,76,CFM56,220683
A350,8936,320,63783,86,GE90,201528
A320,10372,107,13899,75,CFM56,44153
A380,13296,132,67930,71,CFM56,214289
B737,6033,462,21763,57,CFM56,68064
A350,2687,481,32982,88,PW1100,104069
B777,11540,91,28981,90,CFM56,91407
A380,7960,152,16833,71,Trent1000,53034
B777,4833,402,67350,92,PW1100,212525
B737,3615,202,65025,67,Trent1000,205624
B777,6088,249,6610,61,PW1100,21108
A350,11324,118,65863,87,GE90,207942
B737,12313,310,17131,86,Trent1000,53737
A350,12291,336,5213,87,GE90,16231
A320,2730,140,8953,78,Trent1000,28997
B777,4446,151,40164,57,CFM56,126549
B787,6971,400,48633,70,PW1100,153991
A350,7623,60,79236,91,CFM56,250299
B777,8547,245,26666,81,Trent1000,84564
B787,8559,158,13519,90,PW1100,42774
B737,1497,476,58290,76,CFM56,184029
A380,2796,151,37304,72,GE90,119267
A320,11160,435,38460,84,PW1100,121682
B777,7636,358,17016,92,GE90,53788
A350,1890,316,57658,64,CFM56,182391
B737,7351,206,65783,85,GE90,208134
B787,10837,192,46453,61,GE90,147486
A380,3733,252,5803,85,Trent1000,17933
A350,714,330,14838,92,Trent1000,46182
A380,10189,230,50126,87,GE90,158949
A380,5949,477,73295,70,GE90,230917
B777,4622,286,73759,56,PW1100,233000
A350,10046,318,46678,96,GE90,146800
A350,650,491,26087,91,Trent1000,82566
B777,10002,245,56769,96,Trent1000,179372
A350,12128,389,67252,54,PW1100,213358
A320,6639,78,17989,76,Trent1000,57236
B777,8969,224,41554,91,Trent1000,131321
B777,4591,430,8497,67,CFM56,27003
A380,13286,454,26858,92,Trent1000,84976
A350,13708,85,71230,85,CFM56,224857
B777,11703,262,69634,73,PW1100,221002
A380,10002,58,48415,98,GE90,152966
B777,3854,145,25382,97,GE90,79978
B787,8446,288,16942,79,GE90,54013
A350,9451,81,45449,63,PW1100,144263
A350,6070,220,79470,61,CFM56,251353
B737,10077,323,21307,87,PW1100,66307
A350,7318,313,29517,66,Trent1000,93125
A320,7564,424,79928,80,CFM56,251974
B737,2563,411,11839,75,CFM56,37140
B787,3880,328,60267,86,GE90,189701
B737,11177,417,63461,78,Trent1000,201116
A320,12816,192,44620,87,Trent1000,141384
B787,10551,478,40728,73,PW1100,129601
A380,570,409,56974,65,Trent1000,181093
B737,10413,181,77672,61,PW1100,244976
A380,8618,351,19097,52,PW1100,61304
B787,9725,146,39240,71,Trent1000,123716
A380,10440,87,13976,61,PW1100,43784
A320,5716,296,57242,53,PW1100,181325
A320,9379,380,40147,64,Trent1000,126429
B737,13991,247,58016,67,PW1100,182885
B737,3261,123,55400,89,GE90,175245
A380,5033,443,46212,92,CFM56,146291
B777,12475,436,78312,90,Trent1000,247839
B787,9820,412,60411,57,Trent1000,190352
B737,4672,324,41328,71,PW1100,130777
A380,13915,170,44750,73,GE90,141754
A350,6593,289,16933,61,CFM56,53411
B787,13575,498,58933,80,CFM56,185474
A350,4215,350,53966,52,Trent1000,171216
B787,1020,215,64680,65,Trent1000,204542
A380,2168,162,13999,62,PW1100,44830
B787,10909,428,33367,59,PW1100,105562
B737,9881,406,44448,69,Trent1000,140505
A320,9342,235,42581,86,PW1100,134565
A320,933,154,60772,97,GE90,192099
B787,7254,165,21686,90,PW1100,67836
A380,10553,498,15370,81,GE90,49130
A320,1795,312,79170,83,GE90,250115
A350,7223,116,22837,75,Trent1000,72279
B787,12180,311,32752,82,Trent1000,103188
B777,10177,180,49503,93,CFM56,156641
B737,8757,434,30876,75,Trent1000,97303
A380,7667,85,58166,96,GE90,184756
B737,10462,409,22045,95,CFM56,70046
B777,9295,129,32918,84,GE90,104664
A380,11455,136,64986,98,Trent1000,205721
B787,5010,476,75702,98,CFM56,237677
A320,1770,210,55380,69,CFM56,175227
A320,6915,52,72909,52,Trent1000,230706
B787,540,480,18873,97,Trent1000,60219
B777,4217,323,79196,54,CFM56,250420
A320,8723,311,41485,84,GE90,131557
A320,12659,380,60495,96,Trent1000,191241
B787,10871,317,27445,60,PW1100,88055
B777,3344,211,70996,92,GE90,224444
B737,9225,291,43048,99,PW1100,136119
B787,8955,269,13138,57,Trent1000,40946
A380,8563,125,18198,94,Trent1000,57716
A350,4214,458,40694,79,PW1100,129528
B777,10844,333,78515,79,Trent1000,248588
B787,8365,333,55823,71,Trent1000,175946
A350,11559,360,23223,61,PW1100,72493
A380,10696,133,75530,86,CFM56,238323
B787,6364,380,73647,66,Trent1000,232883
B737,1455,149,38290,55,GE90,121363
A350,10966,487,77929,61,CFM56,246555
A350,12532,272,52847,94,GE90,167003
B787,11874,403,24350,66,GE90,76792
A380,11116,394,47933,60,PW1100,151231
B737,9514,86,18975,75,CFM56,59402
A380,1908,354,71657,85,PW1100,226204
A320,13041,464,63950,93,GE90,202932
B737,6835,381,10176,78,PW1100,32931
A380,3138,424,76255,95,GE90,241374
A380,6679,264,29717,57,PW1100,93183
A320,5204,272,26824,89,GE90,84629
A320,7611,249,50532,67,CFM56,160154
A350,5443,355,65356,59,CFM56,206722
A380,5748,202,53734,80,PW1100,169365
A350,11203,65,40872,92,CFM56,129417
B787,2109,140,46838,84,GE90,148410
B777,12571,127,73314,59,CFM56,230841
A350,1718,210,28486,75,Trent1000,89585
B777,12478,254,69339,66,GE90,219732
A350,6010,309,19122,71,CFM56,59403
A320,12617,262,70651,95,GE90,222843
A380,7417,396,20336,87,PW1100,64770
A350,12612,419,12827,71,Trent1000,41024
A380,4630,165,68351,74,CFM56,215472
A320,6734,272,34806,61,CFM56,110425
B777,13102,261,8803,86,Trent1000,28552
A350,8131,162,43399,78,PW1100,136805
B737,1775,108,64244,54,Trent1000,203070
A320,13314,365,78420,98,PW1100,247314
A350,9372,401,42665,90,GE90,134270
B787,3737,182,64587,79,GE90,204237
A320,12314,216,57683,57,PW1100,182350
B787,13967,205,24481,87,Trent1000,78039
B737,9796,441,57250,79,PW1100,180869
A380,9318,370,32451,65,GE90,102695
B787,3910,428,51386,78,PW1100,161999
B777,13903,492,62636,79,CFM56,197718
B777,10219,97,39125,63,GE90,123656
B777,7278,332,11797,67,PW1100,36470
A350,3861,490,22074,76,PW1100,70436
B777,10844,63,32005,55,PW1100,101555
A320,6605,244,36166,52,PW1100,114436
A320,12222,282,13526,60,Trent1000,43152
A350,3622,295,22295,53,Trent1000,70462
A350,1362,364,18721,74,PW1100,58219
A320,7879,199,79253,90,GE90,250085
B737,10039,438,21066,79,PW1100,66291
A320,10750,87,63331,74,PW1100,200432
B737,12644,101,33538,80,CFM56,105500
A350,6407,273,77974,53,GE90,246277
B737,8878,125,77382,70,PW1100,244858
B787,9034,357,60179,97,PW1100,190731
B737,1971,369,44263,76,PW1100,140174
B787,4432,180,37060,73,Trent1000,117317
A380,4635,291,39936,65,GE90,126708
A350,10695,103,65198,62,PW1100,205518
A320,6651,87,27277,63,CFM56,86515
A380,12138,101,45371,85,CFM56,142824
B777,743,154,36632,87,CFM56,114807
B737,9473,352,15276,80,CFM56,48404
B787,715,425,49959,56,GE90,157640
A320,4187,433,42466,93,CFM56,134416
B737,9364,459,68299,99,PW1100,216164
B787,2607,243,26746,98,PW1100,84535
B777,1000,319,69835,77,CFM56,220697
B777,5295,385,36237,74,Trent1000,114017
B737,8698,359,66099,80,PW1100,208427
A380,4252,293,27621,68,CFM56,87650
A320,5899,394,60512,50,PW1100,191122
A350,2943,499,55767,90,Trent1000,176295
A380,12684,374,72707,93,CFM56,228784
B737,10655,136,30913,89,GE90,97197
A320,13406,438,72489,72,GE90,228583
B737,8508,74,66363,66,PW1100,209851
B787,7080,278,76915,88,Trent1000,243156
A320,2261,373,17656,94,PW1100,56088
A380,10782,277,61565,66,PW1100,194907
A380,12842,155,56754,52,Trent1000,178595
B787,11564,51,21292,52,Trent1000,68412
A380,5546,78,50300,71,CFM56,158642
B737,714,298,23673,64,CFM56,75335
B737,11157,455,22913,57,Trent1000,72687
B777,12976,299,67907,51,CFM56,214464
B787,6994,259,38004,79,Trent1000,120769
A320,6839,354,51447,50,PW1100,162637
A350,10228,205,32773,75,CFM56,103479
A380,10075,155,51516,98,GE90,162323
B737,5354,320,73997,53,Trent1000,233898
B737,10922,189,28369,54,PW1100,89917
B777,7973,313,75086,52,CFM56,237105
A380,5420,88,61503,86,CFM56,194613
A320,8557,398,68185,96,GE90,215330
B777,4070,295,76404,68,CFM56,240439
B787,1001,478,8027,62,CFM56,24653
B737,12082,208,74731,68,CFM56,235783
B777,12046,335,44335,67,Trent1000,140574
A320,13366,343,71970,53,CFM56,227291
B787,13468,239,43995,70,Trent1000,139597
A350,2215,267,30716,72,PW1100,97115
B737,12727,323,78622,90,PW1100,247858
A320,2104,65,14137,66,CFM56,44621
B777,13978,230,25869,98,PW1100,81315
B777,11453,67,32248,62,Trent1000,101240
B787,2513,193,54025,68,GE90,170678
B777,5625,333,72730,53,GE90,229190
A350,11435,432,16418,54,CFM56,51782
A350,13953,237,75448,80,Trent1000,237631
B787,13043,244,20255,58,CFM56,63718
A350,10391,180,6884,62,GE90,21718
B777,9274,319,34224,69,Trent1000,107888
B787,6649,256,22073,70,GE90,69882
A320,10109,326,66719,91,CFM56,210208
B777,11128,90,40532,52,Trent1000,128073
A350,12432,131,39232,66,PW1100,123439
B737,5198,289,19455,72,CFM56,60834
B737,6331,472,42015,51,GE90,132279
A320,12306,260,30121,72,Trent1000,95616
B777,2318,281,68686,66,Trent1000,216602
A350,12515,150,72020,63,PW1100,227536
B737,1053,382,72864,54,Trent1000,230839
B787,11755,260,32531,88,GE90,102591
B777,2352,426,41564,95,Trent1000,131143
A350,9802,254,78171,54,PW1100,247249
A380,6942,90,9982,76,PW1100,31741
A350,3196,498,41705,81,Trent1000,130886
A350,13540,339,29849,90,PW1100,95027
A380,859,186,65714,85,PW1100,207662
B737,1745,57,53024,51,PW1100,167163
A380,8036,347,58899,54,PW1100,186162
A320,10672,269,60922,98,GE90,192427
B787,7859,388,78815,78,PW1100,248913
B777,7130,437,44077,56,Trent1000,139224
B777,7081,105,55720,86,CFM56,175179
B737,12956,433,73747,52,GE90,232937
B777,754,370,79759,91,GE90,252118
A380,9904,362,21374,84,Trent1000,67580
B777,9176,344,23112,69,CFM56,73690
A350,5423,102,19208,93,Trent1000,61119
A320,5117,494,11733,88,GE90,37004
A380,2315,297,39348,88,CFM56,124391
A350,7616,353,52846,50,GE90,167391
B737,3417,494,77759,94,GE90,245100
B777,13256,196,50369,97,PW1100,158475
A320,7051,157,22102,72,Trent1000,69412
A320,11796,420,51512,89,Trent1000,162413
B787,3796,163,72068,58,CFM56,227854
B737,7047,411,24586,74,GE90,77167
B777,12103,472,70340,93,CFM56,222902
A350,5917,282,54145,81,GE90,171475
B787,13194,140,66355,59,CFM56,209257
B787,10799,300,49151,54,GE90,155343
B777,1697,331,61746,64,CFM56,195376
A350,4754,384,79895,84,GE90,252460
A320,6133,393,21006,94,GE90,65621
B777,13157,356,45954,52,CFM56,144834
A350,10656,484,73561,93,GE90,232718
B787,6660,311,70821,90,Trent1000,223805
A320,4782,441,72570,79,GE90,228677
B737,11195,269,55932,81,PW1100,177122
A350,7668,231,26094,95,GE90,82726
B777,3184,391,9418,61,PW1100,29635
A320,8464,124,58909,92,CFM56,186579
A350,13768,354,5426,88,PW1100,16823
B737,12922,319,45905,77,CFM56,144883
A320,5834,220,20969,58,CFM56,66433
B737,4274,107,10823,59,GE90,33872
B777,796,392,77263,94,Trent1000,244248
A350,4200,198,39111,62,Trent1000,123442
B737,5700,238,22458,58,GE90,71439
A320,10782,372,17737,77,Trent1000,55780
A350,2736,321,22130,72,PW1100,70638
A380,5629,470,36012,90,PW1100,112896
A380,2606,130,35923,77,CFM56,113833
B787,12538,391,61687,88,Trent1000,194455
B737,7988,376,6041,92,PW1100,19385
A320,3481,453,21431,50,CFM56,66997
B777,12688,340,27502,59,CFM56,86791
A380,6365,334,44492,66,CFM56,141061
B737,8206,272,22684,75,CFM56,71516
A350,8884,283,20203,70,Trent1000,63871
A350,11849,435,35069,68,GE90,111008
A320,5728,349,30922,95,Trent1000,97360
A380,2774,422,73948,84,GE90,234129
B777,13977,266,39216,69,Trent1000,123394
B787,12011,441,18595,81,CFM56,58888
A350,1719,362,24320,85,CFM56,76268
A380,10997,271,49879,50,Trent1000,157601
B777,7080,175,14155,55,PW1100,44827
B737,13382,360,23893,98,PW1100,76974
B777,3191,96,65028,58,PW1100,205916
A350,10301,494,65170,52,CFM56,205186
B787,4025,235,53788,81,PW1100,169073
A380,5028,324,36294,92,PW1100,114589
A350,12220,348,72712,52,GE90,229891
A380,11898,117,13822,92,PW1100,43736
A320,7092,314,53484,67,GE90,169320
A350,1945,156,70059,59,CFM56,221433
B737,13630,282,43360,76,PW1100,136784
A380,5801,175,51002,74,CFM56,161417
A320,11691,83,17239,50,GE90,54474
B777,8155,51,38850,78,Trent1000,122204
A350,860,172,56799,85,CFM56,180362
A380,12742,95,25182,50,CFM56,79241
B777,787,159,12453,90,GE90,39841
A380,5717,304,29667,97,PW1100,93460
A380,9296,101,78594,95,CFM56,247991
B737,11558,267,43881,73,PW1100,137660
B787,11151,258,19342,56,GE90,60790
B787,11158,204,57992,93,CFM56,182452
A320,10541,111,14516,96,CFM56,46482
B737,11734,359,27321,82,GE90,85072
A380,9828,472,13781,96,Trent1000,43524
A350,1404,458,50341,79,PW1100,159584
A350,958,444,74424,69,PW1100,234972
B787,2631,493,34642,58,PW1100,108474
A380,13505,84,55530,60,CFM56,175116
B787,851,213,20704,80,GE90,65273
B777,6571,66,16425,70,CFM56,51277
A380,1274,72,54680,50,CFM56,172600
A320,2330,224,58655,63,GE90,185474
B777,9784,63,36155,81,Trent1000,113998
A350,1915,381,22661,64,GE90,71186
B777,7775,79,30041,90,GE90,95244
B787,5285,358,28119,92,Trent1000,89040
B777,5592,425,62076,55,GE90,195939
A380,10309,455,28526,50,PW1100,90899
B777,10676,332,23934,66,GE90,76699
B777,1351,228,69837,60,GE90,219668
A320,8291,250,14978,50,Trent1000,47470
A350,5536,54,54983,81,PW1100,174481
A350,4248,141,45076,71,PW1100,142727
B777,7892,417,62154,63,GE90,196146
B777,11458,377,37664,75,PW1100,118867
A320,7705,269,47942,68,GE90,152651
B737,1063,325,32658,90,Trent1000,102977
B737,7198,278,15420,68,CFM56,48837
B777,6334,143,42437,94,Trent1000,134416
B787,7498,351,62677,69,CFM56,198175
B787,1345,348,60392,91,GE90,190997
B777,12304,226,15711,59,GE90,49795
B787,12994,70,61658,95,PW1100,195096
B777,10929,402,5923,85,GE90,18422
A350,6244,379,40378,52,CFM56,128250
B777,1402,116,40520,51,CFM56,127924
B787,4751,383,78913,55,PW1100,249351
B777,999,353,8658,94,CFM56,27375
B787,3648,84,52555,59,PW1100,165903
B777,13454,237,37575,53,GE90,118454
A350,12800,325,14441,91,Trent1000,44828
A380,11800,221,15617,66,Trent1000,50219
A350,5333,282,14360,51,Trent1000,44674
B787,4934,427,50308,88,Trent1000,159622
B777,13925,219,57389,73,CFM56,181546
A350,6475,254,19942,94,CFM56,63167
A320,5887,66,42958,90,Trent1000,135518
A350,7724,77,51026,63,PW1100,161837
A380,5085,186,66587,97,GE90,210736
A380,6666,182,58919,69,CFM56,186230
A380,5147,423,43723,87,PW1100,137993
A380,2497,215,55912,50,Trent1000,176456
B737,1143,67,40506,63,CFM56,127775
B787,11641,325,52531,59,GE90,164759
A350,10569,240,14132,84,GE90,45088
B777,9970,228,29975,95,GE90,94655
B777,6267,314,45627,57,CFM56,144072
A320,7171,162,71950,97,PW1100,226574
A350,3107,451,63264,55,GE90,199163
A350,6257,130,11081,89,GE90,36352
B787,1502,425,52018,89,PW1100,164741
B777,13961,459,73764,77,Trent1000,233023
A350,13589,302,17137,62,Trent1000,54215
A380,11291,413,74249,65,CFM56,234569
B787,12891,199,23983,63,PW1100,75722
B777,8364,124,27452,55,CFM56,86573
B787,10151,299,23665,68,CFM56,74691
B787,1667,117,73455,73,PW1100,231658
A320,9671,469,42816,64,Trent1000,134894
A350,1373,387,65572,71,CFM56,206813
A350,10408,205,6990,87,GE90,21701
A350,6527,447,29644,69,CFM56,93558
A350,8065,319,78112,71,GE90,246315
A380,10092,351,20945,79,PW1100,65379
B787,10906,237,18233,74,CFM56,57205
B777,11184,380,13752,76,Trent1000,43671
B777,13409,158,69092,63,Trent1000,217791
B787,11255,420,64243,96,CFM56,203051
B777,10558,247,8663,83,GE90,27117
B787,12514,276,55243,82,CFM56,174439
A320,7318,401,58508,71,CFM56,184394
B737,5000,186,61839,54,Trent1000,196432
B737,9082,166,18943,70,GE90,59583
A350,10754,128,39522,55,PW1100,124472
B787,5924,339,52467,61,GE90,165866
A320,10973,440,16116,70,PW1100,51479
A380,2879,289,21452,61,PW1100,67913
B737,6112,291,17807,62,CFM56,57116
B787,13288,90,13487,96,Trent1000,42960
A350,7472,298,74767,75,Trent1000,236414
B777,13744,287,70322,73,PW1100,222459
B737,6979,496,62353,83,CFM56,197280
B787,4943,374,10842,85,Trent1000,34056
A350,6045,209,66670,89,PW1100,210562
A350,2009,386,10022,79,CFM56,31450
B787,12576,376,27616,97,Trent1000,87484
B737,3711,72,52658,86,PW1100,165982
A350,2266,252,27549,64,PW1100,86835
A350,2111,359,73572,65,Trent1000,232950
A320,3256,70,40098,85,PW1100,127119
A320,3272,379,42764,65,CFM56,135361
B737,10932,425,52734,74,GE90,166727
B787,4789,255,10334,96,GE90,32723
B777,6293,343,59502,86,CFM56,187856
B737,13011,119,20718,96,GE90,64492
B777,5290,138,7468,59,Trent1000,24166
B777,3986,359,46544,99,PW1100,146577
B777,9065,249,13011,93,CFM56,41270
A320,10560,259,29233,54,CFM56,92516
B787,2709,358,26094,69,PW1100,82883
B777,10806,268,45244,79,Trent1000,143122
B737,12311,499,56453,59,CFM56,179138
B787,4120,257,18551,82,PW1100,58834
A320,11339,443,34861,63,CFM56,109208
A350,9409,201,39330,83,GE90,123843
B787,8668,326,72192,54,CFM56,228269
A320,1156,278,40101,52,PW1100,126822
A350,8326,420,75129,61,CFM56,237391
B777,7720,313,13227,88,PW1100,42378
A380,12138,272,26120,52,Trent1000,81809
B737,11847,300,78985,69,Trent1000,250062
A350,10772,381,74536,98,GE90,235942
B777,11091,410,46784,52,Trent1000,147240
A350,13123,212,24005,95,CFM56,75465
B737,13963,176,72805,80,Trent1000,229747
A350,7756,227,17462,78,Trent1000,55155
B777,12744,496,22864,94,Trent1000,71988
B737,6056,172,18650,64,Trent1000,58912
B787,3472,82,6620,63,PW1100,20517
A350,12441,160,57894,95,Trent1000,182643
B777,8883,93,13792,73,GE90,43158
A380,2361,367,68199,79,Trent1000,215520
A380,5687,230,16162,72,GE90,50201
B777,11718,456,36806,64,Trent1000,117259
A380,2234,70,13193,94,GE90,41692
B737,12143,220,54962,52,CFM56,173223
B777,7338,157,60923,77,Trent1000,192543
A350,9205,363,52903,85,CFM56,167670
B777,11279,444,15712,98,CFM56,49854
A350,9607,452,41327,63,GE90,130061
B737,3772,253,7398,80,PW1100,23327
B737,7816,83,24681,86,CFM56,78435
A320,2549,234,21174,56,Trent1000,66750
B787,13484,402,29695,81,PW1100,93876
A320,13493,247,21835,87,CFM56,68810
B777,5776,120,9498,82,GE90,30194
B777,13933,495,38649,82,Trent1000,122488
B787,12480,391,53659,56,CFM56,170733
B737,8550,443,61823,77,CFM56,195289
B777,12051,112,70559,85,PW1100,222970
A350,5276,185,78634,54,Trent1000,248472
A350,7989,214,20743,93,CFM56,65585
A350,5830,86,7409,87,CFM56,24115
B737,6185,139,71598,62,CFM56,226462
B787,1603,344,45615,91,Trent1000,143961
A350,8352,215,33549,56,GE90,106219
B737,3768,208,71802,79,Trent1000,227088
A380,12780,158,39528,91,Trent1000,124292
A320,5282,135,69325,57,CFM56,219132
B737,2087,167,47910,63,CFM56,151886
A350,8731,279,20517,91,GE90,64251
B737,13851,463,75400,58,GE90,239212
B737,8247,228,72563,84,Trent1000,228414
A350,9687,396,7030,86,Trent1000,21700
B787,4013,326,49224,88,Trent1000,155177
A320,7944,275,40331,56,PW1100,127203
B787,8686,238,28896,60,PW1100,91542
A380,3299,300,75459,67,PW1100,238667
A350,12599,236,7155,70,Trent1000,23535
A350,2342,285,76942,92,CFM56,243381
A350,4822,315,32864,79,PW1100,104204
A350,8774,91,8172,87,GE90,26597
B787,5604,141,5316,74,CFM56,16447
B737,1924,52,13516,53,CFM56,42711
A380,2895,444,66527,85,CFM56,210325
A380,7954,208,11915,83,GE90,38334
A380,10845,194,28545,71,GE90,89822
B737,4893,177,42701,72,Trent1000,135290
B787,10351,331,20006,75,PW1100,63360
A380,9017,254,52162,70,PW1100,164667
A350,4970,336,45566,83,PW1100,143754
A380,3168,218,41362,80,CFM56,130461
A380,13425,160,34209,73,CFM56,108368
B777,2049,245,36803,71,Trent1000,117587
B777,5375,319,61448,67,PW1100,194582
A380,13433,102,29372,72,CFM56,93495
A350,862,210,65217,81,Trent1000,205720
B737,7341,374,13479,99,GE90,42361
B737,10036,241,18658,55,GE90,58771
B787,7749,187,20392,55,CFM56,65179
B737,3797,167,24242,54,GE90,76763
B787,4824,359,19619,51,PW1100,61921
B777,5041,169,23381,51,GE90,73837
A320,7780,149,45622,86,PW1100,144368
A350,8257,361,29600,78,GE90,93467
A320,4477,393,63834,55,CFM56,201241
B787,725,276,30736,69,PW1100,97561
A350,10626,170,53929,98,Trent1000,170438
B737,10170,117,45461,94,PW1100,142576
A380,8515,436,22551,58,Trent1000,70373
A350,9462,376,70664,65,Trent1000,224012
B787,711,421,61684,92,GE90,194611
A380,6962,243,49075,75,Trent1000,155343
A320,13650,84,75165,91,PW1100,236639
A380,12363,392,36663,91,CFM56,115826
A350,10055,285,7094,53,PW1100,22705
A380,8328,278,47990,78,Trent1000,151678
A320,4187,247,67254,90,Trent1000,211840
B737,1265,198,47327,91,GE90,149903
B787,3390,270,66721,57,CFM56,211256
A380,4141,297,29403,61,PW1100,93211
A320,12107,81,70111,69,PW1100,222050
A380,6739,382,59620,63,PW1100,189049
B777,7178,452,57996,61,CFM56,183093
A380,2140,205,55066,69,PW1100,174511
A320,13386,235,33175,97,PW1100,104889
A380,8013,89,26935,97,CFM56,85430
A320,6186,93,18453,88,Trent1000,58342
A350,12436,204,41219,97,PW1100,130684
A380,8367,466,56042,50,Trent1000,177919
A320,1079,442,32482,85,GE90,101992
A380,5050,265,46145,53,CFM56,145446
B787,8181,64,9917,57,PW1100,31086
B737,12344,351,23163,85,PW1100,72627
A320,9974,352,12979,87,PW1100,40834
B777,12129,494,19881,50,GE90,62748
B737,4332,131,78581,79,GE90,247883
B777,7480,407,14969,81,PW1100,47556
A380,6313,469,36701,52,GE90,114936
B787,12195,76,53393,76,PW1100,168678
B787,10045,93,74571,74,PW1100,235629
A350,11023,321,13446,78,CFM56,42530
B787,5357,147,73389,75,CFM56,231466
A320,10275,52,65310,80,CFM56,206060
A350,13592,98,72689,64,Trent1000,229170
A320,11116,436,30146,91,PW1100,95502
B777,11246,99,30546,62,CFM56,97309
A380,11531,319,47821,63,CFM56,150896
B737,10256,68,21647,75,GE90,67716
B777,10381,485,63273,84,GE90,200350
B787,3454,265,59326,84,PW1100,187081
B777,8796,209,73407,67,CFM56,231419
A320,8684,110,29809,77,CFM56,93860
B737,3588,285,38078,63,PW1100,120376
B787,8213,400,7340,54,GE90,24079
B737,2023,206,75780,82,CFM56,239568
A350,11452,265,7989,99,GE90,25825
B737,5879,56,78662,64,PW1100,248326
A350,13152,249,14980,85,Trent1000,47400
B737,4699,243,19766,94,CFM56,63513
A380,757,119,31456,62,PW1100,99792
A380,4808,100,47899,77,Trent1000,151304
B777,1262,340,27993,86,Trent1000,88736
B777,12362,485,51810,54,PW1100,163272
A350,9718,72,57882,69,CFM56,182462
B737,2438,447,30435,83,Trent1000,96384
A350,8915,294,25037,93,GE90,78743
B787,8488,118,51421,89,GE90,162703
A320,10485,94,45960,83,Trent1000,144963
A350,13217,88,66229,66,GE90,209687
A380,2365,312,34022,54,Trent1000,107278
B737,2728,386,54494,71,CFM56,172161
A350,11527,383,25503,65,GE90,80725
B737,10323,71,69967,63,PW1100,221896
A380,8965,252,32301,90,GE90,102166
A350,10723,462,65836,66,CFM56,207922
B737,7139,186,68959,55,Trent1000,217928
B787,10460,266,65783,53,PW1100,208193
A320,5780,388,47827,50,PW1100,151681
B777,9461,264,43511,71,PW1100,137818
A350,2874,346,50534,90,CFM56,160667
A380,12972,201,47416,94,GE90,150236
B737,10582,106,31242,89,Trent1000,98713
B787,12707,104,5631,63,CFM56,17649
A320,6616,401,5340,68,GE90,16679
A320,2055,253,32675,53,Trent1000,102891
B787,4093,146,75382,89,PW1100,238864
B787,1259,278,53927,54,GE90,171293
A320,13894,453,51398,66,Trent1000,162586
B777,10158,278,64165,51,GE90,202489
B787,956,202,59978,94,CFM56,189404
B787,6696,50,50998,73,PW1100,161526
A320,11980,299,59746,60,CFM56,188784
A380,8533,290,13500,74,CFM56,42786
A380,12503,185,25108,76,Trent1000,78260
B737,12445,126,23171,83,PW1100,72615
B787,2869,166,60209,77,CFM56,190279
A320,1014,385,47862,93,CFM56,151751
A320,12031,89,11843,56,PW1100,37503
A320,10165,124,57644,50,GE90,182223
A380,3545,228,14552,68,CFM56,46336
A350,9570,481,28200,98,Trent1000,89144
B777,5433,197,66152,87,PW1100,208632
B737,13387,406,41405,53,PW1100,131057
A350,4940,406,67122,70,PW1100,210582
B737,9483,385,11494,98,PW1100,35986
A380,2312,128,74868,58,Trent1000,236435
A320,816,265,38481,80,GE90,122002
B777,9828,163,12819,95,PW1100,40651
B777,12032,68,50883,65,GE90,162338
B777,6472,396,43458,71,Trent1000,137231
A320,11013,487,38058,78,Trent1000,120927
A320,3463,387,13294,82,GE90,41367
B737,1911,444,55407,52,Trent1000,175008
A380,6230,439,62026,78,GE90,196174
B737,7777,426,56824,88,CFM56,180097
B737,7914,387,62899,71,GE90,198469
A320,3306,56,54977,90,PW1100,173463
B777,8534,204,59713,83,GE90,188887
A350,8423,136,71653,64,PW1100,227292
A380,11392,147,57518,96,GE90,181729
B777,2931,318,19947,80,GE90,63170
A350,3458,226,64267,93,CFM56,202482
A380,11473,288,77117,82,GE90,243257
A320,4610,305,76055,62,Trent1000,240151
B787,10730,222,9964,65,Trent1000,31273
B777,974,434,62176,91,CFM56,195440
A320,697,266,31910,73,Trent1000,101045
A380,4997,299,71566,64,CFM56,225903
A320,1694,188,56746,94,CFM56,179210
B777,9659,203,17448,79,CFM56,54680
B737,2918,367,55739,91,GE90,176595
B787,6128,401,9192,65,CFM56,28469
B777,12581,446,73170,79,Trent1000,231994
B787,8029,109,45035,71,Trent1000,142126
A320,5959,298,32717,72,PW1100,102603
A380,12166,451,51036,82,PW1100,161111
A320,12198,99,72830,65,CFM56,230274
A380,6434,430,20006,89,PW1100,63878
A350,7921,305,31017,86,PW1100,98158
A320,1892,405,6517,54,CFM56,19962
B787,12280,281,70896,82,Trent1000,224782
A350,3190,123,11973,59,GE90,37668
B777,8025,415,60302,64,Trent1000,190829
A350,13529,291,9158,83,CFM56,28315
A320,7372,408,73246,64,CFM56,231485
A320,661,411,19717,67,CFM56,62085
B787,4315,465,8782,80,PW1100,27081
A350,11592,195,55400,73,Trent1000,175505
B737,7853,363,29849,95,Trent1000,94440
B787,3413,345,25506,62,Trent1000,80564
B737,4777,427,60083,97,Trent1000,189981
B787,3908,404,38906,73,Trent1000,123414
B777,4668,483,65051,80,GE90,205892
A320,10346,417,13999,67,PW1100,43143
A320,7022,148,51819,67,PW1100,163292
B777,10108,458,74639,77,Trent1000,236314
B777,2838,121,49998,92,GE90,159198
B737,5609,473,6101,68,PW1100,20107
B737,13136,233,9579,73,CFM56,29644
B777,5725,296,11000,88,PW1100,35088
B787,10399,261,67766,81,GE90,213864
B737,1099,325,18547,97,CFM56,58812
B787,13611,401,30054,97,PW1100,94943
B777,8488,364,16076,53,PW1100,50600
B787,11816,202,25633,76,CFM56,80478
A350,5164,385,14934,83,PW1100,47870
B777,10407,170,39607,69,GE90,125285
B737,10006,81,43640,73,CFM56,138248
A320,6472,96,63083,65,PW1100,200042
B737,8530,301,55500,96,Trent1000,175724
B777,2573,441,26723,90,PW1100,85017
B737,4238,115,65657,69,PW1100,206926
B777,11998,127,49933,82,GE90,157283
A350,7859,189,55333,87,Trent1000,174665
A320,2009,280,76559,54,Trent1000,241454
A320,5028,321,51137,94,CFM56,160842
B777,9446,114,76810,99,GE90,242409
A320,4989,100,6097,55,Trent1000,19317
B737,9876,463,46836,83,PW1100,147426
A350,6947,433,5563,75,CFM56,16902
A320,10656,423,70335,61,Trent1000,222107
A320,7017,197,73182,52,PW1100,232199
B787,5164,355,79449,56,PW1100,251287
A380,10228,408,14158,51,Trent1000,45478
A380,873,378,44685,91,GE90,141221
B787,3214,421,6205,87,CFM56,19312
A320,10973,458,61045,73,CFM56,192555
A380,2671,444,50874,96,PW1100,161175
B737,4122,328,23366,83,CFM56,73455
A380,5273,92,74049,65,GE90,234150
B787,3205,180,10391,63,Trent1000,33284
B777,5664,446,26352,89,CFM56,83164
B737,10123,310,50878,79,PW1100,161799
A350,3613,133,37955,95,GE90,119533
B777,4538,268,78576,78,Trent1000,248501
B737,8062,393,31278,87,GE90,99487
B777,6828,412,65071,72,GE90,205683
A350,2048,151,51537,92,CFM56,162489
B777,5143,387,63215,83,CFM56,200000
A350,11218,333,27109,56,GE90,86583
A350,2249,101,46119,70,GE90,145727
A320,13708,196,74542,55,GE90,235595
A320,821,97,62257,73,PW1100,196658
A320,10666,468,54576,56,Trent1000,172487
A380,10601,232,16563,69,GE90,52716
B787,10724,392,19241,85,Trent1000,61236
B737,12537,298,36296,64,CFM56,115324
A380,820,436,68970,79,PW1100,217333
B777,924,484,62794,75,GE90,199238
B777,742,410,12680,58,CFM56,39826
A380,8743,255,10042,80,GE90,31641
A380,3964,64,77537,57,GE90,244857
B787,10945,212,49561,68,Trent1000,156357
A380,5678,434,65600,74,Trent1000,207627
B737,7548,254,62268,98,CFM56,197088
A380,5120,302,38179,64,CFM56,121389
A350,10837,235,74975,59,CFM56,236531
A320,9067,284,43964,88,Trent1000,138377
B777,13610,82,53570,73,GE90,169693
A380,9907,109,75911,80,GE90,239714
B787,6478,445,74408,95,Trent1000,234962
A380,3245,50,44052,89,CFM56,138686
A380,7097,465,72972,53,PW1100,230687
B787,3842,350,53036,93,GE90,166879
B777,10379,203,66058,82,CFM56,208496
A350,10469,388,74472,97,PW1100,235324
A380,2950,51,8284,84,GE90,26971
B777,743,254,9317,94,PW1100,30166
B777,2324,173,69889,81,GE90,220264
B787,8046,54,48260,87,CFM56,152063
A320,2709,172,9975,77,Trent1000,31250
B787,5137,456,58094,52,CFM56,184271
A380,3284,417,26871,60,PW1100,84401
A350,5188,252,50880,50,CFM56,160654
A380,3003,414,56997,87,GE90,179918
B777,8599,124,52969,78,Trent1000,167177
B777,889,420,39211,86,CFM56,124606
A320,3496,352,33069,60,GE90,104014
B787,13709,179,7036,90,GE90,22560
B787,5086,224,61371,58,CFM56,193950
B737,2265,386,49620,94,GE90,157052
A320,589,108,41319,65,CFM56,130273
B737,9820,320,18035,52,CFM56,56721
B787,13097,100,79797,70,Trent1000,252845
A380,8255,224,22916,79,GE90,71918
A320,10408,362,66432,86,GE90,210333
B737,11770,94,8056,73,GE90,23898
B737,6266,129,7730,80,CFM56,24347
B777,1264,384,14322,72,Trent1000,46365
B737,8200,322,17964,77,GE90,55734
A350,10146,309,36747,78,Trent1000,116315
A380,12768,437,68421,78,GE90,216522
A380,2973,258,31812,62,GE90,100681
A350,7247,149,71837,60,CFM56,226911
A380,8104,416,15872,58,GE90,49407
B777,4147,320,77986,66,PW1100,246353
B787,12432,482,66500,60,CFM56,209677
A380,4293,394,66625,98,PW1100,210619
B787,10994,169,33551,98,PW1100,105637
B737,5805,431,49409,87,CFM56,155925
A350,10428,242,12429,91,PW1100,38709
A380,10248,246,7837,97,PW1100,24193
A350,8110,442,16267,88,Trent1000,52143
A380,11024,320,29842,88,GE90,94640
B787,601,275,54586,98,CFM56,173319
B777,6949,350,41850,90,PW1100,132247
B787,8397,180,55926,77,GE90,176364
B787,8847,173,77667,50,PW1100,244865
A350,11091,406,69596,51,CFM56,220620
A320,4856,336,62157,62,CFM56,196195
B777,10751,314,72828,86,CFM56,230169
A320,10022,188,27686,58,PW1100,86469
A320,6775,248,45478,62,Trent1000,143926
A320,7570,59,8003,57,PW1100,25260
B777,8273,148,10484,99,CFM56,33551
A320,7229,295,17060,62,GE90,53963
A320,10580,395,73607,77,GE90,233036
A380,4138,473,73277,71,Trent1000,231408
A320,12575,496,51721,78,CFM56,164026
B787,501,405,22432,54,GE90,70920
A380,12154,424,79447,66,CFM56,250581
B777,9274,154,5172,63,CFM56,16526
A350,11433,481,31937,53,Trent1000,101652
A350,12620,287,38525,52,CFM56,122060
A350,6528,143,51899,72,Trent1000,164225
B787,9319,320,22176,97,GE90,70149
B787,9286,353,62199,57,PW1100,197272
B787,5009,358,44981,50,PW1100,142568
B787,6842,55,35649,87,GE90,112438
B777,5221,492,70578,97,Trent1000,222713
B737,5688,82,5781,53,PW1100,18198
B787,1123,412,64634,92,GE90,204014
B737,597,482,31957,65,Trent1000,101542
B737,7951,440,10686,89,CFM56,34146
B737,3402,376,68173,63,CFM56,216556
A350,4355,268,33536,53,GE90,105840
B737,2935,136,31064,70,PW1100,98081
B737,11711,299,47304,83,CFM56,148989
A350,9793,252,48579,84,Trent1000,153752
B777,5859,350,73495,87,PW1100,232365
A350,9305,150,35656,61,Trent1000,112738
B737,7926,346,14969,71,PW1100,47846
B777,7877,119,46523,68,GE90,147315
B777,6853,112,8837,87,PW1100,28620
B777,9341,50,72816,85,Trent1000,229924
A320,11011,280,39256,75,GE90,124232
B737,12511,222,27302,78,PW1100,86462
A380,3929,268,23450,88,Trent1000,74648
B787,6243,301,32896,96,Trent1000,104320
B777,1449,51,72520,91,GE90,229700
B787,10811,223,20929,69,GE90,66198
B737,5874,151,60325,54,CFM56,190854
A380,2918,401,49405,52,CFM56,156655
A380,1007,372,43595,59,Trent1000,137808
B777,12247,392,17935,77,CFM56,56641
A380,2416,112,50399,90,Trent1000,158464
B777,1200,93,5007,59,CFM56,15935
B777,4047,167,29158,73,Trent1000,91647
B737,6056,284,14576,82,PW1100,45641
A380,12685,399,48040,61,GE90,151539
A350,2055,91,11865,56,GE90,36927
A380,9679,107,52237,63,PW1100,165328
B777,11947,237,64559,98,GE90,203490
A380,13591,408,36865,97,Trent1000,116600
B787,6016,440,35408,87,Trent1000,112341
B787,8763,246,28153,73,PW1100,89405
B737,4880,97,22235,98,CFM56,70440
B787,959,380,5028,62,PW1100,17077
A350,1636,355,54342,73,CFM56,171763
B787,5410,365,42180,53,PW1100,132150
A350,9405,198,57766,83,Trent1000,182537
A350,8709,322,51183,64,GE90,160738
B737,6216,483,56835,58,GE90,179304
B777,3082,220,62196,88,CFM56,196343
A350,13621,341,79639,53,PW1100,251803
B737,6921,463,6492,56,GE90,19774
B777,9060,123,51648,67,GE90,163377
B777,7566,319,72616,75,GE90,228983
A320,9961,454,54975,92,PW1100,173659
B737,12798,121,46670,86,PW1100,147972
A320,913,356,59671,94,Trent1000,188854
B787,9421,369,73947,75,Trent1000,233867
A350,6087,55,26529,70,CFM56,83650
A350,5127,79,70333,51,GE90,222938
A350,7162,105,60963,79,GE90,193103
A380,2483,151,36649,60,PW1100,115464
B737,10187,115,64584,82,Trent1000,205340
B787,6359,369,41319,96,Trent1000,131149
B737,10835,264,41813,86,Trent1000,130913
A350,12553,218,49916,66,GE90,157250
A320,7946,386,43120,95,GE90,135986
B787,3629,405,11817,73,PW1100,37406
A350,2640,377,59863,92,Trent1000,188957
A380,13470,464,21536,66,Trent1000,68507
A350,2064,370,60959,78,GE90,192826
A380,826,438,58072,76,PW1100,183803
A320,6592,98,13127,50,Trent1000,42107
B737,8442,212,10942,95,Trent1000,34546
A350,4712,87,66593,71,Trent1000,210562
A320,3112,172,78742,53,PW1100,249308
A320,6375,176,36150,84,CFM56,114090
A380,13452,353,42128,53,PW1100,133995
A380,7575,366,18545,58,CFM56,59008
B777,8757,204,15644,81,CFM56,49879
B737,3652,169,26383,51,CFM56,82601
A380,4567,353,64748,72,GE90,204387
A350,11290,117,79128,74,Trent1000,249778
A380,1255,411,18314,79,Trent1000,57466
A320,1370,150,64570,90,CFM56,204377
B737,6212,245,28571,56,CFM56,90712
A320,3646,251,16147,58,CFM56,51134
B787,6206,388,50627,76,PW1100,160350
A320,12752,294,47154,51,Trent1000,149182
A350,988,423,42495,98,CFM56,133492
A380,6729,74,49348,98,PW1100,155338
B787,5335,427,42719,67,GE90,135407
B737,8401,297,50559,92,GE90,159178
B777,4716,291,78440,75,Trent1000,248149
A380,12230,225,30574,93,CFM56,96800
B787,10650,146,11786,76,CFM56,36518
A380,11924,140,67346,75,CFM56,212712
A380,9419,306,44765,55,CFM56,141997
B737,2603,319,38505,55,GE90,121385
B737,4268,341,45887,89,PW1100,145338
A320,3381,319,72841,94,Trent1000,230358
A320,3053,293,25329,83,Trent1000,80200
A350,5257,322,46380,73,GE90,145624
A350,10614,275,32164,97,PW1100,101439
A380,13132,473,19367,70,GE90,60309
A350,12513,185,36285,82,CFM56,115470
A350,7391,55,43880,64,PW1100,138943
B737,11234,451,30017,62,CFM56,94766
B777,8336,302,27649,91,PW1100,86981
A320,7045,469,73695,77,CFM56,233039
A350,9479,390,51648,99,PW1100,162461
A350,10507,124,5258,58,CFM56,15834
B737,12256,266,46659,85,Trent1000,147387
A320,11505,215,79530,80,PW1100,251457
B787,13999,265,76380,90,GE90,241308
B777,12179,498,17151,85,PW1100,54182
B777,7753,397,45927,72,PW1100,145397
B737,10049,403,43422,88,GE90,136749
B737,11092,87,35799,83,CFM56,113785
B737,11404,411,69712,84,GE90,219784
B777,11306,403,40305,83,Trent1000,126558
A350,4261,186,58922,54,GE90,187028
B787,4782,148,69680,54,Trent1000,220591
B787,13824,145,30692,87,PW1100,97010
B787,8119,288,39540,91,Trent1000,125975
A380,13079,470,65075,90,Trent1000,204804
B787,8512,60,8298,80,PW1100,24953
B777,10032,235,37606,94,GE90,118905
B787,7389,83,73653,77,GE90,232491
A350,4807,112,6228,52,Trent1000,18881
B737,13682,223,29728,83,Trent1000,93029
A380,3618,422,62887,61,Trent1000,198715
A380,10856,333,65985,73,PW1100,208596
B777,3709,183,58641,77,Trent1000,186906
B777,12234,188,10018,94,PW1100,31124
B737,3156,163,17316,68,GE90,54107
A380,12810,460,55340,85,PW1100,174733
B787,11548,116,73389,51,PW1100,231615
B737,3127,270,22308,50,GE90,70481
A350,8248,65,40614,96,GE90,129455
B787,6194,326,62557,64,PW1100,197702
A380,3245,248,26596,81,CFM56,83760
A350,4115,220,30863,68,GE90,97216
B777,4906,378,20491,63,GE90,64265
A380,4890,67,19501,60,CFM56,61583
B777,4630,329,64570,73,Trent1000,204421
A380,3156,448,65426,59,CFM56,207165
A380,10075,380,58346,85,GE90,184526
A350,13476,460,47665,53,GE90,151189
A350,11218,81,39673,94,CFM56,125203
B777,777,57,65360,84,PW1100,206953
B787,8318,254,71797,57,Trent1000,226806
A320,9566,158,6710,92,PW1100,21393
A380,3845,411,45666,82,GE90,143528
A380,9419,260,28158,79,CFM56,89412
A350,7914,344,57247,82,Trent1000,181047
A320,3579,497,21373,86,CFM56,68130
A350,2103,142,45865,98,Trent1000,145086
A320,5370,438,34397,78,GE90,109003
A380,966,262,37548,79,CFM56,118732
B787,6099,499,46354,84,CFM56,145615
A350,6477,200,7568,81,CFM56,23545
B787,4729,204,46387,92,PW1100,146592
A350,1582,366,29975,81,PW1100,94917
A350,7623,206,75854,92,PW1100,239869
A350,9356,178,26140,69,GE90,81329
B737,9850,169,28596,77,PW1100,91377
B787,13667,478,19057,70,CFM56,59665
B777,11585,316,50136,76,CFM56,158481
B777,11618,313,47726,61,PW1100,150313
B737,5369,454,12071,74,GE90,38198
B787,12820,329,79079,73,Trent1000,250699
B787,3304,253,74688,92,Trent1000,236571
B787,6956,371,79384,66,Trent1000,250673
A380,13812,407,73044,82,Trent1000,231203
B737,10615,337,32888,63,PW1100,103596
B777,4469,92,8708,52,Trent1000,27478
A380,9646,149,78217,96,PW1100,246324
A380,5721,348,9174,65,Trent1000,29451
B737,13725,50,68183,73,GE90,215700
A350,5792,422,71250,87,Trent1000,224724
B777,11969,354,19735,91,GE90,63142
B787,7250,164,19988,64,GE90,62922
A350,1121,283,71810,54,PW1100,227290
B737,9038,195,32079,92,CFM56,100926
A320,8927,298,26036,92,Trent1000,82080
A320,4791,159,45304,83,PW1100,143783
A350,3285,389,44500,54,GE90,140573
A350,1807,169,14455,74,PW1100,45216
B777,2449,239,75088,94,CFM56,237616
B737,11441,262,27608,89,Trent1000,86716
B787,3852,106,74519,92,PW1100,236119
B737,1855,90,35367,69,CFM56,111978
A320,10428,434,62759,83,GE90,197733
B777,12694,267,42565,67,GE90,133893
A320,9509,171,71702,74,GE90,227658
A380,3800,378,27070,91,GE90,84881
A350,5255,312,38005,78,Trent1000,120818
B737,6551,128,57758,82,Trent1000,182272
A320,11813,321,38935,81,Trent1000,123509
A320,2702,483,13724,69,PW1100,43005
B737,4114,178,51524,67,GE90,163706
B777,2700,103,62545,78,PW1100,197126
A350,2042,394,38070,99,CFM56,119481
A350,10413,430,26181,99,PW1100,82253
A320,11323,444,79006,50,Trent1000,250021
A320,5096,221,54887,60,CFM56,173580
A380,8887,432,59894,72,PW1100,189075
A380,3247,74,78339,51,CFM56,246993
B787,9979,249,55817,76,PW1100,176084
A350,13390,371,75565,66,Trent1000,238331
B737,11636,390,66126,91,GE90,208591
B787,7119,338,52677,66,GE90,166473
B737,3989,436,9691,84,GE90,30653
B777,9648,323,38339,83,Trent1000,121462
B737,1408,89,56869,99,Trent1000,180210
B737,9781,325,78874,52,CFM56,248495
B787,8288,417,21019,63,Trent1000,66313
A350,5773,206,27616,78,Trent1000,87446
A320,6565,154,77725,56,GE90,245195
A320,625,403,34744,84,PW1100,109412
A320,7033,438,57358,57,CFM56,181286
A350,6774,91,57476,99,Trent1000,181599
A350,13988,57,33949,86,CFM56,106803
B777,13058,172,78337,88,Trent1000,247136
B777,4768,487,63493,61,PW1100,200729
B777,9480,249,9931,66,GE90,30759
B787,6309,199,63743,90,CFM56,201355
B777,3466,483,17674,82,Trent1000,56367
A350,12944,178,60574,74,Trent1000,190476
B737,11818,313,18649,83,PW1100,58601
B737,10833,474,13835,81,Trent1000,43538
B787,4968,211,39368,85,PW1100,125252
A350,9123,206,34439,60,CFM56,108638
B787,3916,432,43845,57,GE90,138726
A350,10912,307,17281,58,PW1100,54949
B777,576,394,51818,68,GE90,163775
A380,7302,366,34864,65,Trent1000,109865
B787,10357,268,47849,56,PW1100,151507
B777,3413,284,66423,73,PW1100,210468
B777,9745,263,10359,80,GE90,31963
B777,13910,217,35210,83,GE90,112073
A320,5566,87,59069,80,Trent1000,187428
B787,4215,133,6228,59,Trent1000,19668
A380,9826,403,50542,55,GE90,160121
B777,11337,381,59783,67,CFM56,189281
B777,9261,367,60871,54,Trent1000,192802
B777,10633,64,36232,84,GE90,115259
B777,13907,262,78851,60,Trent1000,248349
A350,9735,85,70479,81,PW1100,222922
B737,13738,99,27540,88,Trent1000,87958
A320,3424,429,20651,94,Trent1000,65635
A380,13951,473,41846,65,CFM56,132530
A350,2412,142,61095,68,CFM56,193233
A380,9734,440,37963,74,CFM56,120456
A320,6898,161,51611,60,Trent1000,163498
A380,9222,144,34794,66,CFM56,109750
B787,11848,420,61559,54,GE90,193691
B787,6753,232,6357,95,GE90,20022
B737,13838,204,49042,68,PW1100,154732
B777,9053,203,77182,59,Trent1000,243825
B777,1261,206,74215,61,Trent1000,234916
A350,13324,73,65962,83,CFM56,208158
A380,1279,78,35096,68,Trent1000,110428
A350,1657,432,57642,75,Trent1000,183152
A350,8481,363,12548,94,CFM56,39096
A380,6709,394,7317,75,PW1100,23901
B737,2523,82,8445,88,CFM56,27339
A350,2364,455,29862,69,Trent1000,94617
B737,12935,266,13575,73,GE90,41980
A350,7829,152,13274,95,Trent1000,41982
A350,2725,138,47944,85,CFM56,150964
A380,1030,244,15272,75,GE90,48408
A350,2706,126,76228,63,GE90,240429
B787,5159,120,68459,84,PW1100,216928
B737,5892,405,43494,98,Trent1000,137747
A320,10037,158,79340,50,Trent1000,250887
A380,13858,277,63325,77,GE90,200263
A380,11262,153,8324,94,CFM56,25829
B777,13356,67,10150,58,GE90,32377
A350,5564,294,76734,53,PW1100,242517
A380,2450,397,31842,87,GE90,100871
B777,1032,276,9831,61,Trent1000,31014
B777,4264,220,32238,93,GE90,101626
A350,8929,229,25045,59,GE90,79144
A350,7993,415,24857,67,GE90,77959
B777,12558,297,35451,66,PW1100,112265
B737,11898,443,72624,56,PW1100,229930
B737,845,458,29885,82,GE90,95058
B777,10493,310,14875,67,PW1100,47839
B787,3622,371,64913,91,CFM56,204478
B777,3930,491,35184,57,GE90,111275
B777,8099,266,72948,54,PW1100,230151
B787,2879,245,35217,92,PW1100,111072
B737,1017,314,42568,50,CFM56,135446
B737,9418,375,6165,64,PW1100,20040
A350,964,450,18847,69,Trent1000,59612
A380,8687,166,60410,94,GE90,190738
A320,3264,71,74506,76,CFM56,235724
B777,10461,460,66507,77,CFM56,210843
B777,10484,155,10723,54,PW1100,35066
B787,903,373,24698,79,CFM56,77047
A320,11904,384,26055,94,CFM56,82607
A320,1705,373,77077,55,Trent1000,243531
A320,1874,350,38814,80,PW1100,122927
B777,10824,234,55097,93,Trent1000,174353
A320,10877,234,59659,67,PW1100,187902
A350,9850,206,58497,54,Trent1000,184660
A350,2070,305,44824,87,CFM56,141985
A380,4236,214,64360,66,CFM56,204030
A380,12216,78,13847,55,GE90,43652
B777,13835,257,69865,97,GE90,220583
B737,4767,446,59554,54,PW1100,187832
A380,1516,320,56860,73,CFM56,179701
B737,1248,446,65743,81,Trent1000,208124
A320,5790,439,46970,92,PW1100,148453
B777,1885,348,58327,96,PW1100,184332
A350,13304,160,13716,69,PW1100,42895
A350,514,441,52251,91,CFM56,165129
A350,4464,320,18156,76,CFM56,58027
A350,4005,318,23901,61,GE90,75796
A320,4715,253,60075,69,Trent1000,190738
A380,7318,179,55348,65,PW1100,175408
A320,3105,189,79756,57,CFM56,252735
A350,10931,313,74152,75,Trent1000,235049
B777,3549,264,18273,84,PW1100,57666
A380,11450,105,49594,54,CFM56,156216
B737,3421,56,6916,51,GE90,22093
B777,9131,114,18435,51,GE90,58147
B777,11498,430,70959,65,CFM56,223583
B737,6509,155,65540,79,GE90,207010
B777,9211,317,63538,85,CFM56,200932
A350,7002,423,51402,99,Trent1000,163262
B737,2772,441,33837,56,PW1100,107482
B787,13998,246,66405,63,GE90,210335
B787,534,293,37302,90,Trent1000,117697
B777,10852,371,24617,83,CFM56,77789
A350,9754,69,68865,77,Trent1000,217740
B777,4124,369,56516,60,CFM56,179035
B787,8920,144,27567,56,PW1100,87357
B787,4439,427,37453,78,Trent1000,118895
A350,5854,313,12418,81,Trent1000,39189
B737,670,54,7360,85,GE90,24356
A320,3345,287,21104,96,GE90,67372
A350,7469,245,69414,75,GE90,219609
B777,10620,93,43689,68,CFM56,137941
B737,2120,404,22440,85,GE90,71595
B777,2107,233,27367,91,CFM56,86521
B787,10723,327,55569,67,CFM56,175480
A380,1616,301,30715,68,CFM56,97664
B777,4707,241,17312,61,PW1100,54688
A380,13815,203,66836,50,PW1100,211534
A380,9600,400,49679,99,Trent1000,156653
B737,12587,303,65993,84,GE90,208917
B787,2231,273,31569,71,Trent1000,100212
A380,1482,315,52345,74,CFM56,164500
A320,902,400,11615,97,PW1100,37667
A380,3313,107,12632,83,CFM56,39490
B737,13233,204,21194,99,GE90,66750
B787,6219,216,46874,63,PW1100,148353
A380,7256,87,17978,97,CFM56,56441
B737,1920,427,59184,71,PW1100,187219
B737,9198,423,6054,85,GE90,18884
A350,10002,154,60912,53,CFM56,192480
B777,927,445,65793,85,CFM56,208299
A380,11269,217,6783,92,GE90,21567
B787,704,333,69891,51,Trent1000,221603
B777,11565,308,76494,61,GE90,241120
B777,9170,298,51887,99,GE90,163276
B787,13883,218,31804,76,CFM56,99989
A350,8646,339,17825,85,GE90,56714
B777,9370,160,63169,90,PW1100,199818
A380,4182,463,43116,64,PW1100,136829
B777,11530,207,64246,86,PW1100,202661
A380,7010,113,68221,95,Trent1000,215186
A380,816,247,59273,82,PW1100,187138
A380,6275,52,39644,84,CFM56,126253
A350,6393,196,65867,59,CFM56,208291
B787,5554,213,48836,68,Trent1000,154211
B777,10861,481,72895,74,CFM56,230808
A320,7085,440,72566,79,CFM56,229001
B787,13826,267,52398,87,Trent1000,165239
B787,12358,114,62576,93,GE90,197939
A320,11269,386,79578,82,CFM56,251448
A320,7895,329,11232,70,PW1100,35698
A380,1931,296,13586,71,CFM56,43313
B737,3117,294,45229,68,PW1100,143667
A380,1756,151,45072,82,Trent1000,142755
A320,11491,468,61921,83,Trent1000,195821
B777,8844,234,51514,63,PW1100,162036
B737,4914,281,49334,84,Trent1000,155892
B787,13230,440,10969,67,CFM56,35254
B787,7098,355,32886,74,CFM56,103167
A380,13180,299,42365,60,CFM56,133304
B737,3564,374,47444,78,PW1100,150797
A350,9499,497,55914,83,GE90,177001
B787,11945,216,32000,95,PW1100,101243
A380,3459,194,7022,67,GE90,21931
A350,9772,194,58645,87,CFM56,184473
A320,5156,239,13695,80,Trent1000,42910
B787,1313,150,58955,87,Trent1000,186329
A380,7098,100,21673,76,PW1100,68987
B737,5625,119,51321,94,Trent1000,161528
A320,13288,392,33317,85,GE90,104669
A350,7602,354,70998,58,PW1100,223637
B777,7573,337,71592,88,CFM56,225888
B737,10120,421,27591,87,GE90,86524
B777,2967,366,14117,97,PW1100,44687
B737,13929,115,33731,97,CFM56,106922
A320,4707,236,62228,85,Trent1000,196656
A320,8684,468,12142,81,GE90,38448
A350,9009,155,66299,52,Trent1000,209363
A320,13159,305,15630,63,PW1100,49389
B787,5073,64,56796,71,GE90,179724
B787,12782,324,41012,92,Trent1000,130075
B777,12452,381,77863,70,GE90,247045
A350,5772,469,20536,58,Trent1000,64727
A320,13461,81,60835,50,CFM56,191976
A380,7963,374,71524,50,GE90,226370
B737,8291,285,61816,73,Trent1000,195601
A350,7987,187,73997,96,GE90,232687
A350,4113,392,49778,91,GE90,156975
B787,2440,397,71996,83,GE90,228024
B787,13915,51,18569,68,GE90,58917
B787,2492,240,35546,68,Trent1000,111614
B787,7024,244,22570,80,Trent1000,71734
B777,2732,167,41158,50,CFM56,129487
A320,4380,438,36721,81,Trent1000,116396
A350,4331,319,24634,66,CFM56,77391
B787,9856,230,24836,57,GE90,77726
A350,6552,416,45608,60,CFM56,143304
A350,3065,301,32720,67,CFM56,102436
B737,8662,445,53193,73,GE90,168375
B787,11247,464,42339,97,CFM56,133585
A320,6196,194,71112,75,CFM56,224487
B787,1038,155,79183,66,Trent1000,249996
A320,671,196,5690,75,Trent1000,17680
A350,11383,412,47510,55,GE90,149855
B777,2862,387,38023,74,CFM56,120303
B777,5451,111,11995,93,CFM56,38557
B787,9753,65,21292,71,Trent1000,67298
B737,12282,300,40204,54,GE90,127822
A350,10327,187,25528,75,GE90,79887
A380,5835,328,60771,88,GE90,192402
A350,5790,86,35404,92,CFM56,110996
A380,1598,477,58885,75,GE90,186365
A350,4781,84,51584,66,Trent1000,162733
A350,1253,162,44079,59,PW1100,139539
A380,2624,480,25321,61,GE90,80671
A350,3610,480,39463,89,PW1100,124920
B737,792,378,18333,63,GE90,58243
A350,8753,158,33809,51,GE90,106811
B777,13531,188,66634,78,GE90,210072
A350,10512,75,5694,73,PW1100,17337
B737,8706,423,47904,52,GE90,151629
A320,13935,70,37748,51,CFM56,118996
B787,7957,263,71287,82,CFM56,224573
B787,3973,172,29628,54,CFM56,94005
B737,1854,158,51773,56,GE90,163502
B777,1342,394,48967,54,PW1100,154494
B787,8033,438,57427,50,CFM56,181726
A350,3187,412,68847,63,CFM56,217536
B737,8951,258,18372,81,GE90,59228
A320,4253,146,63259,97,Trent1000,199973
B777,13194,469,5675,61,PW1100,18588
A350,1065,214,22121,51,CFM56,69187
B787,11796,72,77639,91,GE90,245908
A320,10848,120,77785,59,Trent1000,245253
B777,6834,410,27634,64,CFM56,86164
B787,6380,457,50251,98,CFM56,158512
A350,1565,391,32909,55,PW1100,104788
B787,6852,196,63803,73,Trent1000,201824
B737,7978,228,16785,98,PW1100,53000
B787,5679,342,5941,58,GE90,17884
A320,9851,183,11886,61,GE90,37384
A320,13878,480,9469,88,PW1100,29929
A380,3765,186,10695,74,CFM56,33592
B777,12133,438,51112,66,GE90,160808
A320,10568,56,46853,65,CFM56,148757
A380,5405,145,79228,89,GE90,250871
B737,2503,153,12533,67,CFM56,40146
B787,8428,116,67426,50,Trent1000,212463
A380,7320,215,57380,84,GE90,181266
B787,1692,207,62959,78,CFM56,198448
A350,9999,404,37621,65,GE90,118872
A320,732,99,18454,78,PW1100,57982
A320,8121,475,10010,67,Trent1000,31102
A350,12977,329,38918,74,PW1100,123475
B777,8207,166,46870,73,CFM56,147881
A350,8952,486,33663,50,CFM56,105920
A320,5640,489,26633,87,PW1100,84175
A380,11718,324,69969,91,GE90,221556
A350,10364,196,62618,65,CFM56,198104
A350,9086,186,32057,53,PW1100,101530
B787,10919,316,23848,92,PW1100,75198
A350,5136,446,13820,58,GE90,43404
A320,13238,445,79894,99,CFM56,252176
B737,5427,411,44715,75,CFM56,140913
B787,6779,307,58587,74,Trent1000,184406
A320,13389,323,69885,62,CFM56,220574
B737,11140,298,38450,76,CFM56,121735
B737,5476,422,20268,75,CFM56,64675
A350,3670,177,42473,50,CFM56,134010
B777,6480,499,69960,76,CFM56,221457
A320,10203,475,64173,55,PW1100,202691
A320,8610,192,76896,55,CFM56,242816
A320,12654,134,53172,82,Trent1000,168091
A320,917,204,40130,52,PW1100,126430
A320,13487,233,65434,51,Trent1000,206032
B777,2481,142,10863,56,PW1100,34033
B787,3662,146,64187,84,GE90,203085
B737,5148,394,39209,57,Trent1000,124023
B737,775,128,30170,81,Trent1000,94844
B737,6616,307,47862,63,GE90,151793
A380,10284,113,6986,61,CFM56,22076
B787,1747,382,61065,61,PW1100,193577
A350,13653,388,65485,98,PW1100,207074
B777,3820,74,78235,58,CFM56,247449
B737,3081,220,21864,75,GE90,69135
B777,12637,247,23227,75,Trent1000,73539
B777,1078,212,28711,98,CFM56,90572
B777,1539,319,78217,52,CFM56,246956
A350,6951,371,76232,80,CFM56,241270
B737,1625,320,29983,73,CFM56,94896
A320,12938,115,66641,71,GE90,209816
B787,12003,147,57744,59,CFM56,183039
A320,11523,213,5842,76,PW1100,18919
B737,7473,164,11407,69,Trent1000,36495
B787,4956,74,37087,72,Trent1000,116760
A350,12561,226,37403,91,GE90,117946
A380,12731,112,21531,51,GE90,67710
A320,9532,98,31699,87,GE90,100470
B787,8855,471,30123,98,CFM56,95176
A350,1130,185,24113,55,CFM56,76357
B787,6767,181,62768,85,CFM56,198260
B737,5099,423,26700,99,CFM56,83624
B737,2847,409,72850,95,GE90,230336
B787,3743,190,17761,75,PW1100,56282
B737,5226,90,51433,98,CFM56,162975
A320,6963,53,33617,87,GE90,106995
B737,6396,120,75587,91,Trent1000,238440
A350,12174,473,74171,64,CFM56,234869
A350,13777,165,13886,87,GE90,43016
B777,12506,481,26366,95,GE90,83803
B737,13655,450,32367,75,PW1100,102776
A320,1440,213,69982,65,Trent1000,220860
B777,4786,373,22660,93,Trent1000,71498
B787,1100,250,50904,98,PW1100,161370
B787,10723,222,64127,56,GE90,203217
B737,1220,479,14053,90,Trent1000,44455
A380,3856,416,7848,76,PW1100,25415
B787,8076,257,8306,85,Trent1000,24990
A380,10817,374,26723,65,PW1100,84619
A350,8373,214,17017,69,CFM56,53378
A380,8862,375,27692,92,CFM56,87354
A320,13530,255,48912,56,PW1100,154569
A380,4715,104,29246,86,GE90,92270
A350,1354,191,24153,60,GE90,75643
B737,8508,124,5792,86,GE90,17903
B777,4269,314,65492,61,Trent1000,206778
A320,13256,355,15587,92,PW1100,50447
B777,10124,439,25214,94,Trent1000,80426
A320,11025,402,41420,90,PW1100,131379
B777,4460,229,43664,92,PW1100,138362
B787,9526,488,77187,64,CFM56,243400
B737,11466,484,75083,90,PW1100,236747
A380,1610,304,64768,52,Trent1000,204966
A380,10508,328,36581,68,CFM56,114756
A350,11076,389,16480,81,GE90,51927
A350,8276,287,15972,87,Trent1000,50168
A380,2058,482,11744,93,PW1100,37437
A320,12227,328,45832,99,GE90,144235
B737,13432,412,65383,67,GE90,206683
A380,4774,171,66574,59,GE90,210163
B777,1661,237,49984,51,GE90,157685
B737,5391,67,13694,89,PW1100,43452
B737,3848,308,73861,94,PW1100,234541
A320,6879,435,32758,84,CFM56,103300
B737,5985,235,73307,97,PW1100,231012
A320,3763,234,73053,77,CFM56,230432
B737,6539,155,70076,88,CFM56,220492
B787,13662,322,34026,89,CFM56,107641
A320,8789,183,79761,64,CFM56,251385
A380,12952,407,77330,58,Trent1000,244380
A380,2945,406,33346,86,Trent1000,105159
B737,8583,333,48443,83,PW1100,152920
B737,10473,110,74094,89,Trent1000,233421
A380,4344,293,44761,97,Trent1000,141556
B737,9400,458,19664,87,GE90,61595
A380,12848,189,33748,75,Trent1000,106651
A380,11098,358,17102,56,GE90,54351
B787,10321,374,14419,60,GE90,45909
B777,1275,224,75057,85,GE90,237786
A320,9292,309,9230,74,GE90,28472
A350,2557,497,65536,75,CFM56,206534
B787,5516,474,42153,64,CFM56,132449
A380,10068,278,69531,81,Trent1000,220208
B787,9082,383,69817,59,GE90,219596
B737,9718,346,21765,85,GE90,69535
A320,7765,211,40004,65,GE90,125673
B787,12689,384,54810,60,Trent1000,173744
B737,4317,256,8748,96,Trent1000,27657
A320,4499,244,15051,60,GE90,48129
A320,13410,191,40829,95,CFM56,128963
A350,5983,386,48838,95,Trent1000,154285
B787,13418,400,7686,65,PW1100,24021
B737,4839,112,75341,65,PW1100,237628
B787,10872,88,46884,99,PW1100,148257
B787,912,181,59918,91,Trent1000,188759
A350,530,484,72514,88,GE90,228755
B787,5350,102,71763,71,PW1100,226521
A320,5209,424,40223,98,CFM56,127055
B737,11667,416,71186,62,CFM56,224965
B737,3640,325,32225,59,CFM56,101110
A320,12523,245,38461,61,PW1100,121609
B787,3396,283,63194,51,CFM56,200147
A380,1183,314,26292,70,Trent1000,83371
A320,8873,121,25779,98,Trent1000,82221
B737,5969,380,48532,72,CFM56,153010
A380,8658,211,54758,52,CFM56,172815
B777,7637,470,29207,59,Trent1000,92500
A380,9247,374,57492,94,Trent1000,182069
A320,7843,276,71452,84,Trent1000,225435
B787,13451,149,10952,50,CFM56,35303
B737,10087,201,62749,82,Trent1000,197257
A380,12547,441,65036,90,GE90,205022
B787,7535,245,57614,73,GE90,183260
A320,13024,203,5365,82,Trent1000,17395
A350,1384,396,64808,50,CFM56,203587
A350,11479,94,5430,53,GE90,17444
A320,2139,396,45921,50,GE90,145280
B787,9466,60,17289,89,GE90,54301
B777,7617,301,79355,73,PW1100,250549
B787,8118,472,49809,61,PW1100,157650
A380,11215,176,21904,79,PW1100,69440
A320,6070,365,46610,78,Trent1000,146820
A350,13579,280,31664,71,GE90,99745
A320,9969,54,21528,64,PW1100,68222
B737,4991,58,30538,70,Trent1000,96107
B777,1645,297,31404,98,PW1100,98483
B737,13903,220,59713,65,Trent1000,188476
B787,7764,74,24549,88,GE90,77428
B777,2149,132,15818,93,Trent1000,50496
A380,11719,308,55585,97,PW1100,175400
A350,13637,64,24378,80,CFM56,76219
B737,3657,135,5643,73,Trent1000,17043
A380,2650,295,28247,71,CFM56,88723
A320,8157,469,73539,54,Trent1000,232969
B777,1418,76,26087,90,CFM56,82351
A380,1128,364,24790,70,Trent1000,78470
A350,12544,382,5900,63,CFM56,18977
B737,12597,177,43169,87,Trent1000,136714
A380,10131,254,60364,51,GE90,191173
B737,7885,441,54915,86,CFM56,173454
B737,10208,58,49210,87,Trent1000,156151
A350,9482,155,18994,93,PW1100,60221
A320,2062,464,7328,97,Trent1000,22395
B787,12420,487,51619,64,CFM56,163174
A380,9348,186,67414,88,Trent1000,212763
B777,4138,363,74958,66,Trent1000,237585
A350,9947,449,51023,50,CFM56,160763
A320,3353,322,21153,95,CFM56,66781
B737,9295,314,50836,78,Trent1000,160761
B777,2216,338,37997,67,PW1100,121106
A320,10872,388,61526,77,Trent1000,194085
A380,8549,276,74190,75,GE90,234139
B787,13069,308,79747,85,Trent1000,252111
B787,7305,467,44433,92,CFM56,139813
B777,9860,498,66217,68,GE90,209129
A320,10504,391,47708,77,CFM56,151109
A320,3210,174,55232,94,GE90,174768
B737,3916,480,38975,97,GE90,123067
A350,3226,323,49829,94,GE90,157995
B737,8729,60,38856,63,PW1100,122455
B787,4667,358,22062,57,CFM56,69831
B777,5979,363,62559,87,CFM56,196734
B777,3957,373,43330,90,GE90,136877
A320,8316,474,36025,98,GE90,113861
B737,7114,76,61697,59,CFM56,195332
B787,13096,261,56406,98,Trent1000,178170
B737,10189,248,33349,75,CFM56,105246
B737,2494,96,46765,56,CFM56,148431
B777,3429,197,56814,59,GE90,180109
A320,12631,318,79533,88,GE90,251297
A350,12535,121,8769,63,PW1100,27299
B787,9720,210,44651,55,GE90,141235
A380,12696,167,22228,70,PW1100,70378
B737,11454,420,79863,58,PW1100,252545
B737,6689,297,25556,74,CFM56,80443
B737,7029,212,26096,54,GE90,82689
B777,11625,92,54205,73,Trent1000,171525
B777,9074,326,22464,68,GE90,71466
A350,13581,425,59050,76,PW1100,186823
B787,5355,222,56404,78,GE90,178350
B777,971,188,68467,69,Trent1000,216592
A350,7974,438,20924,51,GE90,66694
A320,1666,360,69376,89,GE90,218394
B737,4690,372,8677,53,Trent1000,26383
B777,4320,399,32179,60,PW1100,102037
B787,5784,131,55773,88,GE90,176246
B787,2783,110,35628,85,PW1100,113172
A320,1314,182,36988,66,PW1100,116815
A380,5854,252,77251,94,Trent1000,243749
B777,12350,177,61550,87,PW1100,194743
A380,6800,475,7338,51,GE90,23901
A320,13009,145,56987,64,Trent1000,180417
A320,11776,342,30720,71,Trent1000,96717
B787,4429,325,70614,98,GE90,223300
A320,13983,257,75162,88,PW1100,237898
B787,13251,183,55791,79,CFM56,176390
A320,6274,148,42838,50,GE90,136012
A350,3359,444,12707,60,CFM56,39893
B737,721,177,15272,86,Trent1000,48538
A320,3378,137,20488,59,GE90,65125
B787,4922,139,71303,89,GE90,224837
B737,4085,344,71389,52,CFM56,225205
A350,9860,153,52071,55,CFM56,164576
B737,10440,422,22714,54,PW1100,71350
B777,2116,357,42809,50,GE90,135251
B787,9277,162,74818,66,Trent1000,234839
B737,10074,119,24957,86,PW1100,78618
B777,13934,341,48735,55,CFM56,154366
A320,9628,234,38336,65,CFM56,120837
A320,5799,488,71745,54,Trent1000,227234
B737,775,155,69087,83,Trent1000,218063
B777,8673,397,68936,65,GE90,217708
B737,8799,431,78176,68,PW1100,247359
B737,9662,109,12004,94,GE90,38483
A350,9211,497,11138,89,CFM56,35178
B787,4241,248,69710,64,CFM56,220848
A320,4145,156,38741,88,GE90,122224
B737,9143,149,13636,58,GE90,43091
A320,5637,166,77983,60,CFM56,245722
A320,7213,180,42380,91,CFM56,133208
A320,8369,289,79008,96,PW1100,250044
B737,1815,255,8140,89,CFM56,26347
B737,11827,225,73266,52,Trent1000,231322
A350,2077,122,43161,77,CFM56,136489
A320,13341,144,59596,84,CFM56,188702
B737,3807,416,42488,64,GE90,133060
A320,3759,429,56070,67,PW1100,177035
B777,1503,251,45183,76,Trent1000,143636
B737,10930,468,70477,74,GE90,222272
A350,5384,132,65170,77,Trent1000,206449
A380,3720,180,22652,95,CFM56,71759
A350,10758,283,7332,88,GE90,23418
B777,1377,168,50376,56,GE90,158328
B777,7090,482,8689,85,Trent1000,27403
A350,3009,482,76008,54,PW1100,241042
B777,5262,276,75621,64,PW1100,238945
A320,10826,382,17349,98,CFM56,55572
B787,10742,160,39744,98,GE90,126356
A350,13665,124,59867,62,Trent1000,189058
B787,9445,170,60081,76,CFM56,189720
B787,7999,410,60803,73,GE90,192751
B777,7662,132,31689,86,Trent1000,100283
B787,10292,152,16238,79,Trent1000,52012
A380,669,293,22523,56,CFM56,71563
A320,13013,164,30492,81,GE90,96780
B777,5482,174,39698,50,Trent1000,125495
A350,6599,354,12822,82,Trent1000,40588
A380,3753,367,55579,91,Trent1000,175348
B777,3371,169,60955,65,GE90,192801
B737,3298,210,50749,76,GE90,160254
A320,10285,223,30782,98,CFM56,96640
A380,3403,477,61392,85,GE90,193602
A350,13160,373,37727,63,CFM56,119755
A320,1801,174,37411,81,CFM56,118390
A320,8333,252,17260,70,GE90,54283
A320,6308,122,29318,93,CFM56,92807
B737,9627,453,71609,74,CFM56,227048
A380,1779,491,25287,52,PW1100,80322
B777,3328,274,11630,92,Trent1000,36303
B737,6266,431,74521,50,CFM56,235742
B787,3453,491,25002,61,Trent1000,78994
B787,8031,141,45563,62,CFM56,143752
A320,10089,374,55508,64,PW1100,174669
B737,659,92,30113,52,CFM56,95434
A320,13792,215,66532,79,PW1100,210584
A380,12522,171,57492,56,Trent1000,181723
B777,7328,357,74017,82,CFM56,234035
A350,544,475,24327,58,Trent1000,77359
B787,1157,305,12875,56,CFM56,40968
B737,3801,126,50464,78,PW1100,158261
B737,3471,156,30269,91,CFM56,96523
B737,11940,217,47245,56,PW1100,149341
B787,10242,369,33075,51,PW1100,104549
B777,4312,262,20861,75,Trent1000,66158
B787,2355,303,69782,60,Trent1000,220321
B787,12948,126,78906,58,CFM56,249408
A350,4725,78,29376,94,Trent1000,93452
A350,4230,450,41082,88,GE90,129887
A320,608,94,57446,75,CFM56,180852
A350,9466,259,52327,72,Trent1000,165091
B777,11089,473,60324,76,PW1100,190295
B787,8561,225,71378,52,Trent1000,225471
B787,6054,448,5065,76,Trent1000,16762
B777,1095,155,25948,62,GE90,82333
A350,3179,486,16198,66,CFM56,50982
A350,6678,95,17497,72,PW1100,54998
B787,3113,443,29225,91,Trent1000,91557
A320,1693,66,7721,55,Trent1000,24079
B787,6505,279,7624,71,CFM56,23987
A320,9875,219,30352,75,CFM56,96760
A320,4296,314,65650,76,PW1100,207292
A380,12530,473,55092,54,Trent1000,173702
B787,11438,499,63241,80,Trent1000,199048
A380,1602,250,19239,87,CFM56,60578
B737,13950,324,42513,99,PW1100,133912
B737,3306,156,54841,85,GE90,173168
A320,7833,431,20249,71,CFM56,63796
A320,10952,435,75476,90,Trent1000,238231
A320,12094,68,44074,60,Trent1000,139690
A380,4965,457,76667,81,CFM56,242657
B787,8111,424,39877,80,Trent1000,126878
A320,4521,427,5114,52,CFM56,16470
A320,10138,85,64557,53,Trent1000,203805
B787,6694,50,52579,74,Trent1000,166713
B787,7318,472,27103,73,CFM56,84882
A350,6739,268,29800,69,CFM56,95338
B777,4746,96,18068,84,GE90,56135
A350,6933,115,6690,67,PW1100,20521
B737,8849,168,36336,60,Trent1000,114119
A350,5571,424,73227,83,Trent1000,231668
A380,11592,237,68299,68,GE90,216686
B777,13054,98,19601,71,Trent1000,62895
B737,6748,438,34935,98,Trent1000,110483
B777,6949,431,22473,94,CFM56,71378
B737,12651,136,28666,80,PW1100,90911
A350,2077,368,47911,52,Trent1000,151036
A350,5901,378,74702,83,CFM56,236714
A380,8079,425,45545,97,Trent1000,143980
B787,12673,198,8518,81,GE90,26240
A380,11771,291,13242,57,CFM56,41478
A320,10734,398,22139,78,Trent1000,70385
B777,13273,456,29886,80,Trent1000,94768
A320,4617,335,38310,73,Trent1000,121101
A380,603,342,57498,82,Trent1000,181257
A380,11890,101,58255,58,GE90,183989
A320,9486,78,48957,94,Trent1000,154296
B737,10590,181,15141,57,PW1100,48031
A350,6883,80,13276,59,CFM56,42332
A320,10071,282,8872,64,GE90,27797
B787,8502,464,75158,92,PW1100,236774
B777,10902,222,43831,71,PW1100,137862
A380,1034,187,77681,82,PW1100,245837
B737,12665,102,64911,54,Trent1000,204684
B777,1784,197,19343,68,PW1100,61700
A350,5517,160,50767,74,GE90,160031
A380,3574,497,61124,72,Trent1000,192335
A320,8554,322,17320,99,GE90,55027
B777,8226,149,40928,88,GE90,130090
B777,4502,404,66648,94,Trent1000,210241
A380,820,220,34965,65,PW1100,109969
B777,2098,206,33597,87,PW1100,106640
A320,528,181,13586,88,CFM56,42399
A350,4947,390,75887,75,Trent1000,240430
A320,8909,291,7079,61,GE90,22688
A320,2785,68,5137,72,PW1100,15925
A350,4087,204,14297,52,Trent1000,44909
A380,3281,485,78422,81,PW1100,247168
A380,10500,198,44906,77,Trent1000,142581
A380,10558,212,60340,74,CFM56,191293
B777,8753,206,70290,52,PW1100,221793
B737,11231,146,12123,80,Trent1000,38808
A350,5253,334,54176,90,CFM56,171073
B737,11600,137,10729,94,CFM56,33340
A320,6070,305,45210,66,PW1100,142865
A320,2384,428,46743,95,Trent1000,148003
A380,8470,346,62744,54,CFM56,198303
A320,9251,131,28536,62,GE90,90190
A320,6314,385,23331,63,GE90,72753
B787,3303,386,51117,73,PW1100,161868
B787,12675,390,58396,55,Trent1000,184183
A320,12157,79,34590,68,GE90,108541
A320,2207,61,27673,65,PW1100,87670
B737,11438,146,20417,53,CFM56,64562
B787,8993,302,15841,87,CFM56,49671
A350,10602,463,34859,73,GE90,110043
A320,5108,138,58921,57,PW1100,186305
B777,3586,168,50796,77,Trent1000,160300
A380,6128,235,75188,60,PW1100,236925
B777,10557,216,18030,56,GE90,57553
B787,13263,79,31048,81,GE90,97788
A320,13150,479,6523,51,Trent1000,20646
B737,13104,494,54665,76,GE90,173250
B787,3633,485,74600,94,GE90,235842
A320,12612,405,30263,81,PW1100,95004
A320,9931,106,76104,82,GE90,240666
A320,11055,159,20384,91,Trent1000,63665
A380,4765,384,41258,81,PW1100,130930
A350,12008,164,54063,99,CFM56,170752
A320,3928,161,21411,55,PW1100,68333
B777,12126,419,30435,88,CFM56,96796
B787,12820,474,70062,70,CFM56,221812
A320,8866,70,14714,58,CFM56,46798
A350,2767,158,60191,83,CFM56,190348
A320,9509,366,61304,88,Trent1000,194137
B777,1937,137,68708,94,Trent1000,217167
B787,4071,141,35377,99,CFM56,112112
B787,11106,131,61275,66,PW1100,194697
B737,1529,145,73948,90,GE90,233420
B787,8710,382,20146,55,GE90,63194
B737,10451,301,50474,55,PW1100,160453
A350,1197,496,32427,58,Trent1000,103119
A350,9508,346,43881,62,CFM56,138569
A320,10888,435,17197,68,GE90,54920
A380,1465,105,19431,94,PW1100,61445
A380,13465,499,52743,89,CFM56,166065
A380,8947,318,21415,89,GE90,67591
B737,3750,307,76505,74,CFM56,241275
B737,10719,362,24527,72,CFM56,76671
A320,11637,96,19756,88,Trent1000,62377
B787,503,96,71415,85,CFM56,225685
A320,11377,105,62236,58,CFM56,196544
B737,5668,187,50844,91,PW1100,160903
B777,608,456,64616,66,GE90,204211
A320,5281,370,26680,74,Trent1000,83973
A350,2982,283,9214,61,CFM56,28754
A350,7238,383,63133,69,CFM56,199019
B777,4658,376,15022,53,PW1100,47358
B777,9565,382,37779,74,GE90,119081
B737,11505,256,60836,76,GE90,192347
B737,11617,441,28964,57,Trent1000,91295
B787,12096,450,69944,61,Trent1000,221544
B787,11848,90,73886,92,PW1100,233619
B777,3291,470,14398,67,CFM56,45585
A380,12561,174,34224,78,Trent1000,107895
A350,4985,291,52762,97,PW1100,167100
A380,7791,225,45833,86,Trent1000,144532
B737,8815,226,54375,87,GE90,170922
A350,11846,455,63727,96,Trent1000,201865
A350,12413,274,73512,61,CFM56,231368
B777,4112,373,73820,76,PW1100,233311
B777,1945,470,79102,58,PW1100,250197
A320,8605,463,64470,64,PW1100,203736
B777,8153,257,7445,84,PW1100,23631
A320,10543,491,34604,67,Trent1000,109297
A350,13190,324,14716,59,PW1100,46519
A380,13286,190,78895,57,CFM56,249729
A320,11280,223,59137,60,PW1100,185815
A380,10632,268,74615,77,CFM56,235447
B787,8423,98,69486,78,GE90,219423
A380,2899,387,22831,68,GE90,72254
A320,10943,351,17043,65,GE90,55583
A350,4244,395,79183,51,PW1100,251226
A380,9008,495,16268,61,CFM56,52803
B737,13856,213,30756,85,PW1100,97794
B737,11431,286,23962,58,PW1100,75958
B787,12017,243,42514,58,GE90,134790
A350,12177,408,5201,62,PW1100,16967
A320,11621,338,64215,92,PW1100,203231
A380,11250,51,58957,65,PW1100,186794
B787,941,159,47927,98,CFM56,151661
A350,8013,96,51297,74,GE90,162220
A350,13443,72,61113,80,GE90,192421
A380,11825,393,54259,63,GE90,171283
A350,11945,244,13429,62,GE90,41857
A320,5865,183,12364,96,Trent1000,38746
B777,11490,112,58929,74,GE90,185261
A380,2337,194,77003,69,Trent1000,243170
A380,10601,475,68193,70,Trent1000,215645
B787,11783,73,7468,59,Trent1000,22732
B787,2635,99,69867,67,Trent1000,220608
B777,5860,269,69158,61,GE90,218554
B737,4722,321,7242,97,GE90,23128
B787,8150,384,40058,83,GE90,126511
B777,6611,421,68540,55,Trent1000,216155
B737,6867,124,24853,90,Trent1000,78569
B787,12192,454,74426,76,CFM56,236563
A350,11791,135,78477,94,Trent1000,248701
B737,5123,357,77900,71,CFM56,246274
A350,3976,93,50062,51,Trent1000,157661
B777,759,132,24926,95,PW1100,79601
A320,8937,133,41205,62,Trent1000,129566
B787,2693,499,21500,85,Trent1000,68321
B777,8758,91,47638,65,CFM56,150999
A380,2531,483,36264,91,PW1100,114590
A380,11983,273,56026,55,CFM56,177217
B787,9178,423,13373,83,Trent1000,42127
A380,6352,334,20374,54,PW1100,64478
A380,9957,70,65700,58,PW1100,207129
B787,584,442,71335,94,GE90,226280
A350,4238,65,58884,68,Trent1000,185529
A380,4701,352,24625,54,GE90,77588
B787,12878,372,51860,90,PW1100,164472
B787,9738,110,23213,71,PW1100,73651
A320,7967,252,73842,91,GE90,234138
B777,11344,193,78812,58,GE90,249443
B737,994,445,20083,81,PW1100,63124
A320,5798,182,28212,71,Trent1000,88666
A320,10419,276,52202,76,Trent1000,165115
B787,1854,225,51316,73,CFM56,162169
A320,1911,382,61486,62,PW1100,194444
B777,2210,167,59720,52,GE90,189134
B777,11695,277,69657,99,Trent1000,219868
A380,13969,64,28205,91,GE90,89764
B737,10508,431,46658,68,Trent1000,147896
A380,9807,94,12698,95,Trent1000,39759
A350,13434,196,21361,79,CFM56,68403
B737,6832,250,73748,82,CFM56,232380
A320,8294,437,16210,90,PW1100,50744
B737,4854,450,51050,97,Trent1000,161595
A320,9122,221,37593,57,CFM56,119412
A350,655,255,63798,89,CFM56,200542
B777,8570,103,9726,81,PW1100,30664
B777,8317,68,61420,57,CFM56,194571
A350,11932,303,71872,93,CFM56,227655
A380,3960,259,32919,87,Trent1000,104406
A380,5252,452,34763,96,GE90,109636
A380,1641,303,57043,63,PW1100,180489
B737,1141,150,8646,84,GE90,26884
B787,3265,214,6778,70,Trent1000,21415
B777,1768,323,63138,85,CFM56,199125
A380,8114,451,26402,78,Trent1000,82859
A320,2065,230,41503,75,CFM56,130713
B777,11413,110,55464,84,GE90,175871
A380,5016,245,77592,74,Trent1000,245497
A320,9086,325,69256,92,Trent1000,219091
B787,8899,456,24219,89,CFM56,76573
A380,8654,447,61846,84,CFM56,195500
B737,2161,452,17213,62,PW1100,55043
B737,10794,131,17274,63,CFM56,55292
B777,12191,405,48430,77,Trent1000,153627
B787,10747,184,11370,88,Trent1000,35635
A320,4060,383,19249,83,CFM56,60137
A380,4660,68,62427,52,Trent1000,197501
B737,791,82,68247,70,CFM56,215714
B737,9944,131,39468,96,GE90,124734
A320,9167,218,51405,92,CFM56,162373
A320,1337,296,46512,51,PW1100,146929
B777,5499,460,28001,80,GE90,87804
A380,6320,60,9374,57,CFM56,29941
B737,9141,401,25622,69,GE90,80620
A320,5745,248,50904,84,CFM56,160975
A320,3917,205,34539,85,GE90,109520
A380,5536,154,78694,81,CFM56,248505
B737,804,186,10505,83,Trent1000,32882
A380,1829,357,71767,94,PW1100,226510
B737,12640,346,43147,56,PW1100,136910
A320,9667,93,68204,84,Trent1000,215212
B737,3030,153,50369,88,PW1100,158878
B777,10725,300,79851,82,GE90,252880
B787,7032,436,19319,57,PW1100,60410
A320,8396,462,51230,77,CFM56,161576
B777,8529,486,38016,60,PW1100,120564
A380,5087,215,47920,55,PW1100,151266
B737,4431,123,67062,93,GE90,212305
A380,3497,398,68965,51,CFM56,217949
B737,11218,228,66164,92,CFM56,209554
A380,13536,385,11386,80,CFM56,36548
B777,11356,411,16126,97,CFM56,50813
B787,1239,273,76900,87,CFM56,242832
B787,6152,481,39874,54,Trent1000,125478
B777,5037,266,65529,65,Trent1000,208041
B777,10107,214,20011,87,PW1100,63755
A380,12713,498,42875,74,Trent1000,135658
A320,8344,417,60777,79,Trent1000,192014
B787,3476,200,49216,72,CFM56,155861
B787,7707,280,76259,94,CFM56,241239
B737,7173,422,50735,71,Trent1000,160213
A380,12313,102,33418,84,CFM56,105561
B787,3165,350,29707,75,CFM56,94759
A320,9932,283,74130,90,Trent1000,234700
B737,4217,284,42069,77,PW1100,133029
A350,4562,76,54879,87,CFM56,173574
B787,8861,432,23055,94,CFM56,72464
B787,4104,121,11147,84,CFM56,35166
B777,3133,208,45443,64,Trent1000,144227
A380,9418,362,71932,95,PW1100,227365
A350,12888,95,59252,98,Trent1000,187921
B787,6650,205,42798,58,GE90,134470
B787,10612,126,38194,52,Trent1000,120601
A380,5884,52,58679,85,GE90,185389
A380,4172,472,19068,87,Trent1000,59841
A380,4633,303,6585,70,Trent1000,19856
A350,8697,179,50321,53,PW1100,158757
B787,6723,141,38692,98,CFM56,123597
B787,11942,232,36901,99,Trent1000,117303
B777,13471,380,51998,68,PW1100,165084
A320,4803,124,66799,92,CFM56,210380
A380,3260,403,69082,76,PW1100,217611
B787,7994,254,47815,99,PW1100,151414
A320,4643,411,20073,55,PW1100,62765
A320,8019,77,40020,82,PW1100,126445
A350,6559,427,53066,89,CFM56,167269
A320,8632,329,21816,88,CFM56,68823
B787,4286,280,44867,93,GE90,141609
A320,3896,422,17824,84,Trent1000,56677
A380,9681,153,53484,90,Trent1000,169633
B787,2977,335,9875,93,CFM56,31251
B737,2764,217,46049,67,PW1100,145764
A380,6599,263,21151,98,CFM56,66577
B737,12735,271,66813,67,GE90,211419
B737,5014,56,22796,66,GE90,72316
B777,2361,423,40273,59,GE90,127107
A320,7418,285,11538,72,GE90,36412
B787,10957,446,68727,95,Trent1000,216938
B787,11866,263,34675,95,PW1100,110438
A320,3594,222,35818,58,CFM56,112610
B777,5458,350,38654,63,CFM56,121852
B777,5759,494,41955,69,GE90,133279
A350,8127,451,23062,86,GE90,73343
B777,6074,443,79602,99,CFM56,252552
A350,13896,128,29405,52,GE90,93155
B737,2416,410,25598,71,Trent1000,80111
A320,6938,239,38108,93,GE90,119962
A380,6529,304,25520,73,Trent1000,80884
A320,8524,143,63248,94,CFM56,200182
A380,681,92,72499,80,CFM56,229077
B777,11811,422,13377,89,Trent1000,41749
B737,13738,476,35321,52,PW1100,111889
B787,1226,68,22526,98,CFM56,71694
A350,10100,442,18828,87,Trent1000,57898
A350,6859,477,23057,50,Trent1000,72259
A350,4173,291,54204,83,CFM56,171476
B787,1073,137,8452,53,CFM56,25975
A380,1451,119,19313,65,Trent1000,61292
A380,2410,362,12838,98,Trent1000,40237
B787,9112,401,19257,56,PW1100,60349
A320,5942,110,14504,91,PW1100,44951
A320,9590,358,69036,78,GE90,217452
A350,3715,243,56853,98,Trent1000,179975
B777,11735,215,65048,76,PW1100,205497
B777,9251,261,51115,89,CFM56,160990
B737,11974,238,18604,60,GE90,59173
A320,10069,220,59589,68,CFM56,188394
B787,3621,403,12229,87,CFM56,38865
A380,6222,108,40284,79,PW1100,127812
A350,6236,188,28407,60,Trent1000,89954
A350,12551,386,14521,57,Trent1000,45394
A380,13053,75,18727,98,CFM56,58597
A380,2991,314,71516,56,PW1100,225263
A380,12218,474,15426,56,CFM56,49748
A350,10971,390,65180,62,Trent1000,205808
B777,13462,135,43048,51,GE90,136508
A380,10356,471,76219,59,PW1100,240779
B737,11246,380,13841,69,CFM56,43690
A320,7919,251,5459,82,CFM56,16778
B737,13378,180,56237,85,GE90,177705
A380,12382,348,67146,79,CFM56,213189
B777,12345,367,13151,50,Trent1000,42385
A350,2295,400,23836,83,PW1100,74914
B787,2094,238,73681,52,GE90,232019
A320,2359,436,33330,54,PW1100,105242
B777,4553,426,28479,98,Trent1000,89198
A350,11071,382,48532,98,PW1100,153866
B777,6437,473,51608,51,Trent1000,162597
B777,6983,419,15660,53,Trent1000,49485
B787,2948,348,17572,83,CFM56,55622
A380,1975,463,7241,80,GE90,22262
B737,8153,489,34194,51,PW1100,108191
B777,2507,98,77939,58,CFM56,246077
A350,7849,113,47584,83,Trent1000,150671
A380,11894,426,63421,91,PW1100,200449
A380,1665,474,54018,72,Trent1000,171088
A380,10689,217,41181,65,CFM56,130113
A350,10875,289,76604,90,PW1100,241851
A380,3304,318,60443,51,GE90,191079
A350,11195,115,36039,64,PW1100,113908
A320,13411,469,74167,81,Trent1000,234344
B777,3947,389,72925,90,GE90,230396
B737,3789,230,24278,59,CFM56,76776
B737,11107,335,74681,95,CFM56,235225
A380,6558,293,43867,98,Trent1000,138656
A380,6192,420,57900,93,Trent1000,183853
A350,8797,397,37517,91,PW1100,118814
B777,10526,88,61418,79,Trent1000,193608
B787,10937,343,74995,56,PW1100,236459
B787,4815,79,10318,55,CFM56,33719
B787,12503,143,64759,65,GE90,205269
A320,4305,73,52242,64,PW1100,165560
B777,3029,459,28188,77,GE90,88630
B777,2092,357,14545,55,GE90,45584
B787,1548,239,71164,98,Trent1000,224651
A320,4906,267,10477,85,CFM56,34001
B787,2005,352,16527,75,GE90,51618
B737,4587,490,13312,95,Trent1000,43123
B787,7457,274,23048,96,Trent1000,72264
B737,1838,485,31478,81,PW1100,99263
B777,13037,248,15122,98,PW1100,48064
B787,13905,192,34751,99,PW1100,110340
B737,12328,151,7664,99,GE90,23758
A350,1923,136,11523,66,GE90,35891
B737,4466,485,55542,74,CFM56,174958
A380,8191,491,79795,78,GE90,251144
B787,1296,438,45773,54,GE90,145019
A380,3005,163,34696,50,GE90,109573
B787,11260,414,34735,84,CFM56,109246
B777,13826,486,54561,97,CFM56,171681
B737,4478,105,70761,87,Trent1000,223761
B737,9172,239,57245,87,CFM56,180661
A320,7916,209,50050,73,GE90,159326
B777,5398,124,36132,68,PW1100,115218
A320,6748,293,25251,71,GE90,79587
A320,8265,492,69149,82,CFM56,218431
A380,1129,257,7396,56,CFM56,23339
B787,6318,460,56549,88,GE90,178405
A380,9312,342,68906,96,CFM56,217439
A350,9776,159,61741,69,Trent1000,195017
B787,4854,226,18177,74,GE90,57486
A320,10114,171,62154,59,CFM56,196950
B787,5460,371,7209,87,PW1100,23013
A350,12707,467,26334,54,CFM56,82972
A380,9369,133,58238,70,Trent1000,184275
A350,4909,360,59254,76,Trent1000,187707
A320,1039,225,54374,88,GE90,171467
A320,2423,85,16262,51,PW1100,51512
A320,3793,351,24327,58,PW1100,76999
A320,12649,341,6936,77,CFM56,23500
B777,11466,315,39370,52,GE90,123857
A350,2836,123,66973,52,Trent1000,211610
B787,8768,398,43189,69,CFM56,136596
A380,13430,295,73367,66,CFM56,231210
A320,4929,490,15344,82,PW1100,49080
A380,7316,458,51598,65,CFM56,163350
A320,2430,369,69701,97,GE90,220143
A350,2025,381,41683,68,PW1100,131071
A320,12120,488,70493,83,GE90,223079
A380,3687,248,76166,72,PW1100,241545
B737,4616,188,19724,78,GE90,61948
B777,11775,426,25147,74,PW1100,79757
A350,6471,361,38918,79,GE90,123392
A380,5412,236,12826,79,Trent1000,40668
A350,12410,353,50764,67,GE90,159625
B777,12518,196,56012,61,CFM56,176345
B787,1619,376,69175,79,GE90,218025
A320,815,401,55951,69,CFM56,177386
A350,7558,416,38077,80,CFM56,120362
A380,983,144,36426,98,Trent1000,115906
B777,10903,457,67082,64,CFM56,211508
A380,13171,453,9149,85,GE90,28656
B777,12756,186,60108,97,PW1100,189980
B787,11380,431,77137,60,CFM56,243434
A380,4723,256,20184,62,Trent1000,63297
A320,3481,493,42324,90,CFM56,133764
B777,2483,89,22821,69,CFM56,72402
B787,7987,368,70899,69,PW1100,223807
A350,3742,50,15939,71,GE90,51236
A380,10710,181,77367,81,Trent1000,244486
A350,8401,335,74258,97,Trent1000,234682
B787,6513,173,40835,53,CFM56,129382
B787,2383,437,37369,83,CFM56,117671
B777,7578,445,33441,59,GE90,106110
B737,9349,443,22461,67,GE90,70420
B777,2701,136,64393,56,Trent1000,204469
B777,3585,394,18202,80,GE90,57935
A320,5226,330,73150,94,CFM56,230535
B737,11993,478,45349,98,CFM56,142232
B787,3798,186,5269,88,Trent1000,16574
B737,10432,168,39224,97,CFM56,123327
B737,9115,454,11827,50,PW1100,37418
B737,5335,232,64598,62,CFM56,204544
B777,6949,435,10146,98,PW1100,32079
B777,6066,324,13582,76,PW1100,42549
A320,12674,109,7256,65,PW1100,22780
B777,13724,445,21016,64,GE90,66107
A350,2756,443,55147,81,Trent1000,173717
A320,10551,339,11966,67,PW1100,37751
A320,9554,109,68336,73,PW1100,216610
A350,2768,271,23584,75,GE90,74699
A350,9461,410,22060,85,PW1100,70585
B737,11587,345,76851,73,PW1100,242290
A380,3761,239,18695,53,Trent1000,58366
A350,4129,242,72889,95,PW1100,231387
A380,7255,485,5864,80,Trent1000,18396
A350,12335,382,62387,61,GE90,196585
A350,9732,250,19948,55,Trent1000,63023
A350,1878,86,74954,80,CFM56,236571
A380,12857,397,49535,51,CFM56,155595
A380,7682,384,57691,66,GE90,182592
B787,1947,63,45711,64,CFM56,143455
A380,13349,145,65873,73,PW1100,207687
A350,13750,120,50885,86,Trent1000,160657
B737,1868,53,77163,70,Trent1000,244557
A380,9391,335,17644,75,PW1100,55933
B777,2925,236,34733,98,CFM56,110045
A380,641,88,73264,83,CFM56,231468
B737,1710,406,67636,53,Trent1000,213975
A320,2963,385,13920,60,Trent1000,44405
A320,13361,456,68412,98,Trent1000,215216
B787,3872,314,40383,71,GE90,126881
A350,13091,450,68711,79,Trent1000,217369
B737,3211,86,60354,74,CFM56,191086
A320,8108,169,11181,50,Trent1000,35121
B787,2022,117,11904,94,PW1100,37730
B777,7283,370,67343,85,GE90,212729
B777,8998,277,17237,84,CFM56,54482
A350,5247,348,68545,59,GE90,216635
A320,6529,125,72684,78,Trent1000,230019
B787,10756,286,33397,68,Trent1000,105877
A350,5296,458,23157,78,PW1100,73350
A350,11533,329,49168,99,CFM56,155889
B777,10942,58,28065,65,PW1100,88661
A320,4127,279,30164,65,GE90,95603
B737,10872,135,52738,85,Trent1000,166042
B737,7412,143,68839,83,PW1100,216867
B737,3034,142,67209,96,Trent1000,212723
A350,3687,348,64768,78,CFM56,204651
B777,10218,161,56568,72,Trent1000,179264
B737,8816,403,29141,70,GE90,91694
B777,4880,133,26168,96,PW1100,82733
A380,9019,130,76270,99,PW1100,239759
B777,7377,456,50960,74,PW1100,161058
A380,1749,364,59961,90,Trent1000,189984
B777,13847,363,39596,60,Trent1000,124971
A320,1456,73,21960,65,GE90,69491
A350,7716,316,18140,66,GE90,56945
B737,7085,495,24881,91,PW1100,78791
B737,2836,77,6124,85,GE90,19694
B737,1797,123,52093,67,GE90,163761
B737,10389,171,65485,74,PW1100,206855
A380,12134,197,23710,99,GE90,75158
A350,861,222,6386,76,Trent1000,20843
B777,1537,451,16246,51,GE90,52492
A320,9487,250,31711,85,PW1100,100721
B787,2880,312,17485,53,GE90,54686
B787,9398,207,14173,86,GE90,45011
B787,9859,112,74958,50,CFM56,236732
A320,10922,297,75223,67,Trent1000,238382
A350,9600,74,26166,89,CFM56,83705
A320,7716,150,6024,74,Trent1000,18624
B777,6128,130,77048,90,Trent1000,243876
B787,9957,63,72691,97,Trent1000,230086
A380,2351,322,15806,96,Trent1000,50393
B777,7361,75,23154,55,GE90,73323
B737,1476,264,13174,84,Trent1000,41012
B737,13619,314,60952,68,GE90,192584
A380,11842,329,41406,87,CFM56,130727
B777,10776,363,20464,77,CFM56,65112
A320,2365,337,31871,93,CFM56,100931
B787,3198,476,40687,76,PW1100,128891
A380,13477,432,70430,52,GE90,222761
A350,10182,191,22067,64,CFM56,69018
A350,1573,404,54267,94,GE90,171978
B787,11602,343,18318,84,GE90,57652
B777,11541,156,49804,56,GE90,157243
B737,7331,305,54455,70,GE90,172665
A350,5166,103,50809,96,PW1100,159999
A380,6038,368,21938,63,PW1100,68370
A380,2439,301,59334,63,Trent1000,186800
B787,12834,66,42671,99,GE90,134975
B777,963,182,77250,79,Trent1000,242952
B777,10403,126,17995,51,PW1100,56128
A380,3029,178,72353,95,CFM56,228214
A320,627,220,47544,54,PW1100,149879
B777,3054,364,16847,97,PW1100,52702
A350,8599,426,23514,96,GE90,74147
B777,8069,372,34634,65,GE90,109706
B737,7602,427,5253,70,PW1100,16203
B737,12966,56,14250,71,GE90,44645
A380,13639,450,64439,65,CFM56,203451
A380,7701,417,75527,86,PW1100,239057
A320,9314,90,16538,96,CFM56,51973
A350,3805,200,75579,90,CFM56,239042
A350,7805,247,14458,86,Trent1000,45601
A380,5505,214,71169,80,Trent1000,225173
A320,3934,245,75244,96,PW1100,237672
B737,539,203,30688,57,PW1100,96734
B777,10591,350,8815,57,CFM56,28573
B737,12400,491,29366,50,PW1100,92840
B787,9373,470,78375,53,Trent1000,247487
A350,8553,142,37816,60,PW1100,118988
B787,1993,118,76545,74,GE90,241430
B777,3013,431,31737,50,GE90,100321
B787,5534,264,16310,76,GE90,52432
B737,13664,149,51891,51,GE90,164851
A380,1455,327,46821,50,CFM56,147809
A320,4406,467,30915,71,GE90,98317
A320,12085,339,42438,83,CFM56,134448
B737,8784,231,8204,78,Trent1000,25203
B737,5036,171,16811,93,GE90,53076
A320,3549,468,29551,86,GE90,93392
B737,5281,367,79781,78,Trent1000,252300
A320,5973,134,68710,88,Trent1000,217873
A380,1054,330,34071,74,Trent1000,107518
A350,11879,60,74807,53,PW1100,236479
B777,5336,482,66967,90,Trent1000,211092
A320,6713,338,9904,53,GE90,32219
B787,3463,236,55785,53,Trent1000,176949
B787,3732,326,43640,75,GE90,137845
B737,1165,456,14281,87,PW1100,45333
A380,2722,130,76468,57,GE90,241988
B737,8531,216,55638,88,PW1100,175550
B777,6556,228,75672,87,GE90,238568
A320,13644,145,65985,85,CFM56,208504
B737,1328,437,45424,54,Trent1000,143770
A350,7315,78,56589,86,Trent1000,179489
A380,9636,432,57646,50,PW1100,182558
B777,3250,61,42282,75,PW1100,133051
A320,8019,105,58090,98,Trent1000,182997
B737,7989,346,58693,88,Trent1000,185002
B777,13108,183,17354,70,CFM56,54685
B737,12489,266,65812,68,PW1100,208288
A320,13548,90,10268,62,PW1100,32962
B737,1461,451,31371,60,GE90,99291
A350,9949,440,5011,91,GE90,16790
A320,11670,480,44000,68,Trent1000,139901
B737,3261,424,31913,73,PW1100,100787
B777,3799,290,27147,58,GE90,84358
B777,13778,334,18614,89,CFM56,58960
A320,809,367,31077,76,Trent1000,98232
A380,8405,394,26510,69,CFM56,83691
A380,11507,207,46445,78,CFM56,146192
B777,3829,60,71597,66,GE90,225676
B777,8418,304,25834,74,PW1100,81791
A350,3469,420,35778,77,CFM56,112244
B787,13497,258,79788,57,PW1100,252000
B777,10910,332,26688,65,CFM56,84942
A320,11350,395,27392,64,PW1100,87850
A350,10057,99,30535,80,Trent1000,97068
A380,6033,122,50693,64,Trent1000,159923
B777,10465,208,45825,54,PW1100,144124
B737,7899,86,63813,80,Trent1000,202158
A320,6757,463,75377,79,PW1100,238961
A350,3434,453,47298,59,GE90,148769
B777,1016,330,60804,73,PW1100,192172
B777,8634,78,74063,79,Trent1000,234113
B737,6919,364,32063,88,PW1100,101396
B737,13753,165,66485,98,CFM56,210147
A350,2842,131,71368,82,Trent1000,225307
B787,9485,430,15541,75,PW1100,49656
B777,5397,247,54902,57,PW1100,173262
B737,11644,286,51860,79,Trent1000,163794
B777,9643,353,74138,62,PW1100,234655
B737,9421,261,69519,80,Trent1000,219480
A320,12842,193,27374,94,CFM56,86908
B787,8703,488,42087,68,CFM56,133017
B777,13515,187,74163,93,PW1100,234160
B777,2483,134,16017,58,Trent1000,49971
B777,9237,429,14317,93,Trent1000,46264
A380,6840,110,6370,67,Trent1000,19746
A380,5045,123,43974,63,PW1100,138668
A350,11948,224,52851,80,Trent1000,167424
A350,4703,445,78236,96,Trent1000,246820
B737,8023,403,63357,53,Trent1000,200171
B737,1392,60,17542,63,GE90,54716
A350,4278,193,67949,57,CFM56,214858
B737,6615,311,79285,62,PW1100,249687
B787,6789,125,16591,86,CFM56,52612
A320,3838,285,63485,69,Trent1000,201298
A350,12626,273,57527,66,Trent1000,182052
B777,7861,76,11548,75,CFM56,37061
B737,4755,292,16276,54,Trent1000,51091
B737,6066,393,28165,55,Trent1000,88260
A380,6694,65,57725,71,CFM56,181703
B737,12848,491,48585,54,Trent1000,153581
A320,4586,481,73307,64,PW1100,231376
A380,3460,296,34224,63,GE90,108689
A320,2216,159,26367,81,GE90,83821
B787,13900,244,50723,83,PW1100,160671
B787,13526,447,5195,90,GE90,15916
A320,5504,58,53450,86,CFM56,168672
B737,13302,207,71650,80,PW1100,226233
A320,9024,155,70330,58,PW1100,223353
A380,7452,191,65218,66,GE90,206315
A350,5318,425,36574,66,GE90,116497
A380,6840,238,78452,97,Trent1000,247352
B787,7401,452,18653,51,GE90,59226
B737,4408,268,43718,64,Trent1000,137727
A380,5745,233,33493,99,CFM56,106036
B777,13985,444,32051,64,PW1100,101464
B777,6616,396,17027,94,CFM56,54550
B737,13832,315,45381,71,CFM56,142630
A350,1660,442,59514,58,Trent1000,188055
B777,626,490,43980,70,PW1100,139558
B737,7605,183,46330,60,CFM56,145871
B737,10408,293,42909,69,Trent1000,136450
B777,4751,71,74430,70,CFM56,234401
A350,7760,366,20726,95,GE90,65722
B777,3055,382,28871,78,PW1100,90758
A320,7373,106,53528,79,GE90,168597
B787,13070,331,45981,90,CFM56,146396
A350,6697,471,59064,60,CFM56,186631
B777,10910,397,5387,91,Trent1000,16786
A320,3230,489,28923,67,GE90,91889
A320,12110,110,52481,60,Trent1000,166007
A380,11803,262,10059,68,CFM56,32200
B777,13012,456,54772,83,PW1100,173766
B777,8047,179,73838,81,Trent1000,233326
A380,10347,457,53939,80,GE90,170862
B777,9918,495,13482,95,Trent1000,42634
B777,9134,381,47259,64,GE90,150757
A380,4819,227,28736,60,PW1100,90650
B737,13563,322,57806,82,PW1100,182641
B777,5021,340,59985,72,GE90,190490
A320,2885,105,28523,50,PW1100,90192
B777,5406,161,71104,75,CFM56,225280
B787,3799,177,57202,65,CFM56,180507
B737,13504,85,52897,53,GE90,167653
A350,12639,466,15972,67,CFM56,50485
A320,1369,99,26980,92,PW1100,85602
B737,4245,465,22386,60,Trent1000,70992
A380,7512,139,6786,79,GE90,21759
B737,11279,471,79332,60,GE90,251022
A320,6016,56,39006,96,Trent1000,122990
A350,8232,390,78903,99,PW1100,249128
A320,9833,364,8077,90,GE90,26159
B737,2071,131,73317,77,GE90,231284
A380,5851,97,79115,58,Trent1000,250215
A380,4656,111,29127,80,GE90,92255
A320,4778,415,22882,70,Trent1000,71682
A350,9334,387,73429,99,PW1100,231988
B787,5681,197,16501,63,PW1100,52169
B777,666,112,66479,76,PW1100,210378
A350,10847,386,53201,58,GE90,168498
A380,4207,299,11405,63,CFM56,35969
A380,10270,443,63275,69,CFM56,199685
A350,5724,142,51715,69,GE90,162965
B737,11753,124,18789,78,Trent1000,58386
B787,11618,115,33694,72,PW1100,106034
A320,5244,258,57117,85,PW1100,181013
A350,11220,281,33216,50,CFM56,104562
A320,1302,289,71795,74,CFM56,226710
B777,9565,445,27351,98,PW1100,85636
B787,879,101,57588,99,PW1100,181788
A350,7369,77,9575,99,GE90,31268
B737,5232,341,60879,68,GE90,191500
A350,2768,259,77325,71,Trent1000,243733
B787,3487,212,7650,93,PW1100,24432
B737,7431,350,14385,84,GE90,45808
A350,1590,220,56202,58,CFM56,178159
B737,4139,305,57838,84,PW1100,182584
A320,12815,393,43667,57,PW1100,138017
B737,5291,137,9432,92,Trent1000,29092
B787,4825,405,78460,83,Trent1000,248323
A320,6788,149,8455,59,Trent1000,26958
A350,12116,205,51940,68,Trent1000,163780
B787,4381,60,60285,56,PW1100,190130
B737,12050,431,58139,70,GE90,184102
A380,12148,485,6812,50,GE90,22091
B737,10562,479,34746,57,Trent1000,109795
A350,8964,109,60401,98,Trent1000,190705
B787,9123,89,24159,78,GE90,76066
A380,7813,66,46637,55,Trent1000,147349
A320,7665,419,17984,73,Trent1000,57922
B737,4619,335,60874,74,PW1100,192081
B737,12997,146,70877,85,GE90,223620
B787,12307,125,18092,82,PW1100,57056
B777,11846,187,66864,59,Trent1000,211748
A320,8087,230,48553,80,Trent1000,152829
A350,4898,122,13908,52,Trent1000,43250
A320,1757,348,43100,68,CFM56,137237
A380,8294,113,71081,89,PW1100,225028
A320,10499,300,22212,73,GE90,70719
B737,2670,284,72176,83,GE90,228787
B737,5842,129,54472,83,GE90,172377
B777,3297,375,36654,59,Trent1000,115723
A320,6055,403,9620,94,Trent1000,28599
B737,9220,353,36645,63,Trent1000,117093
A350,13919,392,62400,66,GE90,196554
A380,7780,114,67855,88,Trent1000,214409
B777,11685,136,70923,63,GE90,223248
A320,4964,67,55290,75,GE90,174278
A320,7235,351,72116,64,GE90,228213
A350,9573,66,17160,91,GE90,54568
A380,9477,328,79370,62,Trent1000,251026
B787,7492,90,67190,70,CFM56,211865
A320,4808,165,13550,61,Trent1000,42950
A380,12105,258,44333,53,CFM56,140495
B737,3697,211,46707,80,Trent1000,146980
B787,11085,371,35269,97,Trent1000,111535
B777,4174,162,57215,65,PW1100,181198
B737,13663,174,18226,50,Trent1000,57551
B737,13512,381,62803,87,PW1100,198231
A380,11607,323,62617,84,GE90,196510
A350,10499,132,41716,77,CFM56,132582
B787,12474,154,76438,61,GE90,241155
A320,9374,117,70875,80,CFM56,224229
A380,12511,432,26782,88,GE90,85966
A350,4085,401,22519,83,GE90,72079
B787,13281,327,5769,81,PW1100,18259
A380,11950,166,57721,69,GE90,182044
A380,4972,351,22835,58,Trent1000,73066
B777,2362,187,42792,81,Trent1000,135934
B737,9965,312,34754,94,Trent1000,109813
B737,8344,460,63887,56,PW1100,201513
A380,4265,253,79267,82,Trent1000,251362
B777,3915,91,33368,71,Trent1000,106524
B787,12355,484,45374,83,Trent1000,144332
B787,2615,341,17127,89,GE90,54634
B777,9801,127,14161,77,PW1100,44466
B787,1883,94,55064,65,GE90,174540
B787,7369,111,60293,75,CFM56,190967
B777,1897,136,72228,98,PW1100,228485
A320,5535,287,16653,88,CFM56,51918
B787,2828,474,64110,56,GE90,202606
A380,5699,371,26299,98,Trent1000,83339
A380,12016,412,71272,67,CFM56,225609
B787,12516,340,56066,65,Trent1000,177239
A380,11117,137,26029,62,CFM56,82596
B787,7159,435,19699,93,GE90,61817
B787,3520,242,39487,94,PW1100,125774
A380,8623,487,21768,53,GE90,68479
A380,13043,164,29955,53,Trent1000,94253
A320,8337,412,47692,89,PW1100,151717
A350,13332,112,24524,87,GE90,78155
B737,10493,194,45072,63,Trent1000,143311
B787,6676,328,36025,82,Trent1000,113635
B737,13249,223,64823,76,PW1100,204127
A350,5436,53,49454,57,GE90,156711
B777,10696,172,32237,62,CFM56,101298
B787,1216,135,46517,52,CFM56,147780
A320,6010,62,41178,56,PW1100,130057
B777,10864,347,36131,64,GE90,114798
A320,3917,264,75093,63,Trent1000,237349
B787,7105,460,10702,64,CFM56,34356
B777,3868,431,56502,59,PW1100,178134
B787,2497,232,22917,59,CFM56,72996
B787,12261,82,63055,83,GE90,199274
A320,3085,120,49463,87,GE90,156067
A350,11640,96,14326,99,Trent1000,45076
B737,11719,235,22949,74,GE90,73925
B777,13518,497,35116,96,Trent1000,111075
B787,6814,242,10743,56,Trent1000,34341
B787,5931,384,30752,69,PW1100,97235
A380,5508,332,71271,76,PW1100,224817
B787,8956,290,18262,65,CFM56,57528
B737,2462,468,74125,85,Trent1000,233475
A350,12076,176,69426,63,Trent1000,220199
A350,1284,230,57793,60,PW1100,183161
B777,2828,282,41195,99,GE90,130192
A380,1565,154,37155,56,GE90,118010
B787,2545,371,73749,83,GE90,232712
A350,4476,152,40800,84,CFM56,128546
A380,2237,307,68722,77,GE90,216932
A350,6582,264,76226,58,GE90,240833
B787,5414,454,62716,52,PW1100,196937
A320,2992,73,63745,60,CFM56,201591
B787,6667,194,46842,69,CFM56,147997
A350,1007,260,41250,97,Trent1000,131285
A350,10264,332,49538,93,CFM56,156403
A320,9063,490,62565,69,GE90,197384
B737,8052,495,35538,98,PW1100,112983
B777,10436,496,33085,87,PW1100,104660
A380,9282,275,74556,97,GE90,235321
A350,6865,169,37235,68,PW1100,117519
B737,11261,438,29755,59,Trent1000,94572
A320,12699,226,18718,97,PW1100,58598
A380,6339,276,78606,99,PW1100,249182
A350,4867,333,6924,53,Trent1000,22271
B787,11320,412,65258,64,Trent1000,206739
A380,9264,142,9308,86,Trent1000,29509
B777,3600,204,28336,59,Trent1000,89775
A350,10552,484,71188,91,Trent1000,225125
A350,11205,275,78803,70,GE90,248300
A380,1738,118,49814,77,GE90,157580
A320,5817,266,66245,97,Trent1000,208600
B787,10546,80,36416,97,GE90,115113
A350,13288,383,8687,62,GE90,26960
A320,7317,187,37334,61,GE90,117649
A320,10794,256,58178,66,CFM56,183836
B737,13272,313,35262,52,CFM56,111706
B777,4940,354,8993,82,PW1100,27060
A350,9691,109,23515,88,CFM56,73526
A380,727,400,12669,53,GE90,39700
B737,13069,462,20263,59,Trent1000,64275
B787,5866,410,37068,99,Trent1000,117947
B787,12227,304,8845,90,GE90,27220
A380,9111,157,30330,68,CFM56,95580
A380,3388,360,65223,84,PW1100,206411
B777,9620,203,43671,63,GE90,137734
B777,2787,380,70375,86,CFM56,223320
B787,3443,338,66297,78,GE90,209820
A350,8341,417,53096,95,GE90,167224
A350,6428,240,12568,66,PW1100,40265
B787,3643,286,35926,82,Trent1000,113404
A380,10454,309,16305,59,Trent1000,51068
A320,5677,190,53911,75,PW1100,170649
B787,1905,481,42119,82,CFM56,133160
B777,8465,249,46015,51,CFM56,145272
B737,1825,363,29861,94,PW1100,96004
B737,8348,162,69419,54,Trent1000,219808
B787,1397,175,78535,89,GE90,248412
A380,12172,264,54589,89,GE90,172894
A350,2436,50,34925,74,CFM56,110749
A380,2819,388,27477,65,CFM56,86757
A380,1676,129,15348,68,GE90,48738
A320,8674,392,40334,56,CFM56,128486
A350,2147,370,79320,95,PW1100,250680
A350,12543,223,59109,69,PW1100,186833
B787,5528,235,68621,66,Trent1000,216489
B777,2753,337,32580,96,CFM56,102503
A380,6356,69,57927,94,PW1100,182920
B787,4152,216,55303,98,PW1100,174757
B777,11860,242,74722,80,Trent1000,236163
A380,12413,223,50419,53,CFM56,159503
B777,12737,432,35385,70,PW1100,111384
B777,2285,386,69837,95,CFM56,220273
A350,11720,256,49961,99,CFM56,157335
A380,5093,391,38868,76,CFM56,122886
A380,5932,107,62613,97,CFM56,197986
B737,6030,157,28667,56,GE90,90999
B737,2986,499,53503,64,GE90,168647
B787,696,106,20337,75,PW1100,64274
B787,8268,217,36504,68,Trent1000,114305
B787,10924,360,55689,76,CFM56,175313
A380,4784,86,45222,89,GE90,142517
A320,12233,197,28975,83,GE90,92015
A380,7988,290,54668,94,CFM56,172930
A380,8057,463,24890,64,Trent1000,78992
