departure_hour,day_of_week,month,origin,destination,aircraft_type,airline,weather_score,atc_delay,prev_flight_delay,distance_km,delay_minutes
22,4,9,SIN,NRT,A320,PacificAir,0.37,18,14,1022,52
4,4,12,DXB,LAX,B777,EuroWings,0.95,24,88,4945,138
5,4,10,SYD,LHR,A350,AsiaJet,0.73,4,54,6959,64
11,6,3,FRA,DXB,B737,AsiaJet,0.6,7,34,7586,61
10,4,10,CDG,CDG,A320,EuroWings,0.16,6,54,2444,34
15,6,9,JFK,JFK,A350,SkyMind,0.16,13,13,4071,32
19,3,8,NRT,SYD,A350,SkyMind,0.06,23,48,2060,45
16,3,12,JFK,CDG,A320,AsiaJet,0.87,22,82,5247,116
19,4,3,BOM,SYD,A320,PacificAir,0.6,2,6,13422,39
8,6,8,NRT,NRT,B787,AsiaJet,0.71,17,29,7654,84
0,2,12,FRA,DXB,A350,AsiaJet,0.02,15,82,12286,58
2,4,4,FRA,JFK,A320,EuroWings,0.97,22,48,1092,100
20,5,6,CDG,JFK,A380,SkyMind,0.83,18,88,12585,120
22,5,12,LHR,SYD,A380,EuroWings,0.21,18,15,11360,47
8,3,10,BOM,JFK,B737,AsiaJet,0.18,17,50,5827,57
21,5,2,LAX,NRT,B777,AeroGulf,0.18,19,71,12594,67
18,5,8,JFK,SIN,A380,PacificAir,0.3,15,81,1255,68
12,1,9,CDG,SIN,B787,AsiaJet,0.52,7,79,9991,75
22,4,7,CDG,SYD,A320,EuroWings,0.43,27,82,996,102
13,4,8,LHR,DXB,B777,AeroGulf,0.29,0,41,13560,19
19,4,7,FRA,SYD,B787,AeroGulf,0.61,16,16,2921,62
18,4,11,BOM,BOM,A350,AsiaJet,0.14,11,62,2098,47
22,0,10,NRT,JFK,B777,SkyMind,0.29,29,44,12971,80
6,4,4,BOM,JFK,A380,AeroGulf,0.37,20,76,4627,92
3,6,1,BOM,SIN,B787,PacificAir,0.46,10,6,13070,38
11,3,3,JFK,CDG,A320,EuroWings,0.79,4,26,13623,59
22,6,7,NRT,SYD,A320,EuroWings,0.2,26,9,7516,50
13,3,11,SYD,DXB,B787,EuroWings,0.51,11,33,6051,53
1,0,11,NRT,SIN,A350,AsiaJet,0.59,16,35,4090,70
0,4,7,CDG,SYD,A380,EuroWings,0.05,5,24,13473,26
17,2,11,LHR,LHR,B787,EuroWings,0.61,0,5,961,30
19,6,3,BOM,DXB,B737,PacificAir,0.17,4,23,5466,28
7,4,1,NRT,DXB,B787,SkyMind,0.07,24,17,9059,33
2,3,10,CDG,FRA,B787,AsiaJet,0.95,27,86,11397,127
5,6,9,DXB,CDG,A380,AsiaJet,0.97,13,5,12015,77
21,1,12,FRA,NRT,A320,EuroWings,0.81,4,28,665,79
12,5,6,LHR,DXB,A350,PacificAir,0.3,21,24,12378,56
8,1,12,SIN,FRA,B787,AeroGulf,0.1,23,54,12774,44
8,2,7,LAX,JFK,B777,EuroWings,0.68,26,80,11739,95
19,4,1,CDG,SYD,A320,EuroWings,0.44,0,45,2228,44
8,0,1,BOM,LAX,A320,AsiaJet,0.12,29,23,8196,64
14,4,4,LHR,LAX,B787,AsiaJet,0.5,17,74,5197,88
12,2,7,FRA,CDG,A380,EuroWings,0.03,15,25,12361,35
21,2,11,NRT,JFK,B777,AsiaJet,0.91,8,27,11866,86
15,5,11,DXB,DXB,B787,PacificAir,0.26,18,2,2673,39
1,2,8,SIN,JFK,B777,AeroGulf,0.66,21,74,537,107
13,1,10,FRA,FRA,A320,AeroGulf,0.31,4,37,4943,26
5,5,9,DXB,LHR,B777,AeroGulf,0.52,26,60,7986,86
1,4,1,LAX,NRT,B787,EuroWings,0.55,1,77,2521,50
7,6,4,LHR,BOM,B737,EuroWings,0.18,29,50,7380,72
3,4,4,SYD,NRT,B737,EuroWings,0.97,14,89,9425,114
20,0,3,JFK,DXB,B777,PacificAir,0.78,6,47,5021,75
23,2,7,LHR,JFK,A380,AeroGulf,0.94,3,20,9339,69
13,2,1,SIN,NRT,B787,AsiaJet,0.89,0,53,3802,67
10,3,9,SYD,SYD,A350,AsiaJet,0.6,12,55,9011,74
23,5,8,SYD,NRT,B737,SkyMind,0.92,19,58,5107,94
13,3,2,LAX,FRA,A320,SkyMind,0.09,21,71,6868,76
11,5,2,JFK,NRT,B787,AsiaJet,0.2,6,50,11245,38
15,1,8,SYD,SYD,B787,AeroGulf,0.05,14,19,11870,27
5,5,11,CDG,BOM,B737,EuroWings,0.33,22,85,10414,99
19,4,1,FRA,BOM,A350,AsiaJet,0.39,13,58,10448,56
0,0,7,SYD,SYD,A320,AsiaJet,0.27,22,70,12370,68
11,6,9,SYD,JFK,A350,SkyMind,0.83,18,8,12470,71
6,5,12,FRA,LHR,A320,AeroGulf,0.36,21,0,6373,52
7,5,3,NRT,DXB,B737,AsiaJet,0.28,28,28,7998,73
8,5,7,LAX,CDG,B787,EuroWings,0.54,23,62,7672,97
1,0,6,SYD,LAX,A320,EuroWings,0.14,19,71,11207,85
16,2,7,SYD,JFK,B787,PacificAir,0.8,28,55,6135,94
19,0,7,JFK,NRT,B777,EuroWings,0.07,23,67,4347,70
12,2,10,DXB,LAX,B777,AsiaJet,0.99,17,34,9629,94
4,6,1,NRT,LAX,B737,AsiaJet,0.77,9,2,1264,55
9,4,3,BOM,SYD,B737,EuroWings,0.2,8,6,6806,21
11,0,10,NRT,SIN,A380,SkyMind,0.01,24,26,1152,39
16,2,1,FRA,LHR,B737,AeroGulf,0.82,7,0,12772,73
20,4,5,JFK,LHR,B777,AsiaJet,0.71,25,79,7544,118
5,4,3,LAX,SIN,A320,EuroWings,0.73,29,70,12294,115
2,2,1,LHR,DXB,A350,EuroWings,0.77,28,43,10821,116
14,2,2,JFK,SIN,B737,AsiaJet,0.07,9,86,13268,39
6,1,10,SIN,CDG,A350,PacificAir,0.36,16,40,4464,50
5,4,5,FRA,CDG,A350,AeroGulf,0.12,1,74,5111,20
3,2,11,DXB,SYD,B777,AsiaJet,0.86,5,41,6259,69
18,4,3,SIN,NRT,A380,EuroWings,0.62,25,32,8878,88
4,0,6,SIN,LAX,A320,PacificAir,0.33,4,49,645,46
2,6,9,LAX,LHR,B777,AsiaJet,0.06,27,62,5601,70
8,3,6,BOM,LHR,B737,AeroGulf,0.31,29,36,4747,65
5,3,2,LHR,SIN,B777,PacificAir,0.33,8,58,10078,61
12,5,2,SYD,SIN,B777,EuroWings,0.73,4,80,4688,83
21,2,8,CDG,SIN,B777,SkyMind,0.64,17,47,11279,88
19,2,11,SYD,DXB,B737,AeroGulf,0.89,25,4,3196,77
3,4,8,SIN,SIN,B737,PacificAir,0.47,19,47,12704,77
1,5,6,NRT,NRT,B777,AsiaJet,0.12,8,2,13389,10
3,2,10,CDG,LAX,B777,AsiaJet,0.71,16,46,8740,81
7,4,7,LAX,JFK,A350,PacificAir,0.76,26,61,3829,113
12,2,1,LHR,JFK,A320,AsiaJet,0.56,16,13,12281,63
9,4,12,LAX,NRT,A350,PacificAir,0.77,11,62,11280,80
17,2,9,FRA,FRA,A380,AeroGulf,0.49,6,60,3981,62
8,1,5,DXB,CDG,A320,AsiaJet,0.52,26,30,9466,69
0,6,9,SIN,JFK,A380,AeroGulf,0.43,2,16,5141,44
12,4,2,NRT,DXB,A320,EuroWings,0.03,9,23,6059,22
17,6,8,LAX,FRA,B777,EuroWings,0.11,1,22,1760,25
14,1,7,CDG,BOM,A350,EuroWings,0.03,24,81,1149,65
1,1,11,SIN,DXB,A320,EuroWings,0.64,2,49,12131,56
10,1,4,LHR,LHR,A380,AsiaJet,0.31,15,77,3548,65
13,1,3,NRT,JFK,A320,PacificAir,0.51,1,78,2523,70
21,0,4,BOM,CDG,B737,AsiaJet,0.91,27,78,9772,120
14,6,4,BOM,SIN,A320,AsiaJet,0.25,23,69,4770,82
13,5,10,CDG,SIN,B777,AeroGulf,0.41,9,26,5833,45
15,6,10,DXB,LAX,B787,PacificAir,0.76,5,14,2574,42
22,3,8,BOM,CDG,B737,SkyMind,0.23,21,49,6537,60
14,0,4,SIN,LHR,B787,SkyMind,0.08,25,35,13930,46
18,2,5,LHR,SYD,B777,PacificAir,0.29,10,7,12934,35
8,2,2,DXB,JFK,B787,SkyMind,0.16,22,78,13655,64
4,5,4,SYD,LAX,A320,PacificAir,0.93,6,2,2812,73
4,3,7,LHR,CDG,B787,AeroGulf,0.81,26,61,3974,111
10,3,3,SIN,BOM,A350,AeroGulf,0.63,28,46,10997,96
19,3,1,SIN,DXB,B777,AsiaJet,0.87,14,76,3760,108
23,1,8,FRA,LHR,A350,SkyMind,0.8,5,87,11566,98
3,0,8,DXB,CDG,B787,PacificAir,0.19,19,60,5338,63
19,2,6,LHR,JFK,A350,AeroGulf,0.89,26,31,6118,98
17,0,7,DXB,DXB,B737,AsiaJet,0.54,8,12,13497,35
2,0,10,CDG,CDG,B787,SkyMind,0.81,21,0,12002,74
3,0,11,JFK,NRT,A380,SkyMind,0.9,19,33,1850,90
13,3,2,DXB,LAX,A350,SkyMind,0.32,11,61,9785,60
6,5,5,BOM,CDG,A320,AeroGulf,0.11,18,78,6548,62
7,5,12,SIN,NRT,B787,AeroGulf,0.23,19,77,8431,78
23,3,7,FRA,DXB,A380,SkyMind,0.43,2,81,8641,56
15,2,9,SYD,DXB,B737,AeroGulf,0.82,14,70,12468,97
19,2,1,FRA,DXB,A320,SkyMind,0.86,1,30,11788,74
14,2,3,LHR,SYD,B787,EuroWings,0.01,29,63,7823,72
6,5,6,CDG,CDG,A320,AeroGulf,0.51,20,24,6277,69
16,5,7,CDG,NRT,B787,PacificAir,0.42,1,37,2354,36
21,0,6,SYD,SIN,B787,AeroGulf,0.22,21,13,2766,44
21,3,1,DXB,BOM,B777,SkyMind,0.12,2,7,1060,6
21,1,4,DXB,BOM,A350,PacificAir,0.34,5,53,8046,44
11,0,6,LHR,NRT,B787,AsiaJet,0.94,14,1,5487,83
17,4,8,LHR,SIN,B737,PacificAir,0.32,26,80,7707,88
23,5,10,NRT,LHR,A380,PacificAir,0.52,9,77,13384,64
13,0,4,DXB,SYD,A350,AeroGulf,0.7,8,88,6986,103
14,3,7,LHR,NRT,B777,PacificAir,0.36,0,55,13237,46
14,4,11,CDG,JFK,A350,PacificAir,0.97,15,83,2883,102
4,6,3,JFK,LAX,A350,SkyMind,0.96,5,84,6647,95
15,0,8,SIN,LAX,B787,AeroGulf,0.25,8,60,10517,51
4,3,1,DXB,FRA,B737,SkyMind,0.5,26,21,8164,91
1,3,4,NRT,BOM,B787,AeroGulf,0.3,3,34,13961,27
19,5,8,SIN,DXB,B737,AsiaJet,0.28,26,15,2183,69
8,1,10,BOM,JFK,B737,PacificAir,0.04,27,49,9890,73
21,0,4,JFK,LHR,A320,AeroGulf,0.61,1,42,1509,49
8,3,2,FRA,SIN,B787,PacificAir,0.5,28,16,10463,76
3,2,2,DXB,LHR,B777,PacificAir,0.05,3,79,10399,30
14,3,4,FRA,BOM,A380,EuroWings,0.28,0,57,13227,37
10,1,4,NRT,DXB,A350,SkyMind,0.91,18,1,2772,81
0,3,2,DXB,SIN,A320,AeroGulf,0.24,25,3,3112,58
17,5,7,NRT,NRT,B777,AsiaJet,0.14,24,84,7924,86
0,6,6,LAX,FRA,A380,EuroWings,0.49,9,38,7726,52
7,0,11,NRT,SIN,A380,SkyMind,0.99,20,5,6563,75
15,5,3,LHR,BOM,B787,AsiaJet,0.24,14,80,4841,67
21,0,8,LHR,LHR,B737,AsiaJet,0.67,26,88,2042,116
17,4,8,FRA,LAX,B787,PacificAir,0.76,21,68,1737,106
21,0,1,LAX,LHR,A380,SkyMind,0.24,18,68,11667,65
8,4,3,NRT,LHR,B787,EuroWings,0.73,15,19,6209,74
11,5,5,BOM,LHR,A320,AeroGulf,0.37,20,63,10416,89
18,2,2,FRA,FRA,B777,AeroGulf,0.63,26,15,13740,85
17,1,12,SIN,BOM,A380,EuroWings,0.63,23,50,2763,89
4,2,12,LHR,JFK,A320,PacificAir,0.54,21,36,782,74
1,4,5,SIN,FRA,B777,PacificAir,0.09,3,72,8498,37
6,3,11,SIN,FRA,A320,AsiaJet,0.84,1,68,8240,92
9,3,10,LAX,BOM,A350,SkyMind,0.32,29,41,11312,77
14,2,3,FRA,SYD,B737,AsiaJet,0.19,24,56,3786,69
6,3,9,CDG,FRA,B737,AeroGulf,0.04,12,65,8863,42
4,4,11,FRA,SIN,B737,EuroWings,0.59,27,8,12148,87
14,5,1,CDG,SYD,A350,SkyMind,0.68,0,85,13906,90
19,1,4,NRT,BOM,A380,EuroWings,0.02,16,63,2382,54
19,6,10,CDG,CDG,A380,SkyMind,0.51,12,85,6687,83
14,0,6,DXB,CDG,A350,AeroGulf,0.23,3,21,2775,26
9,4,9,NRT,JFK,B737,AeroGulf,0.65,6,33,11313,42
23,6,3,CDG,NRT,B737,SkyMind,0.17,16,54,7374,61
13,4,3,BOM,FRA,B777,PacificAir,0.69,8,28,8002,65
9,0,12,SIN,LHR,B777,SkyMind,0.39,3,37,9292,46
16,0,5,NRT,NRT,B787,AeroGulf,0.94,18,17,4290,84
20,1,7,SIN,NRT,A320,EuroWings,0.14,0,70,2523,33
13,1,5,SYD,SYD,B777,AsiaJet,0.34,9,64,966,56
1,1,11,FRA,SIN,B777,EuroWings,0.11,3,0,4450,19
15,3,8,CDG,CDG,B777,AeroGulf,0.92,8,87,4389,98
12,4,5,SIN,LAX,B777,EuroWings,0.88,12,3,13084,88
8,5,7,CDG,SIN,A350,PacificAir,0.26,13,3,3092,39
6,0,6,SIN,CDG,B787,PacificAir,0.66,9,81,7132,75
15,4,10,BOM,LAX,B777,SkyMind,0.82,5,26,9711,66
9,6,2,JFK,FRA,A380,EuroWings,0.56,15,42,6858,67
23,4,3,BOM,DXB,A320,EuroWings,0.53,5,58,2047,44
21,1,11,LHR,BOM,B777,AeroGulf,0.24,16,31,7669,63
8,1,11,CDG,DXB,A350,SkyMind,0.09,9,32,13448,37
21,4,4,BOM,SIN,A380,SkyMind,0.9,17,27,5249,94
22,1,5,DXB,JFK,B737,EuroWings,0.9,26,54,13589,115
6,3,9,CDG,SIN,B737,AsiaJet,0.63,21,59,4936,81
15,0,6,LAX,SYD,B787,EuroWings,0.34,17,69,1203,69
8,6,1,FRA,LAX,B737,EuroWings,0.35,2,61,7050,55
23,4,3,FRA,LAX,B777,EuroWings,0.73,19,79,9544,95
16,0,7,LHR,FRA,A350,PacificAir,0.9,26,33,8997,85
19,3,8,DXB,DXB,B787,SkyMind,0.89,20,86,12270,115
6,6,7,LHR,FRA,A380,PacificAir,0.78,24,87,10625,116
10,1,5,NRT,DXB,B777,AsiaJet,0.64,27,55,8136,101
7,2,10,CDG,LAX,B737,AeroGulf,0.08,14,12,10479,36
6,3,8,DXB,SIN,A320,AsiaJet,0.16,14,55,12479,57
18,2,9,SYD,JFK,B777,SkyMind,0.9,3,17,9565,67
19,0,7,SIN,LAX,A320,AeroGulf,0.61,28,53,2081,109
11,4,11,LAX,NRT,A380,AsiaJet,0.01,26,76,4457,57
6,6,9,CDG,CDG,A320,SkyMind,0.1,8,42,5090,38
7,1,1,LAX,DXB,A380,AsiaJet,0.66,26,38,3832,98
6,6,9,DXB,DXB,B787,AeroGulf,0.01,25,60,2185,52
5,3,3,SIN,SYD,A350,AeroGulf,0.16,18,41,10297,40
8,1,6,LHR,FRA,B737,AsiaJet,0.55,23,80,8031,93
12,2,8,CDG,BOM,B737,PacificAir,0.69,27,78,7411,107
6,2,3,SIN,BOM,B777,AsiaJet,0.65,16,17,6231,75
7,5,4,LAX,SYD,B737,AsiaJet,0.22,10,22,1395,32
21,6,7,JFK,LAX,B787,AsiaJet,0.71,24,53,13955,92
16,4,12,DXB,DXB,B737,PacificAir,0.24,8,29,11955,33
16,2,7,DXB,LHR,B777,EuroWings,0.33,9,57,8532,65
15,4,4,LAX,JFK,B737,AeroGulf,0.75,17,67,12116,97
21,5,9,LAX,NRT,A350,SkyMind,0.65,19,66,12545,92
1,3,3,NRT,SIN,A380,AeroGulf,0.85,12,70,2846,96
7,5,12,LHR,SIN,A320,AeroGulf,0.66,7,17,4031,67
16,4,8,LAX,BOM,A320,EuroWings,0.57,6,6,11166,39
12,2,8,BOM,BOM,A380,AeroGulf,0.09,16,39,2361,55
17,0,4,FRA,SYD,A320,AeroGulf,0.37,20,69,11455,81
23,4,7,FRA,DXB,A350,PacificAir,0.27,22,85,5352,81
21,1,4,CDG,FRA,B787,PacificAir,0.24,14,64,530,81
9,0,12,SYD,SIN,B777,PacificAir,0.97,19,67,12699,105
1,6,1,CDG,DXB,A350,PacificAir,0.39,14,48,12147,60
1,4,1,NRT,NRT,B777,PacificAir,0.89,0,51,742,63
13,1,1,SIN,JFK,B787,SkyMind,0.63,24,28,7418,92
15,6,2,SYD,JFK,A350,EuroWings,0.79,13,20,13473,88
6,5,6,SIN,SIN,B737,AsiaJet,0.5,4,89,10190,84
20,0,12,FRA,LHR,B787,PacificAir,0.58,10,77,6011,90
20,4,10,FRA,SYD,A320,EuroWings,0.49,15,8,6008,53
23,3,11,FRA,SIN,A350,AsiaJet,0.2,1,46,5168,28
11,5,5,LAX,NRT,B787,AeroGulf,0.72,7,75,6587,70
22,1,11,NRT,LHR,B787,AeroGulf,0.28,10,41,7515,64
13,3,2,BOM,CDG,A350,EuroWings,0.02,28,50,8136,66
3,2,8,CDG,LAX,A320,SkyMind,0.65,17,55,7162,82
3,5,9,SIN,BOM,A380,SkyMind,0.18,2,50,12114,44
17,5,7,JFK,BOM,A320,EuroWings,0.94,29,69,4503,119
2,4,12,CDG,LHR,B787,SkyMind,0.95,25,19,10351,105
0,4,12,DXB,SIN,B777,SkyMind,0.91,0,87,11920,88
16,1,9,LHR,BOM,A380,AeroGulf,0.37,10,26,1098,52
6,5,4,SYD,DXB,A380,SkyMind,0.02,15,37,2695,37
15,4,7,SIN,BOM,B787,SkyMind,0.93,17,71,569,98
4,2,5,NRT,JFK,A350,EuroWings,0.43,29,64,8639,95
18,6,5,FRA,BOM,A350,SkyMind,0.97,15,53,10085,110
6,6,3,DXB,CDG,A350,PacificAir,0.96,22,23,4159,99
13,6,9,LHR,SYD,A320,PacificAir,0.85,9,46,10341,89
1,4,10,SIN,LHR,B737,EuroWings,0.29,17,70,6134,62
2,5,5,BOM,DXB,A350,PacificAir,0.39,5,82,2781,63
16,6,6,FRA,CDG,A350,AeroGulf,0.85,18,85,7322,107
15,0,3,SIN,JFK,A380,EuroWings,0.32,3,62,4182,54
7,3,10,JFK,SIN,B777,SkyMind,0.17,26,56,3183,71
17,5,7,JFK,LAX,B777,PacificAir,0.56,12,54,5062,78
14,2,9,NRT,JFK,B787,AeroGulf,0.94,23,59,5152,123
6,5,9,JFK,LHR,B787,EuroWings,0.7,13,61,13681,91
8,2,10,BOM,LHR,B787,EuroWings,0.57,2,29,5431,50
5,5,10,NRT,LHR,A350,SkyMind,0.1,9,21,10002,19
17,6,5,SYD,CDG,B777,AsiaJet,0.62,5,74,5213,74
17,3,7,BOM,LHR,B787,PacificAir,0.99,0,83,5913,88
23,3,12,NRT,SYD,B777,AeroGulf,0.14,22,28,6100,49
13,2,12,BOM,SYD,A350,EuroWings,0.52,23,40,12921,78
13,5,3,JFK,SYD,A380,PacificAir,0.88,26,41,4603,100
13,3,6,SYD,LHR,A350,AeroGulf,0.74,13,64,2575,73
3,1,12,BOM,SYD,B787,AeroGulf,0.7,7,30,1282,59
3,5,8,SYD,FRA,A350,EuroWings,0.7,18,29,4306,82
14,3,8,LHR,BOM,A350,PacificAir,0.36,13,17,10025,37
14,0,2,BOM,BOM,B777,AeroGulf,0.29,9,16,12409,37
17,0,6,CDG,LHR,B737,EuroWings,0.81,16,37,13328,102
13,1,7,FRA,NRT,A320,PacificAir,0.81,8,13,1557,73
0,3,12,JFK,CDG,B787,PacificAir,0.87,28,86,2554,141
9,0,7,SIN,LAX,B737,EuroWings,0.91,5,88,12093,100
19,6,3,SYD,CDG,A380,PacificAir,0.51,10,78,13696,86
9,5,9,JFK,FRA,B787,AsiaJet,0.5,24,55,2609,82
9,4,2,DXB,CDG,B737,AeroGulf,0.8,6,21,11849,60
23,3,11,CDG,FRA,A350,AeroGulf,0.65,16,66,12488,67
1,1,3,JFK,FRA,B787,PacificAir,0.7,27,55,7783,113
7,3,11,FRA,CDG,B737,EuroWings,0.8,27,18,12340,108
0,2,2,CDG,LAX,A320,SkyMind,0.89,0,56,1820,71
0,2,11,FRA,FRA,A350,PacificAir,0.34,21,43,8349,67
3,0,9,JFK,SYD,B787,SkyMind,0.38,4,34,4917,36
6,2,4,CDG,DXB,A380,PacificAir,0.09,8,0,4199,20
8,1,2,SIN,DXB,A380,SkyMind,0.58,17,51,1232,89
15,0,3,SIN,SIN,B787,PacificAir,0.04,23,84,12325,56
4,1,4,FRA,LHR,B737,EuroWings,0.47,26,69,7062,98
1,5,10,FRA,JFK,B787,SkyMind,0.54,20,36,4049,74
22,1,6,LHR,SYD,A350,AsiaJet,0.29,1,64,12354,45
10,2,5,SIN,SYD,B777,EuroWings,0.59,28,50,6663,101
17,5,3,SIN,JFK,A380,PacificAir,0.03,25,0,7055,37
18,2,10,SYD,LHR,B737,SkyMind,0.04,10,20,13336,24
12,1,8,NRT,DXB,A320,AeroGulf,0.82,26,52,5878,107
23,2,8,BOM,LAX,B787,EuroWings,0.36,27,15,9296,75
10,2,7,SYD,FRA,A350,SkyMind,0.13,5,60,2222,42
19,2,3,FRA,JFK,B787,EuroWings,0.52,25,53,11096,91
18,3,1,LAX,LAX,A320,SkyMind,0.77,7,39,12174,62
16,5,5,BOM,SIN,A350,AeroGulf,0.22,3,25,3312,24
4,5,1,LAX,FRA,A320,AsiaJet,0.62,17,79,10273,101
12,6,6,DXB,CDG,A350,AeroGulf,0.09,27,64,8037,71
19,5,11,FRA,SYD,B777,PacificAir,0.05,10,73,2778,52
0,6,7,JFK,FRA,A380,EuroWings,0.53,4,63,2850,77
9,1,12,NRT,CDG,A350,AsiaJet,0.54,14,42,4123,78
7,6,5,LAX,DXB,A320,EuroWings,0.64,27,16,7030,86
23,6,4,BOM,CDG,B737,SkyMind,0.73,17,58,1214,88
7,4,2,FRA,CDG,A380,PacificAir,0.98,1,22,1424,48
18,1,5,SYD,NRT,B777,PacificAir,0.52,21,6,3662,63
5,5,9,LHR,JFK,B787,EuroWings,0.32,10,43,4653,48
11,0,4,CDG,FRA,B777,PacificAir,0.8,25,52,5029,109
6,2,2,SIN,JFK,B777,EuroWings,0.27,24,70,12770,78
15,2,6,NRT,FRA,B787,SkyMind,0.44,12,78,3069,73
8,4,8,NRT,SYD,A350,SkyMind,0.08,3,33,3315,8
20,0,2,SIN,BOM,B777,EuroWings,0.03,21,45,7472,43
21,3,9,SIN,JFK,A380,AeroGulf,0.96,6,67,5078,97
9,6,7,SIN,JFK,B777,AeroGulf,0.84,28,77,4962,136
9,1,2,LHR,SYD,B737,SkyMind,0.7,10,77,1388,87
9,3,11,DXB,FRA,A380,AsiaJet,0.41,21,15,6448,64
19,0,5,LHR,SYD,B737,AeroGulf,0.17,23,70,3978,80
15,4,5,SYD,LAX,A380,EuroWings,0.16,3,18,4089,14
0,0,7,DXB,CDG,A320,SkyMind,0.25,27,1,2223,58
16,4,5,CDG,SYD,B787,PacificAir,0.55,14,9,1758,51
20,3,11,SIN,FRA,A380,PacificAir,0.71,0,49,7526,69
13,3,6,LHR,DXB,A380,AeroGulf,0.66,22,80,9102,105
18,0,9,JFK,SYD,A350,AsiaJet,0.28,2,11,2730,26
20,0,3,SYD,LHR,A350,AeroGulf,0.95,13,69,7954,97
20,6,3,CDG,SYD,A320,AsiaJet,0.74,5,21,11886,65
16,2,8,CDG,JFK,A350,AeroGulf,0.55,17,31,10897,87
13,4,10,BOM,LAX,A350,PacificAir,0.61,24,83,2560,97
7,2,12,BOM,NRT,B737,AsiaJet,0.42,0,0,4398,22
20,1,6,CDG,SYD,A350,PacificAir,0.25,5,53,3113,45
20,1,12,DXB,BOM,A350,EuroWings,0.36,5,57,7515,58
8,0,10,FRA,LHR,A320,EuroWings,0.76,20,69,10504,98
7,3,3,SYD,DXB,A320,SkyMind,0.01,15,82,7198,33
12,1,2,BOM,SYD,B777,PacificAir,0.12,28,17,2302,66
16,1,2,NRT,CDG,A350,PacificAir,0.05,4,5,12598,17
18,2,2,SIN,CDG,A350,SkyMind,0.04,16,44,1177,30
6,2,5,SYD,LHR,A380,EuroWings,0.86,9,22,11602,69
16,6,12,CDG,JFK,A350,EuroWings,0.7,27,22,8587,103
0,6,5,CDG,SIN,B737,AsiaJet,0.47,20,25,5213,79
4,1,1,JFK,JFK,A380,AsiaJet,0.1,17,76,8230,69
5,0,2,FRA,LHR,A350,EuroWings,0.49,6,6,10943,39
1,2,2,SIN,JFK,B737,AeroGulf,0.47,2,78,3504,63
15,1,4,NRT,CDG,B777,PacificAir,0.17,12,43,9486,44
21,3,7,LAX,LAX,A380,AsiaJet,0.43,14,26,1228,66
4,2,3,BOM,SIN,B787,AeroGulf,0.4,19,25,10385,55
4,1,5,JFK,CDG,A350,AsiaJet,0.62,18,78,5234,88
11,6,11,CDG,DXB,A380,SkyMind,0.64,2,35,690,63
2,4,9,FRA,CDG,A320,PacificAir,0.05,3,54,5494,28
15,2,5,DXB,JFK,A380,AsiaJet,0.37,4,63,10688,64
5,4,9,JFK,LAX,A320,EuroWings,0.63,0,56,10799,54
14,2,1,FRA,SIN,A350,SkyMind,0.5,3,68,4366,61
14,2,9,SYD,SYD,B737,SkyMind,0.86,11,60,10181,84
15,6,5,SYD,SIN,A320,EuroWings,0.66,27,1,10801,80
19,5,8,LHR,CDG,A380,SkyMind,0.16,26,54,6539,58
12,5,5,JFK,SYD,A380,PacificAir,0.07,23,79,6945,66
11,4,12,SYD,LHR,A320,AsiaJet,0.64,9,86,9329,74
9,0,6,CDG,FRA,B777,SkyMind,0.03,22,37,4545,55
13,1,8,SYD,CDG,B777,PacificAir,0.59,24,79,13786,108
1,0,2,FRA,BOM,B777,EuroWings,0.94,20,77,6815,103
2,0,3,LAX,CDG,A320,AsiaJet,0.58,28,28,6124,98
8,5,11,BOM,LHR,A320,EuroWings,0.39,25,25,4658,90
10,1,9,CDG,SIN,A380,AsiaJet,0.64,19,34,11511,80
10,5,5,SIN,DXB,A350,SkyMind,0.46,23,78,4611,88
21,5,5,FRA,SYD,A350,SkyMind,0.55,24,66,7334,117
9,6,9,LAX,BOM,B737,AsiaJet,0.94,12,86,9533,98
13,5,10,SYD,FRA,A320,PacificAir,0.39,22,28,4451,67
8,3,3,NRT,LHR,A350,PacificAir,0.96,13,33,5720,91
19,0,4,LHR,FRA,A350,PacificAir,0.91,22,40,4558,114
20,6,7,LAX,NRT,B777,AeroGulf,0.2,4,40,3747,36
9,6,2,SYD,BOM,B777,PacificAir,0.07,3,22,1716,13
21,0,8,LAX,BOM,B777,SkyMind,0.1,13,70,6592,45
8,6,5,LAX,NRT,B787,AeroGulf,0.02,9,2,8480,12
4,0,1,FRA,BOM,A350,PacificAir,0.09,16,57,9590,44
7,3,3,NRT,CDG,B777,SkyMind,0.68,9,31,6086,67
10,2,9,SYD,NRT,B777,AeroGulf,0.07,25,30,7576,49
0,6,5,NRT,SIN,A320,SkyMind,0.32,6,81,8440,48
20,4,8,JFK,NRT,A380,AsiaJet,0.84,15,42,2722,99
9,4,1,FRA,SIN,B777,SkyMind,0.02,0,6,9949,0
0,3,7,BOM,DXB,A320,AeroGulf,0.81,16,0,8479,62
21,0,7,BOM,JFK,B737,PacificAir,0.28,20,60,2014,69
6,4,8,LAX,BOM,B777,AeroGulf,0.12,28,13,9108,54
13,3,3,CDG,SYD,A380,PacificAir,0.7,8,51,13238,60
4,5,1,LHR,SYD,A320,PacificAir,0.63,5,5,3383,49
16,1,11,JFK,JFK,A380,EuroWings,0.88,18,9,4326,75
21,4,9,FRA,LAX,B777,AsiaJet,0.74,12,70,13067,104
20,1,1,CDG,CDG,B737,EuroWings,0.8,2,89,4839,90
5,0,11,DXB,BOM,B777,AeroGulf,0.28,6,29,1174,34
15,4,6,LHR,BOM,A320,EuroWings,0.18,21,20,6789,44
10,3,9,BOM,JFK,B737,PacificAir,0.75,8,59,602,79
9,2,2,BOM,SIN,B737,AeroGulf,0.81,21,80,11049,117
14,4,4,CDG,CDG,B737,EuroWings,0.99,4,73,4493,94
6,4,2,JFK,LHR,B787,SkyMind,0.41,9,62,12719,61
22,4,4,LHR,SYD,A320,AsiaJet,0.37,22,41,4208,72
1,4,2,CDG,LHR,B787,SkyMind,0.78,16,50,12904,85
11,3,12,DXB,NRT,A380,AeroGulf,0.34,11,63,1995,59
18,3,1,FRA,SIN,B737,EuroWings,0.93,22,75,13550,102
11,2,11,CDG,LAX,B787,PacificAir,0.86,15,55,3892,103
15,3,3,LAX,LHR,B777,EuroWings,0.43,2,79,12198,62
5,3,8,SYD,SYD,B787,AeroGulf,0.75,29,40,8037,98
2,0,5,LAX,SYD,A350,AeroGulf,0.75,24,31,3285,108
1,6,4,LHR,SYD,A380,AeroGulf,0.1,21,14,6319,43
19,0,5,NRT,DXB,B737,AeroGulf,0.9,8,61,10926,82
4,6,6,LAX,BOM,B737,EuroWings,0.51,28,26,4159,89
10,1,6,SYD,LHR,A380,SkyMind,0.83,14,27,5380,84
2,2,5,LAX,NRT,A380,PacificAir,0.32,4,80,6088,60
2,6,12,CDG,LHR,A320,PacificAir,0.9,22,63,12424,108
21,0,11,SYD,NRT,B777,AsiaJet,0.39,12,58,5302,68
4,2,12,FRA,SYD,A380,AeroGulf,0.01,13,57,5391,40
21,2,6,NRT,CDG,A380,AeroGulf,0.91,19,1,13260,87
22,4,9,CDG,NRT,A320,AeroGulf,0.09,14,35,4025,25
10,5,5,DXB,SIN,A380,SkyMind,0.32,15,70,4017,66
2,5,6,DXB,BOM,B787,AeroGulf,0.95,22,12,5277,108
12,5,4,LHR,BOM,A350,AsiaJet,0.95,12,14,4689,74
20,2,3,SIN,DXB,A350,AsiaJet,0.57,16,88,13523,88
7,4,12,LAX,FRA,A350,SkyMind,0.63,22,86,7433,101
19,1,6,SYD,LHR,A380,AeroGulf,0.45,7,59,6637,51
9,1,11,CDG,JFK,A350,EuroWings,0.29,20,21,11221,38
1,5,11,DXB,DXB,B777,EuroWings,0.33,1,62,6754,44
3,1,5,NRT,JFK,B787,PacificAir,0.67,4,89,2413,82
17,4,4,SIN,FRA,A350,SkyMind,0.75,5,74,11149,81
18,5,5,NRT,BOM,B737,EuroWings,0.79,11,73,7835,91
3,6,7,LAX,SIN,A380,PacificAir,0.79,17,24,1650,82
19,6,1,JFK,SYD,B787,AsiaJet,0.09,29,47,12550,75
8,4,1,SIN,SYD,B777,PacificAir,0.49,21,42,4637,76
15,1,11,BOM,NRT,A350,AeroGulf,0.06,21,37,4636,45
5,5,1,JFK,DXB,B777,AeroGulf,0.55,0,40,8229,46
3,6,2,JFK,FRA,A380,AsiaJet,0.44,29,44,2010,92
8,4,9,LAX,SIN,A350,SkyMind,0.89,16,87,12662,123
12,3,5,NRT,SYD,B737,AeroGulf,0.35,29,39,4415,75
8,6,9,FRA,NRT,B787,AeroGulf,0.12,10,16,6825,29
5,3,5,DXB,LHR,B737,PacificAir,0.14,9,87,3752,59
20,4,7,SYD,BOM,A350,PacificAir,0.76,18,56,12441,87
18,4,6,SYD,LHR,A320,PacificAir,0.62,13,1,9435,57
13,0,2,CDG,BOM,B787,EuroWings,0.1,25,61,11457,56
20,6,3,CDG,LHR,B777,AsiaJet,0.08,9,87,4438,38
14,0,5,JFK,NRT,A350,SkyMind,0.7,14,8,3011,69
2,2,4,JFK,SIN,B737,PacificAir,0.07,27,67,1573,68
4,6,11,FRA,DXB,A380,SkyMind,0.82,18,80,11909,109
20,5,6,LAX,BOM,A320,PacificAir,0.71,3,16,13085,53
17,2,8,DXB,FRA,A380,AeroGulf,0.08,1,49,2692,18
13,2,8,SYD,JFK,A350,SkyMind,0.08,8,39,8707,32
15,1,3,FRA,SIN,B777,EuroWings,0.99,9,57,7883,85
13,3,4,SYD,SIN,B737,PacificAir,0.37,27,74,12245,103
8,1,1,BOM,NRT,B787,AsiaJet,0.37,10,84,5671,59
14,5,2,CDG,JFK,A320,AeroGulf,0.81,13,20,8798,74
6,4,9,BOM,LAX,A350,PacificAir,0.95,6,17,4814,64
13,0,12,DXB,SIN,A350,SkyMind,0.99,22,54,6980,118
5,5,10,DXB,FRA,A350,PacificAir,0.75,14,28,11660,74
20,4,10,LAX,SIN,A350,AeroGulf,0.38,21,23,13158,59
14,5,2,SIN,CDG,B737,AsiaJet,0.08,18,73,11737,67
19,4,12,JFK,BOM,B787,AsiaJet,0.78,21,16,3357,84
7,6,6,CDG,SYD,B777,AsiaJet,0.56,14,17,4849,65
1,0,7,FRA,SIN,A320,AeroGulf,0.42,29,41,1928,77
7,4,6,LAX,SIN,A350,PacificAir,0.91,27,83,7223,117
0,2,8,FRA,NRT,A380,AeroGulf,0.11,23,44,10700,59
16,5,9,SIN,FRA,A350,AeroGulf,0.49,7,81,7279,69
18,0,8,LAX,NRT,B787,PacificAir,0.01,10,16,11793,27
4,4,5,NRT,DXB,B787,EuroWings,0.47,28,72,13772,98
21,2,8,SYD,BOM,B737,AsiaJet,0.06,8,13,12328,22
19,2,10,JFK,FRA,B737,SkyMind,0.12,14,48,12163,34
15,6,10,JFK,NRT,A380,SkyMind,0.12,0,28,8356,33
6,3,9,JFK,JFK,A380,PacificAir,0.65,29,3,11723,82
6,2,8,BOM,JFK,B737,SkyMind,0.75,0,81,7800,82
17,1,2,CDG,SIN,A320,EuroWings,0.58,18,19,7145,62
17,0,2,LAX,SYD,A380,AeroGulf,0.96,2,46,8170,81
1,0,12,LAX,NRT,B737,AsiaJet,0.37,9,8,3421,28
14,0,3,BOM,DXB,A350,SkyMind,0.29,7,76,8666,61
13,4,7,DXB,NRT,B737,SkyMind,0.87,14,78,7744,101
17,5,9,CDG,NRT,A320,PacificAir,0.22,9,26,13137,37
8,4,8,SIN,CDG,B737,PacificAir,0.96,0,14,1378,68
13,1,9,SIN,SYD,B737,AeroGulf,0.01,28,18,11204,39
4,5,6,JFK,NRT,A350,AsiaJet,0.97,17,89,9002,113
10,6,1,LAX,LHR,A380,SkyMind,0.04,1,51,9806,27
7,2,12,LHR,LHR,A350,AeroGulf,0.89,18,25,1821,107
4,4,4,DXB,SIN,A350,AsiaJet,0.53,12,88,12088,83
10,5,6,FRA,DXB,B737,AeroGulf,0.99,21,25,4875,105
4,2,12,JFK,SYD,A350,SkyMind,0.07,0,25,9658,13
16,5,6,SIN,DXB,B787,PacificAir,0.55,1,45,11881,68
21,2,8,SIN,JFK,B777,PacificAir,0.97,28,48,9386,105
3,5,1,CDG,FRA,B777,PacificAir,0.52,15,81,5505,86
14,4,11,DXB,SYD,A350,EuroWings,0.63,14,52,11306,66
18,4,2,DXB,CDG,A380,AeroGulf,0.7,12,2,8962,40
21,1,2,LHR,SYD,A320,SkyMind,0.45,15,65,6136,77
1,6,6,SIN,NRT,A350,AeroGulf,0.63,16,41,5720,79
23,6,11,SYD,BOM,A380,PacificAir,0.58,20,18,10103,69
16,3,7,CDG,CDG,A350,AeroGulf,0.9,28,16,3527,101
11,0,2,LAX,SIN,B737,AsiaJet,0.05,28,32,3624,82
23,4,5,SYD,DXB,A380,AeroGulf,0.28,6,75,2253,53
16,4,6,NRT,LHR,A320,EuroWings,0.95,23,48,13628,114
9,2,4,CDG,CDG,A350,EuroWings,0.89,25,55,10513,107
17,3,1,FRA,SIN,B787,PacificAir,0.46,16,62,8686,78
18,6,3,LAX,JFK,A380,SkyMind,0.62,6,2,5599,45
17,4,10,DXB,SYD,B777,AsiaJet,0.28,12,48,4835,50
12,5,9,LAX,SYD,A380,SkyMind,0.19,4,54,3785,53
13,6,6,CDG,LHR,B787,SkyMind,0.46,25,25,9052,84
23,3,2,SIN,BOM,B787,AsiaJet,0.35,16,71,12127,74
15,0,9,NRT,DXB,B787,EuroWings,0.58,2,51,9425,39
17,5,4,DXB,FRA,A320,PacificAir,0.08,6,6,1351,13
17,2,11,SYD,SYD,A320,AeroGulf,0.97,25,45,1359,135
15,1,8,BOM,FRA,A380,EuroWings,0.99,16,45,13488,99
16,5,10,NRT,DXB,A320,PacificAir,0.7,6,15,1850,65
6,6,7,LHR,JFK,B777,EuroWings,0.54,20,23,12776,83
11,0,12,BOM,JFK,B737,AsiaJet,0.31,0,60,11575,44
1,5,11,FRA,FRA,A380,SkyMind,0.81,16,53,12239,87
9,3,3,SYD,LHR,A350,AsiaJet,0.68,29,61,5418,89
4,3,8,FRA,FRA,A350,AeroGulf,0.16,16,0,6230,39
20,0,4,LAX,NRT,A380,AsiaJet,0.91,10,48,12884,82
2,6,2,SIN,SIN,B737,SkyMind,0.82,24,24,826,96
18,3,11,LAX,CDG,A350,EuroWings,0.95,26,9,2620,89
12,5,5,SIN,LHR,A380,PacificAir,0.73,28,79,1493,115
11,1,1,JFK,SIN,A380,AeroGulf,0.61,2,15,5875,45
2,5,8,JFK,SYD,B787,EuroWings,0.42,14,57,2266,71
5,1,8,FRA,DXB,B777,PacificAir,0.93,28,71,13781,117
13,3,3,LHR,JFK,A350,SkyMind,0.87,20,28,13120,102
3,5,1,FRA,DXB,B777,AsiaJet,0.05,10,5,9872,15
12,3,4,JFK,LHR,A380,EuroWings,0.03,25,15,2464,31
18,6,9,BOM,LAX,B737,PacificAir,0.38,27,19,7101,70
17,1,9,BOM,FRA,A380,PacificAir,0.81,15,79,3281,102
2,6,1,LHR,NRT,A350,AsiaJet,0.99,24,70,7519,124
19,3,11,LHR,SIN,B777,EuroWings,0.15,21,77,3405,82
5,4,7,LHR,SIN,B787,EuroWings,0.59,27,42,8790,90
15,2,6,FRA,BOM,B787,SkyMind,0.38,8,25,11471,43
19,5,7,SYD,JFK,A380,EuroWings,0.97,23,89,743,119
23,4,7,CDG,SIN,B737,AsiaJet,0.84,23,77,4537,122
2,6,8,DXB,LHR,A320,EuroWings,0.84,0,70,8438,79
11,3,8,LHR,CDG,A350,SkyMind,0.47,28,32,10192,79
18,3,10,DXB,LAX,A380,PacificAir,0.41,24,25,5994,55
18,2,11,SYD,SIN,B787,EuroWings,0.27,21,44,3209,76
23,3,2,CDG,CDG,B787,AsiaJet,0.06,15,83,11745,49
3,2,12,LHR,SIN,B737,EuroWings,0.86,8,62,13154,83
0,5,12,LHR,LHR,B787,AeroGulf,0.81,18,66,11918,104
1,1,12,LHR,CDG,A350,SkyMind,1.0,11,51,8201,87
12,2,4,BOM,SYD,B737,PacificAir,1.0,18,67,8295,101
12,2,4,SYD,SIN,B777,AeroGulf,0.56,21,25,7588,58
1,4,11,DXB,SYD,B737,AsiaJet,0.77,8,74,1547,93
18,3,10,SIN,BOM,A350,EuroWings,0.94,6,1,4878,61
21,5,12,SIN,JFK,A350,SkyMind,0.85,13,13,10007,99
23,1,8,SYD,LHR,B777,EuroWings,0.25,28,29,10078,60
15,0,3,LHR,NRT,A380,EuroWings,0.45,18,48,7044,65
11,6,12,SIN,LHR,B737,EuroWings,0.13,18,11,7211,34
0,2,12,DXB,FRA,A350,EuroWings,0.95,1,89,7721,96
8,0,3,SIN,NRT,A350,SkyMind,0.61,8,43,12612,62
16,3,2,DXB,FRA,B777,AeroGulf,0.23,12,32,10429,49
9,6,1,LHR,CDG,A320,AsiaJet,0.67,14,12,9113,58
17,2,8,LHR,BOM,B737,AeroGulf,0.62,2,77,7492,59
18,0,9,FRA,CDG,A350,SkyMind,0.36,10,87,8562,57
6,4,9,JFK,SIN,B787,AsiaJet,0.11,20,25,4301,28
18,0,11,BOM,JFK,B777,PacificAir,0.67,13,20,5862,63
23,6,8,CDG,LHR,A320,AeroGulf,0.52,29,27,5973,83
14,4,5,CDG,DXB,A320,SkyMind,0.77,24,47,10103,95
8,6,1,LAX,LHR,B777,SkyMind,0.52,7,39,11941,67
9,1,9,BOM,LHR,A320,SkyMind,0.85,17,65,5070,112
22,3,6,LHR,NRT,A350,AsiaJet,0.55,18,72,2952,86
19,5,12,CDG,LAX,A320,EuroWings,0.56,15,86,2583,76
19,0,7,DXB,DXB,B737,PacificAir,0.88,1,78,13145,80
3,2,8,LAX,SIN,B787,AsiaJet,0.4,7,76,13345,60
5,6,5,SIN,FRA,A350,AsiaJet,0.13,21,22,12370,42
3,6,6,SIN,SYD,B777,AeroGulf,0.03,5,80,10042,35
4,3,12,LAX,FRA,B787,PacificAir,0.76,11,47,5663,75
8,0,7,JFK,JFK,A380,SkyMind,0.62,14,1,11059,55
11,2,7,NRT,BOM,A350,AsiaJet,0.7,24,83,5333,106
22,2,2,DXB,JFK,B787,PacificAir,0.21,7,19,7301,32
7,6,11,CDG,BOM,A320,AeroGulf,0.14,3,58,3840,38
20,5,12,JFK,LHR,A380,EuroWings,0.01,14,45,11264,32
4,6,1,DXB,NRT,B777,PacificAir,0.35,27,2,12812,72
10,5,8,FRA,SIN,B777,SkyMind,0.59,19,54,4344,77
22,6,5,CDG,LAX,B737,AsiaJet,0.39,24,11,1139,50
10,6,10,FRA,JFK,A320,EuroWings,0.44,16,39,10266,69
12,2,2,LHR,NRT,B737,AeroGulf,0.9,12,65,11920,91
13,5,3,BOM,FRA,B737,SkyMind,0.35,17,77,13996,79
7,2,6,LHR,LAX,A320,EuroWings,0.51,1,15,12961,18
17,0,10,SIN,CDG,A350,AeroGulf,0.78,12,82,8596,108
18,6,6,JFK,LHR,A380,SkyMind,0.4,12,33,8651,60
11,1,8,LAX,DXB,B737,AsiaJet,0.62,21,43,8877,73
11,5,5,LHR,DXB,B787,AeroGulf,0.86,14,5,5900,62
17,4,5,JFK,SYD,A380,EuroWings,0.95,19,76,13788,129
9,4,7,SYD,LHR,A350,SkyMind,0.15,28,63,1818,70
6,4,10,SIN,SYD,A320,PacificAir,0.93,26,21,9219,96
17,1,5,CDG,DXB,B777,SkyMind,0.49,9,17,3759,31
11,2,9,JFK,SIN,A350,EuroWings,0.26,28,11,3983,59
13,2,6,DXB,FRA,B737,EuroWings,0.46,2,51,3519,49
14,3,7,CDG,SIN,B787,PacificAir,0.98,18,50,5279,111
15,4,12,SIN,NRT,A380,EuroWings,0.49,2,70,10925,49
1,4,8,LHR,FRA,A320,SkyMind,0.33,21,47,10259,57
17,2,5,SYD,DXB,B777,AeroGulf,0.63,13,18,9266,68
11,4,11,FRA,SYD,A380,SkyMind,0.24,7,5,10726,34
15,2,4,NRT,LHR,B787,EuroWings,0.08,26,83,1824,64
12,6,12,CDG,LHR,B777,PacificAir,0.13,22,26,4904,59
19,6,8,CDG,BOM,A320,PacificAir,0.13,29,52,9904,72
16,2,12,LAX,LAX,A380,AsiaJet,0.15,3,47,6437,41
17,5,10,LHR,CDG,A350,PacificAir,0.14,26,6,1934,49
2,2,9,CDG,DXB,B737,PacificAir,0.64,27,58,9229,81
22,0,1,LAX,DXB,A320,EuroWings,0.18,19,68,8054,65
9,0,3,SIN,SYD,B787,AeroGulf,0.35,10,10,5453,48
0,0,12,CDG,BOM,A350,AeroGulf,0.9,25,14,10266,89
5,0,4,SYD,JFK,A380,EuroWings,0.47,10,63,8884,65
2,1,7,DXB,LAX,B777,PacificAir,0.67,26,2,9878,78
18,3,6,NRT,SIN,A350,SkyMind,0.17,29,68,12840,57
3,3,10,SIN,SIN,A350,AeroGulf,0.19,10,22,9166,48
19,2,10,FRA,JFK,B787,EuroWings,0.04,1,52,4769,17
22,6,11,LHR,BOM,B737,SkyMind,0.17,29,36,7878,72
2,4,1,LHR,LAX,A350,PacificAir,0.28,16,8,10505,43
7,0,4,LHR,DXB,A350,EuroWings,0.18,8,14,13487,38
7,3,6,SYD,LHR,B737,AeroGulf,0.09,27,2,2937,49
6,3,3,SIN,DXB,B737,SkyMind,0.12,27,69,12071,73
1,0,2,CDG,SIN,B777,SkyMind,0.46,1,16,5052,28
20,6,2,SYD,FRA,A380,AeroGulf,0.21,28,25,1854,70
5,1,10,LAX,SYD,B777,SkyMind,0.36,23,20,3900,49
15,1,12,LHR,SYD,B737,AeroGulf,0.5,14,71,7696,84
9,3,12,FRA,CDG,A320,EuroWings,0.69,15,20,4254,63
3,1,4,LAX,NRT,B737,AsiaJet,0.04,24,10,6765,52
12,5,1,NRT,SIN,B777,PacificAir,0.8,3,37,12221,68
9,0,10,CDG,BOM,B787,EuroWings,0.63,7,71,658,81
20,6,2,CDG,SYD,B787,PacificAir,0.08,8,87,7241,52
13,3,10,JFK,FRA,A380,PacificAir,0.87,25,34,2337,89
8,0,2,FRA,DXB,A350,AeroGulf,0.92,25,13,5111,91
10,1,4,SYD,CDG,B787,AsiaJet,0.06,4,13,1525,20
22,0,4,SYD,LHR,B777,PacificAir,0.28,15,9,8312,44
17,1,1,BOM,SIN,B787,PacificAir,0.81,12,11,7746,80
10,6,7,NRT,NRT,A320,EuroWings,0.75,29,37,1158,106
16,1,7,LHR,BOM,B737,AsiaJet,0.18,6,33,1177,25
1,0,10,JFK,CDG,B737,AsiaJet,0.21,25,40,13102,59
2,6,11,LAX,LHR,B777,PacificAir,0.37,19,9,4546,55
10,1,10,CDG,NRT,A350,AsiaJet,0.48,16,16,4321,40
17,5,10,BOM,NRT,B737,EuroWings,0.62,2,16,2875,59
2,2,1,BOM,CDG,B787,AeroGulf,0.37,4,66,775,58
14,0,11,NRT,DXB,A320,PacificAir,0.46,18,61,7359,88
10,2,8,DXB,BOM,A350,SkyMind,0.75,11,0,13239,48
10,0,10,CDG,JFK,A350,PacificAir,0.04,28,11,2088,58
19,1,7,SYD,NRT,A350,PacificAir,0.25,26,3,5081,73
10,1,7,LAX,SYD,B737,AeroGulf,0.71,6,41,13918,57
18,6,11,LHR,JFK,A380,SkyMind,0.9,27,12,13354,105
0,3,6,LHR,FRA,A350,SkyMind,0.51,8,84,745,76
4,5,12,FRA,CDG,B777,SkyMind,0.53,27,85,9580,93
9,3,4,DXB,NRT,B787,AeroGulf,0.11,5,3,10903,19
9,2,11,NRT,SYD,A380,AsiaJet,0.45,28,81,12717,108
13,1,8,LHR,FRA,A320,SkyMind,0.53,25,68,7170,91
1,3,2,JFK,JFK,B787,AsiaJet,0.24,16,18,8692,54
3,1,7,LHR,LHR,B777,EuroWings,0.27,15,1,11602,25
1,0,3,SIN,SIN,B777,AeroGulf,0.38,22,11,2684,48
17,3,3,JFK,JFK,A380,AsiaJet,0.02,2,80,12938,37
12,2,7,LAX,SIN,B787,SkyMind,0.32,20,73,3751,78
18,6,12,FRA,SYD,B737,SkyMind,0.21,25,5,6363,46
4,3,3,LHR,NRT,B777,AsiaJet,0.33,3,7,3551,33
19,1,5,SYD,SIN,A350,AsiaJet,0.12,9,50,10202,44
1,4,8,JFK,CDG,A320,EuroWings,0.89,4,10,4271,70
10,4,4,FRA,SYD,A320,AeroGulf,0.59,20,62,9820,89
17,6,7,BOM,NRT,B777,PacificAir,0.68,21,56,13786,99
5,6,7,SIN,SYD,A350,EuroWings,0.79,29,11,9389,91
22,5,2,SIN,JFK,B787,EuroWings,0.5,9,72,9780,88
9,6,8,LAX,SYD,A320,EuroWings,0.09,11,1,2919,15
21,1,10,JFK,JFK,A350,SkyMind,0.54,9,7,7896,65
22,0,12,SYD,CDG,A350,AsiaJet,0.59,28,10,3128,81
16,3,10,DXB,BOM,B737,AeroGulf,0.75,12,52,7809,72
21,6,9,SYD,CDG,B777,SkyMind,0.43,10,9,12481,55
10,4,6,FRA,FRA,A350,EuroWings,0.13,21,84,1185,73
18,0,5,LHR,JFK,B787,AeroGulf,0.28,15,83,3256,79
16,1,1,CDG,NRT,A320,SkyMind,0.36,7,7,5523,44
23,0,1,LAX,LAX,B737,PacificAir,0.65,7,35,10534,66
3,1,9,CDG,BOM,B787,EuroWings,0.57,26,75,10424,98
23,5,4,JFK,CDG,A320,SkyMind,0.36,24,13,5335,70
13,3,1,DXB,LAX,B777,SkyMind,0.99,7,53,13058,91
19,0,11,SIN,LHR,B787,EuroWings,0.61,12,84,2472,93
3,3,10,SIN,LAX,A320,PacificAir,0.24,26,85,1210,70
13,0,12,BOM,FRA,B737,AsiaJet,0.1,1,20,9016,19
3,1,3,FRA,FRA,A320,PacificAir,0.15,29,49,5585,66
5,1,6,FRA,CDG,A350,EuroWings,0.25,29,38,6146,86
8,0,11,SYD,LAX,B737,AsiaJet,0.16,11,19,5393,38
20,5,11,FRA,SIN,B787,SkyMind,0.19,9,87,11659,61
11,1,8,SYD,NRT,A380,PacificAir,0.29,11,86,12491,72
7,2,10,SYD,LHR,B777,PacificAir,0.17,10,6,3094,19
23,2,2,LHR,JFK,B737,AsiaJet,0.9,14,8,1592,91
3,3,8,LAX,DXB,B737,SkyMind,0.08,15,0,3455,43
4,6,1,CDG,SIN,B737,PacificAir,0.52,16,25,8903,68
5,2,11,LHR,LHR,A320,AsiaJet,0.41,25,37,10273,89
4,2,2,DXB,LHR,A350,PacificAir,0.98,1,37,12523,70
18,5,8,DXB,DXB,A380,SkyMind,0.11,17,60,10135,49
7,5,7,DXB,FRA,B777,SkyMind,0.4,11,43,4643,58
8,6,5,SIN,LHR,B777,AeroGulf,0.97,18,85,13018,122
14,4,10,SIN,SIN,A350,AsiaJet,0.87,25,43,9270,103
3,6,2,LAX,CDG,A320,EuroWings,0.82,22,73,8144,115
8,4,9,DXB,SYD,A320,PacificAir,0.26,17,61,3497,67
6,5,5,JFK,SYD,A350,SkyMind,0.17,29,5,5708,47
7,4,8,JFK,SYD,A350,PacificAir,0.67,16,16,10446,74
14,5,4,BOM,SIN,B787,PacificAir,0.93,29,50,3479,126
18,4,9,LHR,NRT,A320,EuroWings,0.56,5,37,4105,57
14,1,10,CDG,JFK,B737,SkyMind,0.57,24,23,921,88
4,5,7,SIN,DXB,B777,AeroGulf,0.28,14,50,1110,48
18,6,2,FRA,BOM,A320,AsiaJet,0.77,2,9,9137,56
6,3,3,CDG,FRA,A350,PacificAir,0.19,5,71,9652,37
5,3,2,NRT,SYD,B737,EuroWings,0.32,2,20,630,21
18,5,5,LAX,LAX,B787,EuroWings,0.43,29,69,3147,91
16,2,2,LAX,FRA,A380,AsiaJet,0.51,28,84,12771,98
9,3,5,DXB,SIN,B787,AsiaJet,0.24,0,56,7173,32
18,6,9,JFK,NRT,B737,SkyMind,0.11,29,38,11126,63
10,2,2,DXB,NRT,B737,PacificAir,0.61,12,87,4229,96
14,3,9,CDG,SYD,A350,PacificAir,0.29,27,32,4931,68
9,0,7,JFK,LAX,A380,AsiaJet,0.58,20,58,13928,75
10,0,7,DXB,BOM,A350,AeroGulf,0.15,25,17,1524,62
22,5,5,CDG,SYD,B777,PacificAir,0.48,13,55,10344,63
2,6,8,NRT,DXB,A380,EuroWings,0.53,12,56,7539,71
2,6,7,BOM,FRA,A380,AsiaJet,0.05,26,75,1037,75
17,3,6,LHR,CDG,B777,PacificAir,0.34,3,47,5091,45
10,1,2,BOM,FRA,B787,SkyMind,0.13,6,41,3583,41
19,2,6,NRT,LAX,B737,AsiaJet,0.06,21,26,1007,49
21,3,2,BOM,SYD,B787,EuroWings,0.99,9,73,4424,95
17,5,1,FRA,DXB,A350,SkyMind,0.32,6,51,9372,66
14,2,9,SIN,LAX,A320,AsiaJet,0.81,20,41,3112,96
6,4,5,SIN,JFK,A350,AsiaJet,0.25,14,31,5376,47
9,5,10,FRA,LAX,A320,PacificAir,0.68,14,25,9451,79
20,3,10,SIN,SIN,B737,SkyMind,0.76,3,24,4723,61
22,1,4,CDG,LAX,B737,AsiaJet,0.6,22,74,3647,101
19,4,12,SIN,BOM,A380,EuroWings,0.47,22,22,2693,89
9,5,11,LAX,SYD,B737,SkyMind,0.41,5,56,8582,52
12,3,8,LAX,SIN,B777,PacificAir,0.35,23,51,3046,73
14,0,5,JFK,LAX,B777,AeroGulf,0.93,19,86,5561,119
22,6,7,SYD,SIN,A320,AsiaJet,0.83,25,30,5155,107
17,3,3,NRT,DXB,B787,AeroGulf,0.97,4,63,1722,77
22,0,8,LAX,CDG,A380,AsiaJet,0.12,19,70,8250,47
3,0,8,LHR,SIN,B787,PacificAir,0.73,11,32,5519,68
19,5,3,JFK,FRA,A320,PacificAir,0.94,0,84,4074,76
16,3,9,FRA,JFK,B777,PacificAir,0.18,27,1,6223,48
2,6,8,NRT,NRT,A350,PacificAir,0.07,7,17,7046,25
20,3,1,NRT,JFK,A380,SkyMind,0.74,0,46,3523,55
20,0,8,FRA,LAX,A320,SkyMind,0.57,4,32,3780,41
1,2,12,SYD,CDG,B787,AsiaJet,0.84,21,83,9763,115
3,4,11,BOM,JFK,A320,SkyMind,0.14,5,34,1040,36
0,1,4,BOM,NRT,A320,AsiaJet,0.8,28,50,13987,96
14,3,6,DXB,BOM,B737,SkyMind,0.2,20,17,1010,55
0,4,10,DXB,BOM,B777,SkyMind,0.16,2,87,6662,53
5,4,9,JFK,CDG,A380,SkyMind,0.16,14,71,13142,66
6,2,5,DXB,NRT,B737,EuroWings,0.81,4,29,7202,75
18,4,7,DXB,NRT,B777,PacificAir,0.67,27,43,844,115
11,3,1,FRA,DXB,A320,EuroWings,0.52,23,52,5679,83
0,5,9,BOM,LHR,B777,SkyMind,0.36,13,9,8583,45
6,5,6,DXB,SIN,B787,SkyMind,0.88,17,86,6872,109
18,4,11,LAX,CDG,A380,EuroWings,0.39,15,51,12934,66
12,3,4,LHR,SYD,B737,AsiaJet,0.82,5,48,12061,88
11,3,6,LAX,DXB,A380,PacificAir,0.44,24,10,12514,55
11,0,5,SYD,BOM,A320,AsiaJet,0.38,23,65,11071,76
21,2,3,LAX,DXB,B787,PacificAir,0.46,13,57,2980,80
12,6,7,JFK,LAX,B777,AeroGulf,0.3,26,89,9090,100
13,1,3,DXB,SIN,B777,PacificAir,0.75,23,35,6319,90
21,6,2,DXB,SYD,B787,AsiaJet,0.5,7,32,12098,60
11,0,4,FRA,CDG,B777,PacificAir,0.23,28,46,11972,76
19,1,7,CDG,LAX,B737,AeroGulf,0.9,6,12,13374,79
11,6,5,SYD,LHR,A350,AeroGulf,0.38,7,39,12458,49
5,3,9,LAX,SYD,B777,SkyMind,0.54,12,88,7242,93
9,5,10,CDG,NRT,A320,AeroGulf,0.91,5,67,9986,110
19,0,7,NRT,SYD,B777,EuroWings,0.62,17,41,11943,83
23,6,12,LHR,DXB,A380,AsiaJet,0.12,1,18,7400,16
8,4,9,LHR,FRA,A320,EuroWings,0.94,7,81,6138,105
1,4,9,BOM,LAX,B777,EuroWings,0.63,10,18,6400,57
6,1,12,DXB,DXB,B777,AsiaJet,0.33,0,57,12201,61
8,3,2,BOM,NRT,A320,EuroWings,0.14,21,22,10727,50
11,5,1,FRA,BOM,B737,EuroWings,0.79,28,53,6023,108
4,1,11,SYD,DXB,A350,EuroWings,0.62,5,79,13525,69
0,6,4,SYD,SYD,A350,AeroGulf,0.53,15,64,4349,88
21,6,4,NRT,LHR,B737,AsiaJet,0.89,26,11,2277,103
14,5,2,JFK,SYD,B777,AsiaJet,0.79,19,23,9071,81
7,6,3,SYD,SYD,A350,AsiaJet,0.15,11,33,4263,43
0,2,3,SYD,LAX,B737,EuroWings,0.31,10,52,13991,42
17,5,5,SYD,CDG,B737,AeroGulf,0.25,28,7,10353,61
12,4,1,LHR,SIN,A350,AsiaJet,0.74,26,17,3558,93
0,6,9,JFK,SYD,A320,PacificAir,0.03,28,56,9998,79
4,6,8,JFK,SYD,B787,AsiaJet,0.57,9,4,2965,43
17,0,8,SIN,SIN,A320,SkyMind,0.76,2,25,4951,48
15,0,3,LAX,LHR,B777,PacificAir,0.88,12,29,515,75
9,0,2,FRA,LAX,A320,AsiaJet,0.34,26,53,4910,69
3,5,1,DXB,BOM,A380,EuroWings,0.82,2,12,3080,67
0,4,12,SYD,NRT,B787,AsiaJet,0.11,14,82,5635,72
22,5,6,SYD,NRT,B787,AeroGulf,0.85,15,28,8448,87
7,3,10,SIN,DXB,B737,AeroGulf,0.13,28,2,3092,60
4,4,1,DXB,LAX,A380,AsiaJet,0.4,12,89,5289,78
1,4,11,JFK,FRA,B777,EuroWings,0.8,16,57,8760,94
23,5,5,NRT,BOM,B737,EuroWings,0.15,2,75,9102,39
16,5,9,LHR,NRT,A320,EuroWings,0.23,19,1,11815,40
6,0,11,SYD,FRA,A320,AsiaJet,0.72,10,74,7732,75
16,4,9,FRA,CDG,A350,AsiaJet,0.72,26,27,11551,95
5,0,12,FRA,FRA,B737,SkyMind,0.64,20,81,8593,100
21,3,4,SYD,FRA,A380,AeroGulf,0.69,18,76,1418,104
14,2,7,FRA,BOM,B737,PacificAir,0.54,21,85,5335,98
4,0,11,NRT,CDG,B737,PacificAir,0.25,10,75,10182,58
14,5,7,FRA,FRA,B737,AeroGulf,0.35,29,1,12497,57
17,6,4,CDG,SIN,B787,SkyMind,0.18,27,6,3843,54
17,1,5,DXB,JFK,A350,AeroGulf,0.91,15,25,2986,93
20,2,11,SIN,SYD,B777,SkyMind,0.58,20,89,11269,91
20,3,9,SIN,LHR,B777,SkyMind,0.4,2,87,7373,62
22,6,7,BOM,SYD,B777,EuroWings,0.46,21,75,772,90
5,5,7,LHR,DXB,B787,AeroGulf,0.95,5,15,5054,64
1,2,10,DXB,FRA,A350,PacificAir,0.15,13,22,1319,32
16,5,7,SYD,NRT,A380,AsiaJet,0.59,23,39,5792,87
20,0,9,CDG,LAX,A350,AsiaJet,0.51,17,59,3115,70
3,6,5,NRT,DXB,B787,AeroGulf,0.61,16,72,13648,92
11,5,6,BOM,BOM,A380,AsiaJet,0.02,3,31,6569,10
18,6,3,LHR,LAX,B737,SkyMind,0.87,22,14,6140,99
1,3,1,LHR,LAX,A320,AsiaJet,0.93,14,12,11236,100
1,1,11,LAX,BOM,B737,SkyMind,0.57,10,4,4484,43
13,0,12,DXB,SIN,B777,SkyMind,0.7,25,74,5390,113
14,0,2,CDG,SYD,B737,PacificAir,0.92,2,73,13592,81
19,6,8,JFK,DXB,B787,AsiaJet,0.71,2,51,8201,74
1,3,1,NRT,SYD,B777,PacificAir,0.15,15,76,5691,51
3,3,10,BOM,CDG,A320,AsiaJet,0.58,4,40,3481,60
18,2,7,SYD,NRT,A380,SkyMind,0.61,20,52,10582,80
8,1,5,SIN,DXB,A380,AsiaJet,0.42,28,49,3539,85
6,5,6,BOM,BOM,B777,PacificAir,0.74,9,14,5435,55
12,2,8,FRA,FRA,B737,EuroWings,0.93,18,6,11374,91
11,5,4,LHR,DXB,A350,PacificAir,0.93,24,39,1102,100
2,5,6,SYD,DXB,A350,EuroWings,0.45,3,27,7959,46
12,5,11,NRT,JFK,A380,AeroGulf,0.11,28,31,12629,58
14,2,3,CDG,BOM,A350,PacificAir,0.98,28,14,7919,105
13,0,7,JFK,BOM,B777,AsiaJet,0.84,18,84,10124,112
23,3,2,FRA,SYD,A350,EuroWings,0.12,10,69,13154,43
8,0,12,SYD,NRT,B787,AsiaJet,0.92,1,64,8947,83
12,1,8,SYD,BOM,A380,EuroWings,0.87,9,3,8192,79
22,2,7,LHR,LHR,A320,PacificAir,0.52,28,10,2987,70
21,1,12,DXB,BOM,A350,PacificAir,0.59,10,25,1858,69
3,3,12,FRA,LHR,B787,AsiaJet,0.4,24,60,12393,95
20,3,8,LHR,FRA,B787,PacificAir,0.05,19,36,11174,39
7,4,2,BOM,NRT,B777,AsiaJet,0.34,15,22,1189,40
2,1,3,FRA,SIN,A380,SkyMind,0.8,18,84,12224,111
1,0,12,JFK,DXB,B777,EuroWings,0.0,22,39,8999,44
18,6,4,SIN,NRT,A320,AsiaJet,0.33,23,76,6631,99
22,1,12,BOM,SYD,A320,EuroWings,0.4,10,22,10388,48
7,2,9,JFK,DXB,B737,SkyMind,0.54,13,15,3666,51
16,3,12,CDG,LHR,A320,EuroWings,0.92,1,60,9100,71
12,3,12,LHR,LAX,A380,AsiaJet,0.35,22,67,12643,89
6,1,5,JFK,NRT,A380,PacificAir,0.35,27,79,1325,88
8,1,6,DXB,SYD,B777,EuroWings,0.74,4,30,1691,62
11,5,1,LAX,LHR,B787,EuroWings,0.45,26,52,10826,94
13,1,4,SIN,SYD,B737,SkyMind,0.22,4,24,6147,24
13,5,4,CDG,SYD,A320,AeroGulf,0.45,18,43,7285,70
14,2,10,SYD,SYD,B787,PacificAir,0.14,20,11,11786,42
2,2,8,LHR,NRT,B777,AsiaJet,0.18,11,89,12885,68
14,0,8,BOM,LAX,A350,SkyMind,0.5,17,8,7313,63
18,1,10,LAX,LHR,B737,AsiaJet,0.42,3,11,10466,32
23,0,6,FRA,SIN,A380,AsiaJet,0.91,21,68,6141,113
19,6,8,LHR,LHR,B787,EuroWings,0.36,16,53,13108,63
13,4,9,NRT,BOM,B777,SkyMind,0.58,9,53,1033,57
7,2,5,LHR,DXB,B777,SkyMind,0.63,19,27,11559,79
4,3,1,NRT,LAX,B737,PacificAir,0.01,5,55,7010,45
18,5,1,SYD,NRT,B737,AeroGulf,0.66,24,68,1707,95
3,4,2,CDG,JFK,A320,AsiaJet,0.18,13,76,9108,54
13,3,2,SIN,SIN,A320,PacificAir,0.96,10,57,11468,88
15,4,5,LHR,DXB,A380,PacificAir,0.15,10,77,1737,60
19,0,7,SYD,JFK,A380,AsiaJet,0.41,28,74,5443,99
23,0,7,FRA,BOM,B737,EuroWings,0.09,17,41,5265,46
5,5,4,LAX,LHR,B737,EuroWings,1.0,26,37,10635,106
22,2,4,DXB,LHR,B787,AsiaJet,0.5,22,67,10872,90
5,6,11,JFK,LAX,A320,SkyMind,0.6,21,52,10792,75
2,5,10,SYD,NRT,B777,AeroGulf,0.07,17,32,5336,43
14,6,3,LAX,NRT,A320,EuroWings,0.75,23,70,12810,114
2,3,11,NRT,DXB,A320,AeroGulf,0.21,22,55,12366,57
10,4,2,SYD,CDG,B737,PacificAir,0.9,10,71,959,85
2,5,3,FRA,BOM,B737,PacificAir,0.21,20,50,9341,75
9,6,8,SYD,CDG,A320,AsiaJet,0.19,11,73,13269,52
17,1,1,SIN,SYD,A350,AsiaJet,0.04,4,42,619,34
0,1,4,NRT,SIN,A350,AsiaJet,0.47,22,14,5268,65
15,2,7,LHR,LHR,A380,EuroWings,0.56,8,37,10947,59
15,6,5,BOM,DXB,A320,AeroGulf,0.07,26,14,6480,52
9,5,2,DXB,CDG,A350,PacificAir,0.78,24,4,9009,77
0,3,1,LHR,LAX,A380,AeroGulf,0.45,8,82,6981,72
3,1,6,JFK,FRA,A380,EuroWings,0.52,21,53,6798,80
2,2,5,SYD,NRT,A320,AeroGulf,0.44,9,50,9559,49
4,5,3,CDG,LHR,A380,AeroGulf,0.4,21,9,3726,61
11,2,11,SYD,DXB,B737,AsiaJet,0.56,18,11,9085,62
11,3,11,NRT,JFK,B737,AeroGulf,0.16,0,3,3052,9
12,1,11,SIN,SIN,B737,AeroGulf,0.18,6,17,13758,16
23,1,9,SYD,SYD,B777,AeroGulf,0.86,3,79,13100,100
11,1,3,JFK,LAX,B737,SkyMind,0.95,0,35,5878,78
15,6,2,FRA,BOM,B737,PacificAir,0.37,14,24,3728,60
12,0,5,SYD,LAX,A320,PacificAir,0.27,7,86,10753,58
4,6,9,LHR,SYD,A350,AeroGulf,0.64,11,75,576,71
23,1,8,BOM,FRA,A350,AsiaJet,0.41,21,35,3910,85
3,4,6,CDG,BOM,B737,AsiaJet,0.03,21,66,908,59
20,0,3,JFK,BOM,B737,AsiaJet,0.16,17,8,4592,32
14,5,6,JFK,DXB,B737,PacificAir,0.72,14,60,2767,91
11,6,5,NRT,LAX,A380,EuroWings,0.66,16,52,9435,93
18,0,1,JFK,LHR,A320,AeroGulf,0.03,28,17,5028,50
20,0,5,CDG,SYD,A320,PacificAir,0.22,13,42,11545,59
18,6,7,LHR,FRA,A320,AsiaJet,0.23,13,34,6074,55
20,6,9,BOM,FRA,A350,PacificAir,0.67,17,62,6273,81
10,0,12,LAX,NRT,B777,PacificAir,0.02,19,77,4334,55
20,2,1,SYD,SIN,A350,PacificAir,0.1,17,3,4497,40
5,4,3,JFK,DXB,A320,AsiaJet,0.8,15,40,10523,64
8,3,8,FRA,DXB,B787,EuroWings,0.18,0,44,7807,27
0,1,6,SIN,JFK,B777,SkyMind,0.65,22,49,9679,80
11,6,5,FRA,DXB,B737,AeroGulf,0.24,26,78,6117,80
13,0,10,LHR,BOM,A380,AeroGulf,0.1,10,27,3201,29
5,3,2,LAX,JFK,A350,PacificAir,0.24,14,41,4212,48
0,6,3,NRT,FRA,A380,EuroWings,0.72,11,79,4407,86
21,2,12,LHR,LHR,B777,AsiaJet,0.86,7,75,11556,83
1,3,2,FRA,CDG,B787,SkyMind,0.83,21,68,9446,126
23,0,1,CDG,SIN,B777,SkyMind,0.4,19,0,1175,67
10,5,7,SYD,SIN,A350,PacificAir,0.67,29,38,5427,89
2,4,3,LHR,LHR,A320,PacificAir,0.2,5,89,13907,67
9,3,7,DXB,LHR,B737,AsiaJet,0.29,2,16,12815,23
5,6,12,SYD,CDG,A320,AsiaJet,0.9,27,87,5849,130
5,0,7,DXB,NRT,A320,AsiaJet,0.01,23,34,13203,48
19,6,8,JFK,LAX,A350,PacificAir,0.09,25,45,6668,55
20,0,1,SIN,SIN,A320,EuroWings,0.21,29,41,10402,80
1,1,5,LHR,NRT,A320,PacificAir,0.03,12,38,3975,36
23,5,10,SYD,DXB,A350,PacificAir,0.18,12,89,7316,60
9,1,9,NRT,LHR,A350,SkyMind,0.58,1,48,1041,45
22,5,12,DXB,JFK,B787,AsiaJet,0.42,4,61,664,48
5,4,11,BOM,NRT,A320,AeroGulf,0.89,16,37,10947,79
22,1,7,FRA,NRT,B777,AsiaJet,0.82,5,22,7592,65
16,4,1,SYD,SIN,B737,EuroWings,0.34,1,21,1484,20
13,6,8,SIN,FRA,A380,EuroWings,0.26,3,3,3161,19
4,2,3,LHR,JFK,B737,AsiaJet,0.38,21,48,4968,84
22,2,4,SYD,LAX,A350,AsiaJet,0.59,25,58,1117,105
16,5,4,LHR,DXB,A380,PacificAir,0.27,10,72,12605,59
1,5,10,CDG,CDG,A350,AeroGulf,0.62,7,67,8760,73
8,1,12,DXB,SYD,B787,PacificAir,0.41,11,70,6139,84
11,2,8,SYD,FRA,A320,SkyMind,0.55,7,86,12116,82
18,3,1,SYD,SIN,A350,SkyMind,0.44,10,1,4696,39
21,3,8,SIN,FRA,A350,EuroWings,0.29,21,48,500,56
6,6,9,SIN,JFK,B737,EuroWings,0.95,19,87,11090,123
8,3,9,FRA,BOM,A320,AeroGulf,0.76,7,30,10746,74
20,6,5,NRT,LAX,B787,EuroWings,0.14,28,39,13105,60
15,2,4,LHR,DXB,A350,SkyMind,0.87,7,47,8877,83
19,3,4,LAX,FRA,A350,AeroGulf,0.49,25,50,13515,83
10,4,9,FRA,LAX,A350,SkyMind,0.89,29,42,11201,112
11,0,8,SIN,SYD,B737,AsiaJet,0.8,16,54,4938,73
14,5,10,LAX,DXB,A350,AsiaJet,0.43,19,87,5308,87
17,1,10,JFK,SYD,A350,AeroGulf,0.02,19,48,3579,56
18,6,12,LAX,NRT,B737,PacificAir,0.27,22,89,7219,79
15,4,7,DXB,FRA,A350,EuroWings,0.54,15,79,8827,86
14,3,12,SYD,SYD,A320,AeroGulf,0.63,13,56,6518,73
4,0,3,SIN,LAX,A320,EuroWings,0.26,29,76,882,92
10,1,4,SYD,BOM,B737,SkyMind,0.14,10,14,12973,27
14,4,9,FRA,CDG,A320,PacificAir,0.83,6,26,11378,61
17,1,8,CDG,LHR,A380,EuroWings,0.98,15,67,1427,118
12,6,12,SIN,BOM,A380,AsiaJet,0.53,12,79,12135,88
3,6,12,SIN,SIN,A380,AsiaJet,0.17,26,63,5559,69
16,5,1,BOM,BOM,B787,SkyMind,0.27,14,29,1060,52
3,2,3,SYD,SYD,A350,AeroGulf,0.02,23,35,1689,53
15,6,12,SIN,SIN,B787,EuroWings,0.91,15,66,1397,108
22,3,10,CDG,BOM,A320,SkyMind,0.12,26,85,2868,66
14,4,2,CDG,LHR,B737,AsiaJet,0.58,20,85,10430,106
13,4,2,DXB,LAX,A380,AsiaJet,0.27,22,48,13968,63
11,0,8,LHR,CDG,B737,AsiaJet,0.55,23,75,5453,94
2,0,6,SIN,SYD,B787,PacificAir,0.65,8,54,8398,93
9,0,12,CDG,FRA,A320,PacificAir,0.83,2,84,11737,88
7,1,12,CDG,DXB,A350,AsiaJet,0.21,18,55,4880,58
5,3,12,DXB,JFK,A320,AeroGulf,0.01,19,67,12564,38
21,1,6,BOM,FRA,A380,PacificAir,0.14,4,43,2898,42
13,3,4,LHR,NRT,A320,EuroWings,0.9,9,30,6726,68
16,4,1,NRT,SYD,B737,PacificAir,0.87,16,57,6243,90
20,6,11,SIN,DXB,B777,EuroWings,0.6,14,86,13453,88
18,6,7,NRT,LAX,A380,PacificAir,0.6,22,52,10085,101
15,1,8,NRT,NRT,A350,AsiaJet,0.67,24,83,3088,115
14,1,2,FRA,JFK,A380,EuroWings,0.18,7,78,12158,51
14,1,2,BOM,SYD,A380,AeroGulf,0.91,14,22,10716,86
0,2,1,FRA,FRA,A350,PacificAir,0.42,20,27,6856,61
23,5,4,SYD,BOM,A380,PacificAir,0.38,29,15,4185,73
22,3,6,LAX,FRA,B737,AsiaJet,0.52,13,36,9621,65
22,6,5,DXB,FRA,A320,EuroWings,0.05,19,20,4809,47
11,3,4,CDG,JFK,B737,AsiaJet,0.17,27,78,4899,89
9,1,4,CDG,SYD,A320,EuroWings,0.74,6,16,3726,63
13,2,10,LHR,SYD,B777,PacificAir,0.08,20,36,1903,46
9,1,7,BOM,SIN,A380,PacificAir,0.6,22,76,8891,105
9,3,7,CDG,FRA,B777,PacificAir,0.25,11,18,12443,37
19,5,2,FRA,LAX,B787,PacificAir,0.39,16,29,2785,50
10,6,7,LAX,DXB,A320,SkyMind,0.29,16,44,9362,55
21,5,2,FRA,DXB,B737,PacificAir,0.36,9,17,2228,42
15,4,4,NRT,NRT,B737,PacificAir,0.72,29,77,11930,124
8,2,1,SYD,JFK,A380,EuroWings,0.3,28,61,1749,82
14,5,5,CDG,FRA,B737,PacificAir,0.57,18,35,1378,65
13,2,1,NRT,LAX,B787,PacificAir,0.48,13,83,13038,81
18,1,4,CDG,NRT,A350,EuroWings,0.66,10,51,12043,75
8,4,9,SIN,SYD,B737,PacificAir,0.94,1,18,3023,66
3,3,12,JFK,DXB,A380,PacificAir,0.73,17,43,997,93
20,5,8,DXB,LHR,B777,AsiaJet,0.21,6,6,10679,32
6,5,6,DXB,SIN,B737,SkyMind,0.03,11,43,9669,30
21,0,8,CDG,LAX,B737,EuroWings,0.26,25,67,8202,74
7,6,5,LAX,NRT,B737,AsiaJet,0.6,1,33,11736,42
23,3,7,BOM,NRT,A380,AeroGulf,0.05,26,65,11440,73
7,5,8,LHR,LAX,A350,AeroGulf,0.5,19,68,8078,97
18,5,7,LAX,BOM,B737,SkyMind,0.6,17,54,5379,80
14,3,4,BOM,LHR,A350,AeroGulf,0.33,5,9,11168,28
15,4,5,LAX,SYD,A350,SkyMind,0.77,23,41,1038,108
21,2,10,SIN,DXB,B787,AeroGulf,0.11,9,40,12732,40
22,3,6,LAX,FRA,B777,AeroGulf,0.08,19,76,9592,67
8,2,12,LHR,LAX,B737,AsiaJet,0.73,14,68,1966,82
11,4,11,DXB,JFK,B737,AeroGulf,0.5,4,9,11707,45
15,4,6,LAX,LHR,B737,SkyMind,0.69,19,9,12997,66
3,1,9,FRA,SIN,A350,PacificAir,0.43,2,59,8214,43
4,0,10,BOM,SIN,A320,PacificAir,0.25,4,50,2233,38
7,4,2,SYD,JFK,B777,PacificAir,0.82,29,20,990,96
0,4,6,BOM,LHR,A380,SkyMind,0.8,24,7,2209,85
5,2,3,DXB,NRT,B737,SkyMind,0.69,7,64,10445,65
14,4,2,LAX,SIN,A320,PacificAir,0.27,7,77,7211,65
3,3,6,FRA,NRT,A320,AeroGulf,0.59,7,84,2418,88
20,1,4,LAX,BOM,A320,PacificAir,0.36,11,29,10726,34
10,1,5,LAX,LHR,B777,EuroWings,0.09,23,84,8666,81
4,3,5,CDG,LAX,A320,SkyMind,0.92,22,48,11403,100
17,5,3,SIN,FRA,A380,EuroWings,0.14,7,8,6525,28
23,4,12,LHR,DXB,B737,EuroWings,0.95,10,16,10178,77
14,6,4,SIN,BOM,A380,SkyMind,0.45,13,68,6599,73
17,0,3,SYD,NRT,B737,PacificAir,0.19,7,57,10192,43
19,4,7,DXB,LHR,B787,AsiaJet,0.54,28,56,697,106
12,1,1,LAX,BOM,A350,EuroWings,0.87,29,61,10659,110
4,0,6,JFK,NRT,A320,PacificAir,0.73,23,51,13308,103
0,6,4,SIN,FRA,A380,AsiaJet,0.81,27,60,10226,121
21,5,1,NRT,FRA,A350,EuroWings,0.66,9,39,2213,74
17,2,1,JFK,JFK,A350,PacificAir,0.69,6,37,10040,83
13,2,5,SIN,SYD,A350,EuroWings,0.85,27,42,5283,104
4,6,5,NRT,SIN,A350,PacificAir,0.25,16,62,8602,71
5,4,10,DXB,FRA,A350,AeroGulf,0.49,3,18,13254,40
23,4,7,LAX,CDG,B737,AeroGulf,0.22,28,49,4344,84
15,0,12,FRA,FRA,B777,SkyMind,0.99,12,32,1095,90
21,0,4,FRA,BOM,A320,AsiaJet,0.94,3,12,8830,62
20,5,9,SIN,DXB,A320,EuroWings,0.04,4,77,1514,49
11,4,4,LAX,LHR,B737,EuroWings,0.71,25,61,741,100
19,1,7,SIN,BOM,A380,PacificAir,0.93,21,42,2863,92
17,2,5,DXB,SYD,B737,AsiaJet,0.18,3,48,1232,30
1,5,5,NRT,FRA,A350,EuroWings,0.57,17,35,634,78
22,0,6,LAX,LAX,B777,AsiaJet,0.92,5,9,11951,77
20,1,8,JFK,LHR,A320,AsiaJet,0.03,23,5,4261,39
22,4,5,NRT,BOM,A380,AeroGulf,0.7,23,56,3126,109
12,3,3,JFK,CDG,B787,EuroWings,0.3,22,0,11832,40
16,0,6,JFK,DXB,B737,EuroWings,0.92,21,70,11178,111
16,5,12,DXB,SIN,B787,SkyMind,0.97,1,57,10816,80
15,3,2,LHR,LHR,A320,AsiaJet,0.94,22,20,7679,96
20,1,12,LHR,SYD,B737,PacificAir,0.47,10,79,2010,75
17,6,12,LAX,LAX,A320,AeroGulf,0.86,27,55,10510,119
7,2,8,SYD,CDG,B737,SkyMind,0.84,13,86,13545,100
2,6,8,BOM,SIN,A380,AeroGulf,0.32,29,19,3296,71
16,6,3,LHR,NRT,A320,PacificAir,0.83,4,53,7407,76
17,6,12,LAX,DXB,B787,SkyMind,0.04,5,24,5012,12
22,1,8,JFK,SIN,B777,AeroGulf,0.6,9,27,4802,59
5,2,9,FRA,FRA,A380,PacificAir,0.23,7,4,2143,24
7,1,5,LHR,JFK,A380,SkyMind,0.12,13,20,11460,33
22,6,5,DXB,LAX,B737,PacificAir,0.08,23,17,4906,46
12,0,6,LAX,CDG,B787,SkyMind,0.7,2,46,3864,64
7,6,7,BOM,SIN,A320,EuroWings,0.34,11,69,7268,61
18,0,3,SIN,JFK,B787,EuroWings,0.72,15,56,10091,98
5,5,5,SYD,SIN,A380,AeroGulf,0.07,27,18,10242,42
22,6,1,JFK,BOM,B737,AsiaJet,0.32,29,64,3911,82
14,3,11,JFK,NRT,B787,AsiaJet,0.54,22,2,582,88
9,1,10,SIN,DXB,A320,PacificAir,0.79,16,41,6196,79
16,6,5,LHR,NRT,A350,SkyMind,0.32,0,20,13814,16
0,1,4,FRA,BOM,A380,EuroWings,0.63,22,39,10171,92
6,6,1,SIN,SIN,B777,AsiaJet,0.89,9,66,11612,76
12,3,7,FRA,LHR,B777,EuroWings,0.62,24,24,10975,80
2,6,1,JFK,JFK,A380,PacificAir,0.23,22,54,2940,85
18,4,8,BOM,LAX,A350,PacificAir,0.02,9,83,6260,35
14,5,10,LHR,SYD,B737,SkyMind,0.87,20,51,2282,86
4,1,12,LAX,JFK,B787,AsiaJet,0.02,23,43,13769,40
10,5,2,JFK,NRT,B787,PacificAir,0.87,1,84,9296,94
21,1,10,SIN,JFK,A350,PacificAir,0.53,8,55,6926,74
17,1,12,FRA,FRA,A350,EuroWings,0.94,21,54,13025,105
2,4,5,FRA,SIN,A320,AeroGulf,0.8,12,86,8406,105
5,6,6,JFK,BOM,A320,AsiaJet,1.0,24,69,9422,134
2,0,9,JFK,JFK,B777,SkyMind,0.35,15,76,1860,88
4,5,7,BOM,JFK,B737,SkyMind,0.77,17,86,2578,104
8,3,6,BOM,BOM,B737,EuroWings,0.4,18,72,1477,61
18,5,5,CDG,FRA,A350,SkyMind,0.48,11,80,13702,70
12,6,6,SIN,FRA,B777,PacificAir,0.63,7,65,8293,70
5,4,11,DXB,SYD,B777,AsiaJet,0.87,16,18,2137,81
10,2,4,SIN,SYD,A320,SkyMind,0.98,14,82,10673,111
20,2,1,BOM,FRA,B787,AsiaJet,0.77,9,6,11642,71
20,4,12,CDG,LHR,B737,SkyMind,0.42,14,62,3800,81
13,6,9,LHR,SYD,B777,AeroGulf,0.42,14,41,4504,61
5,4,11,JFK,FRA,A320,AeroGulf,0.74,22,41,1082,102
5,0,5,SYD,FRA,A320,AsiaJet,0.24,6,58,9151,49
16,5,8,SIN,JFK,A320,AeroGulf,0.11,12,19,8827,32
10,6,7,SIN,SYD,B787,AeroGulf,0.35,16,72,10668,81
14,5,8,NRT,SIN,B777,PacificAir,0.29,8,16,9669,36
8,2,1,BOM,BOM,A350,SkyMind,0.3,7,26,8975,55
20,6,9,SYD,BOM,A350,AeroGulf,0.23,19,46,11589,49
16,3,1,LAX,CDG,A320,AsiaJet,0.04,25,1,2898,36
23,5,3,NRT,JFK,A320,PacificAir,0.02,26,62,4612,63
6,1,8,DXB,CDG,B787,AeroGulf,0.99,20,61,1738,117
6,1,12,SIN,CDG,A320,AsiaJet,0.43,17,18,3966,68
20,0,11,CDG,JFK,A380,SkyMind,0.38,12,16,6018,47
0,6,1,CDG,SIN,B777,AeroGulf,0.68,15,68,11153,79
7,0,1,LAX,LHR,A320,AsiaJet,0.22,8,38,5863,47
4,6,6,FRA,DXB,A320,AsiaJet,0.95,11,81,3666,111
18,2,5,NRT,LHR,B777,EuroWings,0.79,11,70,12396,76
7,3,11,NRT,SYD,B737,AsiaJet,0.09,5,80,10745,44
16,3,6,CDG,FRA,A380,EuroWings,0.42,18,38,1279,54
18,4,3,CDG,NRT,A380,SkyMind,0.88,27,35,2634,101
11,0,10,JFK,LAX,A350,SkyMind,0.94,6,39,2736,73
22,6,12,CDG,JFK,A320,PacificAir,0.47,24,44,2139,88
14,5,10,BOM,LHR,B777,EuroWings,0.61,2,3,9111,41
3,1,6,CDG,SIN,A350,AsiaJet,0.17,15,24,10518,32
22,5,2,NRT,LHR,B787,PacificAir,0.99,17,68,11830,119
11,1,8,JFK,SYD,B737,PacificAir,0.23,15,29,4189,36
12,2,12,DXB,FRA,A320,SkyMind,0.94,22,75,5455,122
13,1,6,NRT,CDG,B737,AsiaJet,0.65,6,67,8898,68
4,5,4,CDG,BOM,A320,EuroWings,0.61,3,87,7872,72
21,5,4,CDG,NRT,A320,SkyMind,0.51,26,28,3890,84
15,3,11,CDG,LHR,A320,PacificAir,0.23,24,72,7750,82
6,6,7,JFK,SIN,B737,AeroGulf,0.18,29,67,7749,91
14,3,3,SIN,DXB,A380,PacificAir,0.22,7,50,12562,43
12,0,11,JFK,LHR,B787,AeroGulf,0.19,12,23,4296,41
15,5,3,LHR,SIN,A380,SkyMind,0.78,12,13,3034,66
11,6,6,BOM,CDG,B777,EuroWings,0.35,16,68,2680,73
6,2,9,SYD,SIN,B777,AsiaJet,0.06,16,17,12902,37
15,1,1,BOM,SIN,A380,AeroGulf,0.97,4,41,4806,79
22,0,5,CDG,FRA,B787,AsiaJet,0.88,5,56,4727,68
22,4,1,SYD,FRA,B787,SkyMind,0.93,18,82,10089,118
12,4,1,DXB,LHR,A320,SkyMind,0.99,12,11,12941,84
22,6,3,FRA,LAX,A320,SkyMind,0.17,24,81,13707,73
2,1,3,NRT,FRA,B777,EuroWings,0.4,27,16,1946,60
14,1,4,SIN,BOM,A320,AeroGulf,0.76,25,29,1451,106
2,6,3,FRA,BOM,A320,AsiaJet,0.7,13,87,4521,100
6,1,6,JFK,NRT,B787,PacificAir,0.15,21,74,5985,68
17,3,12,LHR,JFK,B737,SkyMind,0.82,3,22,2217,53
13,1,4,LAX,CDG,A380,AsiaJet,0.22,27,80,4742,79
17,4,8,BOM,LAX,A350,AsiaJet,0.22,6,0,4305,32
18,1,1,FRA,BOM,A350,EuroWings,0.54,7,78,6413,75
13,5,8,LHR,SYD,A320,AeroGulf,0.59,24,31,11890,79
19,6,11,CDG,BOM,A320,EuroWings,0.58,12,8,7975,60
5,2,1,JFK,SIN,A380,EuroWings,0.09,26,14,5310,43
7,4,11,JFK,CDG,A350,AsiaJet,0.88,5,27,2096,83
6,2,1,NRT,NRT,B787,AeroGulf,0.27,5,23,7094,43
19,4,7,SYD,LHR,A350,AeroGulf,0.13,23,59,12425,62
17,0,1,SYD,BOM,A350,AeroGulf,0.89,27,34,3716,102
17,5,9,FRA,JFK,A350,SkyMind,0.96,20,85,9598,100
14,4,8,DXB,NRT,A320,AeroGulf,0.86,29,26,12442,93
19,5,1,SYD,BOM,A320,AsiaJet,0.81,2,82,12750,73
21,4,2,SYD,LAX,A380,SkyMind,0.66,27,75,10846,111
18,2,2,CDG,LAX,A350,PacificAir,0.55,2,19,6255,40
21,2,2,CDG,NRT,A320,EuroWings,0.09,12,64,13616,38
20,6,6,LHR,LHR,A380,AeroGulf,0.41,21,84,6783,87
20,4,4,JFK,SYD,A350,PacificAir,0.37,1,48,1837,46
1,4,8,JFK,SYD,B787,AeroGulf,0.26,15,0,12798,42
7,3,1,JFK,BOM,A320,EuroWings,0.72,21,9,11187,63
20,5,10,LHR,BOM,B737,AsiaJet,0.5,28,46,3474,89
10,5,4,LAX,NRT,A380,AsiaJet,0.08,5,58,11134,24
17,5,10,CDG,DXB,A320,EuroWings,0.22,7,61,4973,55
22,5,11,LHR,SIN,B787,PacificAir,0.68,22,85,9052,114
12,0,5,JFK,SIN,B787,SkyMind,0.08,7,17,7326,14
8,0,9,FRA,JFK,A320,SkyMind,0.85,29,45,11756,106
8,1,5,CDG,BOM,B777,AeroGulf,0.5,24,31,6167,74
16,4,11,SIN,JFK,A380,EuroWings,0.48,5,26,13429,28
6,4,3,SYD,NRT,A350,EuroWings,0.59,13,17,9264,64
8,4,11,CDG,LHR,A350,SkyMind,0.82,2,38,10647,65
21,4,4,CDG,CDG,B787,PacificAir,0.35,9,48,8513,61
0,5,10,JFK,CDG,A320,EuroWings,0.68,2,81,3544,67
1,5,7,BOM,BOM,B777,AsiaJet,0.57,26,43,10276,85
3,0,1,LAX,BOM,A380,AsiaJet,0.27,11,71,5518,49
13,2,11,CDG,DXB,B737,EuroWings,0.88,16,53,2733,89
3,3,6,LHR,NRT,A350,PacificAir,0.8,26,33,11984,90
1,5,8,DXB,LHR,A380,AsiaJet,0.66,28,70,6137,117
7,5,1,JFK,FRA,A380,PacificAir,0.85,4,35,7967,65
17,6,8,JFK,NRT,B777,SkyMind,0.87,29,17,3746,103
18,5,7,BOM,FRA,A380,AeroGulf,0.71,19,37,10506,82
13,2,1,NRT,LAX,A350,SkyMind,0.84,24,58,4541,99
19,2,9,DXB,SIN,A320,AeroGulf,0.7,8,8,2389,55
9,0,11,SIN,BOM,A350,AsiaJet,0.68,29,72,8176,117
16,5,3,SYD,DXB,B737,AeroGulf,0.62,20,71,10591,85
7,6,2,NRT,BOM,A320,AeroGulf,0.75,25,50,3155,108
13,3,7,FRA,CDG,B787,EuroWings,0.16,19,34,11021,44
20,4,11,CDG,BOM,B777,AeroGulf,0.88,6,81,4218,90
22,5,3,FRA,CDG,A350,EuroWings,0.87,21,4,6035,89
7,0,1,SIN,JFK,A320,AeroGulf,0.03,3,13,9748,6
4,0,10,LHR,BOM,A380,EuroWings,0.83,12,29,2629,79
15,3,3,LAX,NRT,A320,AsiaJet,0.13,12,3,10198,24
7,6,6,LHR,FRA,A350,AsiaJet,0.34,9,38,2130,50
9,1,3,LHR,NRT,B787,AeroGulf,0.74,17,83,5560,84
7,0,5,LHR,SYD,A350,PacificAir,0.16,16,63,1491,44
8,2,9,DXB,CDG,B787,AsiaJet,0.82,19,24,5090,92
17,2,7,JFK,LAX,A380,SkyMind,0.83,19,27,9885,97
2,4,2,CDG,SYD,A350,SkyMind,0.51,12,75,7366,71
16,0,1,SYD,JFK,A320,EuroWings,0.01,16,65,12660,48
19,6,7,DXB,NRT,B737,PacificAir,0.29,21,77,9394,82
14,4,4,NRT,LAX,B737,EuroWings,0.62,3,21,9722,55
20,0,11,NRT,FRA,A380,AeroGulf,0.98,0,30,5421,54
16,3,7,DXB,LHR,A320,AsiaJet,0.63,0,22,8521,39
7,5,6,SIN,DXB,B737,PacificAir,0.26,14,47,2981,52
1,6,7,FRA,BOM,A380,EuroWings,0.63,12,19,13845,69
16,0,4,DXB,BOM,B787,EuroWings,0.54,16,37,9254,91
17,6,3,DXB,LHR,A320,SkyMind,0.78,23,54,6781,101
4,1,12,SYD,BOM,B787,AeroGulf,0.11,25,67,9058,59
8,6,5,SYD,NRT,A320,EuroWings,0.76,7,78,6749,90
8,6,3,JFK,LHR,B787,SkyMind,0.54,17,87,1293,103
1,2,3,SYD,SYD,B787,PacificAir,0.96,26,88,11795,132
1,3,4,JFK,SYD,B737,EuroWings,0.34,12,0,5231,31
18,5,8,LHR,JFK,A320,SkyMind,0.63,22,6,1486,80
22,5,2,FRA,DXB,A350,AeroGulf,0.93,13,56,9649,103
2,2,4,SIN,SIN,B737,AsiaJet,0.1,7,11,4095,12
16,6,11,FRA,LHR,B787,PacificAir,0.94,7,4,1354,71
13,5,3,JFK,SIN,B787,EuroWings,0.69,26,49,2069,107
13,4,7,SYD,BOM,A350,SkyMind,0.07,25,41,2756,67
13,3,2,DXB,LHR,A350,EuroWings,0.3,14,11,12601,42
5,1,1,CDG,DXB,B787,AsiaJet,0.71,26,17,4603,85
2,2,10,LHR,JFK,A350,EuroWings,0.07,12,65,13524,58
0,0,1,BOM,FRA,B777,EuroWings,0.58,6,73,10914,63
15,0,6,NRT,SYD,B737,SkyMind,0.35,4,78,4676,61
3,0,3,JFK,CDG,A320,AsiaJet,0.62,16,16,8461,56
0,3,7,FRA,CDG,A350,PacificAir,0.05,27,67,5754,78
16,1,8,SYD,SYD,A350,SkyMind,0.87,24,70,8929,114
17,5,5,LHR,BOM,B777,AsiaJet,0.97,28,61,11980,134
7,1,5,NRT,JFK,A320,AsiaJet,0.97,15,40,8406,100
1,1,12,BOM,JFK,B777,EuroWings,0.75,22,33,13837,81
17,2,2,DXB,FRA,A320,AeroGulf,0.13,1,69,12974,48
15,3,8,DXB,BOM,B737,AeroGulf,0.76,21,44,6501,107
9,0,10,JFK,SYD,A350,PacificAir,0.02,17,57,13417,56
7,2,1,JFK,FRA,B737,EuroWings,0.02,16,50,2232,39
11,5,10,SYD,NRT,A320,AeroGulf,0.32,29,33,11753,73
21,1,9,CDG,SIN,A350,SkyMind,0.49,6,43,1314,56
15,6,1,SYD,CDG,B777,PacificAir,0.77,12,14,13401,64
11,0,1,SIN,LAX,B787,EuroWings,0.68,17,77,7535,110
10,3,1,LHR,CDG,B777,SkyMind,0.45,28,69,1686,97
19,4,7,LHR,BOM,B787,AeroGulf,0.27,13,49,8081,33
18,1,4,FRA,DXB,B777,AeroGulf,1.0,29,31,2725,118
0,1,12,DXB,CDG,A320,AeroGulf,0.43,17,66,9676,74
2,1,7,LAX,LHR,B737,AeroGulf,0.45,12,2,6923,45
11,1,5,SYD,JFK,B787,AsiaJet,0.16,10,85,9489,55
8,0,12,FRA,CDG,A320,PacificAir,0.79,20,85,5673,117
20,3,7,JFK,LHR,B737,PacificAir,0.69,29,73,12854,123
21,2,10,LHR,SIN,B737,AeroGulf,0.22,20,50,9235,65
4,0,7,JFK,CDG,A350,PacificAir,0.08,15,66,6382,50
0,3,4,SYD,NRT,A350,SkyMind,0.68,22,75,1019,103
9,2,2,NRT,CDG,A350,SkyMind,0.65,16,47,11238,81
16,1,8,JFK,CDG,B787,PacificAir,0.27,7,16,5541,26
3,3,2,LAX,BOM,B787,AeroGulf,0.95,18,6,1954,91
14,1,9,LHR,LAX,B737,EuroWings,0.15,19,12,7370,45
18,6,5,SYD,NRT,B787,AeroGulf,0.43,14,65,7713,85
7,3,9,FRA,CDG,B737,AsiaJet,0.94,8,3,8259,79
22,5,9,CDG,CDG,A320,EuroWings,0.42,19,9,9750,51
14,4,8,CDG,CDG,B777,AsiaJet,0.64,9,87,10928,93
6,1,8,SYD,LHR,B737,PacificAir,0.4,11,16,9804,39
14,1,4,CDG,SIN,B737,AsiaJet,0.27,20,51,3906,72
7,1,4,LHR,DXB,A320,PacificAir,0.98,22,5,1446,89
22,5,2,NRT,DXB,A350,AsiaJet,0.41,19,82,4530,77
9,0,4,JFK,DXB,A380,EuroWings,0.89,29,68,8827,126
17,2,4,LAX,SYD,A350,AsiaJet,0.23,0,73,11285,21
3,1,6,BOM,DXB,A350,AeroGulf,0.21,24,8,1292,37
14,1,3,FRA,CDG,B737,PacificAir,0.03,19,76,1636,59
10,0,2,LHR,LHR,B737,SkyMind,0.65,8,82,10054,84
21,0,8,DXB,CDG,B787,AsiaJet,0.37,21,20,1054,58
2,4,2,SIN,CDG,B787,PacificAir,0.86,14,23,7537,69
14,3,8,SIN,JFK,B777,SkyMind,0.47,0,3,13733,22
2,1,7,FRA,BOM,B777,PacificAir,0.97,11,23,11264,87
14,3,3,LHR,SIN,A380,PacificAir,0.19,2,58,3903,42
5,6,6,SYD,SYD,B787,SkyMind,0.87,10,2,2754,67
0,0,6,JFK,SIN,B737,SkyMind,0.78,1,67,1866,84
13,0,10,SYD,DXB,A320,EuroWings,0.77,15,39,1448,87
15,4,5,SYD,CDG,B787,AsiaJet,0.84,8,47,8795,75
0,2,8,DXB,NRT,B737,AsiaJet,0.76,14,53,8309,85
20,5,11,CDG,LAX,B787,PacificAir,0.63,11,34,7707,56
16,5,12,SIN,LAX,A350,AeroGulf,0.13,0,55,9738,28
7,5,5,BOM,BOM,B787,AeroGulf,0.03,12,88,7919,63
17,0,7,BOM,SYD,A380,PacificAir,0.92,13,39,4526,95
15,1,6,JFK,LHR,A350,EuroWings,0.62,24,76,6456,114
5,4,11,SIN,BOM,B737,SkyMind,0.8,24,67,7869,108
9,2,7,DXB,JFK,A350,PacificAir,0.48,7,45,7822,68
9,6,9,FRA,CDG,B787,AsiaJet,0.12,7,77,3114,46
4,5,3,LHR,FRA,A350,AeroGulf,0.13,26,12,12023,63
11,4,10,SYD,SYD,A380,AeroGulf,0.69,29,26,9655,95
19,0,7,SYD,CDG,A320,AeroGulf,0.43,11,5,3771,49
16,5,10,LAX,NRT,A350,EuroWings,0.2,0,16,9529,30
13,2,3,FRA,SIN,A380,AsiaJet,0.49,10,35,7884,56
13,6,2,LAX,LHR,A350,EuroWings,0.06,7,80,11150,47
2,3,12,LAX,LAX,B777,SkyMind,0.58,9,1,6178,59
11,6,7,CDG,SYD,A320,PacificAir,0.27,29,76,1381,89
19,2,4,BOM,SYD,B737,PacificAir,0.8,18,51,3688,84
17,6,1,LAX,SIN,A380,AeroGulf,0.31,10,65,13211,76
11,1,6,SYD,NRT,A350,AeroGulf,0.46,6,51,10894,53
1,5,11,SIN,CDG,A320,SkyMind,0.01,10,42,3834,33
1,5,6,SIN,LHR,B737,EuroWings,0.07,16,89,2698,73
16,3,6,CDG,SIN,A320,AsiaJet,0.39,0,21,8903,26
9,6,2,SIN,SIN,A380,SkyMind,0.48,25,54,9907,79
17,3,1,SYD,SIN,B777,PacificAir,0.6,28,66,9572,106
21,6,3,BOM,SYD,A380,PacificAir,0.29,20,59,1254,56
18,5,12,BOM,SYD,A380,EuroWings,0.69,20,57,5717,91
20,1,2,BOM,SYD,B737,SkyMind,0.86,7,11,9392,68
0,6,6,LHR,SYD,B737,AsiaJet,0.78,22,87,10911,112
23,3,12,FRA,LHR,A350,SkyMind,0.04,23,68,870,51
3,0,6,LHR,NRT,B787,SkyMind,0.48,5,83,2232,82
3,5,5,LHR,FRA,A380,EuroWings,0.1,21,38,5759,53
1,2,10,LHR,LHR,B737,AsiaJet,0.24,17,12,13700,56
18,2,10,SIN,NRT,A380,PacificAir,0.99,5,40,1301,80
20,1,5,NRT,CDG,A380,AeroGulf,0.14,4,56,6899,29
11,0,9,SIN,JFK,B737,AsiaJet,0.5,12,52,9681,70
9,3,5,NRT,CDG,B777,PacificAir,0.62,18,11,5271,66
12,6,10,SIN,NRT,B777,EuroWings,0.7,21,12,7507,68
21,5,6,SYD,SIN,A380,AsiaJet,0.56,7,73,915,85
22,2,11,FRA,FRA,B777,AsiaJet,0.01,8,56,11657,30
19,2,4,DXB,LAX,A380,PacificAir,0.33,16,39,3837,44
22,2,10,DXB,BOM,A350,PacificAir,0.52,2,79,12304,76
14,2,1,LHR,SYD,B737,SkyMind,0.09,18,44,5758,45
2,4,4,DXB,DXB,A380,SkyMind,0.35,10,34,8527,44
22,1,2,FRA,LAX,B777,AsiaJet,0.03,23,2,5557,22
19,3,10,FRA,LAX,B777,AeroGulf,0.08,16,4,7467,44
12,5,3,JFK,CDG,A320,EuroWings,0.4,20,89,2120,79
7,5,7,CDG,SYD,A320,PacificAir,0.13,18,10,10227,39
6,5,7,FRA,JFK,B777,SkyMind,0.57,1,70,13036,71
23,3,1,CDG,NRT,A350,EuroWings,0.69,7,55,6482,77
7,1,8,DXB,SYD,B787,AsiaJet,0.8,18,9,8493,78
17,0,7,CDG,DXB,A380,PacificAir,0.2,6,33,3292,20
8,6,1,NRT,DXB,A320,PacificAir,0.17,27,66,9264,70
5,6,8,SYD,NRT,A380,SkyMind,0.1,26,71,7886,74
3,1,2,CDG,LAX,A320,AeroGulf,0.64,16,30,5393,68
14,2,8,SYD,SYD,B737,PacificAir,0.71,5,74,5596,81
4,6,3,LHR,DXB,B737,AeroGulf,0.03,18,70,5356,62
4,2,10,DXB,NRT,B777,EuroWings,0.94,23,65,4155,124
6,1,7,SYD,BOM,B737,PacificAir,0.05,5,69,8984,28
8,1,6,LAX,BOM,B737,PacificAir,0.54,27,40,4793,106
6,3,5,LHR,LHR,B787,AeroGulf,0.71,1,62,579,75
8,3,11,SYD,SYD,A350,SkyMind,0.87,5,31,12924,72
19,4,10,JFK,FRA,B777,AsiaJet,0.71,22,19,4808,91
9,5,11,CDG,NRT,B787,EuroWings,0.8,4,56,2362,95
3,4,2,JFK,LAX,B777,PacificAir,0.34,18,49,1118,55
5,5,2,FRA,JFK,A350,SkyMind,0.81,19,79,1459,106
23,2,12,NRT,DXB,B777,PacificAir,0.08,3,24,11970,0
13,4,1,LHR,SIN,A380,EuroWings,0.89,21,11,4235,90
8,4,9,BOM,SYD,A380,AsiaJet,0.55,25,70,8614,101
0,0,11,BOM,DXB,A380,PacificAir,0.82,16,38,10905,88
16,1,8,SYD,LHR,B737,AeroGulf,0.45,10,16,12266,43
12,3,8,CDG,NRT,A350,SkyMind,0.64,3,44,12688,44
23,4,1,DXB,LAX,B787,AsiaJet,0.53,25,10,11169,76
6,3,5,BOM,DXB,B787,PacificAir,0.73,12,69,11943,101
8,5,12,DXB,SIN,A320,AsiaJet,0.08,19,22,2668,37
10,4,6,BOM,JFK,B787,AeroGulf,0.06,25,69,3745,72
2,5,2,LHR,NRT,A380,PacificAir,0.25,16,37,11070,41
11,4,10,BOM,NRT,A380,AsiaJet,0.16,8,1,7735,25
20,6,5,FRA,FRA,A320,PacificAir,0.87,3,85,10414,87
2,2,6,SIN,LHR,B737,PacificAir,0.22,22,83,1661,73
14,0,9,SYD,NRT,B787,AsiaJet,0.98,27,88,10581,128
20,5,10,NRT,LAX,A350,PacificAir,0.34,13,78,2540,67
9,1,1,BOM,NRT,A320,AeroGulf,0.18,18,71,12663,69
0,1,10,CDG,FRA,B787,AsiaJet,0.79,25,36,12093,88
13,2,3,NRT,LHR,B737,AsiaJet,0.66,27,48,8660,96
19,2,12,DXB,SYD,A350,AeroGulf,0.5,2,51,12001,53
5,6,9,JFK,CDG,A350,AeroGulf,0.56,13,32,6149,57
1,1,1,FRA,SYD,B737,AeroGulf,0.72,7,21,9791,76
22,5,1,LAX,BOM,B787,PacificAir,0.23,23,4,12710,43
7,1,1,LAX,FRA,B777,PacificAir,1.0,26,17,7818,100
0,0,7,NRT,NRT,B787,EuroWings,0.97,27,37,10380,105
3,4,5,JFK,LHR,A320,PacificAir,0.65,0,36,7983,67
3,0,6,CDG,SYD,A320,AeroGulf,0.2,9,63,4632,55
4,6,8,NRT,SYD,B787,EuroWings,0.68,17,9,1344,62
19,6,2,DXB,BOM,A380,AeroGulf,0.07,15,78,6277,66
8,1,2,LHR,SYD,A320,SkyMind,0.03,7,41,2143,30
22,4,3,NRT,FRA,B777,AsiaJet,0.26,0,47,11025,36
12,1,3,LAX,SYD,A380,SkyMind,0.46,11,43,1763,58
17,0,3,SIN,LAX,B777,AeroGulf,0.87,7,81,3434,89
16,0,4,LAX,BOM,A350,PacificAir,0.73,23,86,12377,115
0,5,3,JFK,LHR,A320,AsiaJet,0.74,15,15,6639,68
21,5,2,DXB,LHR,A380,PacificAir,0.43,17,53,7674,87
14,0,9,CDG,SYD,B787,PacificAir,0.35,3,34,715,28
1,4,6,FRA,FRA,A380,AsiaJet,0.37,5,27,5276,52
15,6,3,SYD,FRA,A350,AsiaJet,0.99,11,1,12349,75
19,5,9,SIN,JFK,B777,SkyMind,0.04,26,12,2840,48
21,5,4,FRA,DXB,A350,AeroGulf,0.87,8,40,8206,86
4,3,4,NRT,LAX,B737,PacificAir,0.58,14,79,10199,82
21,3,8,SIN,JFK,A320,AeroGulf,0.44,15,58,2590,79
18,5,7,JFK,DXB,B787,AeroGulf,0.73,23,68,12070,83
4,1,7,DXB,CDG,B777,EuroWings,0.49,11,52,1616,60
1,4,10,CDG,SIN,A350,SkyMind,0.87,23,44,8250,96
6,2,7,FRA,DXB,B787,PacificAir,0.9,22,19,11432,84
2,5,10,NRT,SIN,A320,AsiaJet,0.42,13,23,5834,52
16,3,11,DXB,BOM,B787,AsiaJet,0.28,12,60,13746,61
23,4,5,NRT,SYD,A320,AeroGulf,0.59,24,57,2661,99
23,4,7,CDG,DXB,A320,SkyMind,0.91,1,26,3756,68
2,3,4,FRA,FRA,A320,SkyMind,0.21,2,25,11660,20
12,4,8,NRT,LAX,A350,PacificAir,0.62,25,6,9840,80
6,4,9,DXB,CDG,A320,PacificAir,0.63,23,41,3676,89
23,3,12,NRT,LHR,B787,AeroGulf,0.73,29,46,6880,113
2,0,3,FRA,JFK,B737,AeroGulf,0.13,21,52,12945,66
14,5,7,DXB,SYD,B787,AeroGulf,0.72,9,58,13695,80
17,1,12,JFK,JFK,A350,EuroWings,0.91,8,37,3845,74
9,2,10,LHR,JFK,A320,SkyMind,0.18,25,68,12653,70
22,1,9,DXB,NRT,B737,AeroGulf,0.24,19,86,7496,72
6,0,1,SIN,JFK,A350,SkyMind,0.97,7,52,9832,86
8,6,2,LHR,JFK,B777,AsiaJet,0.18,9,14,3433,32
4,0,7,NRT,NRT,B777,AsiaJet,0.85,18,25,8241,93
19,4,2,FRA,NRT,B777,SkyMind,0.49,2,47,6155,50
7,1,7,DXB,LAX,B737,AsiaJet,0.25,23,18,10799,56
13,0,1,FRA,DXB,B787,AsiaJet,0.87,4,8,2948,62
3,1,3,DXB,DXB,B737,AsiaJet,0.45,2,63,1327,51
19,0,5,FRA,LAX,B737,PacificAir,0.51,25,53,6396,81
13,2,12,SIN,NRT,B737,PacificAir,0.36,26,50,1703,66
11,0,11,SYD,SIN,B777,SkyMind,0.59,15,38,11995,67
1,1,6,LHR,LHR,A380,SkyMind,0.16,16,3,7119,38
12,4,9,LHR,LAX,B787,EuroWings,0.39,14,2,7298,39
0,1,9,DXB,CDG,A380,PacificAir,0.97,2,63,1344,84
19,3,3,NRT,LAX,A380,SkyMind,0.26,11,28,3471,47
6,1,8,CDG,NRT,B737,PacificAir,0.66,8,10,1768,59
8,2,4,CDG,SIN,B787,EuroWings,0.33,20,57,13425,63
16,5,7,LHR,SYD,A380,SkyMind,0.77,11,74,5244,100
20,2,6,SYD,NRT,A320,SkyMind,0.13,25,26,8235,64
22,2,8,CDG,BOM,B737,SkyMind,0.97,14,20,10321,78
12,0,6,BOM,BOM,B737,SkyMind,0.45,1,38,4030,37
22,2,4,CDG,LHR,B737,AeroGulf,0.24,22,45,5585,74
9,1,2,LAX,NRT,A320,PacificAir,0.07,17,65,9495,54
15,5,7,FRA,FRA,A320,PacificAir,0.17,19,35,8819,34
5,6,11,LHR,BOM,B777,PacificAir,0.52,11,74,9643,66
15,4,11,SYD,JFK,A350,EuroWings,0.34,22,81,2764,83
10,6,4,NRT,SYD,B787,AeroGulf,0.83,3,64,519,70
19,2,9,DXB,JFK,A350,PacificAir,0.43,22,62,12330,80
2,1,9,JFK,CDG,B737,PacificAir,0.25,15,34,2281,51
8,0,7,SIN,LHR,A380,SkyMind,0.62,22,30,12526,93
14,0,5,LHR,CDG,B737,SkyMind,0.71,15,27,11823,73
12,4,3,SYD,CDG,A380,SkyMind,0.17,0,0,13462,18
9,4,3,DXB,BOM,B777,PacificAir,0.17,21,24,7357,62
19,1,9,JFK,NRT,A350,SkyMind,0.04,24,42,5334,66
23,4,9,LAX,DXB,B737,PacificAir,0.74,1,83,7796,81
12,4,12,LHR,BOM,A350,EuroWings,0.66,29,66,9248,93
16,0,11,NRT,LAX,B777,EuroWings,0.47,2,62,2744,59
6,1,4,SIN,DXB,A350,AsiaJet,0.84,25,50,3483,116
5,5,11,JFK,NRT,A380,AeroGulf,0.81,20,1,12255,78
12,4,1,NRT,CDG,B787,SkyMind,0.59,24,81,3225,117
16,1,10,CDG,SIN,B777,SkyMind,0.87,19,63,5099,112
14,2,5,DXB,LHR,A350,AeroGulf,0.21,16,73,5866,70
3,0,8,LHR,NRT,B737,AeroGulf,0.11,19,68,13525,70
14,5,10,DXB,SIN,A320,AsiaJet,0.27,21,8,5387,53
13,0,4,JFK,SYD,A320,AeroGulf,0.06,20,1,12023,14
20,0,10,BOM,CDG,B777,PacificAir,0.53,29,33,696,84
10,3,10,BOM,JFK,A320,SkyMind,0.94,28,59,5726,131
23,1,4,SIN,LAX,B787,AeroGulf,0.04,0,60,3328,19
3,2,12,CDG,SIN,B777,PacificAir,0.12,19,30,13531,45
2,4,9,LAX,NRT,B737,AeroGulf,0.45,5,9,4488,29
1,2,9,SYD,JFK,B737,PacificAir,0.93,28,75,6232,142
19,1,7,LHR,BOM,B777,EuroWings,0.32,14,35,5779,67
9,0,10,LHR,SYD,A320,PacificAir,0.51,25,84,2969,94
12,3,8,JFK,SYD,A320,AsiaJet,0.04,25,48,2130,60
19,1,12,BOM,BOM,B737,PacificAir,0.15,13,69,3778,50
20,5,12,FRA,SYD,B787,AeroGulf,0.99,19,48,2538,112
22,5,4,LAX,JFK,A380,EuroWings,0.97,14,2,5932,84
17,1,8,JFK,JFK,A320,EuroWings,0.0,13,73,11171,55
20,4,6,LAX,LHR,B787,PacificAir,0.95,24,4,5521,97
15,2,3,FRA,DXB,A320,AeroGulf,0.64,20,89,4830,127
10,2,7,BOM,NRT,A380,EuroWings,0.87,23,60,6970,102
9,4,3,NRT,SIN,B777,PacificAir,0.45,24,84,7577,82
8,3,11,FRA,LHR,A350,PacificAir,0.52,25,89,13266,101
11,0,7,JFK,DXB,B737,PacificAir,0.49,4,25,11167,32
18,6,5,SYD,JFK,B777,EuroWings,0.67,5,71,5261,64
0,6,4,LAX,CDG,A320,SkyMind,0.14,16,4,5719,25
17,0,3,CDG,LHR,A380,AeroGulf,0.03,10,14,12001,15
13,5,8,JFK,FRA,B737,AsiaJet,0.31,15,15,11870,39
21,3,4,NRT,SYD,A350,AsiaJet,0.7,11,0,7501,62
20,4,8,SYD,SYD,A350,AeroGulf,0.2,14,15,1887,34
0,6,10,BOM,JFK,A380,SkyMind,0.67,22,36,1141,86
16,1,3,SIN,DXB,A380,AeroGulf,0.97,3,2,6112,70
10,2,10,LHR,LAX,A320,PacificAir,0.09,26,51,7710,58
19,1,9,FRA,NRT,B737,AeroGulf,0.67,17,46,1074,81
14,2,6,LHR,LHR,A320,AeroGulf,0.44,20,12,11836,64
3,1,5,JFK,BOM,A350,EuroWings,0.87,27,79,10413,108
14,4,5,BOM,FRA,B777,AsiaJet,0.18,2,54,9710,16
21,4,3,DXB,FRA,B777,AsiaJet,0.69,21,20,8296,83
21,3,2,SYD,SIN,B787,PacificAir,0.84,7,65,12750,90
13,1,6,CDG,FRA,A350,PacificAir,0.94,22,53,12112,127
21,1,11,LHR,SYD,A350,EuroWings,0.68,2,26,9091,55
0,3,1,LAX,NRT,A320,PacificAir,0.5,7,37,5190,61
8,3,7,NRT,JFK,B787,SkyMind,0.62,17,89,1956,96
6,4,5,LHR,FRA,A380,EuroWings,0.87,9,57,2095,90
22,4,4,JFK,BOM,B787,EuroWings,0.57,24,61,8808,107
10,5,9,SYD,LHR,B737,AeroGulf,0.03,19,45,8486,31
22,1,10,SYD,DXB,A320,AeroGulf,0.93,16,88,9074,118
1,4,1,FRA,NRT,A380,SkyMind,0.69,7,10,13646,72
1,6,11,DXB,SIN,A380,EuroWings,0.68,22,71,2629,104
5,4,4,FRA,FRA,B777,EuroWings,0.22,10,7,10542,44
22,1,3,SIN,SYD,B737,AeroGulf,0.66,28,70,1331,104
18,3,6,CDG,LAX,B787,AsiaJet,0.39,4,63,5468,54
19,1,5,BOM,CDG,B777,AsiaJet,0.65,25,20,11392,84
13,6,7,JFK,DXB,A350,AeroGulf,0.11,12,71,11473,35
2,0,1,JFK,BOM,A320,PacificAir,0.66,20,62,3981,85
6,1,5,BOM,LHR,B787,EuroWings,1.0,22,84,2617,117
6,0,2,BOM,SIN,A350,SkyMind,0.05,4,63,4982,40
3,1,2,BOM,JFK,A380,AsiaJet,0.98,23,19,2506,107
22,6,11,DXB,CDG,B787,PacificAir,0.41,26,7,11263,68
4,0,11,BOM,LHR,B777,EuroWings,0.87,12,57,8988,99
16,0,2,BOM,NRT,B737,PacificAir,0.78,5,45,7260,70
3,6,9,LHR,LAX,B777,EuroWings,0.57,28,30,9410,97
22,1,10,LAX,JFK,A320,EuroWings,0.74,4,8,11828,53
12,5,3,SYD,LHR,A320,AeroGulf,0.88,8,14,6194,70
15,4,4,BOM,LHR,B787,AeroGulf,0.4,26,25,6562,70
15,2,5,LHR,LAX,B777,SkyMind,0.33,15,9,3579,51
1,4,4,SIN,CDG,B737,SkyMind,0.67,1,28,5778,49
17,0,4,SYD,LHR,A380,PacificAir,0.81,0,79,510,88
0,1,5,CDG,JFK,A320,AeroGulf,0.76,7,35,5380,61
17,1,10,SYD,DXB,B737,EuroWings,0.8,27,83,910,112
7,1,9,DXB,LHR,A350,AeroGulf,0.44,18,36,11631,73
10,1,12,BOM,LHR,B787,EuroWings,0.82,29,85,11346,125
23,5,9,SYD,LHR,B737,AeroGulf,0.12,10,70,11878,46
23,2,6,SIN,SYD,B787,EuroWings,0.54,27,22,12142,88
14,3,11,DXB,JFK,A350,PacificAir,0.01,11,40,1098,28
15,0,12,BOM,SIN,B737,AeroGulf,0.32,11,79,1323,65
16,2,3,FRA,LHR,B737,AsiaJet,0.37,6,27,8376,53
16,4,6,SYD,NRT,A380,AsiaJet,0.4,25,47,11089,92
11,3,10,BOM,LAX,A350,EuroWings,0.7,12,37,5717,87
9,3,4,FRA,LAX,B777,PacificAir,0.39,26,30,7586,72
19,1,3,DXB,SYD,B737,EuroWings,0.45,7,13,12806,52
5,2,6,NRT,BOM,A380,PacificAir,0.24,28,72,812,77
7,4,11,LAX,NRT,B737,SkyMind,0.37,28,87,11666,91
12,1,6,NRT,NRT,A380,AeroGulf,0.23,21,76,7171,56
1,1,2,FRA,JFK,A320,PacificAir,0.07,27,89,7200,93
18,6,9,JFK,CDG,B777,EuroWings,0.6,25,28,12430,77
21,6,8,LAX,DXB,B737,SkyMind,0.67,29,50,2992,102
9,6,6,LAX,JFK,A350,EuroWings,0.62,8,48,10637,61
3,5,1,SIN,LHR,B787,AsiaJet,0.46,6,42,730,58
11,0,12,SIN,SYD,A350,AsiaJet,0.38,25,71,4240,85
17,3,2,BOM,LAX,B777,AeroGulf,0.86,20,86,11364,105
6,4,4,SYD,SIN,A320,AeroGulf,0.52,23,4,12146,70
19,3,7,NRT,SYD,A320,SkyMind,0.48,14,41,12275,54
23,2,9,CDG,BOM,A320,AsiaJet,0.03,1,6,543,0
23,0,10,JFK,FRA,A380,PacificAir,0.34,22,41,8032,52
22,1,5,CDG,LHR,A350,AsiaJet,0.38,19,35,8592,53
3,0,10,BOM,SYD,B787,AeroGulf,0.4,24,26,11616,71
6,1,2,FRA,JFK,B787,EuroWings,0.58,11,57,12385,58
9,6,11,LAX,BOM,A380,SkyMind,0.53,0,45,7778,37
14,0,11,JFK,CDG,B737,AsiaJet,0.61,22,65,10962,95
11,1,11,BOM,JFK,A380,PacificAir,0.76,21,24,3957,82
0,3,1,JFK,BOM,B787,PacificAir,0.81,7,72,11641,103
19,6,10,LHR,JFK,B787,PacificAir,0.72,4,26,5884,74
17,6,1,NRT,LAX,B737,SkyMind,0.96,14,0,11010,71
15,6,5,SIN,JFK,A350,PacificAir,0.02,0,86,6115,40
4,3,7,NRT,DXB,A350,PacificAir,0.2,0,73,12077,47
18,3,9,CDG,LHR,B777,AsiaJet,0.01,24,41,6006,48
3,3,9,JFK,SIN,A350,SkyMind,0.65,9,51,10986,60
5,6,8,DXB,LHR,A320,EuroWings,0.9,21,24,3495,95
16,0,1,SIN,SIN,A320,EuroWings,0.24,9,53,4138,47
6,1,5,CDG,SIN,B777,PacificAir,0.93,20,66,13608,108
23,3,6,LHR,SIN,B787,AeroGulf,0.06,14,5,8017,30
22,0,6,LHR,DXB,B777,SkyMind,0.93,16,57,12059,96
6,1,4,DXB,LAX,B737,AeroGulf,0.35,21,69,3784,70
8,6,1,LAX,FRA,B777,SkyMind,0.1,5,52,11034,35
12,0,3,JFK,SYD,B777,SkyMind,0.49,2,65,8862,61
19,6,10,LHR,LHR,A380,AsiaJet,0.26,12,57,4841,46
13,5,4,SIN,JFK,A320,PacificAir,0.28,15,81,13952,79
15,3,4,CDG,BOM,B737,AsiaJet,0.31,7,86,10331,49
22,2,4,DXB,SYD,A380,AeroGulf,0.8,29,1,1116,87
8,0,5,LAX,SIN,B737,AeroGulf,0.54,14,75,739,81
14,3,11,LAX,SIN,B777,EuroWings,0.31,16,21,6552,45
4,4,9,BOM,LAX,A380,AsiaJet,0.61,16,36,6954,70
17,1,4,CDG,NRT,A380,AsiaJet,0.72,21,19,13185,97
20,5,9,SIN,NRT,B737,AsiaJet,0.27,25,23,10548,56
19,3,9,LHR,SYD,B737,EuroWings,0.41,12,83,9614,95
7,4,1,BOM,DXB,A350,AsiaJet,0.12,16,64,5387,60
14,0,5,SYD,JFK,B737,AsiaJet,0.18,5,64,2404,44
20,0,9,SIN,LHR,A380,AsiaJet,0.68,16,80,6665,100
8,4,4,JFK,FRA,B787,AsiaJet,0.18,15,0,11841,53
18,5,5,CDG,CDG,B737,AeroGulf,0.53,13,2,1312,44
21,4,4,DXB,CDG,A320,PacificAir,0.71,12,45,5499,69
5,1,2,LHR,FRA,A350,AeroGulf,0.11,5,54,8142,29
3,0,10,SYD,DXB,A320,AsiaJet,0.57,2,74,2230,67
10,4,2,JFK,CDG,A320,SkyMind,0.26,13,87,9523,56
9,2,2,DXB,FRA,B787,SkyMind,0.96,13,85,3924,111
2,2,1,LHR,LHR,A350,EuroWings,0.48,14,63,6562,88
0,4,3,FRA,SIN,B777,AeroGulf,0.81,7,44,13832,77
11,1,11,FRA,CDG,A380,EuroWings,0.55,28,25,2707,82
22,0,10,LAX,JFK,A380,EuroWings,0.04,14,76,13531,48
14,2,1,SYD,JFK,B737,SkyMind,0.63,21,64,12124,102
14,4,4,SYD,JFK,A380,AeroGulf,0.95,28,23,13600,101
20,6,1,FRA,SIN,B787,PacificAir,0.6,26,73,3868,118
13,4,4,BOM,LAX,A380,AeroGulf,0.82,12,34,5971,96
6,3,3,BOM,SIN,B787,EuroWings,0.88,16,23,2727,88
16,4,9,LAX,SIN,B777,AsiaJet,0.23,20,27,8139,54
23,1,1,LHR,SIN,B787,EuroWings,0.21,23,79,10952,86
18,2,8,BOM,SYD,B777,AeroGulf,0.61,2,15,13317,54
6,3,11,BOM,NRT,B777,SkyMind,0.41,27,58,13726,81
2,2,9,NRT,LHR,B777,AeroGulf,0.84,5,80,11609,85
2,2,12,NRT,SYD,B787,PacificAir,0.9,4,53,12212,70
17,1,7,SIN,JFK,B777,AsiaJet,0.35,21,78,4880,86
19,4,1,NRT,DXB,B787,AsiaJet,0.24,25,15,11400,63
21,1,4,LHR,LAX,A350,EuroWings,0.78,16,14,2320,65
13,4,10,LHR,NRT,B777,AeroGulf,0.27,22,10,9340,49
2,3,1,NRT,FRA,B787,SkyMind,0.82,24,64,688,100
6,1,4,JFK,DXB,B787,PacificAir,0.42,1,78,9914,50
6,1,3,DXB,DXB,B787,EuroWings,0.67,25,89,5721,117
4,6,2,LAX,DXB,B737,AeroGulf,0.1,14,67,9170,47
2,5,1,LHR,LAX,B737,SkyMind,0.62,4,42,7246,57
17,0,6,FRA,BOM,B777,AeroGulf,0.45,25,68,11754,78
14,1,12,LHR,CDG,A380,SkyMind,0.59,19,12,10717,70
19,5,7,SIN,FRA,A350,AeroGulf,0.17,5,9,5112,20
13,0,6,LHR,CDG,A380,AeroGulf,0.74,5,74,2388,75
3,6,9,SYD,CDG,B777,EuroWings,0.86,26,81,2050,121
23,4,12,FRA,SIN,A320,AeroGulf,0.22,17,40,7559,56
7,4,9,DXB,NRT,A320,AeroGulf,0.1,17,49,11608,44
20,4,2,LHR,FRA,A350,EuroWings,0.02,3,86,5733,28
12,5,2,NRT,JFK,A350,EuroWings,0.64,16,70,6135,104
21,5,9,LHR,JFK,A350,AsiaJet,0.61,24,58,11947,90
7,0,1,LAX,FRA,B737,AsiaJet,0.55,13,38,11498,66
14,4,5,SIN,SYD,B737,EuroWings,0.23,13,2,533,42
16,2,1,LAX,NRT,A320,PacificAir,0.39,12,75,8987,99
4,1,7,DXB,BOM,A350,SkyMind,0.59,6,6,11192,36
19,5,9,DXB,NRT,B787,EuroWings,0.5,11,48,12471,69
3,5,6,DXB,SIN,A380,AsiaJet,0.99,22,25,12268,96
10,5,2,SIN,JFK,A320,AeroGulf,0.14,14,32,1929,37
17,0,6,LAX,LHR,A350,EuroWings,0.7,18,47,5746,82
9,4,9,BOM,JFK,B787,EuroWings,0.4,10,78,10881,61
16,2,3,SYD,SYD,A350,AsiaJet,0.43,14,1,2487,46
14,1,9,DXB,BOM,B777,AsiaJet,0.72,11,70,13435,75
5,1,8,JFK,NRT,B787,PacificAir,0.69,2,31,6771,64
22,4,12,LAX,DXB,A380,AsiaJet,0.99,16,3,3382,85
20,2,7,LAX,JFK,B777,AsiaJet,0.13,2,19,10401,21
15,0,8,NRT,SIN,B737,AsiaJet,0.1,18,35,11469,43
14,5,10,CDG,FRA,A320,AeroGulf,0.72,19,31,12389,81
7,5,6,CDG,SIN,A350,EuroWings,0.58,3,27,2047,52
8,6,3,FRA,DXB,A320,EuroWings,0.27,2,76,962,40
10,4,7,SIN,FRA,A380,AsiaJet,0.08,25,0,12007,39
1,1,4,DXB,LAX,A350,PacificAir,0.09,15,59,7207,44
12,5,11,NRT,FRA,B777,AsiaJet,0.89,11,55,5805,84
3,6,10,DXB,SIN,B787,PacificAir,0.19,7,34,11996,18
8,1,5,DXB,LHR,B787,EuroWings,0.32,23,29,1013,76
4,1,8,NRT,LAX,A350,PacificAir,0.23,28,53,12788,71
18,4,7,NRT,SIN,B777,PacificAir,0.35,28,35,5674,86
21,3,7,SYD,SIN,A350,SkyMind,0.07,16,54,4066,58
2,6,8,LHR,CDG,A350,PacificAir,0.52,6,88,4303,65
20,3,10,CDG,BOM,A350,PacificAir,0.07,10,79,12379,42
2,3,3,LHR,NRT,B787,AeroGulf,0.8,17,57,4438,116
5,6,3,FRA,BOM,A380,EuroWings,0.23,0,82,12181,60
9,2,2,NRT,DXB,A350,AsiaJet,0.54,2,64,1971,60
4,4,1,SIN,SIN,B787,SkyMind,0.88,3,68,8503,86
2,6,10,FRA,DXB,B737,PacificAir,0.65,12,50,837,71
21,1,6,NRT,JFK,B777,AeroGulf,0.53,5,21,7551,51
23,6,6,LHR,SYD,B737,AeroGulf,0.32,25,87,7944,85
6,5,10,BOM,DXB,A350,AsiaJet,0.33,13,52,11773,43
21,6,12,BOM,NRT,B787,AsiaJet,0.67,4,35,3912,49
17,2,8,CDG,DXB,B777,EuroWings,0.99,15,67,13915,108
22,3,6,JFK,CDG,A320,PacificAir,0.66,14,35,2892,65
7,0,6,SIN,LAX,B777,AeroGulf,0.56,14,51,1476,74
0,2,1,DXB,JFK,B777,SkyMind,0.73,29,52,5478,99
3,2,12,LAX,CDG,A350,EuroWings,0.47,3,81,10937,58
23,4,7,FRA,SIN,B737,PacificAir,0.06,7,49,13825,40
6,5,7,NRT,CDG,B737,AsiaJet,0.56,26,79,4568,106
13,2,10,BOM,LHR,A320,PacificAir,0.96,15,40,10395,96
12,6,9,JFK,SIN,A350,AsiaJet,0.18,27,17,1371,65
9,5,12,SIN,SYD,B777,PacificAir,0.69,15,21,3909,76
22,4,7,SIN,CDG,A380,SkyMind,0.2,29,65,3089,93
17,6,8,BOM,LAX,B737,EuroWings,0.54,3,20,13244,41
0,0,4,LAX,SYD,B737,AsiaJet,0.1,12,43,2049,37
3,1,9,JFK,DXB,B787,SkyMind,0.45,25,46,12199,72
15,1,1,SYD,CDG,B777,AeroGulf,0.76,27,38,4961,97
15,3,8,LAX,JFK,A350,SkyMind,0.35,12,28,3121,57
17,3,3,LHR,BOM,B737,SkyMind,0.66,1,53,3029,72
7,0,1,SIN,DXB,A350,SkyMind,0.8,2,89,10849,94
9,1,2,JFK,FRA,B777,AsiaJet,0.93,21,84,7662,106
15,3,6,BOM,LHR,B777,AeroGulf,0.23,7,16,11048,39
22,5,5,SIN,JFK,B737,EuroWings,0.4,23,79,8851,75
23,2,3,LAX,JFK,A320,SkyMind,0.15,14,59,13631,60
10,4,9,DXB,SYD,A350,AsiaJet,0.99,10,30,10794,83
5,6,8,DXB,BOM,A350,AsiaJet,0.93,8,72,11500,102
0,3,3,SIN,LAX,B787,EuroWings,0.54,6,77,10691,61
11,0,2,JFK,SYD,B777,PacificAir,0.84,12,48,6899,96
5,6,8,JFK,BOM,B777,AeroGulf,0.52,1,1,3081,21
12,1,5,FRA,CDG,B737,AeroGulf,0.62,7,47,7065,61
16,0,9,LHR,LHR,B737,SkyMind,0.09,6,13,11685,11
0,4,1,FRA,DXB,B737,PacificAir,0.76,23,58,7605,89
7,4,10,FRA,JFK,B787,AeroGulf,0.13,11,57,7456,47
21,0,3,LHR,LAX,A320,SkyMind,0.83,18,57,3434,114
7,3,5,BOM,SYD,B737,PacificAir,0.78,6,50,2811,97
23,3,2,DXB,LHR,B737,AsiaJet,0.71,9,83,3295,90
10,1,3,BOM,DXB,A380,SkyMind,0.04,28,1,4828,53
13,5,4,FRA,LHR,B737,PacificAir,0.3,24,40,7323,71
23,1,4,JFK,JFK,B787,EuroWings,0.26,15,82,4828,74
9,2,11,LHR,CDG,A350,AeroGulf,0.36,2,81,4088,54
14,5,9,LAX,LAX,A320,SkyMind,0.09,29,15,3616,56
6,6,1,NRT,BOM,A350,AsiaJet,0.94,9,3,5153,75
6,2,12,NRT,FRA,A380,SkyMind,0.55,5,11,4247,40
9,1,9,CDG,LAX,B777,AeroGulf,0.31,17,28,7324,54
3,5,9,SIN,BOM,B777,AeroGulf,0.4,17,6,10641,51
17,5,11,SYD,SYD,B737,PacificAir,0.45,4,13,1959,44
9,2,6,SYD,CDG,A380,AsiaJet,0.6,20,11,4930,61
18,0,11,LAX,BOM,A350,PacificAir,0.52,28,4,2951,74
13,3,1,CDG,CDG,B787,AsiaJet,0.92,6,80,7831,111
12,5,11,DXB,LHR,A320,SkyMind,0.5,27,31,13043,92
14,6,12,LAX,LAX,A350,SkyMind,0.99,1,73,13877,100
15,6,6,FRA,LAX,A380,PacificAir,0.85,10,42,11759,82
1,5,8,LAX,JFK,A380,EuroWings,0.21,29,80,4590,90
3,2,5,NRT,LAX,A350,AeroGulf,0.93,12,68,11680,109
20,5,5,SYD,LHR,A320,PacificAir,0.12,22,44,9463,70
17,2,1,DXB,JFK,A350,PacificAir,0.82,4,8,5541,42
16,0,1,SIN,CDG,A350,SkyMind,0.38,29,48,1611,74
9,6,8,FRA,SIN,A320,AeroGulf,0.88,5,32,12003,83
20,5,5,SIN,BOM,B787,PacificAir,0.87,23,17,13098,91
8,4,8,NRT,DXB,A380,SkyMind,0.81,25,8,10286,83
14,1,10,CDG,CDG,A320,SkyMind,0.79,28,61,11421,103
11,6,2,SIN,LHR,B737,PacificAir,0.3,13,56,9973,55
20,0,4,CDG,CDG,B737,PacificAir,0.08,11,28,4085,21
8,4,11,FRA,DXB,B737,SkyMind,0.4,3,77,8101,76
13,6,10,SYD,LHR,B737,PacificAir,0.17,28,24,11520,61
12,0,9,JFK,LAX,B777,AeroGulf,0.69,22,14,2873,79
5,3,3,LAX,CDG,B787,SkyMind,0.35,5,5,13577,35
18,0,6,BOM,BOM,B777,SkyMind,0.98,9,41,7342,96
3,0,11,DXB,SYD,A350,PacificAir,0.64,17,28,9033,82
19,3,7,LHR,LAX,A350,PacificAir,0.82,14,78,5598,109
16,5,3,LHR,LAX,A320,PacificAir,0.13,7,3,13625,14
18,1,1,FRA,SIN,B737,AeroGulf,0.86,25,81,5223,119
2,4,2,LAX,SYD,A320,SkyMind,0.92,8,56,3318,95
13,6,11,LAX,NRT,A350,EuroWings,0.49,4,48,3425,50
16,2,10,LAX,SYD,B737,AeroGulf,0.61,9,43,9964,67
12,1,7,DXB,SIN,A380,AeroGulf,0.76,19,79,1209,108
8,6,7,SYD,FRA,B787,SkyMind,0.17,5,74,7492,53
0,0,12,JFK,DXB,A350,EuroWings,0.5,15,13,1238,43
16,2,1,LAX,SIN,A380,SkyMind,0.4,23,2,10470,65
15,3,10,BOM,FRA,A320,AeroGulf,0.15,26,61,13733,70
17,1,7,JFK,JFK,A380,PacificAir,0.37,2,63,5090,56
1,5,10,DXB,LAX,A320,SkyMind,0.07,9,44,12822,41
13,4,11,LAX,NRT,A350,SkyMind,0.03,10,81,6587,62
21,1,6,FRA,SIN,B777,PacificAir,0.14,10,57,4218,57
22,1,11,DXB,BOM,B787,EuroWings,0.96,16,19,13605,99
16,5,6,JFK,NRT,A380,EuroWings,0.55,3,57,8701,71
2,2,7,CDG,JFK,A380,SkyMind,0.97,3,88,5581,100
1,3,7,CDG,LHR,A350,PacificAir,0.43,16,56,10429,72
7,5,1,FRA,BOM,A350,SkyMind,0.31,8,76,3078,67
1,6,10,SIN,LHR,A320,PacificAir,0.51,18,67,2058,90
1,3,5,LHR,BOM,B737,AeroGulf,0.44,4,77,10834,60
8,5,8,FRA,NRT,B737,PacificAir,0.11,21,51,11315,61
19,1,8,CDG,BOM,B737,SkyMind,0.64,23,36,4500,87
20,3,3,FRA,NRT,A320,AsiaJet,0.22,5,7,5045,16
5,2,3,NRT,DXB,B737,EuroWings,0.62,2,43,5839,67
11,2,7,CDG,LHR,A350,SkyMind,0.65,21,4,10835,72
8,4,4,SYD,CDG,B777,PacificAir,0.15,0,68,9556,52
6,3,6,LAX,JFK,B777,PacificAir,0.06,19,30,10492,31
11,4,9,SYD,BOM,B777,EuroWings,0.78,21,44,12144,91
4,6,10,SIN,NRT,B737,SkyMind,0.46,15,8,3216,53
15,5,2,FRA,JFK,B777,AsiaJet,0.06,22,31,4802,58
4,0,2,NRT,FRA,A380,AeroGulf,0.99,10,32,2309,90
11,6,6,CDG,SYD,B737,AsiaJet,0.06,12,66,13637,50
23,2,3,LAX,BOM,A380,AeroGulf,0.7,26,29,13033,83
19,1,1,NRT,SIN,A350,AeroGulf,0.98,9,75,6330,93
8,2,2,NRT,LAX,A380,SkyMind,0.24,2,28,2497,31
22,0,7,SYD,CDG,A350,AeroGulf,0.14,8,2,3431,10
6,1,4,LHR,DXB,A320,PacificAir,0.12,27,89,2630,79
18,3,12,JFK,NRT,A320,AeroGulf,0.3,11,56,4912,60
19,3,2,LHR,NRT,A380,AeroGulf,0.1,22,29,11384,42
22,6,11,FRA,SYD,B787,EuroWings,0.69,13,8,11868,76
10,2,12,FRA,SYD,A350,EuroWings,0.06,0,25,7013,23
20,1,12,LHR,CDG,B737,SkyMind,0.51,17,1,3296,43
11,5,8,JFK,BOM,B787,SkyMind,1.0,16,61,8248,100
2,1,4,CDG,LHR,A350,PacificAir,0.81,26,2,6823,70
16,4,4,NRT,SYD,B737,EuroWings,0.62,8,45,7245,60
6,0,2,NRT,FRA,A350,AsiaJet,0.31,8,67,13387,63
21,6,1,LHR,SYD,A350,SkyMind,0.62,22,24,5702,76
9,3,1,LHR,SIN,B737,SkyMind,0.53,9,50,2055,68
22,2,3,DXB,FRA,A350,EuroWings,0.43,18,12,12382,45
14,1,6,JFK,LHR,A350,EuroWings,0.13,28,43,13628,73
1,3,7,SYD,SIN,A350,PacificAir,0.89,14,34,12264,83
12,2,9,NRT,SIN,A320,EuroWings,0.45,4,54,8681,54
3,3,5,SYD,CDG,B777,AeroGulf,0.19,14,86,4943,66
17,2,9,LAX,SYD,A350,AsiaJet,0.37,19,8,9022,43
23,3,8,CDG,JFK,B737,AeroGulf,0.41,22,1,5205,48
22,5,1,LHR,FRA,A380,AeroGulf,0.83,29,60,10636,125
0,4,11,DXB,DXB,A350,AeroGulf,0.73,24,40,5339,98
1,0,12,DXB,JFK,A320,SkyMind,0.77,27,43,4458,112
1,3,3,FRA,LAX,A320,AeroGulf,0.01,1,63,5164,29
3,0,8,LAX,DXB,A380,SkyMind,0.42,12,30,10376,56
2,3,9,CDG,BOM,A350,EuroWings,0.48,23,46,11128,67
16,6,4,CDG,LHR,B787,AsiaJet,0.02,15,1,9662,21
13,1,12,SIN,CDG,A380,AsiaJet,0.26,14,81,1246,68
1,4,6,LHR,JFK,B777,AeroGulf,0.76,24,76,2684,127
15,6,4,FRA,SYD,B737,AsiaJet,0.14,9,68,8446,54
10,5,9,JFK,LHR,B737,SkyMind,0.54,13,57,10076,86
12,4,2,JFK,SIN,B737,EuroWings,0.22,9,43,12722,48
0,0,6,BOM,FRA,B737,AeroGulf,0.01,24,73,5821,60
22,1,11,CDG,LAX,A320,PacificAir,0.24,13,55,9710,56
1,2,3,SYD,CDG,B777,AsiaJet,0.98,25,42,11270,114
1,6,10,LAX,SIN,A350,AsiaJet,0.8,29,88,12803,119
20,4,4,DXB,LHR,A350,AeroGulf,0.96,22,33,7648,100
4,5,2,LHR,FRA,B787,AsiaJet,0.49,8,29,13355,51
3,6,11,LAX,LAX,A350,AsiaJet,0.11,24,70,12632,83
11,1,8,NRT,SIN,B777,PacificAir,0.55,13,69,2524,63
2,1,10,SIN,LAX,A350,SkyMind,0.45,2,54,6673,61
19,0,8,DXB,LHR,A320,AeroGulf,0.84,19,66,10234,97
9,5,1,LAX,SYD,A380,AeroGulf,0.1,15,12,3211,22
19,1,10,LAX,NRT,A350,PacificAir,0.49,1,2,11738,41
17,1,6,SIN,BOM,B737,PacificAir,0.15,9,25,7518,38
20,2,1,LAX,BOM,B737,SkyMind,0.32,2,56,10146,54
20,0,6,FRA,SIN,A380,EuroWings,0.74,10,23,7697,75
20,0,7,DXB,SIN,B737,AeroGulf,0.48,10,52,11695,81
9,5,2,NRT,BOM,B737,AsiaJet,0.38,20,69,2202,84
0,1,9,DXB,JFK,A320,SkyMind,0.39,20,42,6029,68
5,2,8,SIN,SYD,A320,AeroGulf,0.46,21,59,7716,85
10,3,9,NRT,BOM,A320,SkyMind,0.79,12,57,13112,98
1,4,10,JFK,BOM,A350,EuroWings,0.89,6,48,8155,75
6,6,4,LHR,FRA,A380,AeroGulf,0.96,22,41,5917,101
19,0,4,CDG,SIN,B737,AsiaJet,0.79,16,75,6824,98
20,2,12,JFK,LAX,B787,AeroGulf,0.32,29,65,4373,71
20,5,8,FRA,FRA,A380,SkyMind,0.69,1,10,8813,48
20,2,1,DXB,SIN,B787,EuroWings,0.44,11,89,10168,63
17,1,8,NRT,BOM,B737,SkyMind,0.25,24,17,765,58
20,4,7,LHR,CDG,B777,SkyMind,0.84,9,84,8719,104
18,0,12,LHR,NRT,A380,PacificAir,0.04,17,51,5878,44
3,3,7,SIN,SIN,A350,SkyMind,0.9,21,45,2624,116
12,1,9,SIN,NRT,B787,EuroWings,0.46,26,43,931,72
17,0,10,SIN,DXB,A380,AsiaJet,0.64,10,21,5474,71
19,6,7,SYD,SYD,A380,PacificAir,0.66,15,52,4277,88
23,5,2,DXB,BOM,A320,SkyMind,0.9,16,58,7537,87
12,0,1,BOM,LAX,B777,AeroGulf,0.64,18,29,13846,98
18,2,1,FRA,JFK,A320,PacificAir,0.61,17,7,13223,64
16,6,7,LAX,LAX,B777,EuroWings,0.07,2,56,1585,22
0,4,5,FRA,FRA,B777,AeroGulf,0.52,20,72,6695,78
5,3,4,CDG,NRT,A350,EuroWings,0.15,26,19,6759,53
18,4,5,SIN,FRA,A380,AeroGulf,0.74,25,24,10786,90
19,2,10,CDG,CDG,A320,AsiaJet,0.51,15,18,2985,61
0,3,10,FRA,DXB,A320,EuroWings,0.68,5,4,8792,47
7,3,6,SYD,LAX,B787,AeroGulf,0.04,24,74,5898,73
16,1,12,CDG,LAX,A380,EuroWings,0.08,11,78,10846,49
20,3,10,DXB,CDG,B737,PacificAir,0.72,10,71,5578,71
21,0,6,NRT,BOM,B737,EuroWings,0.07,14,82,7702,56
14,4,1,BOM,SIN,B787,EuroWings,0.07,14,86,3548,40
17,5,2,BOM,NRT,B777,AeroGulf,0.01,15,26,7002,36
6,5,3,FRA,NRT,B787,EuroWings,0.96,9,39,13674,78
15,4,4,LAX,SYD,B787,AsiaJet,0.74,11,25,1299,72
6,1,6,SIN,SYD,A320,SkyMind,0.35,27,26,13813,82
16,3,12,FRA,SYD,B787,PacificAir,0.3,12,61,4322,52
3,2,12,CDG,NRT,B777,AeroGulf,0.35,3,82,6111,66
11,6,11,SYD,SIN,B737,EuroWings,0.77,6,49,6509,71
12,6,9,NRT,BOM,A350,EuroWings,0.66,21,41,9987,101
3,0,12,BOM,DXB,A380,EuroWings,0.19,1,28,5763,21
20,1,2,JFK,DXB,B787,PacificAir,0.17,25,38,9126,56
0,6,8,BOM,CDG,A380,SkyMind,0.1,26,59,6070,74
0,3,9,NRT,LHR,B787,AsiaJet,0.66,26,40,12496,91
6,5,2,DXB,JFK,A380,AsiaJet,0.76,26,32,11305,90
8,2,9,CDG,SIN,A320,AeroGulf,0.27,14,82,9607,66
0,3,7,LHR,LHR,A320,SkyMind,0.02,7,82,10967,44
15,1,9,SYD,FRA,A380,SkyMind,0.08,6,15,5140,30
17,2,6,LAX,SYD,B787,PacificAir,0.97,14,22,5833,72
21,6,2,JFK,FRA,B787,EuroWings,0.3,22,6,9339,53
14,2,8,FRA,DXB,B777,SkyMind,0.77,13,25,2795,80
5,2,10,SIN,JFK,B737,EuroWings,0.62,7,11,12770,53
1,2,9,SIN,LHR,B737,PacificAir,0.38,27,71,1931,102
8,6,12,SIN,LAX,A350,AeroGulf,0.21,11,4,5672,30
3,3,8,JFK,BOM,B737,AeroGulf,0.12,12,68,2861,50
12,2,2,NRT,JFK,A350,EuroWings,0.62,29,48,8041,104
22,3,8,LAX,NRT,A320,EuroWings,0.77,10,25,12824,71
21,2,3,BOM,JFK,A350,SkyMind,0.64,16,4,1223,60
10,2,3,FRA,CDG,A350,PacificAir,0.53,28,21,2047,86
12,1,9,LHR,NRT,B737,AeroGulf,0.04,16,78,9671,52
10,3,9,LAX,LHR,B787,SkyMind,0.97,23,12,8775,92
18,5,9,FRA,FRA,A320,AsiaJet,0.8,3,27,13905,59
7,3,4,LHR,BOM,B777,SkyMind,0.29,20,32,12178,71
6,4,12,SYD,CDG,A350,EuroWings,0.98,7,22,1865,52
15,6,7,NRT,JFK,A350,AsiaJet,0.6,4,17,13506,51
2,5,8,SYD,DXB,A380,SkyMind,0.58,25,29,9241,84
16,1,5,NRT,NRT,A350,PacificAir,0.75,15,25,12184,64
17,3,1,CDG,LHR,B787,AeroGulf,0.81,3,15,11454,61
14,1,9,BOM,LHR,B777,AsiaJet,0.66,27,76,4353,114
16,5,6,DXB,LAX,A380,PacificAir,0.13,21,38,5182,59
10,1,3,DXB,FRA,B737,SkyMind,0.34,28,32,11891,53
4,1,3,NRT,SYD,A320,EuroWings,0.93,14,25,6460,97
15,0,10,DXB,CDG,B787,EuroWings,0.22,11,47,8843,42
14,3,1,JFK,DXB,B777,PacificAir,0.37,4,64,8189,59
9,1,8,FRA,FRA,A320,EuroWings,0.43,29,37,5657,90
13,0,2,LAX,LHR,B737,AeroGulf,0.44,22,1,3998,52
1,0,12,SYD,SYD,A320,PacificAir,0.61,15,5,10904,66
15,2,1,CDG,JFK,A380,PacificAir,0.94,13,45,3485,90
18,2,7,BOM,LHR,A350,EuroWings,0.24,9,49,12786,30
7,6,11,BOM,CDG,A350,PacificAir,0.12,6,37,2067,40
14,5,9,CDG,BOM,B787,SkyMind,0.2,12,87,8903,58
9,3,6,SIN,BOM,A320,AsiaJet,0.89,19,17,7169,81
4,2,8,SIN,LHR,A350,AsiaJet,0.65,27,26,13529,86
19,5,8,SIN,CDG,B787,EuroWings,0.29,28,40,10871,77
15,3,9,CDG,NRT,B787,AeroGulf,0.82,4,71,11915,83
20,5,7,DXB,SYD,A380,AeroGulf,0.86,28,73,4691,127
21,6,9,LHR,SIN,B787,EuroWings,0.85,2,16,10218,49
11,6,9,CDG,LHR,B737,EuroWings,0.92,14,61,7656,94
22,0,12,DXB,FRA,A350,PacificAir,0.25,3,28,9213,29
12,0,11,LAX,JFK,A350,AeroGulf,0.76,14,57,7017,104
8,3,1,CDG,LAX,B777,AsiaJet,0.46,13,69,12638,73
16,5,6,SYD,FRA,B737,EuroWings,0.84,19,77,5635,118
19,5,12,DXB,BOM,A350,AsiaJet,0.73,18,21,10394,79
11,2,8,BOM,LAX,A380,AsiaJet,0.78,12,5,7251,62
4,2,10,NRT,NRT,A350,AeroGulf,0.66,9,25,8709,61
23,3,9,NRT,NRT,B777,AsiaJet,0.18,20,38,12172,54
11,4,4,CDG,SYD,A320,PacificAir,0.55,4,11,7674,48
0,2,2,SYD,SYD,A320,PacificAir,0.98,26,13,2219,113
19,1,11,SYD,DXB,B737,AeroGulf,0.94,22,21,8561,100
15,2,9,NRT,NRT,B787,PacificAir,0.04,19,50,12008,60
11,4,9,DXB,BOM,B777,EuroWings,0.16,28,22,4514,52
8,5,12,LAX,SYD,B777,AeroGulf,0.13,19,47,13765,51
12,0,8,CDG,LHR,A350,AsiaJet,0.73,24,70,1378,102
16,0,3,LAX,BOM,A380,EuroWings,0.82,5,49,9285,78
16,5,5,SIN,LHR,A350,AeroGulf,0.21,3,88,13430,49
3,0,2,LHR,FRA,A380,AsiaJet,0.51,1,12,6772,42
13,2,3,JFK,DXB,B777,AsiaJet,0.84,21,84,13588,108
18,6,1,SIN,JFK,B787,AsiaJet,0.73,15,9,13242,70
6,0,4,FRA,JFK,A320,AsiaJet,0.54,17,54,2109,84
2,6,5,BOM,CDG,B737,AsiaJet,0.59,4,8,9567,28
0,4,12,JFK,JFK,A380,AeroGulf,0.51,21,78,7214,110
11,6,2,BOM,SYD,A320,PacificAir,0.3,3,51,13883,40
14,4,3,CDG,BOM,B737,AsiaJet,0.57,29,1,5609,61
10,2,12,SIN,JFK,B787,EuroWings,0.69,12,24,11923,70
9,5,6,SYD,LAX,B777,AeroGulf,0.87,18,12,13898,84
1,1,6,NRT,DXB,B787,SkyMind,0.64,22,50,2948,90
3,2,7,NRT,JFK,A380,PacificAir,0.76,1,57,13249,77
16,0,12,LAX,JFK,B777,EuroWings,0.16,12,33,2636,46
16,2,9,JFK,SYD,A350,AsiaJet,0.46,10,34,7466,58
7,4,4,FRA,NRT,B737,AeroGulf,0.01,29,2,2553,48
22,2,5,SIN,SIN,A350,AeroGulf,0.25,21,58,8263,68
13,2,11,NRT,LHR,B777,AsiaJet,0.73,28,69,13732,127
23,1,2,DXB,SYD,B737,EuroWings,0.99,3,47,583,70
3,4,6,SYD,JFK,B737,AeroGulf,0.1,21,63,10131,63
5,3,4,BOM,SYD,A350,PacificAir,0.4,19,18,3168,60
18,3,5,CDG,FRA,B737,EuroWings,0.8,19,66,5731,109
23,4,7,LAX,SYD,B777,AsiaJet,0.2,14,81,10911,58
3,3,6,JFK,LHR,A380,EuroWings,0.56,3,72,9390,52
2,0,8,LHR,SYD,A380,EuroWings,0.73,8,75,2320,87
19,3,6,NRT,CDG,B777,SkyMind,0.62,6,4,13317,50
5,0,10,LAX,FRA,A350,AsiaJet,0.19,18,66,4914,76
22,4,8,DXB,SIN,B787,PacificAir,0.36,18,10,7749,42
6,3,4,DXB,NRT,B777,AsiaJet,0.78,5,67,9790,90
13,3,12,FRA,BOM,A380,SkyMind,0.55,5,68,7072,86
11,5,7,JFK,NRT,B777,AsiaJet,0.01,19,0,8127,26
15,6,3,FRA,JFK,B737,AsiaJet,0.76,14,62,3394,81
19,0,1,JFK,LHR,B737,PacificAir,0.04,14,28,3917,31
7,0,9,NRT,CDG,B777,SkyMind,0.75,24,81,748,113
22,2,9,SIN,CDG,A350,AsiaJet,0.2,19,11,8310,49
1,1,6,CDG,SYD,B787,AsiaJet,0.96,8,76,13174,95
12,3,2,BOM,BOM,B737,AeroGulf,0.37,3,40,10649,55
7,5,8,BOM,SIN,A380,AsiaJet,0.33,17,1,2390,36
20,1,10,SIN,BOM,B737,PacificAir,0.15,17,36,8380,34
19,6,6,DXB,DXB,A380,AeroGulf,0.31,4,44,13150,51
15,6,7,SYD,CDG,B787,SkyMind,0.88,19,79,12059,94
3,5,1,CDG,CDG,B737,EuroWings,1.0,22,47,2615,110
15,1,3,NRT,JFK,A350,PacificAir,0.37,29,23,7081,99
19,3,1,SIN,LAX,A380,SkyMind,0.45,10,21,3563,50
5,6,10,CDG,NRT,B737,AeroGulf,0.72,4,10,6151,44
3,5,1,BOM,DXB,B737,EuroWings,0.89,21,57,2306,107
15,0,12,CDG,SYD,B777,SkyMind,0.59,25,45,7800,90
22,2,12,JFK,FRA,A350,PacificAir,0.39,3,28,8987,40
22,5,11,LAX,JFK,A350,AeroGulf,0.41,28,34,3194,85
20,4,1,JFK,FRA,B777,PacificAir,0.7,11,14,10683,55
12,6,4,SIN,FRA,A380,PacificAir,0.0,1,59,12631,38
4,6,7,NRT,SIN,A320,AeroGulf,0.62,12,41,5993,73
14,3,7,LHR,CDG,B787,AsiaJet,0.36,9,42,8723,57
7,3,12,FRA,BOM,A350,PacificAir,0.79,8,79,5150,85
6,4,5,FRA,SIN,A320,AeroGulf,0.09,9,73,8626,58
13,6,12,LHR,LAX,A380,PacificAir,0.59,6,48,12567,61
6,1,6,CDG,BOM,B787,AsiaJet,0.48,3,63,13092,60
21,2,2,LHR,FRA,A350,AeroGulf,0.64,18,31,1292,70
6,1,5,FRA,FRA,B737,SkyMind,0.06,9,63,13919,34
22,4,7,DXB,CDG,A350,SkyMind,0.58,29,1,4691,84
17,4,9,BOM,SYD,B787,SkyMind,0.56,2,23,1589,42
9,2,6,FRA,BOM,A320,EuroWings,0.56,24,86,8921,97
17,4,12,FRA,LHR,B737,PacificAir,0.6,20,65,3280,86
13,4,10,DXB,NRT,B787,PacificAir,0.68,28,37,13145,103
9,6,4,FRA,SYD,A380,AeroGulf,0.8,18,30,4997,81
6,5,3,CDG,BOM,B787,EuroWings,0.27,20,25,1289,55
6,6,9,DXB,NRT,A350,PacificAir,0.83,1,28,4694,62
6,2,7,BOM,JFK,A380,AeroGulf,0.5,26,66,13058,80
4,3,11,NRT,CDG,B777,AsiaJet,0.08,19,77,10490,52
0,1,6,JFK,NRT,B777,PacificAir,0.06,9,24,12672,29
13,3,7,NRT,BOM,B737,PacificAir,0.33,1,47,4957,34
17,3,8,DXB,LAX,B787,AsiaJet,0.78,1,64,13975,82
12,5,5,DXB,LAX,A320,AsiaJet,0.71,27,52,7171,111
7,1,3,SIN,CDG,B737,PacificAir,0.79,23,66,11932,114
7,3,3,LAX,SIN,A380,AsiaJet,0.52,16,89,5135,105
9,2,2,LAX,SIN,B737,AeroGulf,0.44,15,17,6461,55
16,1,8,DXB,LAX,A350,PacificAir,0.15,15,8,7238,39
5,0,1,JFK,SIN,A380,PacificAir,0.33,13,37,12548,49
14,5,12,SIN,BOM,A320,SkyMind,0.43,6,86,13620,88
14,3,8,LHR,LAX,B787,PacificAir,0.09,20,20,5655,59
15,4,3,SYD,NRT,A380,SkyMind,0.22,10,64,813,53
7,1,9,JFK,CDG,B787,AsiaJet,0.6,23,20,7133,81
18,0,12,DXB,JFK,B787,AsiaJet,0.74,0,26,732,65
19,4,12,DXB,NRT,B737,AeroGulf,1.0,10,69,6235,101
14,0,11,JFK,NRT,A350,SkyMind,0.93,22,43,12199,100
2,3,2,CDG,LHR,B737,PacificAir,0.64,20,27,9721,86
5,4,10,SIN,FRA,B777,SkyMind,0.42,3,44,12298,47
7,3,9,DXB,CDG,B777,AsiaJet,0.64,6,16,8349,55
15,4,6,SYD,LAX,B787,AsiaJet,0.79,25,39,3211,93
14,1,1,LHR,SYD,A350,AeroGulf,0.12,14,2,13031,15
12,6,5,NRT,BOM,A380,AsiaJet,0.41,17,75,10980,81
19,2,10,BOM,LHR,B787,SkyMind,0.84,11,75,8440,104
14,6,9,SYD,LAX,A380,PacificAir,0.38,16,65,12691,70
17,2,6,BOM,JFK,B787,PacificAir,0.57,0,45,11297,63
12,6,7,FRA,FRA,B737,SkyMind,0.59,10,85,3844,78
23,0,4,CDG,NRT,B787,AeroGulf,0.18,27,86,2622,77
7,5,1,SYD,SYD,B787,PacificAir,0.36,0,29,11022,32
13,4,5,LAX,SIN,A350,SkyMind,0.33,14,68,4279,67
10,3,2,CDG,SYD,A350,SkyMind,0.03,27,8,6154,51
5,5,8,LAX,BOM,A380,AsiaJet,0.02,20,84,12874,58
23,1,4,LHR,FRA,A350,AsiaJet,0.83,9,10,9572,78
0,1,1,LHR,FRA,B787,AeroGulf,0.27,6,68,11669,68
1,1,10,LHR,SIN,A350,AeroGulf,0.52,1,65,1672,58
12,2,7,CDG,NRT,A350,AeroGulf,0.3,9,87,7817,76
0,3,12,LHR,JFK,A320,SkyMind,0.94,23,30,8244,94
23,1,11,JFK,NRT,A320,SkyMind,0.26,3,32,659,41
23,1,2,BOM,BOM,B777,AsiaJet,0.43,11,38,11185,65
3,6,3,BOM,JFK,B737,PacificAir,0.87,18,45,8463,104
23,0,9,SIN,NRT,B737,AeroGulf,0.84,25,36,2629,102
22,4,9,LAX,FRA,A350,EuroWings,0.19,10,59,3578,26
1,4,2,BOM,DXB,B777,AeroGulf,0.8,7,30,2729,65
20,4,3,DXB,LHR,B777,AsiaJet,0.46,17,10,3417,52
19,5,11,BOM,JFK,A380,SkyMind,0.48,10,86,3513,70
15,6,12,DXB,DXB,A320,AsiaJet,0.13,10,1,10241,24
2,6,9,SIN,LAX,B777,AsiaJet,0.08,12,26,13265,29
16,0,1,FRA,LAX,B787,AsiaJet,0.73,2,1,6826,40
4,2,2,CDG,NRT,A380,EuroWings,0.5,11,20,12077,46
7,5,11,SYD,SIN,A350,EuroWings,0.44,2,57,2079,46
11,0,2,FRA,NRT,B787,AeroGulf,0.73,9,4,12063,67
22,1,10,SIN,SIN,B737,SkyMind,0.77,26,51,2460,100
11,3,3,BOM,NRT,A320,AsiaJet,0.16,16,44,8402,47
0,5,10,BOM,SYD,B787,PacificAir,0.61,21,84,7157,98
0,5,3,LAX,BOM,A350,AeroGulf,0.14,1,19,4344,20
14,1,10,CDG,LHR,B787,AeroGulf,0.75,16,60,5197,96
16,1,2,SIN,SIN,B787,AsiaJet,0.66,15,37,2890,52
1,3,8,LHR,BOM,B777,AeroGulf,0.96,1,19,1919,74
16,4,8,SYD,SYD,A320,AsiaJet,0.07,27,24,4417,65
19,5,8,FRA,LAX,B737,AeroGulf,0.06,21,1,12527,27
8,0,2,JFK,NRT,A350,SkyMind,0.28,29,31,13120,64
11,2,9,JFK,CDG,A380,AeroGulf,0.26,19,25,13142,50
3,1,11,JFK,BOM,A380,AeroGulf,0.25,5,69,12322,44
12,1,7,SIN,NRT,A350,PacificAir,0.91,27,40,5442,112
3,2,12,LHR,LAX,B737,SkyMind,0.25,24,66,8854,61
6,0,5,NRT,SIN,A350,SkyMind,0.27,28,0,8807,49
13,1,7,JFK,BOM,B777,SkyMind,0.76,9,50,8070,91
8,2,8,FRA,JFK,A380,AeroGulf,0.45,27,4,5698,61
22,6,9,NRT,NRT,A380,EuroWings,0.78,9,12,10162,75
0,1,2,SYD,BOM,B787,AeroGulf,0.07,7,18,6502,24
0,4,6,LAX,FRA,B777,AsiaJet,0.49,0,11,11771,19
19,4,9,LHR,SYD,A380,PacificAir,0.03,12,47,5642,43
3,1,6,LAX,DXB,B777,SkyMind,0.06,23,24,4352,46
0,6,2,FRA,SIN,B777,AsiaJet,0.91,8,56,11530,85
21,1,1,CDG,LHR,B737,AsiaJet,0.14,21,34,1042,55
9,4,12,CDG,LHR,A380,EuroWings,0.53,9,75,9105,79
1,6,3,JFK,SYD,A320,SkyMind,0.41,14,4,9373,52
20,1,11,FRA,JFK,B737,AeroGulf,0.35,4,21,9333,44
23,6,5,LAX,JFK,B737,SkyMind,0.9,21,76,4478,119
14,0,7,SIN,CDG,B777,PacificAir,0.02,15,56,1932,35
2,0,10,NRT,CDG,A320,SkyMind,0.66,12,46,9360,72
22,3,10,JFK,DXB,B737,AsiaJet,0.96,21,53,10761,133
8,0,3,NRT,DXB,A320,AsiaJet,0.56,24,2,8305,76
16,5,9,BOM,CDG,A380,AeroGulf,0.94,19,52,1468,124
20,6,10,BOM,SYD,B777,AeroGulf,0.05,17,83,6300,72
12,5,12,BOM,LAX,B737,AeroGulf,0.42,10,30,8345,54
2,5,4,CDG,SIN,A320,PacificAir,0.26,26,68,9872,84
3,1,10,DXB,FRA,A350,SkyMind,0.73,8,87,13833,90
3,1,2,FRA,CDG,B737,EuroWings,0.98,15,32,6091,80
10,2,3,CDG,JFK,B737,SkyMind,0.26,1,71,5883,45
6,6,5,FRA,SIN,B737,AeroGulf,0.65,25,87,7970,120
10,5,3,SYD,LAX,A320,PacificAir,0.2,24,49,5319,62
23,5,5,LAX,DXB,B787,SkyMind,0.57,1,83,8132,72
10,0,4,BOM,NRT,A380,AsiaJet,0.46,11,15,3735,56
9,4,11,BOM,SYD,B737,SkyMind,0.97,7,75,5755,91
4,6,10,SYD,JFK,A350,AsiaJet,0.61,8,76,751,75
12,4,3,LHR,LHR,A350,SkyMind,0.35,11,38,4800,44
11,6,12,DXB,LHR,B777,SkyMind,0.11,25,88,7909,72
9,6,6,LHR,DXB,B787,SkyMind,0.15,8,45,11571,28
6,3,8,CDG,NRT,B787,AeroGulf,0.23,9,87,4498,54
18,2,12,LHR,JFK,A320,AsiaJet,0.25,24,46,9482,80
18,4,4,FRA,SYD,B777,PacificAir,0.85,1,43,5680,62
18,3,9,SIN,DXB,A320,EuroWings,0.56,15,8,13252,60
11,0,6,FRA,LAX,B777,AsiaJet,0.52,19,86,5921,90
19,2,5,JFK,LHR,A380,AeroGulf,0.11,6,49,1995,44
21,2,3,CDG,BOM,B787,AsiaJet,0.86,27,76,8478,132
14,5,5,BOM,FRA,A380,PacificAir,0.72,1,59,13181,75
4,6,5,CDG,SIN,A320,AsiaJet,0.07,0,14,11760,12
23,6,12,LHR,CDG,B777,AeroGulf,0.71,18,35,11399,81
13,1,12,NRT,LAX,B787,AeroGulf,0.54,27,62,13699,88
11,6,4,CDG,SYD,B787,EuroWings,0.08,3,68,8641,52
20,6,12,LAX,BOM,B737,PacificAir,0.46,23,85,5878,90
10,6,6,CDG,SYD,A320,EuroWings,0.48,21,79,3077,97
4,5,3,FRA,LHR,B737,SkyMind,0.17,26,40,5806,73
15,0,10,NRT,LAX,B787,AeroGulf,0.95,1,73,8633,83
17,6,1,DXB,DXB,A320,EuroWings,0.85,24,23,1735,104
11,5,7,FRA,LHR,A320,AeroGulf,0.67,13,81,1558,98
4,2,7,NRT,JFK,A380,AeroGulf,0.46,1,48,9862,62
15,5,12,NRT,JFK,A350,SkyMind,0.41,28,17,12310,69
11,6,4,CDG,FRA,B777,AeroGulf,0.65,14,6,4159,52
22,3,9,SYD,SIN,A350,EuroWings,0.55,11,3,12347,46
1,5,12,SIN,NRT,A350,PacificAir,0.06,4,89,5868,46
5,4,2,SYD,CDG,B787,AsiaJet,0.51,27,68,556,98
22,0,1,NRT,DXB,A380,EuroWings,0.81,19,59,10584,97
20,0,3,CDG,BOM,B777,SkyMind,0.46,28,54,7972,75
3,2,7,SIN,CDG,A350,AsiaJet,0.05,6,15,3069,21
12,5,9,BOM,FRA,A350,AeroGulf,0.79,23,89,4580,133
9,2,2,LAX,LAX,A320,EuroWings,0.2,20,81,13148,78
16,2,6,LHR,NRT,B787,AsiaJet,0.26,9,28,6877,45
13,3,3,SIN,SYD,A350,EuroWings,0.16,13,22,2448,42
23,1,5,BOM,SIN,B777,AeroGulf,0.33,13,13,722,47
14,2,12,BOM,CDG,B737,EuroWings,0.76,4,78,10331,90
7,1,9,LAX,CDG,B737,SkyMind,0.52,17,48,13114,79
22,1,3,JFK,SIN,B787,AsiaJet,0.2,23,32,5717,56
23,0,1,DXB,CDG,B737,AsiaJet,0.88,13,24,10449,75
17,4,5,LAX,BOM,A320,AsiaJet,0.88,1,20,9527,60
2,4,1,DXB,NRT,A320,EuroWings,0.87,25,16,3036,98
16,5,8,JFK,LHR,B777,AeroGulf,0.24,11,22,3025,37
23,3,7,JFK,LAX,A380,EuroWings,0.45,21,56,9676,83
23,3,11,LAX,SIN,B787,EuroWings,0.98,23,80,1857,128
6,4,2,DXB,SIN,B787,AsiaJet,0.77,5,57,5387,83
12,5,11,SYD,SYD,B737,AeroGulf,0.03,3,13,8222,21
15,6,9,LHR,FRA,A350,PacificAir,0.07,12,19,6482,30
4,4,5,SYD,FRA,A350,AeroGulf,0.46,3,29,11752,33
3,5,7,DXB,CDG,A380,EuroWings,0.91,21,18,4977,90
9,5,4,FRA,SIN,A350,SkyMind,0.54,13,52,10138,73
12,5,12,FRA,CDG,A380,AeroGulf,0.5,15,55,1871,59
9,5,1,BOM,JFK,B777,AsiaJet,0.11,28,76,3724,90
13,0,8,FRA,SYD,B787,SkyMind,0.66,3,81,2374,77
21,0,1,FRA,CDG,B737,PacificAir,0.82,23,22,11191,95
11,4,3,LHR,JFK,B777,PacificAir,0.38,24,61,3861,94
0,5,6,JFK,DXB,A320,SkyMind,0.78,0,32,6604,54
20,2,8,BOM,FRA,A320,PacificAir,0.96,12,17,1642,86
19,5,8,JFK,NRT,A320,SkyMind,0.2,3,72,4809,44
19,2,2,DXB,FRA,A380,EuroWings,0.52,19,32,9256,71
6,0,9,LAX,LHR,A380,SkyMind,0.29,17,31,13519,49
8,5,4,BOM,SYD,B787,EuroWings,0.79,5,60,13226,92
7,1,4,SIN,SYD,A320,AsiaJet,0.58,2,53,7398,55
12,4,2,BOM,SIN,A380,AsiaJet,0.63,22,16,2088,82
13,5,1,NRT,CDG,A380,PacificAir,0.8,12,18,12677,58
11,3,10,JFK,DXB,A350,SkyMind,0.4,26,69,13416,100
7,2,7,DXB,LHR,A380,EuroWings,0.92,15,33,5498,99
20,6,11,FRA,CDG,A320,AsiaJet,0.53,26,83,10162,104
21,6,10,NRT,LHR,B777,AsiaJet,0.16,4,24,12606,23
17,5,3,CDG,SIN,A320,AsiaJet,0.7,3,67,11805,76
15,1,4,SIN,SIN,A350,PacificAir,0.79,20,73,13182,124
10,2,11,SYD,FRA,A320,AsiaJet,0.32,7,73,4842,44
15,1,9,JFK,LAX,B737,AeroGulf,0.86,18,87,3862,119
13,6,6,SYD,FRA,A350,PacificAir,0.91,13,84,2136,100
2,4,1,DXB,SYD,B787,SkyMind,0.28,6,10,11604,29
20,6,9,SYD,SYD,A320,AeroGulf,0.98,13,15,10164,82
1,4,9,DXB,DXB,A380,PacificAir,0.14,5,89,6727,48
2,4,5,DXB,NRT,B777,PacificAir,0.2,11,60,1744,52
3,0,8,LHR,JFK,A320,EuroWings,0.18,15,79,12429,55
21,6,7,LHR,JFK,B777,AeroGulf,0.89,16,6,10790,88
4,6,11,SIN,CDG,B737,AeroGulf,0.65,12,15,11289,48
9,1,8,DXB,SIN,B787,AeroGulf,0.15,22,15,7414,52
19,5,9,SIN,BOM,A380,AsiaJet,0.44,13,39,13768,58
1,3,2,LHR,SIN,A350,AsiaJet,0.62,28,11,5806,74
11,3,10,SIN,BOM,A350,SkyMind,0.08,6,34,11204,29
4,4,5,SIN,SIN,B787,SkyMind,0.88,13,20,5014,67
4,3,8,LAX,JFK,B737,SkyMind,0.8,14,49,8950,88
22,2,3,LAX,NRT,B737,AsiaJet,0.51,11,42,2858,52
0,1,11,DXB,NRT,A320,EuroWings,0.97,16,16,12085,92
3,1,11,NRT,FRA,B737,SkyMind,0.42,8,31,12470,42
20,1,6,SYD,FRA,A320,PacificAir,0.98,21,40,12103,102
23,2,6,SIN,DXB,B777,AsiaJet,0.67,14,5,6115,65
11,5,7,NRT,BOM,B787,EuroWings,0.63,11,87,1768,82
11,0,11,LHR,BOM,B777,PacificAir,0.17,1,26,9631,21
15,2,3,JFK,BOM,B777,PacificAir,0.88,4,19,2876,54
23,1,8,SYD,FRA,B777,AsiaJet,0.43,12,24,12643,58
16,1,8,FRA,SIN,B777,AeroGulf,0.16,26,65,8887,88
20,6,9,SYD,LAX,A350,EuroWings,0.01,19,8,12849,54
9,1,8,SIN,FRA,B737,AsiaJet,0.56,22,52,3596,88
16,5,3,DXB,JFK,B787,AeroGulf,0.53,7,60,4135,72
16,3,6,DXB,SYD,B787,AsiaJet,0.72,26,37,1061,82
17,0,9,SIN,CDG,A380,AsiaJet,0.89,13,2,12141,85
1,2,1,SIN,LAX,B777,PacificAir,0.08,14,83,12058,65
3,1,3,CDG,SIN,B787,AsiaJet,0.73,10,69,11815,82
18,6,2,SYD,SIN,A320,AeroGulf,0.19,0,54,11583,42
10,6,12,LAX,CDG,B787,PacificAir,0.86,20,0,8731,79
16,4,8,LAX,BOM,B777,AeroGulf,0.82,2,69,10459,76
11,0,6,FRA,JFK,B787,AeroGulf,0.54,16,44,8239,77
1,6,10,NRT,BOM,B737,PacificAir,0.71,27,46,7371,92
5,4,11,FRA,BOM,B777,AeroGulf,0.31,18,78,3004,84
8,0,11,JFK,SYD,A350,SkyMind,0.47,13,25,7521,49
4,1,8,JFK,SYD,B737,AsiaJet,0.82,21,13,6471,77
19,0,2,CDG,NRT,B787,PacificAir,0.46,29,53,8376,85
20,0,11,DXB,LHR,A350,PacificAir,0.36,22,70,9479,88
8,1,6,SYD,LHR,A380,SkyMind,0.49,7,45,10568,52
22,5,7,JFK,FRA,B737,SkyMind,0.83,12,30,4597,69
7,6,8,NRT,BOM,A380,SkyMind,0.34,26,87,10184,89
19,4,9,SYD,CDG,A320,SkyMind,0.17,19,58,9821,61
7,5,5,SYD,BOM,B737,EuroWings,0.71,2,28,10955,47
21,4,11,LAX,JFK,A350,PacificAir,0.83,4,16,13564,52
20,3,3,DXB,DXB,A380,AeroGulf,0.1,8,13,7322,40
22,6,2,JFK,CDG,A320,PacificAir,0.24,28,35,6378,63
5,4,8,LAX,LHR,A380,PacificAir,0.14,5,57,5009,36
2,4,1,BOM,LAX,B787,PacificAir,0.35,24,23,12713,63
4,0,10,LHR,NRT,B777,SkyMind,0.45,21,62,12997,79
8,3,6,BOM,NRT,A380,SkyMind,0.75,1,24,6686,61
6,1,2,BOM,FRA,B787,EuroWings,0.65,12,58,10877,87
3,1,3,LHR,BOM,B777,PacificAir,0.62,4,31,10336,53
6,2,8,BOM,CDG,B777,AsiaJet,0.35,27,81,4060,84
4,3,1,JFK,JFK,A350,EuroWings,0.84,26,17,6179,106
10,0,6,SYD,LAX,A320,SkyMind,0.47,24,36,3185,77
14,2,3,LAX,FRA,A320,PacificAir,0.98,7,25,7112,93
1,2,6,SIN,SIN,B737,SkyMind,0.63,22,8,5321,56
12,1,3,CDG,FRA,B787,AeroGulf,0.13,0,63,8307,34
21,4,11,LAX,SIN,A350,SkyMind,0.68,19,71,1912,113
15,0,11,NRT,LHR,A380,SkyMind,0.33,11,19,1721,41
6,3,8,DXB,JFK,B787,EuroWings,0.69,22,53,2749,93
7,2,5,JFK,SIN,A380,AeroGulf,0.07,10,85,2739,55
5,0,4,LAX,SYD,A380,AsiaJet,0.17,6,82,4702,47
23,1,9,JFK,JFK,A380,AsiaJet,0.86,14,29,8373,81
6,2,5,FRA,BOM,B737,AsiaJet,0.23,21,52,13114,63
17,2,12,LHR,BOM,B737,PacificAir,0.84,23,62,7393,104
21,5,4,SIN,FRA,A350,AsiaJet,0.28,10,10,9335,45
21,1,8,NRT,LHR,B737,PacificAir,0.64,28,30,13144,96
19,5,8,SYD,SIN,A350,SkyMind,0.69,21,48,11240,94
6,1,8,SYD,BOM,B737,AsiaJet,0.51,25,86,5903,108
2,1,4,LAX,DXB,A320,EuroWings,0.31,15,18,13295,46
4,5,1,BOM,DXB,A350,AeroGulf,0.21,2,11,12497,13
0,6,2,LHR,SIN,A320,AeroGulf,0.03,19,14,5685,31
14,0,4,BOM,LHR,A320,SkyMind,0.3,13,30,4790,49
2,0,10,BOM,DXB,A350,AeroGulf,0.65,2,42,13999,50
7,6,2,NRT,BOM,B787,AeroGulf,0.94,0,36,4642,66
8,0,11,JFK,LHR,B777,SkyMind,0.87,25,78,10077,116
14,4,10,LAX,SIN,B737,SkyMind,0.77,20,28,7652,104
9,2,3,SYD,JFK,A380,SkyMind,0.79,14,25,3084,56
1,0,9,DXB,LHR,B737,EuroWings,0.66,0,1,2101,38
19,4,9,BOM,BOM,A380,SkyMind,0.26,16,83,5442,86
4,2,11,FRA,JFK,B787,SkyMind,0.91,1,14,6198,62
18,0,9,NRT,LAX,B777,SkyMind,0.67,28,3,13496,89
12,1,7,CDG,FRA,B787,AsiaJet,0.56,19,85,12009,96
10,6,4,LAX,NRT,B777,AsiaJet,0.11,5,49,1307,28
0,3,1,FRA,LAX,A350,EuroWings,0.45,7,37,11351,34
21,0,3,BOM,JFK,A350,EuroWings,0.46,28,22,7845,80
14,3,8,JFK,NRT,A380,AeroGulf,0.86,15,58,8806,91
17,0,4,NRT,FRA,A320,AsiaJet,0.55,18,89,3227,89
15,1,10,SIN,CDG,A320,EuroWings,0.38,0,74,13418,48
8,6,10,DXB,LAX,A380,EuroWings,0.98,2,27,10958,86
0,6,2,NRT,BOM,A350,AeroGulf,0.11,27,65,12984,92
10,3,8,FRA,LHR,A380,SkyMind,0.42,2,7,13188,32
8,4,7,SYD,LHR,A320,PacificAir,0.04,4,28,12593,15
22,1,11,DXB,NRT,A380,AeroGulf,0.74,26,10,8665,77
10,3,10,SIN,NRT,A350,PacificAir,0.92,11,17,11420,82
12,3,9,CDG,NRT,B787,AeroGulf,0.28,11,54,4671,69
1,5,2,LAX,SIN,B737,AeroGulf,0.86,19,49,10141,97
13,5,5,BOM,BOM,A350,SkyMind,0.29,12,13,13074,21
5,1,6,LHR,NRT,A380,EuroWings,0.91,19,73,2068,117
7,1,2,JFK,DXB,A350,AsiaJet,0.75,8,8,10014,68
17,1,2,FRA,FRA,A350,AeroGulf,0.8,6,10,9552,48
15,2,10,NRT,NRT,A320,SkyMind,0.02,3,62,1241,31
20,4,4,SYD,DXB,A380,PacificAir,0.96,18,75,10422,118
11,0,8,JFK,SIN,A320,EuroWings,0.73,21,66,6937,101
10,5,11,SYD,DXB,A380,AeroGulf,0.3,18,52,5404,59
5,6,5,NRT,CDG,A320,PacificAir,0.83,5,38,3433,80
2,6,9,FRA,CDG,A320,AeroGulf,0.28,26,77,12210,83
13,3,4,CDG,DXB,B787,AsiaJet,0.87,12,55,5009,80
1,5,3,CDG,BOM,A350,AsiaJet,0.11,10,27,5026,16
10,0,10,SIN,SIN,B787,EuroWings,0.7,12,74,6409,99
21,1,8,BOM,LHR,A320,PacificAir,0.54,12,38,5849,70
2,6,1,LAX,DXB,B787,AsiaJet,0.1,27,24,3667,56
17,5,9,LHR,JFK,A350,SkyMind,0.24,24,20,10610,54
0,4,4,LAX,SYD,A350,EuroWings,0.01,21,9,8106,31
23,4,11,SIN,FRA,A320,AeroGulf,0.47,27,42,2718,76
0,2,9,CDG,FRA,A350,PacificAir,0.3,19,14,1840,48
11,5,8,SYD,BOM,B787,PacificAir,0.6,14,82,8509,72
14,1,3,SIN,NRT,B777,SkyMind,0.3,20,47,5139,60
4,3,3,BOM,SYD,A350,AsiaJet,0.3,12,85,2014,67
5,2,9,FRA,LHR,B787,PacificAir,0.74,21,20,1911,88
15,1,3,BOM,SIN,B787,SkyMind,0.05,10,59,11728,41
11,2,4,DXB,CDG,B787,SkyMind,0.9,18,49,8224,106
11,5,9,BOM,NRT,A350,AeroGulf,0.85,7,22,4667,81
2,0,12,FRA,CDG,B777,SkyMind,0.67,19,12,1522,81
22,6,4,JFK,LHR,A320,EuroWings,0.59,7,68,13319,76
1,5,11,NRT,SYD,A320,PacificAir,0.89,9,3,10978,68
6,1,3,FRA,BOM,A350,EuroWings,0.19,25,77,3258,71
1,3,7,BOM,LAX,A350,SkyMind,0.08,15,71,13364,61
20,3,6,CDG,CDG,B737,SkyMind,0.24,18,8,12463,58
6,1,1,SIN,SYD,A380,EuroWings,0.79,25,34,9804,101
10,2,10,SIN,DXB,B777,AeroGulf,0.03,22,20,10637,58
10,4,8,SIN,LAX,B787,SkyMind,0.58,10,57,5308,60
13,1,1,CDG,CDG,A380,EuroWings,1.0,12,17,10250,75
2,6,4,SYD,SIN,B787,EuroWings,0.86,27,71,12571,127
13,5,6,NRT,FRA,A380,PacificAir,0.52,8,80,9333,77
10,3,6,FRA,LAX,A320,AeroGulf,0.06,19,42,7233,59
3,0,7,BOM,DXB,A380,AsiaJet,0.83,23,5,10929,86
16,3,11,SYD,LHR,A350,EuroWings,0.6,18,85,5407,90
15,4,12,BOM,JFK,B777,PacificAir,0.11,15,77,12178,58
2,3,5,SIN,DXB,A320,AsiaJet,0.09,6,66,3725,28
9,4,5,BOM,LHR,A380,PacificAir,0.91,18,11,1514,76
20,6,4,CDG,LHR,B777,PacificAir,0.67,11,11,7268,68
14,1,6,JFK,SYD,A350,AeroGulf,0.83,14,65,5958,103
7,3,7,BOM,FRA,B787,SkyMind,0.88,22,1,2521,89
17,2,10,SYD,CDG,B737,AeroGulf,0.57,13,14,3176,45
2,5,10,FRA,LAX,B777,AsiaJet,0.52,10,22,10232,52
6,2,1,NRT,NRT,B787,AeroGulf,0.43,25,28,11628,64
9,5,9,SIN,LAX,B777,SkyMind,0.32,9,80,3606,74
19,3,8,DXB,FRA,B777,AeroGulf,0.43,26,6,9475,62
8,6,7,FRA,LAX,B777,AeroGulf,0.77,10,27,9362,63
13,3,9,JFK,LHR,A350,AeroGulf,0.6,5,13,11461,48
22,5,3,LHR,LAX,A320,EuroWings,0.89,1,43,11265,66
13,6,10,BOM,JFK,B777,EuroWings,0.44,10,29,3084,64
10,0,4,BOM,JFK,A350,AeroGulf,0.61,18,80,5442,89
0,6,7,NRT,LAX,B737,SkyMind,0.63,5,31,1777,46
3,3,6,NRT,SYD,A320,SkyMind,0.59,13,69,3543,65
5,0,2,SIN,BOM,A350,SkyMind,0.7,19,87,7870,105
21,0,2,DXB,SYD,B737,SkyMind,0.24,5,5,11864,19
21,5,10,DXB,LAX,A320,PacificAir,0.51,16,26,6360,53
4,0,7,CDG,BOM,A350,AeroGulf,0.1,9,81,4282,61
2,0,9,SIN,SIN,B737,AeroGulf,0.38,27,87,7557,103
1,1,11,SIN,LHR,A350,PacificAir,0.49,0,23,8869,38
2,6,12,JFK,NRT,B737,SkyMind,0.65,2,33,8967,66
8,2,9,LAX,LHR,B777,AsiaJet,0.95,7,39,11051,88
18,0,7,JFK,SIN,B777,AsiaJet,0.6,7,46,3981,58
18,2,11,BOM,LHR,A320,PacificAir,0.74,26,78,13578,106
16,0,8,LHR,NRT,B737,AsiaJet,0.51,19,74,12051,95
17,2,10,SIN,CDG,B777,EuroWings,0.63,21,85,6272,106
10,3,3,DXB,DXB,A320,AeroGulf,0.07,14,23,10116,35
11,3,1,NRT,BOM,B787,AsiaJet,0.25,23,64,5836,68
2,2,7,LHR,LHR,B777,EuroWings,0.36,6,17,4622,42
17,6,8,DXB,NRT,B777,AeroGulf,0.47,10,43,3460,54
23,0,2,DXB,BOM,A380,EuroWings,0.05,6,75,8397,41
5,1,9,LHR,NRT,A350,AeroGulf,0.14,28,56,2969,84
6,6,4,NRT,JFK,B787,AeroGulf,0.28,3,27,11777,26
0,2,10,LAX,CDG,B737,AsiaJet,0.97,24,70,7551,109
5,6,11,CDG,DXB,A320,PacificAir,0.33,11,22,11064,36
17,4,9,SIN,DXB,B787,AsiaJet,0.48,25,84,4568,107
12,1,3,JFK,BOM,B737,SkyMind,0.2,5,33,5943,34
21,4,8,BOM,SYD,B777,EuroWings,0.61,13,10,10282,59
18,2,11,JFK,FRA,A380,SkyMind,0.28,11,85,4880,63
6,0,2,DXB,FRA,A320,AeroGulf,0.21,10,34,9804,45
18,6,3,SIN,JFK,A320,AsiaJet,0.52,18,41,9760,67
8,6,1,NRT,BOM,B787,SkyMind,0.01,20,27,3045,43
2,4,5,NRT,BOM,A350,SkyMind,0.01,4,81,13699,33
22,6,4,NRT,DXB,B737,SkyMind,0.22,13,77,8165,56
11,2,1,BOM,FRA,A380,AeroGulf,0.04,20,81,4149,59
19,1,10,BOM,SYD,A380,AeroGulf,0.11,23,23,2314,47
23,0,9,SIN,LHR,B787,AeroGulf,0.34,15,7,4407,45
17,4,6,LAX,LHR,A350,SkyMind,0.8,24,52,4231,106
7,6,6,DXB,LHR,A350,EuroWings,0.57,12,71,10884,51
8,2,11,NRT,NRT,A350,AsiaJet,0.51,24,3,8185,61
12,0,2,NRT,SYD,A320,AsiaJet,0.29,28,4,8773,57
7,0,7,NRT,SIN,B737,AeroGulf,0.93,21,48,13767,118
21,3,12,BOM,SIN,B737,SkyMind,0.4,21,29,12398,58
9,0,12,LAX,LAX,B787,EuroWings,0.09,24,71,13978,71
16,2,9,JFK,FRA,B777,PacificAir,0.62,19,62,11868,102
6,1,6,LAX,LAX,B787,AeroGulf,0.11,21,46,10517,45
16,5,11,BOM,SYD,B737,PacificAir,0.35,3,25,6369,38
22,3,8,JFK,FRA,A320,AsiaJet,0.51,10,56,8773,61
17,2,12,LHR,SIN,B787,AsiaJet,0.87,16,36,593,86
23,2,5,SIN,BOM,B777,EuroWings,0.49,6,6,8686,34
1,2,2,LHR,FRA,A380,EuroWings,0.7,13,39,842,71
2,4,4,SIN,JFK,B787,PacificAir,0.99,25,38,7440,133
18,6,12,NRT,JFK,A350,AsiaJet,0.13,10,61,2908,53
0,4,1,LHR,SYD,B777,EuroWings,0.27,27,77,10546,96
20,1,1,BOM,LAX,A350,EuroWings,0.39,21,52,12691,79
20,2,6,DXB,SIN,A320,AsiaJet,0.42,8,3,9781,25
9,6,2,JFK,SIN,B737,AsiaJet,0.41,22,81,1123,93
20,4,6,SYD,DXB,B787,SkyMind,0.91,12,24,1367,90
13,4,1,FRA,DXB,B787,EuroWings,0.71,22,6,11168,71
12,4,11,DXB,JFK,A350,PacificAir,0.61,17,27,3972,80
8,1,10,LHR,SYD,A350,AeroGulf,0.31,27,68,670,91
5,1,3,JFK,LAX,B737,AeroGulf,0.82,10,66,10474,105
5,2,9,LHR,SIN,B787,AsiaJet,0.96,14,19,9269,82
18,3,2,LHR,LHR,B737,PacificAir,0.82,24,82,8759,109
20,2,8,CDG,CDG,A350,SkyMind,0.0,25,10,2015,38
9,4,6,SYD,CDG,A380,EuroWings,0.64,24,66,13845,112
22,5,12,CDG,LAX,A350,SkyMind,0.05,21,86,8692,54
2,6,6,CDG,SIN,B777,PacificAir,0.26,28,6,2698,43
17,4,7,LAX,BOM,A350,SkyMind,0.06,18,22,1401,40
20,0,5,BOM,JFK,A350,AsiaJet,0.6,0,60,6403,56
18,5,12,BOM,LHR,A380,AeroGulf,0.69,3,70,13537,73
4,5,11,CDG,LAX,B737,AsiaJet,0.11,13,33,8255,46
10,6,4,NRT,CDG,B777,EuroWings,0.38,13,18,9486,45
9,2,6,LAX,BOM,B777,AsiaJet,0.46,2,57,2566,38
16,4,8,LHR,FRA,B787,PacificAir,0.37,29,8,10511,85
3,4,4,SYD,LAX,A380,PacificAir,0.12,27,47,9062,58
20,3,5,CDG,DXB,A320,EuroWings,0.42,16,81,3038,73
17,0,7,SYD,DXB,B787,EuroWings,0.75,2,40,4407,72
17,2,6,SIN,NRT,B787,AeroGulf,0.07,15,47,7460,42
0,1,4,LAX,LAX,B787,SkyMind,0.08,13,44,10746,41
13,2,4,SYD,SYD,B777,AeroGulf,0.35,29,24,3096,77
7,5,10,LHR,SYD,B737,AsiaJet,0.94,19,77,13158,124
1,2,4,SIN,LHR,A350,SkyMind,0.67,28,24,10380,89
18,3,1,NRT,JFK,B777,EuroWings,0.68,12,18,13544,78
14,2,5,LHR,SIN,A350,PacificAir,0.36,14,38,3821,40
1,3,8,FRA,LHR,A350,AsiaJet,0.59,13,78,9830,92
3,5,7,BOM,FRA,A320,AeroGulf,0.01,23,79,8220,59
0,3,5,DXB,LAX,B787,EuroWings,0.64,24,26,3121,95
18,6,3,JFK,NRT,A320,SkyMind,0.91,18,73,11420,111
20,6,11,DXB,SYD,B787,SkyMind,0.61,5,62,9857,63
9,4,1,NRT,LAX,B777,PacificAir,0.87,9,67,10200,97
0,1,7,BOM,NRT,A350,EuroWings,0.72,26,18,4341,96
19,5,11,SYD,CDG,A320,EuroWings,0.12,14,27,5058,44
21,3,3,LAX,SIN,A380,AsiaJet,0.9,20,84,13268,109
14,0,4,LHR,BOM,B777,AsiaJet,0.07,21,77,5418,62
3,5,5,BOM,DXB,B777,SkyMind,0.53,19,32,9215,73
6,0,12,BOM,DXB,A380,AeroGulf,0.14,25,9,10950,49
6,1,8,CDG,NRT,B787,SkyMind,0.01,5,82,4839,46
21,3,7,JFK,FRA,A350,AsiaJet,0.42,22,29,738,53
17,5,9,LHR,LAX,B787,AsiaJet,0.3,24,21,1720,65
12,5,11,BOM,LHR,B787,AsiaJet,0.49,9,2,1268,41
9,1,3,CDG,JFK,B777,SkyMind,0.58,6,81,8926,69
23,4,11,SIN,BOM,B787,EuroWings,0.04,21,74,6830,57
7,0,10,NRT,NRT,B737,AeroGulf,0.12,16,47,11452,48
9,5,1,NRT,JFK,A380,AeroGulf,0.56,17,1,7888,30
13,2,1,LAX,CDG,A380,AsiaJet,0.34,16,75,5092,68
13,0,12,LAX,CDG,A350,PacificAir,0.73,8,53,10211,69
19,3,10,BOM,NRT,A380,SkyMind,0.65,9,5,10595,58
21,1,1,BOM,NRT,B787,EuroWings,0.85,9,39,10926,73
10,0,2,LHR,CDG,B787,AsiaJet,0.69,24,1,8117,76
5,2,2,JFK,LHR,A320,PacificAir,0.43,6,72,8582,75
20,6,7,BOM,CDG,A350,AsiaJet,0.67,15,1,8079,71
0,2,9,NRT,LHR,A350,PacificAir,0.28,28,73,9627,95
18,1,8,SYD,JFK,A380,AeroGulf,0.31,17,54,9960,61
6,1,4,BOM,LHR,B787,PacificAir,0.79,5,71,6956,87
23,6,2,CDG,DXB,B737,AeroGulf,0.45,26,59,9510,87
17,0,3,NRT,DXB,A320,AeroGulf,0.8,19,5,12259,76
2,3,10,BOM,LAX,B737,SkyMind,0.82,0,18,4617,59
19,4,5,DXB,SIN,B787,PacificAir,0.86,0,26,10807,57
10,2,9,DXB,NRT,A350,EuroWings,0.92,11,0,2939,83
4,1,8,DXB,FRA,A350,EuroWings,0.43,20,32,12079,67
18,4,12,JFK,SYD,B737,PacificAir,0.32,27,39,9780,80
20,4,3,FRA,LHR,B777,SkyMind,0.58,1,31,10519,60
23,4,9,CDG,FRA,B787,EuroWings,0.37,3,68,6586,62
23,3,10,CDG,LAX,A350,AsiaJet,0.6,16,16,5324,55
1,1,3,NRT,SIN,A380,EuroWings,0.71,3,7,11280,53
21,2,10,SYD,FRA,B777,SkyMind,0.69,10,56,11307,85
3,1,12,NRT,FRA,A350,AeroGulf,0.37,21,41,10565,77
9,0,8,LHR,DXB,A380,AeroGulf,0.17,25,8,12999,41
1,2,1,SIN,BOM,A350,AeroGulf,0.43,3,86,10465,59
7,1,4,DXB,SIN,B777,SkyMind,0.14,0,34,8891,29
0,2,4,SYD,SYD,B737,AeroGulf,0.89,6,70,13774,84
5,0,6,SIN,JFK,B787,AeroGulf,0.35,29,78,8869,93
10,5,12,SIN,LAX,B777,SkyMind,0.15,17,52,6042,67
9,2,12,SIN,NRT,B777,AsiaJet,0.03,8,53,9622,34
12,5,2,JFK,NRT,A350,EuroWings,0.65,28,83,12428,108
0,4,7,BOM,JFK,A380,SkyMind,0.64,2,24,2536,43
1,6,5,SIN,LAX,B777,SkyMind,0.34,7,66,10177,59
2,3,10,BOM,JFK,B787,PacificAir,0.07,28,61,2591,59
8,0,6,LAX,LHR,B737,AeroGulf,0.41,23,54,6050,78
4,2,11,DXB,LAX,A380,AsiaJet,0.31,18,45,4763,66
9,0,6,SIN,LAX,B737,PacificAir,0.68,3,23,6930,64
9,4,12,CDG,FRA,B737,AsiaJet,0.61,17,45,2884,85
11,5,11,BOM,SIN,B787,AeroGulf,0.36,19,21,12780,52
17,3,6,CDG,SIN,A350,AeroGulf,0.22,26,10,13373,65
20,0,10,CDG,FRA,A380,AeroGulf,0.99,10,47,10607,90
20,5,12,FRA,CDG,A380,EuroWings,0.45,26,7,6826,58
0,4,8,SIN,LAX,B787,AsiaJet,0.69,13,38,8707,74
2,4,10,LAX,BOM,A380,AsiaJet,0.14,24,34,8163,69
4,4,4,SYD,FRA,B777,PacificAir,0.49,17,48,11626,75
16,6,10,CDG,JFK,A320,SkyMind,0.03,27,45,9528,60
7,5,8,DXB,CDG,A320,AeroGulf,0.51,27,37,8221,98
16,2,9,LHR,SYD,A320,AeroGulf,0.96,28,7,2657,90
8,1,4,CDG,CDG,B737,PacificAir,0.38,15,53,10268,56
5,0,1,DXB,JFK,A380,AsiaJet,0.04,2,36,805,6
16,6,3,NRT,LAX,B787,EuroWings,0.03,14,39,7623,41
7,1,1,DXB,SIN,A380,AsiaJet,0.39,26,33,2553,76
20,4,7,JFK,LHR,B787,EuroWings,0.16,26,78,11582,92
6,1,12,SYD,LAX,A380,EuroWings,0.02,3,16,6312,14
6,5,1,NRT,JFK,B737,AsiaJet,0.76,4,32,3844,61
14,4,11,FRA,CDG,B777,AeroGulf,0.46,16,46,4956,70
6,6,4,DXB,NRT,A320,EuroWings,0.29,6,51,1708,47
21,4,1,DXB,LHR,A320,PacificAir,0.9,15,79,2358,94
7,3,2,BOM,DXB,A380,PacificAir,0.12,13,8,3203,51
8,3,11,LAX,LAX,B737,EuroWings,0.96,25,32,2471,112
14,6,1,SYD,JFK,A320,AeroGulf,0.31,15,59,13911,66
1,5,5,JFK,SYD,A380,EuroWings,0.89,6,76,1613,97
6,5,7,CDG,LAX,A350,PacificAir,0.6,8,20,1483,61
14,1,3,JFK,LAX,A380,PacificAir,0.83,3,57,12002,75
17,6,8,FRA,FRA,B787,AsiaJet,0.98,29,84,12693,130
21,0,5,SIN,CDG,A320,AeroGulf,0.29,29,68,11463,92
17,6,5,SIN,BOM,A320,AsiaJet,0.96,21,9,11844,95
9,1,5,JFK,LAX,A350,SkyMind,0.39,10,5,10854,33
21,5,8,FRA,JFK,B777,EuroWings,0.39,1,12,2627,41
17,0,2,CDG,CDG,A380,AsiaJet,0.34,11,64,4139,64
0,6,2,NRT,NRT,B777,AeroGulf,0.54,11,19,12966,62
6,1,12,LAX,SYD,A380,EuroWings,0.15,29,56,7976,86
2,2,8,LAX,SYD,A350,EuroWings,0.55,3,45,1060,55
13,2,9,JFK,LAX,B777,EuroWings,0.54,17,7,7152,63
11,0,11,LAX,DXB,B737,EuroWings,0.76,25,9,10501,93
13,3,12,JFK,CDG,A350,EuroWings,0.83,20,72,4887,102
3,0,10,SIN,NRT,A380,AeroGulf,0.44,6,66,3432,62
12,1,10,DXB,SIN,B787,SkyMind,0.3,28,10,8982,65
15,4,2,NRT,FRA,B787,PacificAir,0.26,0,11,13329,12
15,2,4,LAX,DXB,B787,SkyMind,0.19,25,9,2409,71
21,4,8,LHR,SIN,A380,PacificAir,0.06,25,24,7730,39
4,2,2,SIN,FRA,A320,AsiaJet,0.34,22,48,13381,62
19,1,4,FRA,SYD,A350,EuroWings,0.27,25,48,1928,83
5,2,10,LHR,SIN,A350,AsiaJet,0.97,12,88,1447,117
5,0,1,BOM,DXB,B777,AsiaJet,0.56,5,10,11219,36
17,4,2,LAX,FRA,A350,PacificAir,0.35,5,61,1848,57
5,5,7,JFK,DXB,A350,AeroGulf,0.58,11,35,9072,77
6,4,1,LAX,DXB,B777,EuroWings,0.14,7,38,10396,33
23,1,12,CDG,FRA,A350,AsiaJet,0.44,23,52,809,102
23,5,1,CDG,NRT,A350,SkyMind,0.63,21,89,3914,91
15,4,2,SYD,SYD,B737,EuroWings,0.49,18,77,6289,92
8,6,4,NRT,LAX,A380,AeroGulf,0.4,4,55,10190,61
12,1,7,CDG,BOM,B777,EuroWings,0.99,17,0,11586,92
11,6,4,DXB,LHR,B737,AsiaJet,0.88,29,55,7068,116
18,3,5,JFK,LAX,A320,SkyMind,0.62,4,3,13953,42
22,0,4,LAX,SIN,B777,AsiaJet,0.57,29,29,9352,92
22,2,4,NRT,FRA,A380,AeroGulf,0.62,24,11,3947,84
0,6,9,NRT,NRT,A350,PacificAir,0.2,9,34,2773,43
7,2,6,BOM,NRT,A350,SkyMind,0.4,0,76,10189,62
3,2,12,LHR,SIN,B737,AeroGulf,0.04,9,51,10764,28
20,3,3,SYD,CDG,B737,AeroGulf,0.48,4,30,12128,44
21,0,6,LAX,DXB,A320,AsiaJet,0.54,11,86,2642,75
18,4,7,SYD,LHR,A320,AsiaJet,0.23,21,67,13352,69
20,6,7,NRT,SIN,A380,AsiaJet,0.96,29,51,10297,129
4,4,8,CDG,SIN,A350,PacificAir,0.91,26,79,13987,126
16,0,4,SIN,BOM,B787,EuroWings,0.72,6,6,5239,75
2,5,1,SYD,LAX,A320,EuroWings,0.53,8,21,10123,53
18,0,6,DXB,SIN,A350,AsiaJet,0.87,21,74,10642,113
0,2,8,SIN,CDG,A320,AsiaJet,0.13,20,55,12614,60
22,4,5,JFK,SIN,B777,PacificAir,0.79,11,57,958,81
0,0,3,SIN,SIN,B737,EuroWings,0.12,22,63,8080,64
22,4,4,DXB,LAX,A350,PacificAir,0.79,28,11,11640,102
19,0,8,LHR,SIN,A320,AeroGulf,0.28,0,6,837,20
8,1,6,LAX,CDG,B737,EuroWings,0.88,10,54,12635,83
22,6,5,SYD,LAX,B787,AsiaJet,0.94,29,61,5950,116
4,2,9,CDG,JFK,A320,SkyMind,0.15,20,89,7880,70
6,0,10,LHR,SYD,A350,AeroGulf,0.46,14,72,10705,77
5,3,3,DXB,SYD,B777,SkyMind,0.98,1,76,4520,100
16,0,7,LHR,DXB,B737,PacificAir,0.48,19,54,9036,68
21,1,9,SYD,LHR,B737,PacificAir,0.86,6,35,13363,72
16,3,11,LHR,NRT,B777,PacificAir,0.59,20,88,6143,101
12,3,11,JFK,BOM,A350,AsiaJet,0.38,11,23,1442,33
11,0,12,BOM,CDG,A380,PacificAir,0.29,21,43,845,59
3,1,4,SYD,SYD,B787,SkyMind,0.2,17,16,4394,38
7,3,10,LAX,JFK,A380,AeroGulf,0.76,2,1,12011,42
4,6,10,SIN,CDG,B777,AsiaJet,0.39,6,12,12387,38
4,2,3,SYD,LAX,B787,AeroGulf,0.51,10,30,9016,56
12,5,1,DXB,JFK,A350,PacificAir,0.49,17,27,7110,61
10,2,9,LHR,CDG,A320,EuroWings,0.58,11,59,2638,78
7,4,1,SYD,SYD,A320,AsiaJet,0.87,5,26,4889,83
7,4,2,LHR,NRT,A380,PacificAir,0.98,4,14,12304,83
0,1,9,CDG,FRA,A350,AsiaJet,0.41,25,78,9215,77
12,3,5,FRA,BOM,B787,EuroWings,0.83,0,32,8326,67
4,2,4,LAX,BOM,A380,SkyMind,0.76,11,19,8316,68
20,2,9,NRT,CDG,B777,SkyMind,0.57,26,41,11589,90
7,5,9,FRA,SYD,A380,SkyMind,0.96,25,11,12432,96
16,1,2,SYD,JFK,A350,EuroWings,0.2,10,72,758,56
22,6,3,DXB,SYD,A350,AeroGulf,0.11,3,22,1610,21
22,3,12,BOM,SYD,A320,EuroWings,0.85,26,71,7825,113
12,1,3,LAX,SIN,B777,EuroWings,0.44,17,13,6987,49
8,0,5,NRT,FRA,A320,PacificAir,0.85,3,24,1320,61
1,2,3,CDG,SIN,B787,SkyMind,0.89,16,76,6488,109
18,1,10,BOM,JFK,B787,AsiaJet,0.06,1,84,11480,43
19,1,6,SIN,FRA,B737,AeroGulf,0.88,28,30,6135,113
16,5,2,LHR,SYD,A350,AsiaJet,0.45,23,53,5164,78
6,6,6,FRA,NRT,B777,PacificAir,0.51,21,4,7593,65
2,0,6,BOM,JFK,B777,PacificAir,0.63,1,12,5104,51
18,4,2,LHR,CDG,A320,AeroGulf,0.93,11,27,2063,92
18,2,6,NRT,CDG,A380,AsiaJet,0.02,5,42,13312,25
23,5,6,CDG,CDG,A380,AeroGulf,0.48,9,88,6843,75
8,6,6,NRT,LHR,A320,AeroGulf,0.69,24,46,9899,97
9,6,12,CDG,FRA,A380,SkyMind,0.72,22,70,9000,95
13,1,5,CDG,SYD,B777,AsiaJet,0.69,24,37,2339,90
17,2,7,JFK,SYD,A320,SkyMind,0.13,20,66,8175,70
14,4,12,JFK,FRA,A380,SkyMind,0.3,22,61,12044,80
0,6,5,LAX,SIN,B737,SkyMind,0.36,26,38,8501,73
5,1,11,JFK,CDG,A350,EuroWings,0.8,15,36,10075,86
14,6,1,JFK,SIN,B737,PacificAir,0.28,13,85,2806,63
5,0,12,LHR,SIN,A380,PacificAir,0.21,6,7,9872,30
17,6,9,SYD,CDG,B787,EuroWings,0.96,27,80,11164,129
0,2,3,FRA,LAX,B777,AeroGulf,0.01,27,51,5640,59
23,6,2,FRA,SYD,B737,AsiaJet,1.0,18,32,3186,96
2,6,10,SIN,LHR,B737,AsiaJet,0.68,22,80,11659,105
16,5,6,DXB,CDG,A320,AsiaJet,0.83,16,41,13799,86
15,0,8,CDG,NRT,A320,SkyMind,0.29,8,75,13137,64
7,4,2,NRT,CDG,A320,AsiaJet,0.01,25,26,1460,45
16,4,4,LHR,BOM,A380,AsiaJet,0.74,12,7,12148,77
7,2,2,CDG,BOM,B787,AsiaJet,0.83,21,22,9129,101
16,4,12,DXB,JFK,B737,PacificAir,0.74,4,63,955,68
8,3,12,JFK,LAX,A350,EuroWings,0.14,22,19,7267,49
11,5,9,SIN,CDG,A320,AeroGulf,0.75,4,15,4317,51
18,2,10,JFK,SYD,B787,EuroWings,0.77,9,16,10261,63
3,6,2,CDG,LAX,A380,AsiaJet,0.66,20,79,9795,117
20,3,10,SIN,SYD,B787,AeroGulf,0.77,26,18,10310,89
21,4,2,DXB,FRA,A320,AeroGulf,0.85,9,7,12304,70
10,6,5,NRT,LAX,B777,EuroWings,0.61,26,37,2012,94
3,2,12,NRT,DXB,B737,EuroWings,0.09,6,37,5238,21
13,3,5,LAX,DXB,A320,EuroWings,0.49,25,52,891,80
13,4,12,BOM,JFK,A350,EuroWings,0.08,14,89,3121,51
5,1,7,BOM,LAX,B737,SkyMind,0.41,6,30,6676,38
16,1,1,NRT,DXB,B787,PacificAir,0.41,28,43,9612,60
1,0,12,BOM,DXB,A350,PacificAir,0.07,26,59,6219,71
7,1,2,FRA,NRT,B737,AsiaJet,0.35,14,75,6541,88
3,3,11,SYD,BOM,A350,SkyMind,0.11,2,16,11149,17
9,5,11,DXB,LHR,B787,AeroGulf,0.81,18,78,4100,95
6,1,6,SYD,SIN,A320,EuroWings,0.95,9,72,5710,94
3,2,2,BOM,CDG,A350,AsiaJet,0.07,27,38,5008,56
15,2,4,JFK,DXB,A320,AeroGulf,0.96,28,41,6942,107
13,2,10,LAX,SIN,B787,PacificAir,0.52,14,47,8154,77
15,1,6,BOM,SIN,B787,AeroGulf,0.3,2,11,10480,31
8,6,12,LHR,LAX,A350,EuroWings,0.08,5,88,6716,38
3,1,7,CDG,LAX,A350,EuroWings,0.5,11,17,8385,59
23,0,10,SIN,CDG,B787,PacificAir,0.79,14,78,760,111
5,5,5,JFK,BOM,A350,EuroWings,0.71,5,5,7333,67
0,6,8,CDG,FRA,A350,SkyMind,0.05,12,42,10705,60
6,5,6,FRA,SIN,A350,AsiaJet,0.07,28,34,10027,52
0,6,5,LAX,FRA,A380,PacificAir,0.4,18,53,13746,94
18,6,4,LHR,BOM,A350,PacificAir,0.3,2,61,6444,42
7,4,6,FRA,JFK,B737,AeroGulf,0.23,7,68,6634,46
2,0,6,FRA,LHR,B787,PacificAir,0.28,7,81,7375,62
0,3,6,FRA,CDG,B787,AsiaJet,0.8,22,15,7328,82
0,2,1,NRT,NRT,B777,SkyMind,0.93,25,7,13976,99
6,1,6,CDG,BOM,A320,AeroGulf,0.41,19,88,834,77
20,4,1,SIN,DXB,B777,AsiaJet,0.91,14,89,8169,109
12,4,5,SYD,FRA,A350,PacificAir,0.32,3,85,3279,67
0,6,7,LHR,JFK,A350,EuroWings,0.48,18,30,9495,67
15,1,1,SYD,SYD,B737,EuroWings,0.23,20,9,7828,48
21,0,1,LHR,FRA,B737,AsiaJet,0.64,2,55,2937,67
21,4,6,DXB,SIN,B737,SkyMind,0.98,12,75,3307,116
13,5,7,NRT,FRA,B737,EuroWings,0.6,7,69,13759,60
3,0,6,LHR,NRT,B737,AsiaJet,0.36,22,19,5690,66
22,1,5,BOM,BOM,B737,AeroGulf,0.65,15,4,9632,60
22,6,6,BOM,DXB,B737,PacificAir,0.12,12,22,3663,35
11,0,3,DXB,DXB,B737,SkyMind,0.89,2,8,9594,68
11,6,9,SIN,SYD,A380,SkyMind,0.5,15,57,12124,65
16,5,5,LAX,LAX,B737,AeroGulf,0.45,8,58,7988,54
20,2,2,NRT,SIN,B787,SkyMind,0.59,27,79,9960,92
14,6,12,FRA,BOM,B737,AsiaJet,0.62,13,53,523,73
9,6,10,CDG,FRA,A320,SkyMind,0.07,12,45,5152,50
2,1,10,JFK,SYD,B737,SkyMind,0.68,20,21,3248,78
22,5,7,NRT,LHR,A380,SkyMind,0.24,24,63,2950,64
19,1,3,DXB,NRT,A350,AsiaJet,0.71,6,7,10088,50
19,5,1,BOM,LAX,A380,PacificAir,0.82,14,19,8595,65
11,5,3,CDG,LAX,A380,EuroWings,0.8,6,50,3857,67
0,4,9,LHR,JFK,A350,SkyMind,0.55,5,77,12596,74
0,4,5,SIN,JFK,B737,AeroGulf,0.52,1,38,8595,38
9,4,7,SIN,LHR,B737,AeroGulf,0.14,8,36,11180,43
17,2,3,LAX,SYD,A350,AsiaJet,0.78,21,49,8583,97
14,2,4,LAX,CDG,A320,PacificAir,0.27,23,33,6472,64
1,5,1,NRT,NRT,B777,SkyMind,0.5,16,74,12358,81
16,3,3,JFK,SYD,B787,AsiaJet,0.28,4,32,10449,41
7,1,7,DXB,SIN,A350,EuroWings,0.13,11,30,13669,42
21,4,4,CDG,NRT,B737,PacificAir,0.63,0,53,8655,61
21,1,2,BOM,LAX,B787,PacificAir,0.05,9,43,7569,38
8,6,5,DXB,LAX,B737,AsiaJet,0.75,10,33,10570,71
20,5,5,DXB,SIN,B777,AeroGulf,0.32,15,70,5838,74
19,0,2,SYD,CDG,B777,PacificAir,0.0,13,61,3032,41
10,5,11,SYD,LHR,A350,AeroGulf,0.51,7,22,12206,49
5,2,6,LHR,JFK,B787,PacificAir,0.05,23,45,5837,53
23,3,10,JFK,LAX,A380,PacificAir,0.28,16,55,4273,59
13,0,4,LHR,CDG,B787,PacificAir,0.71,24,6,10770,75
0,1,1,CDG,BOM,A380,EuroWings,0.06,17,88,6965,68
6,2,3,BOM,NRT,B777,AeroGulf,0.84,11,60,5161,101
23,4,9,BOM,LHR,B737,EuroWings,0.0,24,2,2557,46
8,0,10,DXB,SYD,A380,AeroGulf,0.25,16,37,1177,43
10,2,7,LAX,CDG,A380,EuroWings,0.74,27,83,13638,128
23,1,6,BOM,LHR,A350,EuroWings,0.32,25,33,3474,67
22,5,1,LAX,CDG,A320,EuroWings,0.1,13,43,8976,47
15,1,9,LAX,BOM,B777,AsiaJet,0.36,15,29,10892,48
18,0,9,CDG,DXB,A380,EuroWings,0.27,13,16,6148,43
1,0,1,JFK,SIN,B777,PacificAir,0.84,8,58,13158,88
14,5,6,DXB,DXB,A350,SkyMind,0.31,3,9,6944,14
2,0,7,BOM,LHR,B737,EuroWings,0.79,24,83,2340,121
3,3,2,FRA,DXB,B787,SkyMind,0.89,22,17,2378,103
19,4,10,JFK,CDG,B777,SkyMind,0.43,10,44,6789,57
21,2,8,SYD,CDG,A350,PacificAir,0.91,5,58,10302,96
6,5,8,FRA,DXB,A350,SkyMind,0.38,14,61,12654,66
11,1,6,CDG,SIN,A350,SkyMind,0.96,4,58,7719,93
3,1,9,JFK,SIN,B787,SkyMind,0.09,10,48,12928,21
9,4,3,CDG,BOM,B777,AeroGulf,0.69,24,62,11851,121
5,0,2,JFK,CDG,A380,EuroWings,0.49,17,86,12190,101
21,0,2,LAX,LHR,A350,EuroWings,0.39,29,31,10823,77
13,1,6,DXB,NRT,B787,SkyMind,0.63,12,9,3814,43
2,4,7,BOM,SIN,B737,PacificAir,0.7,10,10,13917,63
16,1,6,NRT,FRA,A320,AeroGulf,0.0,13,69,1878,35
10,0,11,SIN,SIN,B777,PacificAir,0.17,27,61,11769,78
9,5,3,DXB,BOM,B787,PacificAir,0.71,17,46,11706,89
20,2,5,LAX,NRT,A320,SkyMind,0.67,26,33,5840,84
9,0,8,LAX,JFK,A320,AsiaJet,0.97,27,16,12584,114
9,5,6,NRT,FRA,B787,SkyMind,0.76,24,53,13898,109
2,2,2,LAX,SIN,A380,AsiaJet,0.95,27,75,10407,135
23,6,7,FRA,DXB,A380,AeroGulf,0.7,18,84,952,102
14,3,8,LAX,CDG,B787,AsiaJet,0.3,23,39,9033,56
16,4,4,SYD,FRA,B787,SkyMind,0.11,26,18,892,60
17,5,12,BOM,SIN,A350,SkyMind,0.78,14,66,5971,92
18,3,1,DXB,CDG,B737,PacificAir,0.64,8,81,1769,71
18,0,2,SIN,LHR,A380,SkyMind,0.05,7,52,8637,45
11,6,4,FRA,NRT,A350,SkyMind,0.36,19,63,3550,92
23,4,7,FRA,LAX,A320,EuroWings,0.96,27,82,7780,130
4,5,2,SIN,BOM,A320,EuroWings,0.5,0,46,12751,65
23,6,6,LAX,JFK,A320,PacificAir,0.43,3,5,9662,33
15,0,2,JFK,DXB,B787,AsiaJet,0.46,13,15,10897,50
14,4,12,FRA,FRA,B777,AsiaJet,0.21,24,71,5294,71
14,4,7,FRA,JFK,A350,EuroWings,0.37,1,17,7910,43
5,0,2,DXB,BOM,B777,AeroGulf,0.37,15,51,665,58
11,0,3,NRT,JFK,B737,EuroWings,0.05,2,47,8946,30
1,6,9,SYD,NRT,B737,AeroGulf,0.77,25,42,8993,96
19,6,4,SIN,LHR,A350,AsiaJet,0.42,7,38,6863,47
8,5,5,LAX,DXB,A320,EuroWings,0.82,5,48,11795,84
3,4,9,CDG,FRA,A380,SkyMind,0.85,15,11,8579,74
4,5,7,CDG,NRT,B737,AeroGulf,0.21,23,9,5530,47
20,6,8,JFK,NRT,B777,AeroGulf,0.66,15,70,12532,99
7,4,11,FRA,CDG,B777,AeroGulf,0.47,6,54,11248,71
21,5,3,FRA,LHR,A380,AsiaJet,0.88,29,0,2005,101
9,0,11,NRT,LAX,B787,PacificAir,0.22,12,48,9948,45
6,0,11,FRA,LHR,A320,SkyMind,0.68,12,35,13740,68
21,1,4,CDG,LHR,B787,EuroWings,0.61,4,20,10954,51
13,6,7,SIN,NRT,A350,AeroGulf,0.3,24,36,7909,70
4,5,4,JFK,LAX,B737,AsiaJet,0.14,19,23,4840,38
15,1,2,NRT,SIN,A380,AeroGulf,0.65,21,54,709,97
14,1,10,SYD,CDG,A380,EuroWings,0.74,17,24,4293,80
4,3,6,CDG,LHR,A380,SkyMind,0.32,14,6,5021,28
2,4,9,LHR,SIN,B787,AeroGulf,0.64,17,80,3547,88
22,2,2,DXB,LAX,B787,AsiaJet,0.4,1,70,1480,49
9,3,1,NRT,LHR,A350,AsiaJet,0.71,9,70,2619,83
4,6,8,NRT,DXB,B777,PacificAir,0.2,22,23,4245,69
22,4,1,CDG,SIN,B777,AsiaJet,0.89,12,10,677,77
14,2,1,JFK,SIN,A350,PacificAir,0.29,17,72,2046,64
17,1,3,DXB,DXB,A380,SkyMind,0.37,14,11,10726,49
7,2,5,SIN,SIN,B777,EuroWings,0.06,11,34,8990,30
20,0,12,SIN,JFK,A350,PacificAir,0.11,14,62,11259,54
1,6,9,FRA,LHR,B777,AeroGulf,0.52,12,67,4066,80
21,0,11,LHR,FRA,A350,AeroGulf,0.27,17,56,12731,73
7,5,10,BOM,SIN,B777,EuroWings,0.84,14,12,774,76
22,4,2,CDG,BOM,A380,AsiaJet,0.01,24,22,3495,58
7,3,12,JFK,SYD,B787,AeroGulf,0.38,22,82,552,95
3,6,12,DXB,LAX,B787,PacificAir,0.34,10,38,8275,44
18,1,1,JFK,BOM,A380,EuroWings,0.02,18,87,10115,80
22,6,1,BOM,DXB,B777,AeroGulf,0.12,2,79,2127,44
17,4,8,SIN,LHR,A380,AsiaJet,0.41,6,11,6543,31
20,1,10,JFK,LHR,A350,AsiaJet,0.49,20,33,8323,85
22,0,10,SIN,BOM,B787,AeroGulf,0.4,25,70,9180,106
0,6,10,SIN,SIN,B737,EuroWings,0.53,13,74,11046,80
19,3,2,LHR,LAX,B777,SkyMind,0.6,13,30,9108,63
14,3,9,SIN,LHR,B737,AeroGulf,0.01,21,61,11248,55
17,0,9,LAX,SIN,B737,AsiaJet,0.46,12,12,9612,56
21,2,2,SIN,DXB,A320,SkyMind,0.96,11,30,2053,96
11,3,3,DXB,JFK,B737,EuroWings,0.52,23,1,11377,70
0,2,2,DXB,CDG,B737,AsiaJet,0.68,8,14,9357,59
6,1,6,DXB,LAX,A380,EuroWings,0.31,0,56,12793,52
18,3,7,NRT,DXB,A320,AeroGulf,0.77,18,74,2969,100
0,5,12,CDG,NRT,A320,EuroWings,0.77,10,33,1974,82
23,0,6,CDG,LHR,A320,AsiaJet,0.52,22,67,6977,88
6,6,3,CDG,SYD,A350,AeroGulf,0.98,21,74,837,123
1,2,12,LAX,SIN,A320,AsiaJet,0.13,22,28,7491,51
6,5,3,DXB,NRT,A380,AsiaJet,0.02,23,65,11851,61
18,1,12,FRA,BOM,A350,SkyMind,0.77,21,15,8960,80
12,1,2,CDG,LHR,B777,PacificAir,0.81,18,38,1587,101
23,3,2,BOM,JFK,A350,EuroWings,0.12,17,76,1793,57
4,3,11,BOM,NRT,B777,EuroWings,0.27,11,36,9348,41
22,5,12,JFK,FRA,A320,SkyMind,0.02,22,80,6464,83
18,4,5,NRT,SIN,A320,EuroWings,0.29,27,20,3328,73
0,4,11,FRA,NRT,B777,SkyMind,0.77,27,43,6972,84
0,3,11,SIN,JFK,B787,EuroWings,0.52,27,18,4473,74
17,4,8,DXB,LAX,A380,EuroWings,0.35,26,70,7161,73
23,0,6,LAX,BOM,A350,AsiaJet,0.37,0,7,5457,17
0,5,9,NRT,CDG,A380,SkyMind,0.0,18,76,7064,32
4,0,11,LHR,DXB,A380,EuroWings,0.3,27,65,1836,83
8,4,5,LHR,SIN,B737,PacificAir,0.65,26,40,11048,84
11,3,10,SYD,SYD,A320,SkyMind,0.97,19,74,2167,116
8,0,4,SIN,FRA,A350,SkyMind,0.85,28,87,2325,114
17,1,9,DXB,NRT,A380,SkyMind,0.02,29,69,12722,72
22,6,12,NRT,SIN,A350,AsiaJet,0.9,16,60,1712,98
10,3,10,LHR,LAX,A380,SkyMind,0.78,4,25,3268,74
0,5,11,SYD,BOM,A320,AsiaJet,0.78,25,70,13853,123
18,2,5,LAX,JFK,A380,PacificAir,0.46,2,82,13107,69
21,2,1,DXB,CDG,B777,AeroGulf,0.4,1,69,11750,50
9,3,5,LHR,SIN,A320,AsiaJet,0.3,2,28,6276,48
1,4,5,CDG,SYD,A350,EuroWings,0.07,7,65,944,28
6,0,5,BOM,DXB,B787,SkyMind,0.23,15,18,10089,32
19,0,2,SYD,DXB,A380,AeroGulf,0.25,5,67,4881,48
1,3,6,LAX,CDG,B777,AsiaJet,0.48,12,57,10910,87
18,1,5,LHR,FRA,A320,EuroWings,0.75,29,69,4176,114
5,5,2,LAX,SYD,B737,AeroGulf,0.47,22,56,2810,82
9,4,12,SIN,LAX,A320,PacificAir,0.06,27,36,4540,46
8,1,10,JFK,SYD,A350,AsiaJet,0.96,21,60,7585,120
7,3,8,SYD,LAX,A350,AsiaJet,0.94,21,29,12298,107
10,3,6,NRT,FRA,B737,PacificAir,0.79,15,70,2327,104
8,1,11,NRT,LAX,B777,AsiaJet,0.99,27,72,6785,123
19,2,10,LHR,BOM,A350,SkyMind,0.54,15,24,3719,58
19,3,12,CDG,SYD,B777,AsiaJet,0.96,2,64,6059,75
8,5,11,CDG,JFK,B777,SkyMind,0.08,27,5,7271,47
7,6,3,SIN,JFK,A320,AsiaJet,0.37,12,17,5188,38
14,4,9,NRT,NRT,B777,EuroWings,0.23,13,9,5011,27
1,1,11,SYD,SYD,A380,EuroWings,0.2,7,10,2572,23
23,2,11,BOM,FRA,A350,AeroGulf,0.14,11,64,7270,46
0,1,4,CDG,SYD,A350,EuroWings,0.62,22,76,12881,96
8,2,3,NRT,DXB,B787,PacificAir,0.78,22,83,6828,116
8,2,7,JFK,BOM,B777,AeroGulf,0.58,21,64,2830,92
12,5,12,SYD,DXB,B787,EuroWings,0.15,20,51,13966,57
7,4,8,BOM,SIN,A320,SkyMind,0.81,25,66,1185,113
20,3,7,JFK,LHR,B787,AsiaJet,0.64,7,81,5458,73
4,2,1,NRT,NRT,B777,EuroWings,0.39,20,77,1184,85
2,3,1,LHR,CDG,A350,SkyMind,0.67,24,30,13825,89
20,4,5,FRA,SIN,A320,AeroGulf,0.26,8,16,11629,21
3,3,8,FRA,SIN,B777,AsiaJet,0.35,0,54,12403,50
16,5,10,SIN,SYD,A320,EuroWings,0.92,5,35,9032,69
15,5,11,SIN,SIN,B737,AeroGulf,0.29,22,25,13391,61
15,0,3,BOM,LHR,B777,EuroWings,0.47,18,52,1233,85
19,5,8,JFK,SIN,B737,AeroGulf,0.89,22,16,1996,100
2,2,3,NRT,SYD,B787,EuroWings,0.71,10,85,12585,91
5,4,4,NRT,DXB,B777,SkyMind,0.06,10,24,11646,25
0,5,10,LHR,SIN,B737,PacificAir,0.15,22,1,9823,49
20,1,7,LAX,CDG,A380,SkyMind,0.01,29,85,5950,83
15,4,3,SIN,BOM,A350,AsiaJet,0.63,12,4,5135,52
14,2,4,LAX,BOM,B787,EuroWings,0.45,10,3,2232,36
6,4,8,LAX,LAX,B777,PacificAir,0.13,17,35,11727,30
1,5,4,LHR,NRT,B777,PacificAir,0.96,22,5,11405,93
9,1,9,LAX,LHR,A350,AsiaJet,0.53,14,20,7027,60
14,0,4,LAX,JFK,A350,AsiaJet,0.24,0,76,7225,53
5,2,4,LHR,LHR,B737,PacificAir,0.5,20,88,6803,98
1,6,5,CDG,LAX,B737,AsiaJet,0.68,24,25,11171,97
23,2,1,LAX,CDG,B737,AsiaJet,0.08,6,54,8531,29
23,4,7,SIN,DXB,A320,EuroWings,0.27,22,38,1919,73
16,6,9,LHR,JFK,B787,SkyMind,0.81,26,83,10681,116
0,6,12,SYD,SYD,B777,AeroGulf,0.46,12,32,5210,64
0,3,9,LAX,SYD,B787,PacificAir,0.55,11,13,9179,43
3,6,1,CDG,NRT,A350,AeroGulf,0.43,17,55,12511,75
19,3,6,SIN,JFK,A380,PacificAir,0.04,23,80,1941,53
15,6,3,DXB,SYD,B787,PacificAir,0.17,18,20,2890,43
7,1,4,SIN,NRT,B787,SkyMind,0.45,14,45,1884,69
0,0,8,JFK,CDG,B737,PacificAir,0.21,7,15,2656,24
18,0,4,SYD,JFK,A350,PacificAir,0.05,18,15,13636,27
10,6,8,FRA,CDG,B787,SkyMind,0.84,9,83,4896,103
16,4,4,NRT,SYD,B777,AsiaJet,0.98,6,28,1891,78
9,4,9,JFK,BOM,B737,AeroGulf,0.79,17,7,7922,71
11,3,6,LHR,LHR,B787,PacificAir,0.85,15,87,5935,108
8,5,1,LHR,LHR,A350,SkyMind,0.24,19,2,5300,64
6,0,10,NRT,CDG,A380,PacificAir,0.96,26,88,3642,141
11,5,2,BOM,BOM,B777,SkyMind,0.2,5,18,768,36
14,0,7,BOM,NRT,A380,AeroGulf,0.95,26,65,4417,125
7,5,10,NRT,DXB,A350,EuroWings,0.99,8,78,10216,103
16,5,7,LHR,DXB,A350,AsiaJet,0.71,20,85,9169,87
4,0,3,SIN,FRA,A350,EuroWings,0.98,12,73,4771,100
13,1,1,SYD,LAX,A380,SkyMind,0.57,24,81,738,98
1,1,8,CDG,SIN,A320,PacificAir,0.26,20,21,9301,39
15,4,10,FRA,FRA,B777,AsiaJet,0.44,25,45,7502,72
16,5,11,SYD,DXB,A350,AeroGulf,0.59,7,12,8268,34
2,5,11,NRT,BOM,A320,AsiaJet,0.07,15,32,6383,39
22,5,10,LHR,LHR,B737,PacificAir,0.62,12,4,13279,63
0,5,7,BOM,LHR,A320,EuroWings,0.98,12,89,13116,121
17,5,10,LHR,DXB,B737,SkyMind,0.19,16,76,12089,69
17,3,8,BOM,DXB,A380,EuroWings,0.79,22,26,13232,83
3,2,1,SYD,LAX,A320,AsiaJet,0.91,19,77,6285,98
14,5,3,JFK,DXB,A380,PacificAir,0.94,4,23,5593,57
18,3,2,SIN,CDG,A350,SkyMind,0.96,21,66,6938,105
18,1,1,SYD,SYD,A320,PacificAir,0.52,20,62,13229,78
9,5,5,SIN,SIN,A320,PacificAir,0.98,27,47,13582,116
4,1,3,LAX,NRT,A350,AsiaJet,0.76,16,62,10523,86
18,4,10,SYD,SIN,B737,EuroWings,0.16,27,77,13678,83
10,2,8,DXB,SIN,A350,PacificAir,0.48,8,11,6674,43
6,0,6,DXB,FRA,B777,PacificAir,0.72,1,27,9846,55
4,2,10,SIN,DXB,A320,PacificAir,0.25,24,43,10443,77
19,5,9,LAX,CDG,B777,SkyMind,0.64,25,42,12290,83
11,5,9,SIN,FRA,A350,PacificAir,0.67,17,16,11177,75
18,2,11,NRT,FRA,A380,PacificAir,0.16,8,39,5945,37
14,2,6,DXB,SYD,A350,AsiaJet,0.57,5,48,3838,58
11,4,2,LHR,SYD,B787,PacificAir,0.77,10,84,2833,101
3,6,9,SIN,BOM,B777,PacificAir,0.5,24,56,4886,95
11,1,2,SIN,SYD,B787,AsiaJet,0.01,28,86,13155,69
17,0,3,FRA,CDG,B777,SkyMind,0.01,5,83,5081,39
16,6,6,CDG,BOM,A380,EuroWings,0.36,5,63,7198,56
18,2,2,CDG,JFK,B787,AsiaJet,0.93,12,74,8859,101
15,0,5,BOM,LAX,B787,SkyMind,0.23,10,56,4042,55
10,2,2,LAX,JFK,B777,EuroWings,0.63,13,73,12701,88
1,1,12,DXB,SIN,A350,PacificAir,0.22,1,73,6386,58
15,0,4,DXB,FRA,B737,AsiaJet,0.32,7,69,8554,45
0,6,11,CDG,CDG,A350,PacificAir,0.85,2,87,7414,87
16,3,11,SIN,BOM,B737,AsiaJet,0.73,22,75,8013,99
17,1,3,SIN,JFK,B777,EuroWings,0.1,20,42,8769,57
12,6,5,DXB,FRA,A320,SkyMind,0.43,2,22,11590,24
4,0,6,LAX,CDG,A350,AsiaJet,0.03,0,26,1608,14
23,2,7,JFK,NRT,B787,SkyMind,0.48,23,57,9583,81
5,6,10,NRT,NRT,A350,PacificAir,0.66,18,36,5256,75
0,2,8,FRA,NRT,B777,PacificAir,0.12,17,5,1724,23
9,1,9,DXB,LAX,A320,EuroWings,0.29,16,64,13376,63
4,1,4,BOM,SYD,A320,EuroWings,0.4,19,5,8028,63
0,6,4,JFK,LAX,A350,AeroGulf,0.92,28,49,9256,116
22,2,7,DXB,LAX,A350,AeroGulf,0.99,23,21,3359,107
10,0,12,FRA,CDG,A380,EuroWings,0.04,12,87,8993,68
23,6,10,CDG,CDG,A350,PacificAir,0.76,2,24,13081,60
23,3,10,DXB,SIN,B777,SkyMind,0.37,29,78,8800,92
6,4,11,JFK,BOM,B737,EuroWings,0.39,0,89,2912,62
17,1,9,NRT,LHR,A380,SkyMind,0.75,3,71,3147,73
20,2,11,SIN,NRT,B737,AeroGulf,0.92,24,50,11417,107
19,0,2,SYD,DXB,B787,SkyMind,0.95,12,87,3838,97
20,1,11,CDG,FRA,B777,EuroWings,0.58,16,47,10832,85
9,0,6,JFK,LHR,A380,PacificAir,0.36,27,69,6304,86
14,1,10,BOM,DXB,A320,EuroWings,0.79,29,64,7731,117
3,2,10,BOM,CDG,A380,AsiaJet,0.25,10,59,5023,45
15,0,8,LHR,LHR,B787,AsiaJet,0.56,1,45,13425,56
14,2,5,SYD,SIN,A320,AsiaJet,0.36,24,35,4313,65
14,0,5,DXB,NRT,A380,PacificAir,0.66,15,57,12892,83
11,1,8,LHR,SYD,A320,EuroWings,0.24,1,75,10948,52
7,4,1,BOM,FRA,A350,AsiaJet,0.19,28,37,4145,74
7,4,6,DXB,DXB,A320,EuroWings,0.92,18,10,11751,86
17,6,10,LHR,NRT,A380,AeroGulf,0.1,22,11,11213,29
5,3,9,DXB,SIN,A320,AsiaJet,0.51,18,41,13872,97
4,3,12,NRT,SYD,B777,AsiaJet,0.22,24,38,3917,78
1,6,6,SYD,FRA,A350,PacificAir,0.04,15,70,511,58
11,6,7,CDG,SYD,A350,EuroWings,0.04,21,10,7109,31
3,5,4,CDG,BOM,B787,PacificAir,0.18,18,35,13436,50
22,2,12,CDG,SIN,A350,PacificAir,0.87,8,51,11958,80
12,0,10,BOM,SIN,B737,EuroWings,0.28,0,30,3645,38
16,3,1,NRT,FRA,B777,AeroGulf,0.95,9,32,1374,85
15,1,9,FRA,NRT,B787,EuroWings,0.58,18,12,11125,60
8,6,12,SYD,NRT,B737,AeroGulf,0.44,0,17,7803,29
0,4,6,JFK,JFK,A320,PacificAir,0.58,1,40,1383,61
14,0,3,LAX,NRT,B737,AeroGulf,0.52,15,57,5150,89
11,5,4,FRA,NRT,B787,AeroGulf,0.76,11,55,12677,96
4,4,10,JFK,BOM,A350,AeroGulf,0.28,7,23,8210,42
22,6,12,CDG,SYD,B777,AsiaJet,0.35,22,72,7297,80
23,0,6,JFK,BOM,B787,AsiaJet,0.89,17,30,5939,64
17,6,6,DXB,NRT,B737,PacificAir,0.95,1,54,7508,82
19,3,12,DXB,LHR,B737,EuroWings,0.89,24,9,13776,92
1,3,9,JFK,BOM,B787,AeroGulf,0.42,28,59,10271,91
3,2,4,SIN,LAX,A380,AsiaJet,0.78,12,1,12463,65
14,5,5,LHR,LHR,A380,EuroWings,0.48,5,14,9044,31
5,0,5,LAX,DXB,B787,AeroGulf,0.5,20,2,8662,65
21,5,3,BOM,CDG,A380,EuroWings,0.2,25,42,10198,71
11,1,2,JFK,JFK,B787,SkyMind,0.59,5,30,3987,60
17,5,8,SYD,DXB,A350,AeroGulf,0.19,8,69,11543,58
19,6,10,SIN,CDG,B787,EuroWings,0.33,15,66,10721,73
3,6,9,NRT,BOM,A320,AeroGulf,0.86,10,55,10538,85
0,3,10,SIN,LAX,B777,AeroGulf,0.21,6,62,8037,45
14,2,11,LAX,CDG,B777,SkyMind,0.07,9,74,2890,48
17,6,9,SYD,CDG,A320,EuroWings,0.07,9,14,4530,24
13,3,5,SIN,DXB,B737,PacificAir,0.94,29,9,7992,111
2,4,11,BOM,NRT,B737,AsiaJet,0.51,24,37,3938,86
14,3,9,LHR,JFK,B737,AeroGulf,0.41,19,46,2883,88
4,0,4,SYD,SYD,B737,AeroGulf,0.81,17,56,3867,114
23,2,2,DXB,LAX,A350,AeroGulf,0.84,27,49,6667,111
21,6,3,BOM,CDG,A320,AeroGulf,0.33,23,70,13672,51
2,0,1,CDG,NRT,B777,AsiaJet,0.69,19,14,1965,85
21,1,5,NRT,SYD,A320,PacificAir,0.77,28,17,2651,90
6,1,1,LAX,LAX,B777,SkyMind,0.65,8,81,3983,76
5,3,12,LAX,NRT,B737,PacificAir,0.15,14,87,1073,61
21,2,11,JFK,NRT,A350,AsiaJet,0.88,3,1,1274,54
0,5,1,LAX,FRA,B787,EuroWings,0.54,7,83,12057,80
18,2,11,LAX,SIN,B787,SkyMind,0.28,8,42,7530,33
6,2,11,LHR,NRT,A380,SkyMind,0.43,12,25,4838,45
3,2,7,NRT,SYD,B737,EuroWings,0.04,8,70,8521,45
11,3,2,LHR,JFK,B737,AeroGulf,0.13,25,37,4430,65
19,0,8,DXB,SIN,A320,AsiaJet,0.77,3,41,11372,72
22,3,6,SYD,LAX,A350,EuroWings,0.0,16,4,5460,19
17,5,4,SIN,LHR,A350,PacificAir,0.42,15,10,2720,43
8,0,9,NRT,BOM,A320,PacificAir,0.52,14,64,1939,73
18,5,10,SIN,LAX,A350,EuroWings,0.05,2,33,6746,21
21,4,8,CDG,NRT,A350,AsiaJet,0.97,24,0,7924,106
3,4,10,LHR,SYD,B787,SkyMind,0.23,19,82,9405,58
0,6,3,BOM,CDG,A350,SkyMind,0.3,4,1,7200,22
8,6,3,SIN,DXB,B737,AeroGulf,0.3,22,84,9267,73
14,0,4,BOM,BOM,B787,AsiaJet,0.23,4,19,6839,14
21,3,9,JFK,LAX,B737,PacificAir,0.0,19,60,5584,60
7,5,9,NRT,FRA,B737,PacificAir,0.73,14,86,6010,103
14,5,5,JFK,DXB,A320,AeroGulf,0.97,17,20,11673,95
14,6,12,SYD,BOM,A380,PacificAir,0.22,14,87,569,76
17,6,9,JFK,JFK,A350,AeroGulf,0.66,1,67,12456,64
6,1,6,BOM,CDG,A350,AeroGulf,0.74,28,11,13630,87
21,5,8,LAX,FRA,A350,EuroWings,0.85,12,21,11068,94
17,3,11,LHR,BOM,A350,SkyMind,0.42,3,19,10897,35
15,1,8,JFK,NRT,B787,AsiaJet,0.3,9,81,9609,69
1,3,12,SYD,BOM,B777,AsiaJet,0.33,12,0,11437,37
3,2,10,NRT,SYD,B737,SkyMind,0.71,9,29,9434,52
19,5,7,FRA,SYD,A380,AsiaJet,0.82,28,23,7228,84
15,2,4,SYD,SYD,A380,PacificAir,0.18,8,13,4650,23
2,4,4,LHR,LAX,B777,PacificAir,0.37,7,35,3033,55
23,4,6,SIN,CDG,B777,AsiaJet,0.9,2,68,7910,90
22,0,9,DXB,CDG,B777,EuroWings,0.81,15,74,10529,108
1,5,7,NRT,LAX,B787,AsiaJet,0.98,13,23,10068,79
2,6,5,BOM,CDG,B777,AeroGulf,0.75,8,59,9101,93
4,1,5,DXB,SYD,B787,AeroGulf,0.39,29,54,3507,80
1,2,8,SYD,SYD,A320,SkyMind,0.59,20,76,8643,97
18,3,6,SYD,LHR,A320,PacificAir,0.66,10,79,11644,86
23,5,1,SYD,BOM,A380,EuroWings,0.08,2,23,7370,15
19,0,1,DXB,CDG,A320,AsiaJet,0.54,4,76,5634,79
1,3,9,JFK,SIN,B787,AeroGulf,0.71,28,23,4742,88
1,2,8,LHR,SYD,B787,PacificAir,0.17,9,53,6109,34
21,5,6,NRT,BOM,B737,PacificAir,0.78,12,25,10371,74
23,6,1,LHR,DXB,B777,EuroWings,0.58,3,65,13836,62
22,2,2,NRT,FRA,A350,EuroWings,0.95,23,79,8278,150
19,5,10,NRT,SIN,A350,EuroWings,0.04,12,37,10406,40
17,5,3,SIN,SIN,B777,EuroWings,0.27,11,64,1697,55
19,2,10,SYD,FRA,A350,AeroGulf,0.6,4,74,2837,63
20,2,12,FRA,LAX,A350,EuroWings,0.3,9,50,8586,36
13,3,3,CDG,CDG,A350,PacificAir,0.71,27,34,11908,88
14,0,2,LHR,SIN,A380,PacificAir,0.76,23,42,11648,97
11,2,12,SIN,DXB,B787,AsiaJet,0.1,8,28,3693,40
10,4,2,SYD,BOM,B787,PacificAir,0.51,19,36,8718,82
10,0,6,LAX,LAX,B787,PacificAir,0.51,6,80,11829,73
6,4,7,LAX,NRT,B777,AeroGulf,0.37,1,57,5720,43
11,3,4,JFK,NRT,A320,PacificAir,0.93,21,53,3473,110
15,2,1,DXB,FRA,A380,SkyMind,0.83,23,38,7031,95
4,0,6,LAX,BOM,A380,PacificAir,0.7,27,41,3665,112
1,6,7,BOM,BOM,A350,AsiaJet,0.71,22,27,1590,84
21,2,4,SYD,NRT,B737,AsiaJet,0.46,6,28,8941,47
15,5,6,CDG,SIN,B787,EuroWings,0.92,7,42,641,64
22,2,9,FRA,CDG,A380,AeroGulf,0.69,6,2,766,49
14,6,4,SYD,FRA,A380,AsiaJet,0.73,20,9,8219,84
10,0,12,LAX,NRT,B737,SkyMind,0.86,22,58,4810,99
5,2,10,CDG,BOM,A350,SkyMind,0.27,28,13,9180,57
12,2,4,FRA,LAX,A380,EuroWings,0.81,13,75,9187,104
18,1,10,JFK,DXB,A380,AeroGulf,0.2,25,46,979,56
9,1,12,JFK,LAX,A320,AeroGulf,0.35,18,41,3190,72
23,0,5,SIN,LAX,B737,PacificAir,0.34,4,31,12788,34
18,0,3,FRA,CDG,A350,SkyMind,0.98,22,31,11772,101
4,5,10,FRA,FRA,A350,SkyMind,0.86,24,41,6499,95
20,5,2,BOM,NRT,B787,SkyMind,0.7,17,31,5436,82
6,2,9,FRA,SYD,A320,SkyMind,0.73,19,25,2927,101
10,4,1,LAX,BOM,A350,AsiaJet,0.56,11,0,9535,56
13,0,5,BOM,LAX,A320,AeroGulf,0.95,22,55,8564,105
22,6,5,FRA,LAX,B787,PacificAir,0.5,16,1,3715,63
20,2,8,LHR,FRA,B737,AsiaJet,0.38,12,80,6481,70
15,4,6,SIN,JFK,A380,AeroGulf,0.16,1,29,4411,33
17,1,6,SIN,BOM,A380,EuroWings,0.79,24,70,4577,117
20,5,6,LHR,DXB,B777,SkyMind,0.73,12,51,2849,58
22,6,4,BOM,SYD,B777,PacificAir,0.38,25,8,1149,55
22,0,1,JFK,NRT,B777,AeroGulf,0.03,6,21,6036,26
3,2,3,LHR,LHR,A380,EuroWings,0.84,27,33,10585,105
0,1,10,SYD,LHR,A320,SkyMind,0.01,9,48,3356,25
21,3,12,DXB,BOM,B777,EuroWings,0.7,22,0,11942,69
14,1,11,CDG,NRT,B737,EuroWings,0.97,5,72,11078,79
13,2,6,JFK,JFK,A350,AsiaJet,0.44,2,83,6078,61
18,5,5,JFK,DXB,A320,EuroWings,0.23,25,52,2225,89
4,4,10,NRT,SYD,A380,AsiaJet,0.7,2,82,8616,84
3,6,1,JFK,JFK,B737,AsiaJet,0.82,17,39,1854,107
12,6,5,SIN,SYD,A380,EuroWings,0.55,10,44,1793,72
17,3,2,JFK,LHR,A320,AeroGulf,0.97,21,67,11738,124
11,6,1,SYD,SIN,A320,EuroWings,0.05,19,8,3758,50
22,3,4,JFK,LHR,A320,EuroWings,0.5,4,21,3213,47
20,5,6,FRA,SIN,B787,AeroGulf,0.72,18,17,13983,75
14,3,7,SIN,NRT,A350,SkyMind,0.86,21,75,9095,121
22,0,9,LHR,BOM,B777,PacificAir,0.18,26,42,12664,78
8,2,5,LHR,LHR,B787,SkyMind,0.8,27,38,4532,99
3,6,8,LAX,FRA,A350,EuroWings,0.55,18,72,2046,83
4,3,8,DXB,JFK,A380,SkyMind,0.4,29,5,3106,70
8,1,11,DXB,FRA,B777,PacificAir,0.13,14,82,3325,68
12,4,9,FRA,NRT,B787,SkyMind,0.87,29,47,10544,120
9,2,3,DXB,LAX,B787,PacificAir,0.16,15,6,4706,23
15,5,3,JFK,FRA,B737,SkyMind,0.31,23,79,9504,99
12,6,9,LHR,NRT,B787,AsiaJet,0.29,8,68,3874,51
3,1,7,JFK,LAX,A320,EuroWings,0.87,3,15,9621,60
