aircraft_type,distance_km,passengers,cargo_kg,altitude_ft,wind_speed_kmh,temperature_c,engine_age_years,fuel_kg
A350,3432,162,14873,29411,93.9,19.0,11,19908
A350,2312,370,19067,32492,49.1,25.1,16,19640
A380,750,387,15161,39947,57.1,-1.5,10,10453
A320,12245,215,11124,35392,51.4,36.2,8,59156
B737,7149,54,7855,31274,55.4,-0.2,16,36622
A380,10494,111,833,29098,89.2,-4.7,13,47458
A350,11816,268,6941,30039,58.2,46.6,9,55978
A380,2676,214,16307,34061,96.5,20.3,18,19496
B787,3998,103,3900,31785,85.6,0.7,8,21982
A320,7006,281,3020,36526,67.8,21.0,10,35019
A350,4641,78,6237,30938,53.7,7.5,7,23459
B777,7654,360,10530,41340,7.1,45.5,12,41179
B787,12427,481,13313,27595,83.1,14.2,4,66045
B787,12685,383,8631,38608,8.8,18.4,8,62946
B737,7389,257,3081,27831,3.5,15.9,2,36771
A350,5188,486,14901,34886,52.0,12.1,12,31611
B737,6701,484,16664,25044,82.5,9.3,6,39881
B737,12503,446,9102,31747,0.3,12.2,6,64335
A380,11823,197,14995,41751,90.0,22.0,8,59704
B777,10656,339,16118,34213,5.4,27.6,7,57590
B737,5034,440,11145,32913,61.4,28.2,7,30851
A350,6639,392,3569,30016,44.6,-7.2,13,36036
A320,10085,318,5586,26158,48.8,9.4,12,49062
A350,6767,194,1190,33732,59.9,29.5,5,31715
B787,6381,76,11585,33217,73.1,32.2,2,33362
A350,4174,430,19170,35685,61.5,23.0,5,28063
B737,13560,352,10275,41772,29.0,12.2,3,68109
A350,13367,483,13725,39219,59.3,1.4,6,69647
B787,7352,353,19188,27008,98.5,34.0,4,43930
B787,8018,169,15645,34628,46.5,17.4,18,40936
B777,13914,489,15094,36965,6.4,15.7,19,70969
B777,13274,301,14483,39074,98.0,22.4,15,67877
B777,2919,387,2921,37748,11.5,13.6,11,17111
B737,13610,411,2544,39127,7.9,24.7,9,68114
A350,10461,448,10710,36844,9.8,28.0,15,56270
B737,10572,422,1978,29615,67.2,22.9,13,52119
A320,3274,323,7609,29241,4.7,10.3,5,21967
A380,8450,372,6858,36035,90.6,29.7,17,44856
B777,4065,56,7686,30635,85.7,34.3,1,23043
A380,6436,290,13139,25640,38.3,29.9,17,35036
A350,9511,230,4818,29060,50.8,1.9,16,46082
B787,3585,434,18583,26605,46.7,-0.6,13,25689
A350,12315,458,12586,38769,3.4,1.0,12,63740
A380,10348,488,10869,40170,60.6,41.8,11,55451
A320,13263,451,14936,38856,37.4,34.8,4,70145
B737,3107,352,9628,36865,0.4,12.7,12,19537
B777,5468,148,9731,36606,41.9,0.4,8,28870
A320,12881,367,3186,36151,36.7,27.3,1,62854
B777,9093,191,1645,26857,36.2,-7.2,18,42466
B777,1033,463,7841,35384,54.0,-9.6,15,12941
A380,8963,498,15044,28348,43.4,22.5,14,47003
B737,10718,386,11815,39961,56.3,14.1,2,57276
B737,9261,142,17688,26073,90.7,28.4,18,45732
B787,5962,155,11648,36929,36.3,32.6,9,33796
B737,8103,251,9536,27326,52.2,14.3,13,42528
B737,7758,85,17542,34008,56.3,6.4,3,42409
A320,13907,293,2960,40256,70.3,29.8,9,66807
A350,7997,252,15178,38765,23.6,-15.9,13,42518
B787,12641,382,16861,36122,34.0,26.6,16,65585
A350,2146,401,7926,38351,12.8,58.9,11,15857
A320,9980,328,5978,32416,94.8,15.9,2,51466
A320,12366,494,7226,35986,53.2,19.1,15,62104
B787,3593,411,4949,30607,63.6,10.2,5,22356
B787,5024,201,19832,29393,59.0,20.9,6,30546
A350,12728,493,2468,32485,45.2,40.2,6,61956
A320,8736,103,13362,31413,5.3,4.8,13,45765
B777,1190,243,1477,26840,29.1,14.0,2,7503
A320,12947,307,17152,35710,78.0,2.7,4,65430
A320,6850,141,986,33114,26.6,23.7,4,32867
B787,3837,87,18637,35913,97.8,15.1,19,24601
B777,11326,128,5350,38704,60.9,7.1,19,52869
A350,1562,457,2664,40956,75.3,14.6,2,13594
A350,6352,136,16936,40139,49.7,8.5,15,34312
B737,6240,174,15776,26114,28.0,35.5,9,32913
A380,10602,160,12354,38194,77.9,8.1,10,52285
B787,865,313,2843,40985,25.2,27.7,14,7366
A350,1364,297,15858,35049,63.9,8.7,7,15002
A380,9857,388,10427,28971,61.6,45.2,15,52271
B787,4652,157,4540,37004,37.5,27.9,19,23283
B787,9494,485,4181,31279,11.0,21.5,6,47947
B777,5521,105,2821,27367,10.4,17.2,18,26954
B787,7482,136,17712,37061,18.4,5.9,13,40608
B777,3441,253,1487,35480,99.1,40.4,18,18579
B737,4037,235,2190,37180,50.5,16.2,6,20258
A350,9487,416,19668,35531,79.8,8.8,17,54660
B787,3573,323,13995,29254,45.8,33.9,10,23966
A380,5965,315,3072,28752,74.9,33.7,13,32388
B737,11941,389,2829,37152,81.0,-1.6,18,58925
A320,2789,464,1444,34986,93.8,-0.5,13,17612
B777,7226,334,6622,41683,93.3,1.7,14,37885
A350,8683,86,6430,29102,18.3,36.4,7,42574
B777,11421,255,7512,26858,37.5,12.3,18,56539
B777,2509,171,7843,40334,92.3,17.2,12,16215
B777,7489,121,12738,36639,4.2,5.9,13,36887
B777,1623,454,2207,31961,17.2,40.0,8,11795
B787,6435,89,14671,29437,66.2,1.9,12,33133
B787,12732,402,17596,38979,70.5,34.0,4,66777
A350,9689,378,4900,41865,91.6,2.4,12,50173
B777,2463,394,4428,41046,36.2,37.0,10,17171
A380,6972,343,17732,33215,29.6,29.8,4,38743
B737,6052,357,8617,31706,32.9,-5.1,1,34902
A350,12565,70,8711,25758,88.3,17.1,13,59128
A320,6895,294,15606,30610,22.6,8.2,18,38872
A350,9486,225,6922,34227,14.1,27.4,4,46595
B787,10584,155,19412,32667,14.3,18.2,7,54857
B737,4872,50,867,39538,23.6,30.7,3,22378
A350,9011,359,12197,34316,84.9,69.3,18,48051
B737,6055,126,15849,30971,43.4,18.9,8,31631
A320,7216,133,12212,37057,98.3,48.9,3,35821
B737,663,187,11246,33556,95.5,12.0,6,9059
B787,9738,210,15402,39674,73.4,22.3,2,51887
B737,11608,133,17754,27605,49.8,3.5,17,58137
A320,5710,450,6670,32228,25.3,10.3,8,32332
B737,3387,484,8985,28583,89.9,20.6,7,23779
B737,5236,201,1188,27861,79.8,25.3,4,25225
A350,5494,425,15076,26123,42.7,23.4,16,34892
A320,12252,367,6277,32770,5.5,17.2,14,61657
B777,822,216,7531,25449,54.7,11.5,9,7689
B737,13885,433,8502,25885,57.8,6.6,5,69335
B787,9658,212,12110,34087,92.2,11.9,9,50521
A320,8477,483,6886,39006,71.6,16.5,18,43487
B777,6639,289,15663,29538,98.2,7.2,7,36246
A320,3803,177,5521,40981,41.9,-18.0,12,21675
B787,1295,484,18172,29650,42.5,7.7,3,14736
A380,5416,383,1772,39029,28.4,25.4,6,28633
B777,12407,436,18463,30420,37.0,-26.7,11,66037
B777,9882,408,3232,26313,32.0,29.4,8,48787
A320,9797,114,17651,31581,39.9,1.7,11,49153
A350,13379,345,11057,40119,39.5,14.4,9,68111
B787,13702,306,8903,26641,23.3,0.9,2,65916
B787,13348,194,11711,25913,87.9,25.9,13,65455
B737,10177,345,4413,41479,31.5,7.2,13,50784
B737,685,494,12919,35097,88.6,20.5,9,13976
A380,9525,96,18005,31897,55.8,-3.7,1,48770
A320,4491,391,18465,29321,9.7,46.0,11,30213
A350,13603,470,14310,35343,63.5,5.0,8,70906
A380,1337,428,18230,40434,16.5,0.8,15,15770
A380,7962,396,1908,37442,86.2,13.2,2,40614
A380,1136,321,8529,38312,64.5,38.1,19,10855
B737,6889,245,13914,39381,87.3,25.3,2,37678
B737,13961,281,13709,26529,99.1,10.4,3,71239
B737,732,82,1349,29570,9.2,8.4,2,5000
A380,2926,257,5130,36098,92.5,3.9,12,16157
A320,3870,335,9730,25738,39.1,11.6,12,23709
B737,8869,375,19355,31823,78.4,14.7,11,48765
B737,884,234,14604,33913,24.8,21.4,11,10540
A380,6711,73,4834,25621,94.4,28.0,4,31488
A320,10916,212,19010,32816,32.6,23.3,13,56545
A380,8257,132,18705,37741,27.4,18.1,6,43655
B737,4637,235,8616,39320,34.3,22.6,15,25965
B737,1419,461,14501,41546,75.5,23.4,11,14489
A380,6589,191,11717,28155,62.0,23.6,9,34393
B777,3499,277,3267,41748,97.3,24.4,15,19455
A380,6190,255,19167,29386,14.9,13.7,11,36388
B777,4059,174,2550,28234,24.4,-0.6,5,21238
A320,5776,143,1425,31679,30.6,23.1,15,27880
A350,7898,470,19188,41085,97.7,20.5,10,45833
A320,7827,423,10440,27867,25.0,32.7,11,42689
A350,2061,478,8256,25485,41.9,13.4,4,15543
A350,2923,227,10893,41911,87.1,43.7,13,19155
A320,1355,130,16565,35999,7.0,34.6,19,11821
A320,3271,304,18460,35033,21.4,32.2,13,24148
A320,3367,162,17381,31033,57.3,2.4,5,22086
A350,12981,387,11698,30121,62.3,30.7,17,64437
B787,7664,177,19180,38306,87.6,5.4,18,40199
B777,1508,466,15984,40113,75.8,19.7,6,16084
B777,9890,336,1002,32766,75.7,26.8,5,47651
B787,7806,395,12621,25480,20.3,4.1,6,44485
B787,6000,157,13481,38848,63.2,15.3,2,33500
A380,9425,393,1561,25465,16.0,35.0,17,45280
A350,10333,146,6390,30270,52.2,51.3,17,50124
A320,3517,162,5994,34286,69.2,14.0,5,18308
B787,1758,122,4436,26271,77.3,31.2,3,11117
A350,7748,410,4787,41713,57.6,31.9,5,41481
A320,10651,272,3647,35568,59.6,-13.2,17,49852
A380,3404,423,303,31816,37.7,27.2,14,19903
B737,656,265,2956,40347,86.5,10.9,1,5000
B787,11258,247,12116,40667,46.4,-0.2,10,55048
A350,11299,492,7653,28077,86.5,37.4,10,58824
A350,4997,258,937,28559,85.4,26.0,1,25250
A320,2332,254,8532,41131,55.7,50.6,18,15450
B737,7174,246,2734,33792,39.7,31.4,15,37122
B777,7591,185,13415,41425,88.0,18.4,9,39762
A380,2305,266,16580,41294,37.7,11.7,14,17217
B777,10185,364,18203,32090,54.6,-3.0,18,54427
A350,3190,202,7618,31028,24.3,36.8,5,19066
A350,10666,338,2340,27947,52.8,31.6,14,51019
B787,3406,380,19313,38921,42.2,24.0,16,24668
A350,12390,448,13213,25104,21.8,39.0,8,65163
A380,9544,190,12293,33564,79.6,18.7,5,46939
B777,6627,102,16176,35265,86.1,13.2,4,34052
B787,8738,464,15005,40002,88.4,20.7,4,48123
A350,7784,135,14801,40924,54.6,24.9,15,41497
B737,7803,237,4659,41017,36.8,42.5,18,40362
A380,7839,200,18872,29242,27.2,5.9,1,42145
A380,6440,179,5797,28110,20.3,13.4,6,32033
A350,3406,350,18991,29202,94.0,3.4,19,24761
B787,7461,276,10537,41207,56.1,9.4,14,39857
A380,12430,247,14952,32462,45.4,20.0,16,62202
B787,11152,188,4189,41814,47.9,38.3,11,53921
B737,3784,488,11487,33732,40.7,17.3,18,24798
A380,3126,183,1589,31402,82.3,7.0,4,16240
B787,5509,204,5875,26779,2.0,20.7,13,28047
A350,3598,223,19411,32221,61.7,17.1,9,24757
B777,5037,96,10139,27575,83.2,20.4,11,27860
B737,13176,319,5900,26572,7.5,44.0,13,64167
B737,10406,246,8967,32549,15.2,14.3,5,51274
A380,1201,56,14802,40298,7.5,16.6,7,11640
A320,8291,128,107,40398,0.7,16.4,7,37053
A380,12541,156,5650,31746,70.8,4.3,5,60882
A350,6705,69,12388,38271,7.0,36.3,13,35432
A320,1429,330,7744,33263,23.1,42.2,3,11724
A350,1090,143,670,27942,99.2,44.8,14,5149
A380,2363,350,2618,29247,51.7,-11.3,8,13923
A320,7233,226,7140,39395,13.0,14.4,2,37491
B777,8774,123,11182,41288,15.1,5.6,2,43584
A350,6469,119,12565,33843,8.2,19.7,4,34438
B787,5493,226,5329,40756,8.0,24.0,5,27695
A350,7878,197,1961,29854,77.0,28.2,6,36880
B737,12041,344,14920,25507,17.0,-18.5,1,61295
B737,1528,277,18925,26313,3.4,2.8,17,14762
B777,7608,403,9512,37050,69.7,18.5,18,41592
A350,9403,484,4749,33999,76.7,14.7,5,50011
B787,3191,475,10982,35508,62.6,-2.2,17,21233
A380,8909,470,7936,36689,0.4,-4.2,12,46825
B787,8199,294,4695,35180,30.2,14.5,8,43278
B787,3696,257,15446,26853,13.2,22.9,13,23774
B787,9133,147,17703,38212,77.2,22.0,13,47853
A350,4287,292,4305,40209,57.5,28.4,15,22163
A380,13278,454,12840,30196,27.3,40.8,5,67499
B777,3352,459,15653,41145,11.2,6.3,18,25477
A380,12574,376,7265,30868,68.5,16.6,9,61694
B737,2044,478,6162,29236,15.7,20.7,2,17740
B737,3497,171,12672,25189,28.5,17.3,3,22131
A350,10743,175,14805,35393,28.9,12.8,1,54475
A320,1972,50,5157,31577,60.0,12.8,12,11445
B777,13132,115,16198,32567,17.4,3.0,11,66010
B777,3212,276,15046,38673,0.8,31.3,9,23760
B737,4326,122,4505,27735,66.5,15.2,19,22100
B777,9817,131,17503,33948,63.4,8.6,15,50123
B777,12437,251,6434,34699,52.4,31.8,14,59737
A350,4963,169,4297,35907,0.9,-2.6,9,25189
B777,6756,265,3343,29930,49.3,27.5,18,31935
B787,1783,449,14152,30303,79.9,7.2,14,15660
B787,12928,184,1357,26140,44.0,31.2,6,60838
B737,3586,56,10326,25436,6.2,14.9,6,19774
A350,11540,91,9136,32757,64.3,35.9,13,54839
B787,1535,499,11853,35833,39.2,4.9,16,15463
B777,4689,225,331,27974,56.5,15.0,15,24838
A350,7163,438,7427,30942,15.2,22.8,4,40108
A350,3180,412,5712,39370,67.0,11.8,6,23607
A320,6305,83,1386,40313,19.3,24.5,19,29346
B777,6176,349,18722,34768,6.7,2.5,1,36726
A350,9504,59,4532,31565,14.8,24.8,18,44542
A320,6200,199,1958,40713,74.9,16.3,1,29486
B737,9983,417,11209,26267,69.8,12.9,12,51216
A380,705,312,15525,41509,21.7,6.7,3,11357
A350,12077,73,1566,39000,48.7,27.2,13,54386
B777,3006,287,7474,32319,30.3,44.1,2,18609
A320,13280,248,9625,38021,25.7,17.9,1,64872
B737,701,335,2823,35701,22.2,-9.3,12,6707
A350,6503,471,18267,26312,53.5,21.5,19,39651
A320,5732,272,12472,40661,8.8,27.7,19,31996
B737,5046,103,4038,34628,69.7,21.3,9,25683
B787,5119,322,14505,26670,0.6,35.6,19,30525
B777,10660,490,11771,31614,30.4,5.1,19,57202
B777,6193,459,19866,35622,42.9,21.9,5,38112
B777,4062,484,3549,31604,9.5,9.9,9,23170
B787,8190,467,18988,30315,49.7,13.2,19,47838
A380,7390,287,5141,30754,70.1,8.9,7,37513
A320,5147,415,17688,37983,85.8,1.3,5,32366
A380,13880,399,628,33427,51.4,-1.2,8,66069
A380,6340,272,5573,37377,91.0,9.7,10,32916
B787,11018,237,19143,30418,65.7,22.2,6,57362
A350,3834,491,16716,35301,61.1,10.8,14,26805
B777,7019,279,16706,32903,79.9,12.1,10,39004
A320,10993,375,15456,31393,70.8,9.6,14,58922
A320,4334,153,18468,26862,58.9,16.7,4,26861
A380,1325,356,3304,37847,76.0,1.1,11,9923
A350,13636,189,11918,35190,9.9,49.0,6,66021
B737,10343,374,6691,35789,63.0,19.0,13,52482
A350,9392,403,2453,33658,72.0,0.5,18,46099
A380,7653,224,3035,35642,3.6,-8.2,14,39408
B777,872,333,8046,25041,80.5,-5.1,5,7740
A350,1255,313,17611,34075,43.6,14.5,2,14344
A380,1285,192,6157,33904,91.6,44.4,13,9970
B777,9132,255,16006,30436,20.2,26.8,18,47643
B777,11034,97,18935,33502,57.8,19.5,6,55469
B737,7423,405,11918,33356,27.3,12.1,9,39228
A320,13184,489,428,25994,12.0,15.9,5,67355
B787,3449,157,7998,39167,64.4,37.8,13,18459
A320,10281,179,6410,40048,7.1,62.3,8,49364
B787,10551,207,18899,32784,86.8,16.9,16,55974
B737,7395,55,1240,30526,51.4,18.6,15,34955
B737,4565,377,10623,31803,56.7,13.9,2,25951
B787,1013,487,11534,29250,55.0,14.9,2,11392
B737,10393,102,5895,39627,79.6,17.5,7,49040
A380,2674,144,12735,38988,6.9,27.3,16,16724
B737,4166,160,19220,32045,91.3,3.4,3,26029
B787,6211,295,3980,36161,16.8,34.9,3,32143
B787,1704,262,13391,28949,6.1,23.8,13,13927
A380,562,51,672,34995,41.8,36.2,7,5445
B787,7683,254,13582,34160,67.1,10.0,3,40959
B777,929,301,17653,29481,31.1,59.7,15,14056
A320,3397,306,18826,34124,6.9,47.2,13,23062
B787,5231,489,554,33665,40.6,18.0,16,27986
A320,5898,114,19009,39308,22.9,12.0,8,33369
A320,3018,453,13973,35577,63.6,5.3,17,21936
A350,12315,157,12238,25063,10.2,17.3,2,62002
B777,6425,437,19127,35099,54.5,24.5,12,39529
A380,4885,80,7306,41610,34.8,7.4,6,25553
A350,11477,197,3445,37850,34.2,16.0,17,52428
A380,11636,414,4993,26116,59.6,18.8,8,57980
B787,4483,149,11646,32389,4.9,15.7,11,24599
B787,3312,469,17588,33781,30.3,10.5,6,24055
A320,9756,51,11106,38461,60.5,-7.7,6,46717
A320,9044,485,19019,27912,70.7,10.1,16,49953
A350,9720,270,10963,31960,47.2,44.5,17,50962
A350,5599,305,17089,40040,99.5,14.5,14,32710
A350,13666,489,4279,39892,70.4,33.3,7,68293
B777,5071,278,15170,29127,97.2,8.7,2,28698
A350,13775,430,14034,30266,69.6,32.1,9,67583
B787,6311,135,506,25213,77.6,-22.9,8,30088
A320,594,80,9099,37083,75.8,24.0,11,5000
A380,10894,57,14519,41876,56.4,15.6,10,53870
A350,11819,184,5951,31130,82.8,-5.6,19,55460
B737,11119,442,3981,28080,52.2,1.7,16,54898
B777,10994,166,10006,27497,9.3,52.1,15,55782
A380,10696,359,12960,35801,18.8,37.5,11,56230
A350,11150,458,10172,38092,19.9,3.5,6,56969
A380,2608,112,11142,39492,78.2,26.6,18,16788
A380,12728,485,1628,35152,35.9,18.8,18,62705
B787,5029,66,19000,33465,11.7,20.5,2,29185
A320,11005,353,5912,32629,7.3,54.2,13,53891
A320,8012,299,17054,32453,55.3,3.8,2,42908
A350,11165,83,1893,26600,87.7,15.9,6,51808
A380,3532,130,2340,27584,86.9,2.0,19,16927
B787,4221,490,2377,31852,27.8,-18.1,6,23907
A320,6352,77,1429,27699,51.0,21.3,3,28960
A320,3965,72,9643,25881,93.2,19.8,17,22177
A350,6965,172,14311,38300,11.6,-10.9,15,36808
B737,6708,271,11636,25264,62.1,-9.1,10,35477
B777,7190,405,10925,27881,36.1,13.2,17,41300
A320,8719,470,6280,28488,8.5,29.1,7,46275
B737,6993,361,12293,41055,30.5,26.5,16,38651
B777,10954,433,6774,25368,47.0,28.0,13,57882
B787,10819,385,6577,39698,84.5,-8.5,15,55362
A320,1233,245,14886,40865,40.0,9.9,1,12900
B777,5140,272,7278,27126,60.3,17.5,6,28557
A350,1186,241,18012,37448,65.6,34.1,13,12699
B737,3100,91,17073,39438,70.2,-3.9,2,20387
A380,7132,420,9458,36093,36.7,35.2,8,38820
B777,10039,157,1289,28566,78.3,11.7,10,47182
B737,4171,227,1066,30451,17.6,0.4,11,21304
B777,9316,489,4770,40022,83.9,16.0,2,47631
A380,12491,83,1851,28884,35.8,27.9,10,57001
B787,3794,452,5897,32782,70.4,46.1,8,23110
B787,11526,380,18669,39367,90.6,-0.0,12,62157
B777,12883,450,12467,39964,35.2,14.3,4,68653
B737,13584,287,15145,33472,75.7,30.5,8,68350
B777,13437,274,1327,41834,95.8,10.3,7,63388
A320,7430,171,18892,30102,4.6,13.6,16,40969
B777,9080,379,13396,31322,74.5,40.4,6,47685
A320,11562,236,16909,36763,79.9,7.3,12,58837
A350,13608,265,6663,40068,48.0,37.2,12,64630
B737,8773,452,5417,36985,56.1,-0.3,4,45288
A350,12194,178,18844,35291,3.6,13.8,10,62614
A380,11767,214,6672,37611,64.7,18.2,16,58173
B787,12667,69,7579,28712,14.9,35.7,1,59989
A350,3198,294,8826,28918,99.7,48.0,12,19428
B787,10733,333,5208,26460,52.6,30.6,14,53820
B777,12010,76,5982,31538,25.8,11.4,10,55199
A380,13559,249,9539,27228,48.1,14.4,8,66216
B787,5185,407,11963,29310,42.6,-16.2,2,31499
A320,1834,218,9848,30847,35.9,17.5,17,13574
B787,9046,275,18514,41602,32.1,43.5,5,47816
A350,11755,163,7464,26319,10.0,26.8,7,56662
A380,6729,402,340,41449,26.7,28.1,19,30028
A320,4009,81,2914,37341,5.8,46.8,15,19908
B787,7353,406,8721,25860,13.2,55.4,19,38334
B787,4359,59,15249,35661,49.2,33.0,12,23419
A380,10696,74,10400,27518,52.4,39.6,10,52073
B737,521,99,10310,26467,60.7,-9.3,13,7280
B787,9952,445,19468,33938,41.0,30.3,1,53715
B777,10569,91,7158,27142,9.2,22.8,7,49448
A380,6279,422,2669,31660,44.2,7.1,16,33542
A320,5523,395,7884,39319,27.6,36.4,12,31003
A350,12128,225,5265,31435,63.3,29.8,3,58146
A320,4007,317,963,41988,41.2,9.4,9,22343
A320,12036,499,18124,32349,76.7,10.4,1,63661
A320,9193,233,3898,31961,28.3,37.5,3,44305
A320,8253,245,13771,38388,39.4,34.1,3,42911
A380,1542,286,7795,27693,66.5,-6.1,8,11370
B777,9350,257,15835,29440,21.4,32.1,19,48331
A320,11911,182,5088,32516,7.4,6.0,1,57527
A320,2431,349,4384,33150,64.3,28.3,17,15591
A320,6332,404,8433,38156,49.2,-1.4,11,34676
B777,9345,377,19420,35747,4.7,20.5,4,52407
A350,7525,456,1542,31538,43.8,28.4,12,40052
B787,11953,117,15295,27183,24.6,17.3,6,60164
B737,2413,478,110,33285,19.3,40.5,3,15411
A320,9263,127,12102,37731,39.3,1.9,14,47688
B737,2880,370,8870,40118,54.5,18.7,17,18087
A320,11746,374,7430,41100,95.6,42.6,10,59452
A380,2635,157,1022,38189,31.4,16.2,5,13295
B777,9422,182,4783,28350,40.3,27.0,19,43677
A380,3956,69,13640,34343,11.9,11.6,18,22095
B787,12927,353,10359,41422,77.8,21.8,10,65577
B737,5756,311,18510,27375,57.9,-14.7,1,34704
B737,1044,492,12842,40122,20.9,27.1,9,14073
B777,1747,163,7311,36586,70.6,0.4,15,10517
B737,1298,476,17167,30161,22.6,27.6,13,15797
B737,12709,119,18179,27515,25.0,9.2,18,64188
B737,1309,404,16238,36747,30.2,10.3,16,14975
A380,4144,408,15843,27604,60.6,17.2,14,26107
B777,3142,131,18052,30267,13.5,24.7,10,19562
B737,1251,391,461,30817,83.1,23.7,11,10697
B777,11777,335,7024,33922,51.2,51.3,9,58662
B787,2352,365,828,40639,67.1,8.1,8,14435
A350,11632,476,10030,30748,35.6,19.4,19,60584
A320,6532,117,8241,34166,78.0,19.8,11,32179
B737,8234,496,18451,33392,69.9,-4.8,10,46208
B777,1077,436,16913,35738,76.4,61.1,4,14101
B777,2604,243,13779,26679,61.4,52.4,17,19304
B787,7841,331,13677,40486,52.0,22.6,18,43032
A350,2343,422,19744,26856,78.4,3.3,2,19399
B787,548,448,12811,38173,78.0,25.7,14,9869
A320,12235,369,17856,25838,54.9,2.1,13,64873
B787,9434,221,4115,37910,25.3,-10.5,3,45948
A320,11576,255,11610,26227,12.3,16.6,4,57588
A350,8367,220,18186,38252,3.7,22.0,6,47723
B787,7727,189,14697,31170,85.7,18.5,14,41359
A380,5050,169,18407,40532,33.7,6.4,16,28624
B777,11908,433,10119,26295,76.6,26.3,2,61496
B777,5682,262,13915,38022,16.3,13.6,3,32300
B737,5086,93,19212,33082,26.3,33.0,11,31572
B787,8813,347,12575,28332,23.5,27.5,6,46660
A320,6322,211,7404,33008,27.4,52.7,19,32074
A350,2350,178,1884,36418,56.9,16.7,12,14182
A380,13666,348,733,26512,21.6,19.4,12,66323
A350,1558,381,5829,32024,21.5,28.2,5,13214
B777,5036,417,18853,25773,16.8,28.8,14,34621
B737,9948,362,3995,31460,10.7,27.2,16,51317
A350,10949,463,5759,40217,22.2,21.9,18,55053
B787,941,473,891,39834,71.0,25.8,10,9598
A380,2054,119,18207,32648,86.4,3.0,11,15515
A380,10633,332,7195,35029,69.1,31.3,16,52424
A350,9838,272,17178,41221,65.0,41.7,12,52185
A380,11551,245,2951,38719,28.5,33.2,14,55889
A320,11127,463,14123,40423,55.1,40.0,6,59937
B737,5079,77,3846,36706,10.8,4.1,4,24399
B737,1871,127,1093,37571,31.8,23.0,15,9408
B737,8143,79,15354,26283,82.4,19.2,1,41882
B737,11308,105,13889,39649,7.9,6.7,13,54987
A320,3411,360,19327,37153,10.6,18.2,3,25052
A350,4278,370,11716,37826,36.2,25.2,2,26456
A320,7259,291,9135,31696,48.4,38.8,13,37379
B787,1649,238,11758,27849,52.0,33.6,16,13969
B777,4036,56,9099,30363,54.7,7.8,1,20818
B777,12010,322,3333,33095,98.4,30.9,19,58492
B787,3265,377,19781,28799,69.4,-19.6,8,24093
A320,3036,138,18571,34242,77.2,26.3,4,21594
A320,1063,433,3584,27435,11.3,32.9,4,10915
B777,3700,430,16271,39356,11.2,14.3,19,25449
B787,3465,403,5389,33851,89.2,26.8,7,20058
B777,9472,400,7895,35595,56.9,5.8,6,48842
B737,5262,99,13237,35664,46.5,16.7,17,27648
B787,7597,192,13241,35450,9.7,17.4,4,38952
B737,13710,155,14255,30272,69.0,15.4,1,67948
A350,11602,498,7721,27569,9.5,53.1,14,60108
A380,1099,137,8717,36632,20.7,37.8,4,9047
A380,7139,485,16320,25851,76.7,49.3,18,41487
B787,5157,159,17159,40759,51.9,29.5,12,28926
A380,5136,426,5726,37354,52.8,14.6,17,28890
B737,2863,454,3076,39896,64.6,25.2,1,17931
A320,7898,316,1228,37401,80.2,28.8,18,39636
A320,10950,167,12151,41608,1.4,24.1,17,56564
B777,7886,259,18318,31591,52.4,17.5,8,43050
A350,2609,497,7923,32023,86.3,17.6,19,19837
B737,10776,464,583,25862,62.8,28.7,9,52786
A350,10537,400,15944,26281,51.4,-12.1,9,55351
B787,8957,225,16598,27155,51.7,7.1,4,48418
B787,9063,143,588,38218,8.6,19.3,19,43222
B737,13655,450,14205,31275,54.6,44.9,16,68643
B777,1596,238,11926,31670,77.2,46.6,10,13541
A380,10810,174,18524,37173,13.3,25.3,8,56235
B787,2905,178,5552,37213,93.7,4.7,19,16938
B777,6509,142,1581,30198,44.0,37.9,13,31211
A380,6165,100,12555,27768,0.5,21.5,18,31429
B787,9446,181,18803,37970,28.8,30.4,4,49903
A350,6470,89,9479,30616,14.9,56.2,18,30997
B787,11036,445,7486,37188,51.0,70.0,6,56320
B737,13188,227,4896,27980,76.9,14.2,6,62966
B777,8405,482,6222,30105,24.6,15.4,18,43422
B777,4331,213,14914,27077,57.9,25.0,16,25568
B737,7676,117,9808,39189,82.2,35.0,3,37156
A350,3737,106,2840,28573,72.0,19.6,17,20028
A320,6926,242,2548,29422,54.1,29.4,8,35786
B777,13592,408,12318,28862,71.5,9.7,19,69436
B777,11912,427,2343,37527,70.0,26.7,12,59922
A350,1730,365,1648,38209,36.1,36.1,5,11934
B787,3081,382,13203,37410,43.4,23.6,5,22494
B777,5090,191,14653,34044,35.4,28.5,5,28305
B737,3961,206,7678,32061,83.0,-3.4,15,22926
A350,2159,457,1440,38865,53.3,16.0,2,14400
A350,3886,403,17246,32404,59.2,-2.5,4,26511
B737,6317,207,6506,25477,80.7,24.9,11,32776
A350,10867,336,7080,35492,96.4,34.6,2,54447
A350,10493,280,1421,29956,37.4,19.0,19,49834
A350,13854,279,14139,30946,91.3,28.9,19,69345
B787,7517,306,5865,36688,23.0,32.2,6,40556
A350,11768,354,9805,38828,0.6,12.5,13,60143
B777,12426,342,9896,41233,20.8,7.9,15,61893
B787,13962,419,3215,27350,78.4,14.9,18,67710
B777,3036,99,19594,33784,95.5,-12.4,8,21818
B777,5326,321,7092,29526,55.6,13.3,15,27129
A350,7066,330,315,27108,44.3,24.1,6,34294
A350,12826,431,14164,25837,99.6,37.1,12,66244
A350,3775,423,3776,29719,85.5,7.6,4,21364
A320,4278,432,8262,39430,59.9,27.3,11,27565
B787,9060,267,11740,29761,61.8,10.5,12,48111
B777,2620,308,15686,31040,26.6,-5.2,2,21328
B777,3524,401,15705,27042,51.4,26.0,7,24545
A320,10562,190,10251,31724,97.8,14.7,14,55295
B777,13774,74,13743,29640,8.0,39.7,6,66895
A320,516,332,12728,41462,84.1,43.3,7,9677
A380,11195,107,4349,35080,15.0,18.3,9,52661
B737,8706,223,10988,26163,42.8,22.1,12,45308
B787,8622,128,18909,40550,16.2,-0.7,4,47254
A320,8387,465,6763,32415,29.2,15.2,17,42504
A350,8761,433,3188,37220,84.6,31.6,6,43555
A350,9696,472,6008,39593,45.1,14.9,1,50867
A380,13866,170,7356,32574,15.9,21.2,19,65468
B737,13307,172,3014,40514,24.2,28.4,15,61796
A320,8652,255,7757,41268,38.0,39.4,11,44832
A350,5262,307,10955,29147,30.8,-1.1,6,29869
A380,1438,464,5804,36879,17.5,35.8,13,11761
B777,11992,132,5887,32123,97.1,33.7,12,56826
A380,12506,301,10429,35193,39.3,22.0,8,63297
B777,1570,153,18418,34232,32.7,15.4,18,14703
B737,5996,287,10725,36287,86.8,-4.1,10,34355
B787,4738,212,1585,26546,75.1,22.6,11,24946
A320,8556,265,18619,32366,33.3,-0.9,2,45483
A320,11695,361,4091,38157,35.9,22.7,1,57999
B737,1680,444,16535,32546,77.6,40.5,12,17979
A350,9269,389,2847,40519,23.3,12.6,13,45180
B777,12242,408,15457,27205,47.3,36.3,10,64092
B737,4975,380,5490,39898,5.7,10.4,7,26961
B777,4512,447,11546,25714,11.1,24.8,17,27046
A380,11959,116,19866,28810,76.3,22.9,2,60361
B787,9805,90,2328,30810,23.6,29.4,2,45217
B737,13315,185,19821,41291,15.5,43.2,11,67377
A350,10229,283,3418,31224,94.4,3.5,10,50097
A350,2383,79,1587,33789,69.0,34.6,16,11127
A320,3599,116,6158,34557,87.6,35.6,14,18835
A350,12523,406,10640,37692,11.8,41.7,9,65126
B737,2851,64,12112,40733,43.0,21.0,3,15471
B787,2138,240,13485,28619,67.4,1.0,2,15761
A320,5003,93,12718,39653,83.6,12.9,15,28301
A380,12901,319,19866,33779,53.6,24.1,3,67883
A350,5038,78,2875,26492,97.3,42.7,5,23374
B787,8452,113,19733,25384,46.1,45.9,4,45926
B787,4622,479,2349,29809,9.5,34.8,2,25529
B737,1949,141,8318,28619,91.2,33.9,12,15074
A380,7468,371,18966,28572,66.7,20.7,16,41037
B737,12319,105,12727,34647,93.5,18.5,18,60384
B787,13035,349,1425,33168,34.6,4.1,1,65332
A320,5428,97,6254,34772,96.8,50.8,5,27714
B777,13519,333,6177,27236,19.3,21.4,12,66294
A320,5176,304,1116,36148,76.3,10.5,6,27473
B787,6407,433,12284,38552,14.2,18.8,4,37803
B777,12460,225,5386,40268,12.7,1.5,4,59808
B777,9852,257,5690,32909,0.9,24.6,19,49106
A320,4968,154,5124,36204,99.3,14.2,9,25211
A320,3214,483,17023,36435,93.2,11.4,14,23590
B777,12014,365,19041,30763,41.6,13.6,17,63520
A320,11579,53,6158,41907,48.5,-2.4,6,52891
A350,2087,176,15285,35539,93.3,24.4,17,13302
B777,4549,387,5896,32235,85.8,20.8,19,26961
B787,8299,456,15013,28376,93.9,23.4,3,46817
A320,11962,223,16495,29760,81.7,31.7,16,60608
A320,3980,288,3558,30014,28.8,41.5,19,22236
A380,2699,372,525,33492,99.4,-6.4,11,14981
A380,7120,456,15825,37719,81.5,21.2,16,41048
A380,1154,148,10946,29476,51.3,6.1,8,10940
B777,11289,456,13324,31786,88.5,13.6,3,58844
B777,1519,298,1176,40025,6.1,41.4,19,10830
A350,1388,223,14010,26598,23.1,35.3,7,12574
A320,1626,474,17253,39230,38.8,33.1,5,16991
A350,6617,327,1581,31150,68.0,-5.6,12,34453
B737,13619,255,15910,38145,65.6,29.1,18,67994
A350,10803,480,15541,39057,0.3,48.1,17,58908
A350,2153,156,9746,26605,96.6,0.4,19,12232
A350,4506,417,10933,25056,4.7,29.2,4,28602
A380,6276,153,15544,28909,38.0,2.3,13,35876
B787,10823,353,13123,40830,19.6,21.4,3,58007
B737,11084,251,8001,27781,23.6,16.0,11,54202
B777,8887,368,3016,31372,1.9,4.0,3,43151
A320,2705,325,6552,25294,97.0,24.0,9,19906
A320,6303,321,9441,38610,78.0,61.3,18,33858
A320,9003,109,17184,30713,30.5,-3.8,19,47079
B737,7199,214,17784,26128,30.8,-4.1,10,39774
B777,4611,273,8791,35511,58.9,54.1,2,27035
B737,10640,481,3687,34713,26.4,23.0,4,55195
A320,2540,342,15943,34483,71.6,34.5,4,20783
A380,9449,399,17359,28105,96.3,27.1,10,52307
B737,1791,499,1215,26543,95.3,-14.3,14,12946
A380,9476,235,16646,40548,87.0,20.4,15,49578
B737,588,55,8045,40482,20.7,0.4,11,5000
A320,1284,424,17386,37627,92.7,30.1,2,15969
B737,9136,369,3920,41543,78.0,19.5,5,45052
B777,4572,393,3850,32907,70.4,31.8,15,26755
A350,8798,257,12158,29165,47.6,29.7,2,45605
B737,12790,265,3498,32459,72.7,39.8,11,61771
B737,2949,105,418,32208,0.7,15.9,3,14956
A380,11036,356,16644,28289,33.0,16.9,4,58064
A320,13482,335,15076,41534,98.0,23.5,11,68626
A380,6452,371,5766,29570,46.9,13.4,10,32289
A380,3883,439,5212,34403,61.3,12.4,6,22326
A380,9462,129,2822,37137,37.7,29.1,5,45112
A380,7184,454,9328,29151,0.8,23.3,1,39862
A320,3920,476,5899,40978,33.6,8.3,4,23685
A380,3201,375,12726,30832,92.2,29.7,18,21825
A380,10698,357,16082,32822,29.4,15.0,14,58223
B777,4645,209,15976,27609,26.0,28.4,19,27390
A320,8158,328,4428,27733,37.9,1.5,17,42505
A320,13015,278,7417,25261,74.1,29.4,18,64248
A350,7055,303,11059,39837,87.2,-19.3,10,39573
A350,6119,389,11524,40705,82.1,15.6,18,33410
A350,12947,282,1240,40586,96.5,38.5,6,61275
B787,9960,168,15999,28172,29.6,-2.3,15,52276
A380,4956,158,1865,41530,0.2,24.2,4,25176
A350,7745,88,9835,25966,97.6,3.7,1,36730
B787,11124,350,18520,31491,27.4,13.8,16,57111
A380,897,479,13899,41263,96.1,41.4,17,12323
A350,11382,328,17600,41958,46.2,12.0,17,60933
A350,1539,499,9314,32037,8.2,-5.2,16,15019
A350,7223,169,3728,38966,59.4,20.1,8,35260
B737,2339,121,6650,39699,97.8,28.2,2,13905
A320,8001,203,17597,40497,58.5,12.7,11,42219
B737,12264,497,13015,28428,97.8,14.8,18,65332
A380,3345,397,11078,35663,0.5,46.8,12,22240
B787,9494,189,5962,41778,54.0,-4.0,5,47565
B737,8382,58,3900,32245,24.9,17.0,2,40959
B787,4491,361,11744,26717,1.3,26.7,9,26522
A350,11342,468,79,33317,72.1,10.8,7,54379
A320,10871,492,1495,28232,84.4,34.7,12,53412
B777,13031,243,12011,25104,59.9,26.1,10,63851
A380,7879,235,15417,40706,9.6,19.0,14,42245
A320,13738,274,1060,39232,27.9,24.7,9,65962
A350,9038,80,11501,26493,1.2,16.0,8,44884
B737,2053,89,7811,37877,23.6,30.3,2,11730
A380,8473,111,16408,28648,79.2,5.7,14,43643
B737,12453,194,2309,38211,98.2,32.8,3,58943
B777,13533,62,14432,34013,25.8,1.4,17,65730
B787,1328,352,15501,33378,21.1,47.4,4,13681
A350,5631,125,2173,36410,85.6,40.1,19,27367
A350,12167,349,12836,31997,83.4,11.6,14,60751
B787,12432,166,13034,41589,76.9,-6.1,2,60612
A380,4961,211,6148,34611,33.9,-2.2,12,25995
B777,2634,351,8726,41443,67.6,22.3,16,19732
A380,5510,99,17989,27203,86.5,24.1,8,28835
A380,4386,495,15106,37372,59.6,29.7,12,32281
A380,8487,322,4261,34669,88.3,7.4,2,44311
A380,9149,290,5978,28517,8.1,11.0,4,46001
A350,9818,288,13846,27314,57.3,29.2,19,48716
B787,13427,257,19952,25825,25.5,13.2,11,71837
A350,7807,150,8356,29612,83.4,9.0,11,38288
B777,12553,379,3623,28762,64.0,16.8,18,61397
A380,7091,191,1018,25868,58.9,33.6,16,34374
A350,9484,399,15753,38709,3.0,26.6,19,51483
A320,5879,299,7801,38300,62.5,34.8,11,32235
A320,8164,485,19038,32271,74.8,26.2,19,47730
A380,2381,328,16922,25480,78.3,32.5,3,18457
B777,5616,399,3297,32798,94.8,15.8,14,29257
B737,4132,348,18457,41091,20.7,18.7,11,26547
A320,4819,137,17355,26043,93.9,3.8,1,29101
A380,8558,322,6355,28975,51.3,28.3,5,42342
B777,6911,409,12181,34967,8.5,28.9,3,37915
B777,13101,391,5035,30883,4.9,10.2,15,66197
A380,8986,348,16155,27809,69.1,15.9,3,46928
B787,13884,365,18892,28916,90.2,16.9,4,70379
A350,1358,319,14866,25232,94.5,4.2,18,15926
A320,13412,283,14938,34366,1.3,29.6,13,67754
A320,3170,243,16388,29557,31.5,38.4,13,21650
B777,11936,359,2561,34578,63.7,6.0,6,55878
A320,7000,176,7051,28560,34.1,40.1,19,34073
B787,11456,410,1037,36441,61.2,30.9,3,57252
B787,9228,151,7450,33740,93.6,42.1,9,43262
B737,5859,343,12240,30787,33.9,-1.3,4,33935
B777,3375,412,16321,41971,20.3,-2.9,13,24452
A350,1832,106,12606,32890,82.0,28.7,18,13274
A320,2813,354,6483,38073,51.3,25.8,14,19287
A350,12506,283,14190,40109,51.5,17.1,8,62908
B787,6610,67,606,28170,73.8,23.2,6,32459
A320,10902,106,8154,38266,8.2,37.6,5,53918
B787,13936,276,3492,32368,33.9,17.7,12,66569
A380,5235,424,1200,29905,100.0,15.2,3,28279
A320,4307,263,14223,39228,17.3,15.5,8,27266
B737,4719,344,6150,28344,37.5,0.7,18,26873
A320,3290,167,6933,41097,79.1,7.3,1,18198
A380,12632,216,10495,30158,21.8,24.7,6,63295
B777,12604,283,2903,33877,16.9,22.7,13,59946
A350,11695,100,13015,32742,30.8,23.9,8,57058
A380,6535,156,476,31972,30.0,25.6,14,30037
A350,10212,109,15847,27046,53.1,14.8,15,53287
A320,5478,400,7005,39112,9.6,21.5,5,30625
B777,12232,359,8031,40548,78.2,38.1,16,61451
B737,9191,365,19700,30742,52.5,33.8,16,51612
A350,9816,60,14048,27484,82.3,0.2,13,47869
B787,8225,456,5652,29588,99.0,28.3,7,42740
A320,2427,363,3126,36096,37.5,24.2,10,14083
B777,7987,161,11956,37978,50.0,48.1,8,41890
B737,9362,377,8269,35813,92.6,33.7,4,47154
A350,8801,434,9995,34898,25.0,36.2,3,46042
B777,13728,357,15876,36225,91.5,33.6,18,69078
B737,741,457,8812,33537,88.2,-9.3,4,11956
B777,13528,77,14544,25262,43.6,7.1,12,64911
B737,1479,58,9124,37499,10.9,1.6,18,9747
B777,11903,141,170,39604,58.0,22.9,9,54248
B737,6578,161,13935,39185,81.2,23.6,18,35170
A380,12241,81,15694,34977,46.8,32.2,9,59244
B737,5380,227,7206,35754,8.5,18.7,13,27895
A320,7525,223,4591,32559,88.2,28.7,11,34442
B777,11893,240,6171,38314,32.1,5.4,10,57979
A380,5701,445,14140,27155,6.7,22.6,5,32568
A380,1978,219,11040,31252,18.8,36.8,18,14314
A380,7207,77,19279,36302,14.9,35.9,5,36925
B787,13094,244,13055,30415,57.3,30.1,14,66282
A350,6117,402,8045,25989,91.0,31.2,1,34171
A350,5531,312,15436,30095,38.0,31.0,4,33121
B737,4454,125,10175,37540,56.4,9.6,9,24284
A350,3899,304,9514,34873,27.6,17.8,12,22439
B787,5684,241,7691,27729,96.8,28.3,7,30748
A320,2236,144,19072,25218,99.2,-3.1,14,18330
A320,5324,269,17864,40855,88.5,18.8,2,33620
A380,4102,205,10686,32924,12.8,3.7,5,20361
B787,13781,222,4344,26681,72.1,24.3,7,65066
A380,4773,286,9297,41466,19.7,8.1,12,26196
B787,8925,62,19534,33379,30.6,11.9,7,46090
A350,12341,487,9089,25805,35.2,24.9,15,62693
B737,11189,57,12090,25087,49.7,42.2,1,54931
B737,1731,172,18847,41398,97.2,24.1,16,14348
B777,10099,368,8346,33504,67.3,-12.4,14,51019
A350,10704,161,3926,36909,2.4,29.9,8,52648
B777,9737,181,17629,35928,54.2,-1.0,10,51111
B737,9918,374,12549,41875,69.7,9.0,1,52286
A320,4055,155,4139,33854,23.9,25.4,10,20023
B737,2792,58,13119,38683,92.4,20.3,13,17951
B737,6009,338,872,29559,2.3,17.8,9,31840
B787,12904,153,5559,34380,15.9,22.2,8,60160
A350,11322,69,1466,28310,66.6,19.6,17,54501
A350,914,255,18690,31074,68.4,33.2,12,12818
A320,5785,256,10251,36843,88.5,22.9,17,31271
B777,6012,444,11624,31213,38.0,54.6,9,34598
B777,1664,246,18580,32241,48.5,11.6,8,14652
B787,1207,325,11550,32080,38.1,-6.5,13,11697
B777,7092,381,10820,40713,99.7,22.7,19,38132
A350,3227,105,3133,37430,96.8,30.1,12,16242
B787,6445,497,12372,38774,44.7,13.1,15,40009
A380,11489,277,8907,39098,64.8,38.0,10,57712
B787,9805,128,11059,30703,18.5,37.3,8,47514
B777,9980,140,821,32851,62.0,-6.4,1,45939
A380,10604,140,13538,33232,36.5,35.9,7,53291
B787,5231,485,12507,26645,40.4,-12.6,16,31589
B777,9438,330,3998,39560,41.2,20.4,14,46998
A350,7222,379,14123,37109,12.4,29.2,1,39439
B737,4447,205,2054,29558,27.8,-2.4,6,22511
A380,7800,292,1263,26359,33.7,16.4,19,38121
B787,2674,404,7904,38850,52.6,5.0,11,19980
A380,2503,116,787,35806,20.0,38.1,4,13507
A380,3227,341,14868,38965,8.5,24.1,7,22255
B737,8589,354,8104,29425,61.9,23.9,13,44952
B737,9671,118,4156,28359,5.2,16.6,12,46744
A380,1405,472,9127,32610,50.8,50.2,16,13301
B777,5917,418,12222,35910,18.8,6.3,8,34512
A380,8006,52,1753,27517,90.5,17.7,2,36926
B777,12136,210,3969,36529,94.6,12.4,11,59991
A380,7449,492,7454,39881,0.4,4.2,5,40144
B787,6936,144,11649,27214,68.2,4.0,6,35774
A380,1111,476,12641,40358,33.0,26.1,1,13840
A380,3766,270,6295,35935,9.4,7.5,17,21269
B787,4640,334,7574,34356,76.3,47.6,8,27051
A350,4656,446,3411,41766,96.3,47.8,16,26737
A320,1842,191,7277,41010,33.0,9.0,10,12261
B737,9925,296,4296,30172,31.7,10.8,11,48016
B787,11931,351,3318,39613,13.5,-5.4,11,56639
A380,5649,489,12411,33187,67.4,14.3,5,35019
B777,11356,323,18361,27499,83.5,36.0,19,60859
B737,11812,215,7712,32544,4.7,25.7,11,58177
B777,5706,79,1142,37250,64.9,32.3,8,27685
A320,12682,316,12482,32059,72.9,20.8,16,64927
A380,13756,82,14014,32657,56.3,11.6,14,67134
B777,8741,146,2659,26447,29.0,7.3,7,40704
A380,6172,144,626,38388,21.6,26.2,18,29973
B787,9712,303,4551,30120,5.0,13.7,9,48836
A380,12429,298,11153,35487,18.1,25.7,1,62063
B777,7557,73,18904,34792,97.5,1.5,10,40289
A350,3258,317,15606,30567,59.0,34.4,14,22510
B737,6149,361,4916,34356,16.2,25.4,5,32346
A350,1404,132,12180,33317,66.8,28.4,19,11409
A350,4687,180,6899,38667,71.8,9.0,3,24029
B777,4240,194,7440,34622,39.1,18.6,2,23538
B777,3774,297,15475,34806,53.8,21.6,12,23639
B777,9031,198,5245,37205,38.1,23.5,1,42918
A350,12804,95,13741,30909,26.0,21.8,15,63714
A320,11239,78,18568,39396,38.4,24.1,19,55598
B737,8091,458,4405,36919,87.0,10.6,18,43062
B787,9644,416,16666,36417,54.5,24.0,10,52245
A380,3695,447,11766,30577,34.6,31.5,1,22764
A350,4287,497,17,33236,59.4,12.5,1,23603
B737,6974,187,3502,25302,23.4,21.2,18,33856
B787,2341,66,6221,29819,30.2,33.2,3,12303
B777,13158,161,15647,31678,22.3,20.2,17,63633
B737,13561,76,8978,39717,88.6,16.5,18,63670
A380,2402,204,10386,29460,75.0,34.1,3,16023
A380,6073,89,7103,33365,80.2,-11.4,3,31132
B777,4688,318,12435,40691,22.5,11.7,18,28104
A320,7036,197,7330,27773,10.1,14.6,3,37171
B777,1532,123,2431,31809,96.4,31.2,11,9218
A320,1081,321,12145,38986,46.4,-5.7,4,12243
A320,3865,442,4451,29852,6.4,0.5,9,22126
B737,12130,108,12601,32610,99.1,21.3,9,59384
A320,5683,456,3763,35432,69.5,19.6,7,30355
B777,840,252,4760,27815,10.0,11.6,11,7930
A350,7974,350,8679,27991,70.1,13.2,9,40244
B787,11375,212,17242,35194,27.0,2.2,16,57608
B777,763,487,17155,34565,62.6,40.8,17,13397
B777,1980,50,10867,28797,84.5,35.7,6,12655
A350,9943,223,2643,41886,65.5,-6.1,11,47949
B777,9637,494,5768,36836,12.1,37.7,8,47504
A320,11922,456,7104,32787,25.5,12.7,5,59709
A350,625,443,212,27042,83.4,9.4,2,7632
B787,1680,380,4247,36867,54.1,32.3,10,12421
A320,10901,254,4334,28177,7.6,10.8,19,53815
B777,3353,399,14648,30991,80.5,44.6,15,22455
A320,6963,255,11370,38114,3.7,29.7,11,37869
A380,6230,419,15009,39261,58.5,-2.2,9,36510
B737,12034,281,16692,36840,77.2,32.0,19,59101
A320,1221,105,10168,25048,64.4,15.6,18,11517
A350,5026,406,1146,32881,98.1,3.0,12,28065
B737,2356,181,895,30196,56.4,17.2,3,11447
A380,5187,466,13745,31734,49.9,6.7,1,33797
A320,11878,138,18710,41060,27.8,10.5,5,59729
A380,10418,473,10526,25110,57.7,31.7,15,55563
A320,1460,471,7607,29947,98.7,12.2,5,14797
A320,3488,409,18874,35775,44.6,-0.0,13,25489
A380,1311,454,730,35852,38.5,6.1,16,10578
B737,8691,299,17498,27679,67.5,11.2,17,48315
A350,10076,464,15785,39570,28.6,-6.0,1,55910
A350,10932,437,14626,37377,5.1,-0.1,3,60897
A320,4562,206,8369,33128,72.6,7.9,2,25397
A380,2034,362,16789,33623,93.4,9.4,14,19185
A380,2329,105,15457,26497,44.2,24.5,11,17092
B777,3073,200,6059,26474,39.2,16.4,10,14796
A320,11562,304,9288,26039,12.0,42.4,9,57711
B737,9124,251,10974,25808,15.9,25.2,18,45588
B737,5896,51,16144,25484,75.1,10.4,8,30683
A350,5893,171,18703,25630,98.7,5.7,14,32813
B777,7787,303,14691,35776,12.6,21.3,15,42796
B787,589,168,14761,40870,97.8,13.0,7,7944
A350,13217,256,13285,31215,77.5,-4.1,8,66743
B737,3837,90,1,26412,87.3,10.7,4,18548
B787,1618,449,13348,30939,84.3,23.1,5,16364
A320,8673,281,1058,32121,64.2,44.9,1,42225
A350,7078,140,10803,26856,75.0,51.5,16,35473
B787,11385,333,1906,28717,98.5,34.3,15,54609
B787,9805,236,10301,36830,48.2,-10.4,14,51357
A350,7436,405,13257,35187,80.5,19.3,16,42222
B787,12201,315,13956,31723,53.5,0.6,7,63014
B737,2313,378,17589,36852,64.2,14.1,15,20409
A350,1307,467,19179,38392,75.0,38.6,8,16410
A320,12775,478,16572,40423,19.7,13.2,17,67956
B737,12606,495,4295,34676,66.3,5.0,9,61364
A320,5328,181,11632,27285,3.3,-4.9,19,28976
A350,9276,477,10355,28815,31.9,39.9,7,50719
A320,4827,496,16743,25322,17.0,21.3,19,31905
B737,11707,285,18072,32681,56.2,30.1,9,61283
A350,10260,233,341,38172,49.7,31.7,18,47715
B787,8111,66,6923,32174,7.2,4.3,19,38347
B777,9713,111,1744,37413,2.2,13.1,14,44842
A350,6447,173,17402,25991,9.8,42.1,3,36222
A320,8353,262,1251,30683,53.4,40.3,19,40695
B737,11589,479,12859,39729,2.5,22.6,9,60234
A320,9908,166,12174,28760,37.0,40.9,8,49412
B737,1465,420,13789,25499,69.3,36.2,8,14960
A380,9162,187,8337,32246,8.9,46.4,16,45238
B737,12501,327,4698,26346,24.2,28.1,4,61665
B787,7899,379,19765,26745,62.7,-0.6,7,47602
A380,3568,298,19082,37379,81.8,13.7,5,24885
B737,11099,439,19319,26282,58.6,43.8,16,59797
B737,2880,406,5442,25686,52.1,17.5,8,18294
A320,12233,361,9380,35363,12.5,6.3,15,61063
A380,7053,467,4376,29050,61.4,10.4,1,36563
A320,2207,276,14085,40585,20.0,5.5,9,18725
B777,6373,308,17506,27097,21.8,23.4,18,37133
B787,5496,90,5445,34462,89.4,-0.4,6,27855
A350,2342,365,17698,25516,23.5,29.9,7,18154
A350,12760,154,17208,37237,41.3,15.3,9,65322
B777,11355,445,18557,32211,37.5,3.2,10,61886
B737,5857,356,9658,41666,39.2,32.6,9,32995
B777,3899,247,1769,36076,88.6,9.6,1,21706
A380,9812,399,11931,37419,97.4,31.0,10,52594
A350,13182,209,9611,36073,29.2,29.9,5,63734
A320,685,316,2166,36747,82.7,36.7,7,5079
A380,12147,151,4816,38740,7.4,29.9,13,57736
B787,10788,294,16748,32109,92.4,38.9,3,57038
A320,13938,472,13033,39388,88.0,27.2,9,71325
A380,6341,454,12368,27314,31.9,25.4,13,36134
B777,8146,248,12367,32401,98.4,7.7,9,42835
A380,1646,166,4592,34961,87.3,5.0,13,10343
A350,10443,375,2538,26430,55.0,21.3,19,51567
B737,6564,441,18052,29011,53.4,12.1,1,41540
B737,8215,65,12252,32816,10.3,37.1,8,41999
B787,11437,175,9502,27444,2.7,-4.3,13,57362
A380,11164,125,312,36103,75.8,33.5,18,52325
B787,8722,227,16491,39604,28.9,0.3,5,48275
A380,11686,191,3213,38246,93.3,-7.1,6,55574
A380,728,323,16309,32454,95.6,26.7,18,12244
A380,11514,169,6326,36624,89.5,-0.5,10,54175
B787,2492,149,266,33929,7.8,-1.8,7,13169
A320,10370,347,17524,39922,98.5,2.6,19,54762
A350,4042,62,13532,38716,21.0,-9.1,12,22724
A320,3203,463,6306,33455,85.9,37.1,4,22111
A320,11307,216,7344,37912,95.6,59.5,17,56051
A350,11108,426,4523,41602,62.8,24.5,12,56525
B737,8168,467,12955,41296,28.5,30.1,15,43303
A380,7266,66,365,38404,83.1,45.5,2,34712
A350,13591,326,7127,32024,47.1,13.5,9,65239
A350,2604,223,6720,36135,19.4,21.8,14,16574
A350,5348,344,16504,27688,25.2,48.4,17,31003
A350,3473,497,10269,33309,19.5,17.8,4,22242
B737,13730,241,1479,39472,85.3,20.8,13,64439
B787,12759,158,8655,35680,74.7,34.7,9,60319
A380,2299,56,14536,37887,37.1,4.1,13,15497
A350,5965,210,9079,29246,18.1,20.4,18,31911
B737,4041,283,16349,40322,43.7,19.0,5,25108
B777,7810,275,5027,36856,29.9,43.5,8,38105
B787,3534,93,12378,40199,20.2,35.4,15,19913
B737,11203,307,2241,39521,91.7,21.3,15,55013
A380,1950,270,16463,28477,11.9,0.7,12,16819
B777,3333,166,7277,31680,74.8,30.2,18,19251
A320,6498,245,3602,30593,77.1,13.1,15,33606
A320,1195,301,17379,38792,70.9,43.3,10,13058
A350,1754,428,5990,34236,63.0,35.5,15,12247
A320,13525,466,9578,36675,64.4,18.7,19,66841
A350,10585,324,17872,33429,64.1,24.2,13,54989
A380,4072,227,2701,31506,90.0,0.3,19,21435
B777,12141,77,11093,37688,30.1,48.3,15,58584
B737,6000,330,16123,38597,83.4,20.2,9,36256
B787,7010,89,16168,33404,15.7,12.3,18,36578
B787,3453,327,8882,36240,6.9,20.0,10,21294
B737,1520,217,11602,34487,43.0,17.9,9,11759
A380,10076,143,18321,32847,16.4,-2.1,1,51951
A350,3966,207,8500,34313,29.0,16.5,13,22370
A350,7878,369,14171,36338,66.0,22.3,3,44401
A350,4438,428,4034,26649,98.8,54.0,10,26416
A350,894,232,13053,40625,50.3,23.0,3,9593
A380,1007,413,17306,41593,90.0,-5.6,19,12491
B777,3875,409,18567,25935,42.0,53.5,4,26073
A380,8892,407,7931,32309,39.8,25.5,6,44955
B737,2757,421,7547,41424,88.6,20.3,16,19973
A350,7476,223,17526,36543,30.8,12.3,7,42567
A350,7514,457,3286,27891,44.2,18.4,5,39297
B777,5711,141,15930,37732,3.7,1.5,7,31993
A380,5576,349,934,39606,94.5,10.0,19,28024
A320,11870,248,18601,30613,37.4,19.5,8,61149
A380,5044,400,16235,26054,53.9,35.9,16,31226
A320,1651,172,12476,30221,59.4,26.4,13,13734
B777,12080,393,14798,26739,54.0,35.6,17,62328
B737,8299,374,18162,41489,41.3,14.7,9,46494
A320,2178,399,17927,25604,17.2,41.6,4,19342
A350,3865,329,14795,34149,65.5,9.1,2,26552
A320,3216,52,5385,25645,94.9,-2.9,13,14988
B737,11805,360,13629,28766,54.5,-0.3,12,59143
B737,2880,282,10851,38960,0.4,57.0,14,18907
B787,10460,418,17076,35563,32.2,36.0,5,56081
A320,13601,302,8576,31228,21.3,11.8,17,66491
B787,13851,354,1401,34083,30.3,7.8,2,65510
B737,12400,419,9001,25880,49.7,19.5,10,62736
A380,4373,315,8366,35205,97.1,43.6,2,26802
B777,4710,357,9010,39337,67.4,26.1,15,28952
B787,6432,51,8106,29144,39.5,-0.1,4,32982
A350,10667,318,590,25978,86.2,2.9,9,51932
B787,13117,235,12687,41350,82.2,-2.0,4,64689
B737,2803,295,16315,32571,14.6,-19.3,3,20770
B787,5411,53,2085,32307,43.4,-5.9,11,25078
A350,6285,378,6920,25734,16.8,-2.3,15,35134
B777,8295,315,19403,40782,2.3,45.7,2,45794
B777,1345,124,1437,28468,26.9,8.7,7,9206
B737,2974,148,8777,36829,58.4,19.7,16,17510
A380,7242,299,2772,27079,71.9,7.5,2,36256
B777,3413,389,13085,35963,61.9,-1.2,11,21554
A380,2472,87,11497,29079,68.7,14.5,4,14215
A320,8935,467,7211,39955,17.8,-3.6,15,48502
A380,939,481,2638,37067,7.0,37.8,10,9117
A350,5305,256,10537,31679,98.9,3.2,5,30812
A350,10448,325,17596,29176,9.1,27.3,3,55046
A350,7579,305,11800,30710,8.5,17.0,17,40592
B787,4332,94,3887,28962,9.9,-3.0,3,21005
A320,5560,75,10092,26621,84.2,24.5,14,29618
A380,4986,109,567,39464,91.5,20.0,14,24064
B787,1603,286,14584,40099,12.8,27.1,13,14786
B737,10657,443,15858,25765,71.2,45.5,16,57575
A380,4364,449,1530,29265,25.6,48.1,12,24188
A380,5282,106,8489,30815,13.7,-7.7,17,27659
B777,5113,204,2570,37145,83.8,17.0,19,23950
A380,7201,146,947,29749,33.7,35.2,17,33328
A350,1023,242,10494,34282,94.4,36.3,3,12558
B777,12471,494,14879,38872,69.5,20.0,7,67302
A350,2359,301,12638,40920,24.5,4.6,16,17575
B777,12957,78,11915,26717,78.5,42.7,13,62775
B787,10094,465,17465,39508,90.5,30.2,15,55659
A350,2758,219,19686,28759,76.7,-2.0,1,20203
A320,2345,219,12188,25287,12.4,46.0,8,15608
A380,13498,351,9273,25111,29.2,12.2,10,66441
A380,13947,77,5456,40627,7.9,26.7,18,64673
B787,942,84,18343,37924,47.3,5.1,1,10217
A320,6374,325,9110,40585,2.5,6.5,5,35323
B737,5560,323,16864,31383,96.8,-1.9,3,34221
B737,6958,140,806,35182,39.8,36.5,3,33226
B787,2721,51,5507,38485,80.4,25.5,2,14611
B737,7504,448,6368,40793,73.0,-1.2,6,40383
B787,1298,229,17670,32303,6.8,-3.7,17,12279
B787,10122,438,2952,37247,61.5,46.4,2,52787
B777,10541,101,1672,36747,44.7,12.0,14,50614
B737,5263,428,4356,32983,29.1,0.4,1,28996
B787,13341,345,3991,41480,19.4,38.9,6,64649
B787,13345,63,2784,41044,54.1,13.6,6,61261
B777,13486,272,2257,29044,83.8,14.0,9,64219
A320,2776,256,16223,26719,29.7,21.7,15,20330
A320,1966,274,6883,40554,90.5,21.7,1,13041
A320,7576,264,2564,27907,15.8,31.0,19,37295
B787,4434,480,11494,28917,8.8,-6.7,3,28465
B787,3897,353,10748,38198,77.0,42.3,13,23760
B787,1930,315,6044,33469,97.3,0.1,9,14080
B737,9311,290,3837,38298,91.6,11.8,19,46154
B777,13240,231,7740,27269,65.0,36.3,3,63414
B777,7953,423,11388,25684,5.6,29.3,10,44158
A350,721,76,1709,25468,98.1,52.4,5,5000
A380,10172,444,868,41250,59.9,-1.1,15,50352
A350,4350,443,8773,32864,93.5,10.7,16,28510
B777,2529,284,15861,27394,24.8,34.6,5,19026
A380,9715,472,90,26537,53.8,33.8,16,49750
B787,1353,134,6305,30743,1.7,2.5,19,7571
A350,13790,200,3184,33259,2.9,39.2,6,66927
A320,2094,79,16806,35673,10.7,34.8,9,15031
B787,5562,497,13082,27704,10.5,12.3,14,33757
A320,10662,381,6231,40685,71.0,25.0,16,51644
B737,955,319,11822,30227,49.8,34.7,3,10141
A320,5413,374,10566,33567,25.2,43.8,9,30850
A350,11181,129,18602,34866,24.0,5.3,9,55799
B777,7981,494,1141,25273,60.2,27.0,2,41355
B787,7837,458,17337,38967,16.8,22.0,9,45524
B737,10527,358,18602,29564,47.0,34.3,2,56048
A380,7170,376,1764,38521,50.5,28.7,7,35287
A320,10623,449,3922,30318,49.7,17.8,16,53129
A380,4681,455,17,40642,97.2,21.9,4,26235
B777,3563,151,3245,39489,21.9,8.8,10,17532
B787,9424,297,10267,39686,77.8,19.2,10,48781
B787,5557,111,1683,33845,90.3,34.8,2,27773
B777,6420,313,3469,35965,63.9,35.2,14,33189
B777,8097,187,7553,28652,76.6,18.8,10,41795
B787,5854,416,9399,27418,58.5,20.6,19,32949
B787,9259,462,10142,31860,55.3,27.9,11,48855
B777,760,353,7698,37959,66.3,14.0,12,9564
B787,554,117,4108,29437,29.4,21.5,17,5480
B737,11613,106,5879,36721,39.7,-5.7,7,52960
A380,1654,420,11324,27960,30.2,24.1,11,13112
B737,13079,289,13530,27935,60.8,35.0,13,66348
B737,10250,385,13252,35150,92.0,27.0,14,55853
B737,3441,192,16843,36358,4.3,42.5,17,21011
B777,7649,76,16450,26939,7.7,8.0,11,39893
A320,5040,115,16667,41509,28.6,7.0,17,29263
B787,6102,56,8496,32495,16.2,23.1,9,29995
B737,10602,160,4627,41354,21.0,35.0,7,50497
A380,10177,149,15527,28231,74.4,18.0,18,51820
A380,696,208,11185,28869,38.6,6.3,3,7979
B737,4883,323,5125,41423,8.4,30.9,11,27015
B777,12043,184,17846,41287,4.0,27.5,12,63313
B777,7722,283,13465,37020,29.3,31.0,6,41080
B787,13881,293,6482,34081,83.3,9.6,16,66662
B777,6825,331,7106,28887,9.6,4.2,1,35248
B737,7992,164,10225,40301,49.5,18.8,9,38106
A380,1145,211,14751,34985,54.9,23.0,8,10770
B777,9301,181,348,36510,16.5,9.1,13,44130
A380,12097,104,15640,30669,75.7,-0.1,9,59434
B737,1435,390,6347,27807,87.8,34.6,3,12066
A380,9734,362,18463,35470,51.1,38.0,2,51163
B737,13426,61,19239,31616,15.4,25.1,4,65943
A350,3055,119,13090,25225,0.1,12.0,2,19503
B787,2178,331,19733,32554,3.5,2.8,6,17400
A350,4344,176,6225,37513,68.9,23.5,12,23114
A380,1137,452,3774,32313,2.3,4.2,9,9574
A350,1900,92,2630,40041,5.2,34.9,3,9647
A350,3966,485,14785,29580,82.5,5.7,2,26928
B737,1676,213,13039,36157,31.3,16.4,2,13905
B777,887,202,1422,33185,21.0,15.1,18,6393
A350,942,227,13311,36167,63.2,14.6,7,12643
A350,6449,354,13156,31096,16.5,23.9,16,37909
A350,9546,480,9999,26760,85.8,43.6,4,50548
B737,5545,439,7468,29355,31.7,43.7,7,31114
B787,12346,279,17403,25060,80.8,32.1,2,61880
B777,1844,308,3468,30732,53.0,43.1,18,14146
A380,687,264,1117,28504,50.6,36.6,11,7279
A350,3778,467,10072,30586,43.0,23.4,2,24406
B787,5593,332,12169,28188,58.9,25.6,19,32610
A320,1340,382,16724,36565,72.1,23.6,17,16106
A350,3250,193,16040,25058,6.7,33.4,19,22944
B737,2568,496,1927,28297,9.1,3.9,1,16437
B777,5252,136,1138,36432,38.2,18.2,15,24195
B737,11002,425,12669,32569,73.9,33.3,3,58441
A380,10375,497,4825,40269,20.8,8.6,8,53907
A380,3706,101,13378,26179,90.1,34.6,19,21845
B737,5311,103,2346,35095,29.5,19.4,8,25312
B777,1118,481,1476,30039,39.3,27.6,10,10171
B737,5216,228,3713,27177,17.4,7.0,4,28302
B787,4395,425,12684,34390,73.9,47.0,1,28607
B787,6752,120,17265,37112,71.3,18.0,18,34820
B777,6682,234,7030,31919,84.5,50.6,1,34813
B777,3687,437,10885,36766,31.1,10.8,14,23577
A380,632,108,13430,30613,98.9,18.5,6,8277
B787,1766,266,1040,39465,92.3,10.7,4,11180
A320,11731,496,368,37282,12.9,-0.7,14,56342
A350,2070,198,8218,36627,66.5,23.8,4,12513
B737,12668,419,10649,35422,71.4,14.9,3,64128
A350,12765,168,15987,25457,88.6,-1.8,12,65617
B777,11954,241,15929,30743,5.1,49.4,9,59662
B787,5088,113,6543,41948,4.6,28.3,3,26603
A350,13689,204,5948,28503,72.5,39.3,3,66495
A320,13997,339,19135,29216,92.9,-2.4,13,69873
B787,6215,185,197,31099,1.5,37.0,16,30195
B777,1711,295,13265,29793,64.1,10.3,4,16761
B737,3983,73,8165,28970,10.3,31.4,2,22133
A350,1278,346,3653,34783,52.4,17.8,11,11889
B737,13006,175,3264,31785,7.3,15.3,3,62561
A320,5063,221,9385,35963,15.2,8.1,17,25916
A320,11712,379,8899,25322,16.2,21.1,2,59056
B737,8408,74,19742,31710,65.3,27.0,10,44513
A350,8032,439,6490,29838,14.4,10.7,13,42850
B737,6432,346,4321,29978,6.0,5.8,14,32837
A320,3822,205,3672,25776,10.9,24.5,15,19920
B737,9030,427,13412,33224,51.1,32.6,13,49811
A380,11378,214,16040,31598,93.3,12.6,14,58221
A380,11041,120,8033,27940,94.9,27.5,15,54587
B777,10477,402,12947,32344,79.4,24.0,8,55190
A320,1429,455,8170,41660,65.2,-4.1,15,13350
B777,5831,121,3048,25689,91.2,7.6,17,29422
A350,856,375,9648,31119,89.7,16.6,4,8963
B737,2105,178,11089,36786,68.2,17.2,15,15756
B737,6948,82,10193,25553,45.8,31.3,2,35244
B737,7220,378,86,32963,90.4,10.6,16,36893
B737,9715,289,9039,32640,93.4,40.1,7,47766
B737,8902,467,10896,41523,57.6,1.5,15,47244
A380,11166,333,6154,40730,81.4,15.1,1,56892
B777,12137,88,19217,37748,98.6,18.3,17,60008
A350,12455,405,17716,35362,61.0,55.0,18,65960
B737,3749,348,511,39696,65.5,6.2,9,20169
B787,11576,422,11269,28045,85.9,21.2,19,60630
A320,6690,132,14419,25828,75.6,20.4,19,36667
B777,1542,57,10472,30500,85.2,37.0,9,9534
B777,7426,457,19796,31082,78.7,13.2,17,44447
B737,10308,331,17940,33574,78.5,29.8,19,53902
A350,5819,432,15393,40665,86.5,31.3,18,36177
A350,12150,288,7107,38640,95.4,32.5,5,61795
B787,1568,193,2398,27941,59.8,21.3,9,8634
B737,13048,216,16410,27297,16.2,21.2,10,66267
B787,9854,448,6986,39313,85.1,2.6,3,50473
B787,12588,281,3189,39531,88.2,24.5,14,60922
A380,2350,350,19075,37625,38.0,14.8,5,19441
B737,5639,391,12620,38792,6.9,6.0,13,33555
A320,2525,379,12016,38578,31.4,15.7,9,19263
B777,7541,381,14655,30107,19.1,-1.6,3,43413
A320,5833,204,9335,35969,19.1,10.9,7,32695
B787,8278,66,10823,40098,38.4,9.5,14,39833
B777,11183,258,14839,35929,38.8,41.9,9,56867
A350,1956,334,7825,29238,20.2,14.8,15,14517
A380,13695,86,15865,26878,28.9,32.1,3,66131
B777,12078,82,14925,34290,87.2,42.6,1,59282
B737,5830,288,10674,30143,97.5,6.4,18,32520
A380,1936,120,17842,41746,56.2,28.4,15,13713
A320,13611,72,4902,27041,85.2,7.6,7,65363
A320,6177,422,19762,34055,39.1,13.9,17,39071
B787,2808,58,19732,30686,25.3,17.0,8,17872
B777,2901,55,8052,41331,22.7,20.8,3,17296
B787,3881,181,11918,37327,78.0,34.2,3,23507
B777,3758,479,11577,38304,29.1,11.0,10,24258
A320,8937,401,19952,39479,52.0,25.1,16,49734
B777,4104,112,4423,41880,26.4,19.2,16,19728
A350,12936,400,11413,30883,54.0,-8.1,4,65072
B777,630,212,766,29322,5.3,34.0,12,5853
B777,10520,60,162,38795,65.1,18.3,13,47555
A380,12058,142,2962,35352,54.9,14.7,13,56622
A320,7008,343,13032,36588,8.0,8.6,17,39103
B777,3864,178,11764,30523,2.6,16.2,2,23628
A350,3355,178,9242,36051,29.9,42.3,13,19709
A380,2698,375,9430,33680,30.2,25.7,3,20386
B777,11863,155,1259,28886,27.7,15.0,17,55859
A320,2971,497,13883,37466,88.4,25.6,16,22260
B787,4207,170,19436,32509,74.2,-4.9,15,25851
A320,6843,393,5890,30935,44.6,18.3,10,35592
B737,900,178,7309,35560,21.9,34.8,13,8029
B777,11823,313,17712,37541,48.4,27.2,16,61644
B777,13745,299,16588,34285,67.4,32.2,17,69388
A350,7459,270,3534,28549,41.7,24.8,16,36046
A350,8092,102,4770,28292,93.4,3.1,2,38099
B777,9088,201,14201,32591,31.7,4.1,14,46456
A350,12955,238,2880,34619,19.4,2.4,18,61751
B787,13294,408,7954,31682,67.4,24.9,8,68576
B777,7239,235,15115,29151,37.9,21.5,15,39801
A380,11613,499,226,30533,4.5,46.1,3,57136
B787,7319,320,6855,28798,29.9,21.2,15,38812
A350,7644,153,4172,33110,94.5,50.2,6,36308
B737,7499,261,17937,39879,19.7,30.5,14,41443
B737,13948,292,6004,34145,60.0,24.1,17,68556
B737,13384,379,1358,38162,34.0,30.5,9,65806
A380,5576,309,1973,36445,64.1,7.2,11,29211
A320,1274,499,8685,28674,82.5,16.1,19,11499
A380,12719,333,184,40127,42.9,0.2,5,60248
B777,7230,131,7426,40046,46.2,27.0,1,34641
B787,12968,298,10963,35893,54.0,16.2,19,64686
B737,6177,418,6009,30869,20.5,3.9,16,33283
A380,11664,421,5104,41773,91.1,-15.5,11,58638
B787,12410,483,12682,32084,55.8,-1.3,12,64628
A380,6413,337,11628,35856,37.6,27.2,7,37096
A350,9576,87,11937,39703,56.9,15.3,18,48328
B787,2469,468,10744,37179,88.4,27.5,1,20031
B737,8714,256,19869,26411,47.6,-3.3,10,46814
A380,13579,495,19926,40824,21.4,4.4,8,71068
A320,628,385,3456,40266,93.9,-6.5,12,7017
A380,1369,436,19927,35029,98.9,42.1,6,14843
B777,5650,171,12588,33517,84.3,27.0,12,30669
A320,6921,245,5176,41798,56.7,11.4,18,34282
B787,538,396,15749,33178,49.6,-0.8,9,11997
A380,6942,164,12747,40268,45.4,19.1,7,35860
A380,5278,392,270,30294,26.6,-8.6,6,27452
B787,12107,387,17559,32699,67.4,28.1,13,63365
A350,3662,481,9783,41530,86.9,15.7,6,25458
B737,5003,425,5179,40209,7.8,41.1,10,26345
B777,3027,421,17963,35246,29.9,26.8,6,23629
A320,12113,279,2547,35052,48.8,13.5,1,58854
A380,4996,262,7314,39682,22.5,-18.0,18,27737
B777,2893,113,4105,39973,18.6,47.2,14,15103
A320,8009,303,2394,26535,81.1,15.7,14,40188
B777,5996,379,10099,31741,55.2,28.9,10,33268
A380,7009,280,15781,27624,98.1,19.5,19,38531
A350,8982,475,4886,29183,2.7,24.2,5,46274
B777,2760,361,19650,29996,91.6,6.7,10,21772
A350,6708,140,8640,37885,80.7,5.4,3,32890
B737,4483,370,8298,39899,91.4,-4.1,4,25873
A320,2208,461,17794,37113,4.6,30.0,2,19590
B777,6691,132,10044,30430,81.7,37.5,15,33761
B787,5900,191,19526,25978,30.4,50.1,16,33804
A320,7535,287,3413,39304,63.0,8.1,19,36566
A350,983,79,2350,41473,43.6,12.7,17,5511
A350,11259,240,2962,39377,94.6,29.5,3,53935
B787,8703,357,3866,33871,12.5,23.0,17,44259
B737,5593,54,3348,30393,38.5,19.9,2,26861
B777,10056,321,8667,28255,2.7,19.8,5,49290
B737,9481,266,1616,40224,72.2,11.7,6,45399
A320,11142,117,18371,35517,86.1,21.5,9,56922
B737,2155,452,6254,35022,16.6,28.2,1,16863
B777,6254,321,14516,34647,60.6,-24.2,12,34610
B737,10441,369,5972,41651,21.8,12.3,15,53905
B777,2071,384,6752,38943,13.5,45.3,17,14427
B777,12631,117,15182,25046,60.0,30.4,15,62571
B787,6890,107,1438,41043,20.5,8.2,5,33113
A320,12925,431,4055,33836,42.5,22.8,11,62914
A380,11218,461,2512,34185,52.6,29.6,17,57074
B787,3524,170,19942,36836,9.8,19.8,16,21824
A380,12846,119,408,33977,58.6,50.1,6,60697
A320,4444,125,18234,31558,55.9,-3.3,19,26389
B737,7548,210,10474,32707,73.7,14.5,10,37369
B737,3925,99,4351,41274,43.5,19.3,18,19185
B777,4383,314,18438,31128,51.0,14.4,14,27210
A380,5560,153,18276,37895,32.3,11.4,18,32536
B737,6473,232,19194,40268,29.0,7.4,13,35969
A350,3828,377,1913,28037,12.4,54.7,2,21038
B787,3707,193,13804,31565,66.1,20.9,15,23766
B737,9577,418,10310,25708,4.9,34.4,3,50135
A380,3315,183,10981,33722,61.9,19.2,2,20553
B777,3303,64,15907,41047,10.9,35.4,15,21671
A380,13203,90,9595,34967,1.3,13.2,16,62768
B777,1069,117,9918,40555,50.7,46.8,18,8829
B787,13786,199,9156,28030,31.0,-0.2,17,66464
A320,2876,281,16363,27814,29.0,14.9,2,19717
A380,2391,371,8548,34725,28.0,12.6,3,15733
B787,10771,143,19347,28487,48.0,37.6,10,55682
B777,13499,236,18642,38307,23.7,5.1,5,70259
A350,13958,85,18160,28494,98.8,14.2,11,70150
B787,13879,346,16697,39973,73.9,19.2,2,70915
B777,5897,461,4574,40467,66.8,16.5,4,31033
A320,13857,499,10987,32358,33.1,-4.7,7,70946
A320,4664,277,2227,37457,93.6,14.7,1,24598
B787,13337,209,14232,39004,88.6,32.0,2,66960
B737,3875,230,10598,38273,37.3,12.6,4,22873
A380,6349,355,2686,39511,3.2,26.1,4,34266
B737,9825,90,14132,27671,57.4,32.3,18,49650
A350,12308,93,5469,28587,35.1,35.3,12,57334
A320,5639,181,14394,34337,64.8,31.2,14,31453
A350,6020,296,9841,33757,71.1,34.1,15,31996
A380,5178,328,3188,41237,95.8,27.5,5,26954
B787,7419,57,10697,29736,65.1,9.4,18,36010
B737,3558,389,3624,26657,4.6,24.4,3,19962
A350,5274,378,14594,26232,15.2,13.8,11,33108
A380,9518,398,12421,39321,59.0,20.7,13,50202
B737,12915,212,5903,36357,41.1,49.8,1,62042
B787,11504,130,7258,39649,52.9,47.8,19,56582
B737,5156,256,6246,27151,49.5,0.6,8,27460
B787,6023,358,606,27479,61.7,14.0,1,29152
A350,2065,427,10791,41380,83.4,20.7,18,17567
A320,6708,76,8628,38845,79.0,22.9,2,33978
B777,2620,297,8326,35489,87.2,18.9,13,18519
B787,3700,497,17288,39775,59.5,41.9,12,25909
B787,10825,171,166,31273,14.9,6.9,1,49002
A320,8734,424,5750,32111,31.3,25.0,13,44754
A380,9828,69,8723,40815,10.5,25.4,4,46263
A350,4320,452,8744,41065,17.6,37.2,11,26500
B777,3622,491,17,35066,38.2,29.6,5,21206
B737,11339,482,5166,40055,1.0,25.2,11,56178
A380,9629,205,10667,40074,18.6,43.8,1,47843
A380,10942,157,10686,37197,39.0,34.3,19,53552
B787,5886,388,18667,31531,50.4,34.0,2,35399
A350,2942,415,9571,38410,64.7,48.6,8,21016
B737,11027,381,15533,32977,55.3,10.2,9,58481
A350,3877,153,4993,34574,96.5,31.2,8,19579
B787,6412,221,16949,27243,37.4,34.1,16,34812
A380,10182,349,9327,34705,81.7,13.8,18,48822
A320,10746,407,224,40310,35.0,27.1,9,52769
B787,12469,274,6315,30089,45.5,17.7,15,62076
A380,11941,384,3881,30086,47.3,3.6,16,58087
A320,11405,116,2615,28600,61.4,23.7,13,53188
A380,1189,94,6816,39620,96.4,22.6,16,7746
B777,3133,474,17940,38998,15.2,12.2,17,23790
B777,12767,419,9948,40089,97.5,0.9,5,64563
B737,13329,386,9249,26690,12.4,29.1,11,66161
B737,5779,74,10135,34914,20.5,1.9,17,29862
B777,9928,360,18263,37952,82.0,25.8,15,54060
B737,2822,147,11608,25872,57.8,18.8,10,18076
B737,13954,91,9413,36386,67.4,17.5,11,67847
B787,774,438,1649,32450,51.1,27.5,8,7243
A350,9175,147,10651,27250,71.6,32.3,5,45751
A380,12274,50,4754,28599,48.1,24.4,7,56960
B737,13282,470,14236,37480,86.9,22.8,13,67075
B787,7324,291,17282,38930,69.7,8.7,4,41826
B737,12588,183,16332,27494,63.2,20.3,5,64020
B777,4546,488,14135,38303,99.3,19.1,9,31049
A350,12157,203,17808,29467,49.2,12.1,4,63265
B777,4661,329,5755,33890,5.7,26.5,8,26008
A350,8781,100,6899,26059,9.7,35.7,1,41983
B737,7919,238,16336,33871,72.0,1.9,7,42796
A380,11600,310,8067,34601,4.9,37.7,9,57873
A320,13969,280,7022,36415,73.6,27.6,13,67375
B787,8589,345,13338,28965,16.2,21.0,8,47096
B787,2851,87,2193,30973,0.1,30.0,14,15784
A380,2408,119,13313,30570,13.3,-6.2,13,16493
B777,11132,387,7365,31217,33.0,38.4,7,54976
A380,6848,75,11235,32463,55.6,1.1,9,34552
A350,12778,302,12054,38926,76.6,26.6,3,64366
B787,2432,174,18283,26034,67.0,24.9,19,19916
B737,11542,469,6513,39047,19.9,31.9,6,57842
B787,930,398,3842,30634,99.1,25.3,9,9069
A320,5677,287,9885,31030,51.9,42.7,2,32083
A380,1746,259,14059,41620,48.6,52.9,5,15491
B737,7409,69,7622,27351,27.9,28.1,5,36057
B787,4885,203,11201,28522,16.1,19.4,7,26107
A380,2383,164,13648,33512,87.5,27.6,17,16408
B777,10577,73,14987,31006,1.0,22.6,5,50480
A380,4174,463,14199,25096,42.7,22.9,8,27630
B777,5589,410,5892,39888,54.5,22.5,15,28920
A380,8290,490,15320,32560,4.1,11.3,15,46795
B777,2126,466,11018,26094,19.1,16.4,10,16976
A350,4004,397,16083,28347,5.7,19.3,15,26651
A320,12903,410,8301,41207,98.7,6.8,11,64672
A380,7709,215,8307,26632,70.6,34.5,7,42097
A380,1326,191,7108,34299,70.6,-2.7,2,8569
A380,5707,262,4352,40488,82.2,39.4,11,30690
B737,8715,423,15107,32347,81.0,17.2,10,46981
B787,7050,304,4866,40922,13.0,2.1,6,35755
B737,9430,60,13643,40323,89.8,35.1,10,46776
B777,10237,440,18509,37883,13.7,31.2,12,55430
B787,12185,99,14043,25351,93.6,19.0,2,60012
B787,3927,279,16851,41286,3.4,48.1,12,26245
A350,10200,334,13916,33806,66.5,35.8,19,52275
B777,8853,121,4882,39987,12.8,17.6,18,41670
B737,7099,421,6158,25027,81.7,20.8,6,37542
B777,10429,99,15120,25717,41.3,47.6,2,52554
A350,2634,106,5693,41563,44.7,32.9,8,14947
A350,5459,304,6270,36156,41.9,-3.0,16,31437
B787,6369,403,6821,40513,49.5,48.4,2,35805
B737,3577,103,1202,38737,3.4,42.2,19,18248
A350,8616,406,7331,28793,76.9,26.1,9,43180
A320,558,207,11114,38580,94.4,11.7,12,7870
A380,4128,93,16331,28404,59.8,20.0,16,25722
A380,5068,308,17343,40320,30.3,-0.8,4,32615
A320,12635,457,7628,34459,18.2,12.2,7,63092
B787,13754,499,10705,28306,36.9,4.2,15,68968
A380,6740,95,9549,32823,64.8,45.5,15,33510
A320,8774,424,7555,31644,39.7,20.0,2,47456
B777,5528,431,5136,36572,80.8,-18.0,13,30630
A350,1079,411,3679,30627,94.0,24.0,1,9977
A350,11438,92,3148,41294,23.7,24.5,7,52017
A350,13732,492,783,37825,16.8,24.7,16,66860
A350,12323,499,7910,28413,41.4,42.8,17,64331
B787,3434,402,16951,32127,65.5,11.0,12,25251
A320,3521,303,19420,27364,73.6,28.4,10,24341
B787,10396,375,17761,34069,23.1,19.8,13,53228
B737,11412,58,3552,37929,24.1,24.4,7,53000
B787,13755,196,13493,26496,54.4,15.0,2,67990
A380,13184,287,1225,25016,35.7,27.7,1,61413
A320,7512,146,839,41737,29.9,18.9,4,36379
B737,12594,439,17277,34808,52.1,25.6,8,66642
B787,4453,183,8412,39814,83.4,23.4,17,23583
B787,1224,239,9911,29748,51.4,18.1,8,9296
B777,2466,448,11149,41908,91.0,24.0,14,20345
B787,1725,432,6909,25168,12.3,21.2,13,14737
B777,2202,231,1068,26177,89.8,25.0,17,11568
B777,9837,328,2850,30542,94.4,13.6,16,47208
A320,13610,135,15485,38372,90.4,17.1,11,67125
A320,8810,330,1604,38065,17.1,-2.7,4,43927
B777,12885,398,19907,33316,22.7,7.4,11,67228
B737,9760,394,303,32276,62.3,-5.0,14,47913
A320,6276,258,1688,37174,89.2,9.1,17,32220
A320,11606,363,1498,28318,1.1,39.8,1,56848
A380,6529,364,18986,26035,80.0,9.4,4,38763
A380,1131,301,10526,25371,57.7,48.8,9,11135
B777,7508,282,8931,39063,34.6,7.9,13,38325
B787,5903,155,11734,40847,71.2,1.5,10,31117
B777,7628,142,586,33702,51.6,18.9,15,36535
B787,6211,450,9227,25709,17.4,23.7,13,33293
B787,10037,108,3093,34406,6.6,3.8,12,48075
A380,10942,232,6178,34178,46.3,19.7,10,53554
A380,1958,144,7806,29672,57.1,-7.6,15,11421
B787,8727,153,3845,38665,36.5,21.4,16,40830
A380,6131,86,7796,39164,30.6,-0.5,6,30949
B787,11266,461,37,36780,34.7,26.7,4,55329
A350,9097,401,15493,39900,92.1,10.1,5,49664
B777,4030,265,2463,30704,2.6,23.3,18,21462
B787,8584,118,15282,29847,39.4,22.9,6,45576
A350,9525,423,17878,31263,74.3,8.7,2,52453
B787,6245,122,618,37999,23.4,-13.1,14,30141
B777,2589,163,13833,26706,37.8,22.5,19,18402
B737,12277,446,10926,35104,53.0,11.8,14,62989
A380,11763,344,15351,31621,94.7,18.2,18,60699
B737,8205,118,428,41389,56.8,33.4,15,41003
A380,10677,489,18199,34076,79.6,30.7,2,59561
A320,9323,181,19743,41103,24.6,0.9,14,49255
B777,12725,365,6043,36698,38.0,25.8,12,63146
B787,3883,313,2523,38812,13.6,13.2,11,21419
B787,7937,185,14429,41938,58.9,18.3,8,42382
B737,9970,116,18150,36207,77.9,19.8,9,51857
B777,4013,239,4526,38479,24.6,33.2,17,19516
B787,10160,54,13296,30107,32.5,47.4,13,48664
A350,3623,343,6142,27437,87.1,10.6,3,21755
B787,9658,262,5936,29444,0.5,34.5,3,48370
A320,10773,364,16806,38929,59.1,21.1,6,56623
B737,6964,262,16798,34134,51.8,51.5,13,38241
A350,5776,387,1834,32303,65.4,28.9,16,29154
B777,3886,347,11480,28599,45.4,30.5,6,22198
B777,7698,163,14316,25866,28.0,14.5,13,41177
A350,13928,58,6261,34584,46.5,8.0,18,65069
B737,8840,396,5152,36306,29.0,-6.8,3,45869
A320,8644,89,19857,32467,10.8,22.2,1,47344
A320,2934,172,9140,41753,18.3,28.5,1,16757
A350,5066,163,7727,39824,41.1,53.1,12,26495
B737,13052,216,8854,39829,48.9,26.2,2,62689
B737,5445,213,16406,34969,68.8,23.3,16,29860
B787,6680,379,5449,37055,64.9,29.3,8,35209
B787,1371,214,12112,31748,44.1,36.2,3,13110
B737,10325,352,18534,30947,71.2,35.0,11,54481
B737,9944,198,2552,25978,86.7,-0.7,16,47731
B737,7725,358,9969,39514,40.1,-5.6,6,40108
B737,6712,361,608,31425,37.0,31.7,10,33239
B787,12926,74,1990,35726,99.8,16.9,8,59783
B737,12082,478,13084,29465,36.4,22.7,17,64817
A380,3279,120,17828,37445,84.2,14.8,19,22632
A320,2974,404,18740,40424,65.9,21.4,17,23019
A350,10673,192,19903,39722,65.5,-1.5,4,55075
B787,11482,478,4047,28737,58.0,27.7,3,57754
A320,11263,236,13254,25498,88.3,6.2,9,55408
A380,2214,195,11711,32599,9.2,-1.5,19,16060
A380,13633,442,3062,32528,37.0,13.9,5,66442
B787,4242,424,22,37288,35.3,12.4,8,24801
A320,5498,68,16825,30328,2.9,23.0,15,31036
A350,4102,51,5658,40005,27.6,34.2,9,20612
B787,1889,366,2594,28869,84.0,13.3,15,13852
B777,4375,384,14131,25487,9.2,30.0,17,26347
A380,3265,312,15565,39715,99.7,24.2,18,20759
B777,7477,124,15834,35610,58.7,8.9,14,40603
A320,7874,178,8612,32150,72.5,31.4,10,39466
B787,3414,50,7622,29722,90.6,3.8,5,17384
B777,3435,177,3036,36318,30.7,43.2,12,19054
B737,13826,233,2087,33399,52.2,20.7,7,66650
A320,8848,258,11227,35085,68.0,52.8,12,44922
B777,12368,69,6204,32680,80.1,34.1,19,57944
B787,3977,110,9967,35375,68.3,12.4,9,22932
B787,13396,369,10942,41283,96.7,42.7,1,66824
B737,7648,97,11008,38977,25.3,24.5,5,37952
A350,4533,73,13077,40949,97.2,25.4,6,23537
B777,12281,481,10429,26085,60.5,19.5,2,62673
B787,12331,290,13896,33338,89.9,45.2,11,62672
B737,1924,416,66,27733,16.1,24.7,7,10995
B737,6035,304,13117,29391,36.7,41.3,11,33293
A350,944,98,12894,29774,21.8,16.5,2,9843
A380,8326,475,11367,31031,64.6,28.8,17,45085
A380,3059,476,9860,27363,1.3,42.8,11,22720
A350,956,292,9332,32781,14.5,48.1,2,10056
A380,12511,430,1649,30411,41.2,24.2,4,63583
B787,13434,473,17539,32235,51.3,39.1,13,69744
A350,8802,89,15726,34191,46.8,21.6,11,46837
B737,13389,251,9567,36402,96.1,39.9,10,65760
A320,12561,351,15772,32583,90.5,13.5,16,64417
B777,8790,290,16114,34595,79.6,44.9,17,47723
A380,3849,127,8432,38234,53.5,21.1,4,20325
B787,9047,359,9827,33537,55.2,13.6,11,47563
A320,12745,288,14783,38430,27.2,50.6,3,65048
A320,4267,394,2675,34048,68.7,28.4,19,25339
A320,12996,116,10665,27030,63.8,22.8,5,63991
A350,5624,76,19591,37742,44.9,12.3,8,33565
A350,6517,318,6700,30397,46.7,31.0,15,34315
B737,1512,212,18684,32317,78.3,22.5,1,15413
B787,6360,470,2881,28410,68.8,1.2,9,33442
A320,9181,259,13612,33061,6.2,20.3,16,48022
A380,1174,63,7905,34455,12.2,4.9,16,9416
B777,12526,451,3244,33933,88.3,9.1,9,61494
B787,4856,229,17264,26835,46.3,19.1,8,30224
A320,13057,382,10968,38128,51.6,-3.4,9,65842
A350,13917,409,13012,30535,75.9,-0.9,7,70512
A380,12093,335,13382,35354,69.9,27.1,4,61897
A380,10523,392,14927,30947,32.2,41.8,8,55332
A320,3745,398,15953,30049,68.1,24.0,12,25475
B787,11529,200,17978,30584,81.3,28.5,16,58004
B787,12135,222,16457,29828,94.1,23.5,6,62193
A350,3305,339,16127,27105,52.2,35.3,9,24239
B777,4975,182,3128,30364,68.9,18.5,12,23623
B787,9493,400,11504,37984,88.0,54.4,12,51789
A350,11482,476,15839,40204,59.4,30.3,12,61836
A320,8376,271,14159,35029,84.2,21.1,17,44271
A380,3475,489,6568,37738,73.9,11.2,11,21754
A350,12056,131,18967,41888,35.5,12.5,17,62582
A350,1784,364,3293,32644,80.8,21.7,9,12109
B737,2815,426,16090,34670,37.7,12.8,4,23458
B787,11065,497,18184,26858,42.1,1.6,2,60700
A320,12350,373,10499,29672,75.3,19.9,13,62666
B737,1076,65,2069,28978,67.7,11.8,3,6308
B737,4317,112,18322,25431,32.5,23.8,14,25330
A350,2926,340,19693,39114,9.9,17.1,1,22517
A320,2222,403,13491,27738,96.6,9.5,12,19484
A320,12622,313,17275,27795,62.7,25.8,8,63966
B777,1940,301,5479,33607,82.4,16.4,8,14427
B777,2028,167,1713,39694,1.3,44.9,10,11890
B787,5173,386,10471,38797,15.1,27.3,12,29510
B777,849,246,18301,25312,37.7,13.5,9,12343
B777,3930,346,3210,25695,3.5,4.2,15,22366
B787,5724,483,4408,40569,36.5,8.8,19,31915
A320,13122,104,5457,33121,96.4,42.9,19,63424
B787,4269,271,11509,30453,49.0,10.7,17,25498
A350,12224,142,18638,34909,13.8,44.8,12,62132
A320,2399,259,898,31572,57.4,15.1,13,14294
A380,9387,233,7038,37640,75.4,20.9,4,48460
B787,12532,381,1660,41929,66.7,10.5,1,60971
A350,4856,198,11695,37174,58.1,24.8,4,26711
A320,3636,160,11568,27041,48.5,-11.1,1,20430
A320,1499,169,79,35115,60.5,19.4,19,9107
B737,12705,406,1811,33970,12.0,2.1,5,61720
A320,13836,201,6516,35455,64.5,2.9,4,65230
A350,12991,482,5787,31956,8.9,19.7,10,63533
A380,10165,124,14770,36917,49.3,24.5,9,51797
A380,12563,451,6011,32974,35.0,19.0,11,61764
B787,2498,415,13202,31158,63.0,14.9,1,20626
A380,10062,247,17148,29974,4.2,28.4,19,52767
B777,9927,301,7963,28377,96.1,30.8,16,48964
B737,2626,261,379,25237,39.7,38.0,15,13785
B787,5810,434,5411,37344,64.7,31.5,8,33846
A350,7205,450,9805,41058,16.5,17.6,15,39668
A320,4135,261,19916,27793,76.3,12.9,14,25742
A380,7514,200,8348,41895,95.9,24.6,4,39528
B787,7873,224,6689,33037,49.6,12.4,10,39502
B777,12652,473,6178,35958,40.9,38.2,18,63752
A320,11613,232,12254,25489,84.1,21.7,13,57885
A380,10020,390,15413,29869,1.0,24.0,18,53150
B777,11727,114,12072,26983,74.7,13.7,11,56262
B787,3886,288,18797,33363,66.2,23.8,12,25865
A320,11474,497,2868,40343,12.3,22.3,17,58154
A350,12681,372,8452,26250,85.0,18.5,4,62289
A350,1090,480,14767,29344,82.5,33.2,9,13015
B787,12277,449,11444,35710,76.0,18.8,12,62973
A350,7038,376,9807,29748,33.9,3.3,18,38672
A350,836,493,11693,25322,47.3,20.2,2,12269
B737,10483,236,9487,33410,34.4,20.3,8,51133
A320,13767,375,2645,31422,10.6,36.0,12,66233
A320,3373,291,7410,41802,25.0,31.6,1,19529
B777,8616,248,17889,30979,19.9,16.7,1,48236
B777,8289,169,5316,27006,14.2,16.7,19,39442
A380,4613,379,12352,40265,21.1,22.3,8,27462
B787,4655,483,16170,27356,34.1,29.0,12,30651
B737,12556,446,7828,27943,50.2,2.7,13,63797
A320,3945,350,5000,30354,1.2,27.9,5,21311
A320,8477,185,7078,35339,36.4,-5.0,3,40920
A380,3571,450,6159,32499,12.3,2.7,16,21846
B777,4480,123,13976,39648,40.7,14.0,5,25013
B737,9982,163,5168,37241,72.7,30.1,7,48198
B787,7877,86,2410,37823,79.9,25.0,16,37920
A320,9771,297,13706,33035,54.9,26.2,10,50204
A380,10089,254,15654,39807,67.9,23.4,18,52832
A320,5663,481,15341,34435,7.2,45.2,19,34956
B777,12650,145,9154,28229,9.6,44.7,17,61902
B737,13846,295,7341,30737,68.9,3.5,7,68769
B787,1710,197,6467,39101,58.1,37.6,7,11733
A350,1965,410,2186,40729,35.2,37.1,18,12067
B787,7334,134,2156,28275,88.9,25.9,12,35108
B777,8979,59,9130,31647,71.6,9.4,9,41998
B737,10662,359,9910,35939,33.0,17.7,6,53724
B777,13038,217,17914,32900,21.7,20.8,3,67215
B777,1247,451,19860,27503,53.4,0.3,5,15562
A320,11450,134,9094,37634,78.6,11.9,13,54554
B787,13473,292,12368,31082,64.0,26.1,18,67374
B777,10727,125,11118,41752,63.4,3.7,10,52557
A320,5040,497,16586,37993,36.6,13.8,3,31770
A320,10877,198,9506,37065,22.7,-13.7,19,53356
A320,4326,170,5671,27533,0.5,25.6,15,21948
A320,1788,193,15451,41749,22.1,0.3,9,13900
A320,2389,316,17630,41801,28.5,27.1,13,18908
B737,3764,331,11519,32380,46.8,23.5,14,23200
B777,10037,242,13279,25690,28.5,-8.7,12,52364
B737,4085,100,19849,38029,62.1,10.1,11,27639
B787,10390,487,13662,27034,39.8,37.4,7,56362
A320,3237,346,10945,40260,49.6,16.0,3,20770
B787,13753,453,9644,38404,68.2,10.5,17,69910
B737,7920,324,1156,27074,2.6,-0.2,4,40314
B787,2327,343,1611,31167,82.5,36.4,4,15543
A380,11375,494,18584,26564,61.9,33.1,6,60861
A350,5861,60,1254,31676,7.3,26.7,1,27038
A350,8656,369,18331,32354,69.4,18.9,13,47744
A350,10089,434,13896,37028,72.9,30.1,4,55372
A320,10117,342,8461,39628,84.8,9.4,4,50584
B737,11254,280,15772,40515,75.3,0.3,9,56682
A350,11549,130,9027,40584,39.3,21.9,4,56193
A380,4670,172,2463,32749,90.2,52.2,1,25243
B737,9771,101,6376,35057,42.6,17.8,18,48094
A380,12828,399,12313,35465,65.8,37.6,11,66920
B777,5475,480,1490,25216,93.6,-1.6,11,29642
A350,10751,253,2072,33824,95.9,30.7,3,52043
A380,8939,430,11537,26641,20.4,13.3,3,47309
B737,5260,317,19332,41720,89.6,-1.5,7,32652
B737,11610,79,19489,40786,20.3,39.7,4,58590
A320,12111,314,12743,32427,69.8,24.9,7,62505
A380,11410,238,12040,39363,30.3,10.6,18,58157
B777,4155,66,19643,38903,66.9,33.1,2,24522
A380,9177,79,13234,39416,67.4,11.8,18,45715
A350,3916,416,9973,33122,17.1,17.7,3,22998
B737,2384,237,2549,25110,76.0,16.9,4,15004
B737,11710,103,13877,28448,23.1,29.6,8,58644
B777,7749,80,695,28586,29.9,35.2,1,35924
A350,5956,182,2580,31150,47.3,16.8,10,30108
B777,11614,241,6837,41773,37.9,25.7,9,55590
A350,12999,127,18399,36468,60.9,18.6,6,63752
B737,1164,188,17956,34345,68.1,25.8,10,12930
A320,2237,133,18168,32222,87.0,16.7,13,17614
A380,7095,117,3926,35668,44.6,32.9,10,33046
A320,8569,475,9072,38661,83.0,28.9,10,45458
B787,3786,116,10495,28090,15.3,15.6,7,21012
B787,5453,80,4065,40407,93.7,5.7,13,26571
B787,12421,52,14852,33858,31.2,24.2,6,60809
B777,1387,259,10006,34084,37.0,6.3,11,10431
A320,7300,471,3125,27767,54.1,-4.6,10,38613
B787,6401,408,4566,35030,11.1,43.7,3,33674
B787,5144,288,5259,33784,61.6,19.9,4,28730
A350,7823,193,2912,33003,14.6,8.1,6,39146
B787,1050,219,13024,28658,48.7,19.0,6,9363
B777,12714,85,5620,33531,57.4,51.9,16,61127
A380,6244,344,9246,26730,57.0,28.4,1,34851
A320,1400,294,17801,40156,61.0,16.0,7,15946
B777,5479,209,9659,25951,95.5,38.5,2,28152
B777,12507,212,10020,33513,59.4,3.5,15,61243
A320,7386,277,3901,40383,67.5,21.5,12,37919
A380,12781,102,15316,27137,88.3,37.3,10,63622
B787,9847,258,13717,26367,27.1,17.7,4,50953
A320,2467,261,12233,27135,99.9,32.3,4,17911
B787,3437,368,14859,39684,12.2,40.2,4,24376
A320,11893,498,13441,25786,36.4,9.5,10,62706
B777,5184,215,2686,26616,17.9,38.7,12,26962
B737,10446,203,16265,35486,71.4,24.7,13,53473
B787,4631,221,11730,39817,93.1,2.1,3,27597
A320,5819,140,13109,26725,25.1,40.1,6,31903
B777,12359,478,14043,39991,29.3,21.6,10,63728
B787,809,458,6075,40506,11.6,24.3,11,11509
B787,12303,343,18059,38767,36.4,1.8,7,64105
A350,4190,100,15254,38571,19.1,48.2,6,25134
B737,3035,283,14412,30698,32.3,39.4,9,21253
A380,7775,416,4780,32836,62.0,27.9,5,40625
B787,10580,233,1230,30795,38.9,27.6,5,50501
A320,7514,176,3090,41869,9.2,29.0,9,36354
B737,7459,112,17147,39824,17.7,20.8,2,40658
B777,13513,364,5483,36358,47.4,11.6,12,63809
A350,4674,424,13368,26620,63.4,51.5,6,31048
B737,7322,261,2080,39592,11.8,21.5,10,36517
A320,12992,79,1118,32051,73.9,-8.1,18,59332
B777,2009,332,16791,28000,35.8,24.7,14,16877
A350,4362,377,9809,31433,31.3,11.2,7,26936
B777,12975,107,5355,25159,54.3,17.6,4,62441
B787,13501,201,15275,29759,8.5,2.5,8,69098
A320,12108,101,16469,40035,58.3,38.1,19,59202
A380,6649,205,14281,41734,34.8,13.0,7,38330
B737,11897,391,3590,29509,67.8,14.4,3,59406
A380,11734,120,3380,31112,18.1,11.6,15,53981
B787,12022,209,16952,36827,55.2,34.5,10,60791
A380,2583,423,11488,27280,32.1,31.7,4,19871
B737,6506,188,15543,30044,96.9,6.6,16,36591
A320,7271,50,4857,26651,39.0,6.3,18,33728
B787,5711,96,6857,25288,82.6,13.7,9,29746
B737,5671,172,6445,28143,9.3,49.2,1,31816
A320,4514,371,1339,27289,7.9,12.0,17,24735
A380,1576,139,16008,41951,79.2,11.5,3,12298
A380,9097,492,19958,28277,95.9,6.9,7,52097
B787,7211,422,16048,32058,39.4,19.8,1,41209
B787,9342,263,2322,30832,92.3,14.2,2,44289
B777,1942,386,4986,28064,23.9,22.8,2,12218
A380,7346,360,19478,37370,96.0,13.0,7,41803
B787,3321,372,15818,38387,67.9,43.7,14,21650
B787,10505,117,12338,41716,90.8,12.4,3,52266
B777,9854,186,15788,30504,84.7,-4.9,4,52200
B787,4597,327,9819,36255,12.2,25.3,3,27603
A380,12295,457,18626,33526,13.0,36.3,2,67128
A320,3843,325,5437,28347,43.9,-1.5,19,21462
B777,2743,465,2726,26754,6.3,26.7,12,19323
B777,6246,364,1352,39464,45.1,14.8,17,31211
B787,10435,173,12410,33363,36.5,16.6,19,52728
A320,5342,432,1588,36487,14.1,-1.6,1,27420
A380,13048,392,9820,31718,82.7,29.7,3,64986
B737,4553,306,11302,41698,74.4,27.0,10,27447
B787,5476,460,6875,29986,68.6,-0.9,19,30987
B777,1489,399,7052,26460,32.1,-2.6,16,12067
A320,5173,233,1079,36111,63.8,2.8,5,24199
A350,13197,66,18280,38062,14.3,9.0,17,66264
A380,8491,179,3726,34048,84.6,23.1,12,39625
A380,3044,88,9997,29306,17.6,9.3,1,19040
B787,13073,89,291,41960,45.1,16.5,12,60578
A350,7092,234,11321,29556,20.3,32.9,3,37704
B777,5300,136,17643,31894,84.5,-8.5,12,30076
B787,13103,328,13311,30533,55.8,28.8,2,66811
A380,10276,297,13837,26881,87.7,21.7,9,52774
B787,1633,171,6482,37291,9.6,21.8,5,9571
B777,6513,316,4689,28420,14.5,32.0,18,33632
B777,9305,367,9728,26576,7.8,15.0,4,48311
A320,1990,370,15724,39301,29.4,3.3,7,16789
A320,1493,392,8040,32929,82.8,27.2,15,13595
B737,11108,421,13542,40524,52.3,27.7,15,56047
A380,1013,83,16800,37891,12.7,33.2,17,9714
A380,1923,396,8987,40493,97.8,29.0,11,14181
A380,5177,199,15543,29110,20.7,11.7,11,28159
A350,1193,68,15161,37043,23.9,25.1,6,10341
B737,5558,339,2634,35444,66.4,23.8,10,29881
B787,1470,292,19076,41230,53.4,37.6,19,16970
B787,8702,297,754,40980,2.8,7.7,16,44087
A350,544,268,4096,35443,97.9,0.8,5,6757
A380,3623,151,12178,25711,8.3,20.7,12,22093
B777,3203,489,8458,38413,95.7,15.7,18,21810
B787,2442,247,15409,30185,30.9,42.1,7,16608
A350,2119,334,18380,37938,64.5,48.5,8,17978
B787,10628,171,11413,34550,0.6,33.9,3,50453
B737,2106,327,11308,27152,64.5,25.2,16,14285
A380,9200,98,6431,29825,98.7,17.7,11,44731
B787,6595,483,10490,35415,95.7,18.9,6,38114
A350,4524,368,18847,33569,24.0,27.5,16,28596
A320,3679,379,4704,34673,27.1,29.7,8,22441
B737,12621,416,19970,38202,6.6,18.0,2,66454
A380,3104,326,3904,38498,76.8,12.4,8,16295
A350,10057,420,11678,31924,50.2,28.2,13,53220
B787,2706,341,15403,27034,52.0,17.1,5,20198
B777,3193,58,5521,35427,33.3,13.5,17,17490
B777,2990,68,14172,35884,70.2,48.6,13,19152
B737,2265,260,11116,40174,27.1,38.2,14,13615
B787,3390,75,11496,27653,9.1,35.3,11,19907
B777,12082,332,9681,32696,86.3,36.4,18,59451
A380,4532,55,8455,28241,65.7,30.9,2,23784
B777,9676,210,1396,38900,38.8,-0.1,14,46145
B737,781,344,8726,32022,71.4,-15.1,1,9517
B777,11375,480,7458,27380,79.0,33.9,4,57260
B777,7995,473,3310,38821,69.9,4.0,19,42312
A350,3484,240,12937,30311,74.1,8.5,15,23802
B777,4469,343,9449,34151,89.0,18.6,8,26107
A350,11562,349,10396,39287,70.7,34.2,15,58733
A380,3536,114,15275,32012,55.6,17.7,19,22532
B777,8403,94,19411,37507,28.3,26.7,10,43823
B737,11851,356,7922,41478,80.4,31.4,7,59851
B777,11426,355,261,33694,53.5,22.9,16,55149
A320,2391,263,15902,26755,93.8,11.4,15,19346
B737,2047,473,9746,26474,85.9,31.5,7,17786
B777,9419,405,18212,40511,26.9,3.8,11,51913
B737,5268,305,5835,27606,80.5,34.9,16,28745
A380,3555,282,9577,31452,54.8,27.2,6,21326
B787,1690,474,2949,26640,62.7,11.7,15,13103
B787,5245,56,14804,40870,22.1,0.9,1,29973
A320,3229,264,6974,26037,42.1,16.6,11,20567
A380,10032,251,4300,35513,26.4,-7.0,18,48142
B787,4644,452,5706,34104,0.7,26.0,5,28321
A380,4539,447,15423,38832,93.2,14.9,4,28695
B737,10562,490,17652,30137,43.9,3.5,3,57458
A350,12529,381,17054,36490,15.2,1.1,2,66686
B787,3176,370,1028,39150,38.0,43.6,3,19202
B737,6203,366,3893,26373,48.3,16.3,9,31400
A350,9659,409,13959,32356,52.2,-0.0,7,52296
A380,7008,243,1965,41291,20.3,36.6,1,34540
A320,1426,229,4118,36030,58.1,15.4,4,11155
A380,10787,198,9263,40689,69.5,21.5,4,54117
B737,13068,462,5018,30485,55.7,0.7,3,65897
B787,2768,251,2453,34944,10.1,29.2,19,15376
B777,3313,100,5308,31493,93.4,15.0,10,18068
A320,1793,103,14844,35023,72.9,1.4,7,12856
B787,12447,51,16985,30788,22.9,5.7,17,61101
B737,8367,103,4588,40547,61.2,4.6,17,39088
B777,5038,367,18411,32157,88.5,23.7,17,31378
A380,692,189,7000,30804,97.1,45.8,19,8014
A350,11530,447,10212,34698,59.5,35.9,5,60016
B777,9530,192,11809,31484,76.9,43.3,14,49504
A320,6337,63,759,26541,6.0,2.1,2,29439
B787,7315,461,12793,39069,90.3,14.0,16,39547
A320,4455,345,18044,28073,58.2,19.0,4,29179
B737,5121,195,16173,28304,13.6,14.1,4,31530
B777,7199,256,17618,37823,24.7,14.3,12,40594
A380,7366,105,9617,39985,34.7,8.2,9,38060
A380,13705,105,526,26329,32.2,-1.9,4,63892
A320,7108,74,14743,37002,77.7,27.9,13,36437
A380,13264,122,1631,33670,42.6,31.5,5,60779
B777,5695,456,14792,35214,54.2,28.7,4,35005
A380,5178,270,16718,29875,22.9,-0.2,10,31767
A350,1266,87,12164,25434,25.3,25.6,10,9068
A380,7878,427,6610,35687,21.0,1.0,3,41404
B737,6772,169,3326,40316,37.1,19.6,12,33971
B777,7946,333,547,40615,78.7,8.5,3,37990
B787,7318,99,5606,34500,62.5,22.0,18,35419
B777,12117,90,7028,25841,19.0,18.6,17,55771
A350,2766,238,2884,29973,89.4,25.9,15,16519
B777,12150,66,9124,30219,68.4,8.2,19,56532
A380,8891,346,4187,25977,97.4,5.4,7,44513
A350,12645,400,6873,30120,50.0,15.4,12,63843
B787,6436,417,13364,25414,79.9,30.8,8,36482
B737,6299,60,226,31525,85.1,15.9,10,28120
B777,11433,240,16255,26455,36.0,23.6,8,60948
A320,7871,112,9746,33804,31.1,22.0,17,39066
A380,4019,493,13772,29938,73.3,15.2,3,28687
A320,3966,94,18314,33697,18.7,-18.7,11,26194
A380,13767,309,14119,37687,19.2,48.7,6,69417
A350,4178,271,2558,32689,74.5,11.3,17,21116
B737,8337,268,19246,33417,92.4,27.8,17,45224
A320,11854,352,16973,41639,60.1,8.0,4,61840
A320,11106,78,4402,35241,91.1,11.2,13,49616
B737,5463,87,8971,27060,52.0,32.6,19,28464
A320,2748,133,13488,38909,71.3,27.6,7,17662
A320,3891,402,209,34970,19.7,32.7,19,22015
A380,7315,422,4147,25153,39.3,57.3,2,39406
A350,10493,120,3380,32935,5.5,44.2,13,50768
B737,2966,426,3176,33066,71.1,0.7,8,18716
B737,8157,320,9567,40463,55.6,62.8,11,42483
B787,2430,51,614,27128,10.0,23.3,1,10161
B737,6521,185,4305,26157,62.5,0.8,17,31951
B777,9728,445,6366,41736,95.1,41.9,15,51058
B737,10528,180,16268,36750,56.1,35.4,19,53818
A350,4881,54,17764,35640,94.9,36.5,19,27727
B737,4619,52,1181,29379,38.5,12.1,13,21774
A320,8593,136,13811,36360,70.3,-0.2,9,44245
A380,1205,317,16805,38045,28.0,46.1,9,14739
A350,3904,55,18958,32209,14.8,23.0,5,24377
A320,11089,120,1752,39551,95.6,15.6,17,51391
A320,11994,449,14979,37976,30.5,42.1,6,63478
A380,9771,363,9241,31217,8.4,41.8,6,50110
B787,13217,119,9639,39302,10.3,24.2,3,61304
B737,1999,78,256,25807,32.0,47.3,5,7705
B737,1984,247,3713,27623,37.3,-8.1,1,10617
A320,12227,333,11425,25361,78.6,7.6,3,59692
A350,7751,387,18228,39593,3.0,27.8,9,43910
A380,8865,454,14473,30655,94.5,42.1,3,48819
A380,10795,273,14330,41175,12.5,58.9,3,55635
B787,13279,451,16492,41056,82.8,8.1,15,66784
A320,2647,466,6285,27850,0.7,13.9,8,18149
B737,7490,170,19625,29400,72.1,33.8,2,41213
B787,666,119,215,41387,97.6,15.2,10,5000
A350,2907,280,16211,27798,52.9,30.8,6,18498
B777,7457,75,12120,32674,59.3,36.1,2,39998
B737,7834,331,9610,33276,84.9,31.7,10,41473
A350,3658,98,6587,37876,14.1,-5.5,3,20269
B737,12900,426,14075,35601,24.0,44.2,12,66850
B737,1027,449,19382,28867,48.8,-1.4,2,13346
A380,4191,400,19037,33515,50.5,6.1,11,28839
B777,7650,361,7116,31368,46.6,35.2,12,39905
B777,10818,167,7399,29659,49.1,16.5,10,53040
B787,2923,134,8169,32070,71.2,15.0,14,18159
A380,13783,375,7447,25721,78.5,-0.8,3,68523
B787,6263,376,7372,41532,5.7,10.8,17,32973
A380,10011,262,2024,27934,16.1,28.2,3,47875
A380,12445,253,6142,31682,62.1,36.1,4,59350
B787,5623,383,9687,36636,1.4,-0.3,10,31758
A350,7988,74,634,38767,29.0,1.1,11,36360
A320,6032,344,2907,36347,3.7,7.5,10,31531
A380,650,448,537,25778,48.1,10.1,7,6352
B787,13063,164,14589,26124,62.9,-28.5,9,63837
A320,13957,419,15108,36131,53.6,32.1,12,72024
B737,3869,261,15471,33130,30.8,-7.0,15,26007
A380,12762,74,17065,25905,31.1,8.1,11,64757
A350,3576,146,13931,40900,29.8,12.8,10,21855
B737,10747,86,14138,27325,3.5,4.6,2,53144
A380,12108,458,14189,36724,7.4,25.5,4,61076
A350,7523,76,19787,41035,58.5,16.4,9,40243
B777,7940,86,9134,35569,14.0,2.9,13,39651
B737,4467,358,13442,30748,23.6,13.6,3,29118
B737,1377,187,1777,29697,75.1,19.3,6,9192
B787,5774,169,10322,36413,0.9,23.5,7,29734
A350,9542,394,13624,26305,43.5,21.4,19,51684
B787,12882,159,5266,30577,19.8,25.4,7,62331
A380,5973,137,4247,29695,65.5,21.9,7,28561
B777,8013,155,256,39699,26.1,5.8,8,37091
B737,3165,303,12504,26472,32.5,9.6,4,22436
B787,9973,359,6937,41642,61.0,10.6,10,51802
A320,10678,226,3576,41746,29.1,10.7,8,52002
A320,4786,305,18609,32468,54.9,28.5,13,29204
A380,9158,459,9736,35221,74.0,39.1,15,48171
B737,5874,270,5747,35719,15.0,-21.0,18,31806
B777,9483,163,4034,40865,66.1,24.7,11,45184
B787,5288,434,95,36609,63.9,32.5,10,29683
A380,13767,340,16083,28834,9.5,-2.2,1,71574
A350,7870,198,14871,32758,47.0,46.6,18,42958
B737,10500,480,16591,32194,63.2,16.1,4,56864
B737,13647,409,14965,25280,20.2,32.3,13,69487
B787,7732,309,502,37007,18.5,7.1,1,37910
A380,10067,249,3622,39135,96.5,30.6,9,47468
B777,7732,346,18073,26428,64.3,25.1,2,43171
B777,10650,67,4893,25527,65.4,-2.6,18,50519
A320,5519,493,3167,37656,86.8,1.1,18,30786
B737,8938,262,9975,39380,65.6,13.1,14,46922
A320,9396,279,4137,40532,5.4,32.1,10,48125
A380,2877,289,1493,26060,90.9,17.4,16,16890
B777,1833,117,18585,36793,26.9,15.6,4,15895
A350,6273,102,16620,40907,4.7,7.2,16,32841
B777,11882,76,5765,33502,64.1,42.9,3,55895
A380,11302,214,9233,39670,43.3,33.1,7,57135
B777,3216,291,6641,39921,75.3,20.3,9,17452
B787,10001,190,7897,35105,76.1,27.4,10,49887
A350,12649,366,13288,32878,68.7,33.8,7,64386
A320,9559,219,4351,25453,5.2,11.2,15,47064
A380,4074,392,18022,26442,35.4,10.2,19,26635
A320,9200,153,16423,32310,68.1,6.6,4,50205
B787,3443,222,13317,25509,25.4,16.4,16,22203
B737,2406,240,7742,40379,55.2,13.9,11,16092
B737,6000,204,6275,28588,79.0,8.9,3,31775
B787,11740,361,11146,41597,15.3,40.9,10,60358
B737,7069,404,6339,37295,89.3,29.1,6,37178
A380,646,167,653,39679,70.4,21.0,9,6018
B777,3288,99,10479,40008,76.5,19.0,8,18515
B787,2898,244,14267,28080,16.1,22.1,9,21498
B777,3196,430,19242,27882,89.0,27.5,16,24652
A320,3743,120,14446,32562,43.2,19.3,6,23113
B777,4960,484,14425,37386,25.1,-10.1,3,30777
A380,2028,222,5269,30491,79.5,17.1,7,12614
B737,7138,392,4169,41628,13.2,11.1,9,38737
A380,8254,129,3858,35706,79.1,18.5,7,40625
B787,6386,217,9526,25973,14.3,40.2,9,33521
B737,10832,110,3836,34378,4.3,39.2,11,51697
A380,531,448,2654,25681,69.3,10.2,11,8708
A320,9611,454,14203,31502,36.3,21.4,3,51723
B787,8171,136,19599,31260,82.9,64.6,17,43451
A350,1872,359,2307,31552,83.4,37.7,18,11645
A350,13093,258,7034,27149,19.0,50.0,8,64114
B787,1568,268,8581,40428,20.7,29.5,14,12967
B787,3406,178,17304,31969,45.2,15.0,11,20219
A320,8846,184,12902,35702,2.7,38.3,18,46209
B777,4774,188,9690,29771,47.0,-1.0,18,26861
B737,7188,96,15277,26029,61.7,37.2,13,37838
B777,13803,182,13301,33420,2.5,23.8,14,68984
A320,2419,124,2189,32347,25.0,43.1,8,11904
B787,13470,259,10943,35241,40.0,36.0,12,65179
B787,3961,417,14913,27428,51.6,28.3,4,26539
B777,11038,305,4991,33542,9.5,20.6,10,54887
A350,11256,469,6054,27863,30.4,15.1,8,58061
A380,8994,472,18839,40474,88.9,11.2,16,51180
A380,11744,462,15579,25262,0.9,22.5,1,62541
B737,8644,277,11871,26028,94.6,42.1,6,44732
B737,10374,59,586,25841,39.8,21.7,14,48388
A320,7752,108,196,31650,9.3,24.2,17,35996
B787,11646,232,7264,38284,84.6,1.5,4,56888
B777,7236,57,940,37316,14.2,-9.4,14,31174
B737,643,239,15983,30921,4.9,48.7,16,9805
B787,4186,430,9373,36342,99.1,19.8,4,25613
A320,10890,370,553,25078,76.8,23.3,7,52951
A320,5738,107,8838,29462,72.2,10.3,5,28193
B777,3558,319,15250,34271,66.5,46.5,3,22516
A350,8327,147,4485,30027,45.6,7.3,3,39990
A320,4833,91,18718,39751,58.3,-1.6,12,29206
B737,5376,393,2197,39636,57.0,32.4,10,29304
A350,11348,95,2463,28584,3.9,-0.1,6,51888
B787,6270,294,2313,32489,89.9,35.3,12,30783
A350,5093,322,9152,36573,50.2,-19.3,11,28674
A380,4213,231,5920,38039,15.8,16.9,7,23941
A320,2154,156,13593,35590,56.2,-11.2,11,15442
A320,10835,107,5488,40091,85.3,24.0,19,53799
A380,9792,439,13208,40910,92.8,-3.1,13,51958
A350,4040,150,12530,33755,32.3,10.0,19,22669
A380,5194,418,13703,39824,16.3,19.2,9,32907
B787,12699,208,5269,32734,54.0,44.4,16,61952
B777,10552,52,11578,34146,74.3,56.0,4,49399
A380,4075,376,295,25022,12.5,10.6,2,21240
B787,13634,293,582,27258,42.5,37.2,15,63567
B787,8631,216,18291,39387,50.2,-3.4,12,45486
A320,4912,432,16013,39262,68.4,13.2,2,30920
B787,10770,432,10950,37106,32.0,24.7,5,57428
A320,6021,454,14968,29835,68.7,-16.8,5,35570
A380,13648,100,13646,26087,42.8,40.8,11,68218
B787,4342,198,7542,31827,60.4,8.5,11,24305
A380,10586,425,8715,30489,81.1,13.5,7,55597
B787,7175,220,6469,41272,97.8,30.3,1,36296
A380,1384,89,12970,27487,55.2,36.0,8,12571
B787,2670,63,6367,33652,83.5,15.9,5,15088
A320,11086,198,14875,41927,8.3,22.4,14,55963
A380,7468,363,8671,33808,91.9,32.9,5,41047
B787,12675,286,16499,32241,14.0,23.4,1,64952
A350,8750,227,1387,29138,3.6,-8.3,8,43166
B787,510,347,18320,37676,72.7,20.4,17,10350
B737,6461,155,1045,38746,3.2,37.5,2,29587
A320,1532,183,8455,39712,83.8,31.5,17,10887
B787,7012,493,17265,29981,84.3,16.0,4,42784
A320,9098,260,10802,35699,0.9,29.0,18,45193
B737,3643,491,16418,26904,36.2,23.5,15,26313
A320,12245,387,6660,31060,57.7,-10.5,12,61411
A350,5286,261,1166,36611,69.9,15.1,7,28334
A350,8434,329,4622,25868,28.6,27.4,3,43308
B777,4970,473,7273,28090,29.0,33.2,2,29007
B777,13633,140,5866,32594,99.1,16.1,7,65002
B737,4929,244,16681,29472,84.3,24.3,18,30039
B777,11289,81,13942,41307,24.3,0.0,2,55935
B777,961,200,14445,29005,21.9,31.7,17,10701
A350,951,357,2764,26356,54.3,40.2,4,7594
A350,11729,444,17785,28678,70.9,30.1,19,61723
A350,7488,243,350,37319,2.1,28.9,16,36030
A320,13224,171,7407,36365,20.8,31.5,16,65548
B737,1176,497,11425,26105,98.0,42.9,19,13493
B787,10855,284,14819,29237,52.3,44.7,6,56099
B777,4175,349,7652,41408,93.2,10.5,12,23694
B737,11655,247,9708,29575,2.5,27.6,18,58723
B737,5552,140,15542,26386,75.3,14.4,14,32064
A380,5375,353,7893,34563,65.0,36.9,2,27940
B737,1042,89,6920,35515,39.5,21.3,3,5716
B737,1089,147,11893,36792,71.2,27.8,2,10971
B737,10617,256,8563,27086,55.7,13.3,2,54743
B777,2702,307,14275,27817,63.9,33.7,4,18767
A380,11146,398,17872,31055,20.0,24.6,1,60228
B787,5831,60,4595,25425,48.0,27.2,8,27506
B777,11066,403,722,27460,33.8,23.6,11,52080
B787,7745,91,6849,40785,91.6,29.4,8,37388
B737,13078,340,5770,39522,19.8,28.1,2,62692
A380,5233,227,5007,26813,57.8,32.8,9,29329
A320,4341,452,14324,28947,84.9,31.2,13,27582
A320,3416,467,6268,27068,32.7,18.1,3,22044
B737,6837,301,11048,33500,43.0,14.2,15,37430
B787,5602,464,13062,32157,37.2,24.2,5,33540
B777,1795,130,11031,41156,84.7,5.9,4,12577
A350,6353,285,17223,35339,92.8,41.0,16,36060
B787,5800,291,417,41859,94.3,50.2,19,27648
B737,4926,370,7567,38052,18.2,17.4,10,29900
B777,3664,193,10204,25962,0.7,35.8,9,21018
A320,5012,483,13589,39342,23.7,11.8,6,30247
B787,9593,373,10447,29943,54.5,-0.8,18,49903
A380,3463,356,4956,34813,24.1,1.7,3,20315
A350,8001,140,4847,34574,90.9,10.9,14,40362
B777,12800,155,641,34960,14.3,3.1,17,58550
B777,10286,489,5752,26201,30.0,40.2,4,53375
A320,8293,372,10470,27058,82.0,28.0,11,45404
B777,8947,92,10717,41693,66.7,26.7,12,43548
A380,10400,299,1085,40439,51.1,36.2,12,49991
B787,7525,124,6548,25570,23.7,25.9,12,36210
B777,7521,446,16355,28202,90.6,14.0,14,42647
B787,13502,210,12827,28762,55.6,1.6,15,65435
B787,12070,326,2652,39987,98.7,-15.5,9,58029
A380,11492,65,15355,30719,75.9,-5.1,4,56944
B787,7918,209,14775,40557,87.4,28.6,10,41241
B787,10291,113,19599,34807,95.1,28.6,15,53209
A350,4638,271,7006,41462,59.7,-1.5,14,26438
A350,6966,224,17097,37274,56.9,23.5,4,39557
B777,9637,313,5274,37717,61.8,20.8,15,48557
B777,8351,499,6100,40924,47.2,25.3,14,43868
A350,13665,286,3861,33186,53.7,-6.4,4,63740
A380,11514,312,4706,29272,39.7,12.5,14,58116
A320,10455,108,12873,35608,65.7,4.2,1,52421
B777,5882,448,8098,40737,21.8,14.8,16,33069
A350,7364,161,14108,33605,71.0,61.7,11,37732
B787,13349,444,3332,37726,27.8,13.5,15,65833
A320,13598,453,19069,28614,12.4,36.5,9,73362
A320,6388,364,11056,29862,62.2,17.6,14,34919
A350,4671,464,12099,28726,80.8,22.4,14,30424
B787,13290,52,19811,38351,37.1,8.7,18,67185
A320,4084,222,18408,40284,53.4,37.0,7,25561
B737,3209,473,16645,33238,97.0,8.7,17,22826
A350,4319,268,18179,25841,38.9,34.5,8,27542
B777,5561,437,2282,39761,10.0,18.2,6,30678
B777,13378,53,17755,34576,20.5,13.0,2,66902
A350,13827,94,10784,30265,94.8,26.7,5,64773
A320,1943,300,18395,37182,35.8,20.4,2,18735
A380,11760,194,6524,38494,72.2,29.7,6,57562
B777,3392,183,2802,38354,50.7,42.2,16,17917
A380,5484,458,13718,37462,52.5,-9.5,6,34167
A320,6311,454,4662,27256,13.8,25.8,16,34820
B777,3583,447,11905,36949,18.9,37.9,14,24903
A320,5265,328,11552,37843,28.1,3.8,18,29675
A380,7915,289,8542,25833,19.9,-11.2,14,40156
B777,1483,238,15955,30350,65.9,-16.7,14,13918
B777,2437,283,10518,38739,51.5,20.2,9,16690
B777,4012,314,15777,33977,70.8,48.3,18,24681
A320,7980,217,12270,27639,25.1,21.6,17,42212
B787,8341,212,18173,31717,7.7,31.2,7,45429
A380,12652,187,3596,38213,85.9,8.7,1,58780
B737,9946,406,13293,37515,68.1,-8.5,7,53859
A350,5191,250,3888,27312,90.2,6.4,18,29316
B787,12258,381,7932,30034,26.6,3.4,3,61566
A380,13465,133,6792,37241,57.4,32.7,2,62154
A320,11003,152,3593,39181,42.5,18.0,2,51818
B737,7723,361,11952,30975,58.1,20.7,10,41698
A350,8996,492,17567,35613,17.5,36.8,17,49838
B737,8645,442,13721,37134,76.4,-7.1,15,48260
B777,13985,472,8400,29467,6.0,21.1,11,68551
B737,10588,352,12480,26676,74.8,15.5,2,52851
B737,12052,254,67,37579,59.3,22.5,15,56771
A350,982,303,16908,25336,18.9,59.8,17,12726
B737,7800,197,9727,34116,4.7,22.3,11,40457
A350,11657,394,655,27073,75.3,31.2,5,56355
A380,13628,270,6628,41034,15.6,9.9,8,65707
A320,4841,178,13964,26194,5.2,19.9,13,28015
A380,4768,221,5111,29693,40.2,26.1,6,25030
A380,6700,437,6567,27955,31.0,32.1,6,36830
B777,4711,57,10921,27471,60.1,33.4,18,25836
A320,10944,169,5732,31725,41.5,41.8,14,52851
A380,4917,333,1936,39022,71.2,32.3,19,27886
A380,7505,209,15187,25782,37.8,19.4,2,38932
B777,2494,161,751,32402,90.3,24.8,6,13247
A350,10516,472,9138,39137,78.7,56.8,8,55114
B787,2449,328,1358,35632,60.4,23.7,14,13627
B777,11769,484,8922,30519,31.3,27.0,3,58301
A320,11294,251,19036,31195,90.1,14.0,1,60117
A380,8312,461,13073,40363,70.8,8.7,8,46307
B777,508,223,6572,26398,79.1,32.2,14,5287
A380,6486,474,11081,40756,82.9,33.9,2,37273
A380,13524,271,17016,39485,39.0,36.5,17,69457
B777,5126,323,19761,40510,42.3,31.3,14,30825
A320,8397,419,3399,26811,30.6,49.7,1,42866
B787,10441,499,8266,37724,9.4,-8.9,16,52823
A320,6591,305,11040,29752,77.0,16.4,15,35855
B787,7947,136,6375,29813,7.9,32.2,3,39189
B777,11125,385,19793,35024,11.2,10.3,9,60794
B787,6393,433,9294,32308,91.2,39.1,2,36246
B777,4021,96,18875,28596,38.2,-29.2,4,24635
A320,4312,165,8116,30579,99.0,35.4,12,22753
B777,7865,489,7405,41427,69.8,7.7,15,43038
B777,8744,455,10536,31128,66.8,5.5,5,45394
A320,10261,261,11513,25586,91.6,-11.1,14,52505
B737,4189,203,701,28377,46.1,14.5,18,20278
B737,9079,136,8212,31462,24.2,35.5,1,45550
B737,12993,113,13393,30145,64.4,32.6,18,64539
B777,3274,407,18798,36799,20.8,22.4,7,23507
A380,1132,84,3909,33790,90.9,7.2,9,5863
B737,3685,210,726,36492,50.6,17.2,6,19257
A380,1868,374,56,38737,61.1,27.9,16,11366
A320,1696,254,6656,36286,61.7,27.3,11,12200
A350,2085,455,14242,39669,44.1,28.0,1,18452
A350,3742,403,12136,26379,61.6,8.5,7,25489
A380,3927,405,17664,25073,25.9,13.8,4,27912
A380,4269,345,2324,27353,85.3,6.9,17,23354
A350,11401,450,14230,29011,59.4,27.2,19,58937
A380,5941,334,16545,32267,72.5,-3.0,19,35243
A380,2425,185,18529,41498,41.1,44.2,16,18439
B787,8731,285,1817,27550,85.8,8.0,19,42142
B777,4964,104,10552,39635,86.6,8.9,1,24627
B787,11427,321,17768,39174,56.9,26.3,12,60010
B777,1730,156,12169,39512,12.0,33.1,5,13047
A380,7600,405,15295,31877,56.1,37.2,10,43494
B737,3562,277,1062,38535,44.4,30.4,14,19442
A380,3417,384,2685,36835,56.3,16.0,13,19264
B777,1193,166,10420,25688,47.7,33.7,16,9640
A350,4826,193,7817,27108,75.3,7.4,1,27352
B777,10468,367,11767,37876,78.4,-3.9,5,54012
A350,10350,158,11189,26265,14.6,26.1,15,51428
B737,11055,274,2865,32604,64.2,17.5,19,52938
A320,11481,90,11827,35916,19.3,9.0,12,56826
A350,6748,161,10876,35243,20.9,18.1,19,33902
B737,8120,404,1027,40104,7.3,25.3,1,40575
A320,2100,470,14196,40448,50.7,24.1,9,21077
A350,3572,267,13970,39909,51.0,12.3,4,23136
B737,12174,353,7724,30045,58.6,17.2,14,60956
B737,9471,424,1459,37137,21.1,38.9,7,46544
B737,12194,234,17545,32725,76.6,19.7,6,62439
B737,3759,416,18517,32827,21.6,23.4,10,27505
B777,11451,464,5516,34816,68.6,10.0,6,57920
B737,9801,278,9466,29737,41.5,22.9,9,51768
A320,4662,134,15038,38842,14.0,7.6,14,26681
A380,939,214,6695,25801,71.0,21.3,9,7395
A350,4280,322,16353,28092,12.4,34.1,19,28123
A350,9597,341,1963,40062,26.2,-11.3,17,46209
B737,13871,397,7414,39165,15.4,40.1,13,67114
A350,1485,154,13744,28719,44.0,40.9,6,12155
B737,9413,215,6913,41816,76.7,25.5,13,47798
B777,1100,207,997,25457,38.0,13.5,10,5767
A320,7434,421,13502,39498,31.5,25.5,15,41362
A320,11559,87,4073,31090,54.1,7.1,4,54164
B737,7734,244,9495,25046,56.1,29.9,5,40661
A380,6961,448,9860,35058,92.7,-17.6,4,38329
A350,12786,278,15489,25165,20.5,2.1,3,64706
A350,13851,216,3989,37452,41.9,13.5,9,67144
B737,10046,297,1851,33370,16.6,27.6,8,49207
A350,3213,335,2123,37568,20.1,31.1,1,19661
B737,8294,395,1938,29697,21.3,24.6,11,43086
B787,10311,343,12477,39177,47.0,21.0,13,52389
B737,1211,321,19070,25031,84.0,7.2,8,14164
A350,9655,105,2265,35027,97.4,8.8,13,41110
B737,6465,84,660,41192,94.2,33.1,11,31469
B737,10533,232,3011,29226,58.8,20.9,17,52306
A350,2810,315,9071,36072,86.2,14.3,2,20737
A350,6356,279,7861,34568,51.8,31.7,13,35586
B777,6216,255,14914,38335,59.8,41.6,9,33433
A320,5000,384,11310,28828,41.1,27.9,7,29516
A350,3669,310,3582,39376,4.4,5.0,5,19765
A350,10387,271,15869,34480,75.1,34.2,5,54121
A320,5293,359,17798,36708,59.5,0.2,18,32163
A350,8913,71,2861,31552,89.2,7.3,12,38697
B777,9065,467,12134,35771,9.0,24.0,6,48377
B787,13177,285,18965,40428,22.7,25.1,9,68341
B787,800,132,8817,35368,84.2,40.4,8,5757
B777,13186,88,9202,38066,99.2,13.7,18,62105
B787,7854,239,14357,41222,92.1,14.5,7,42282
B777,10138,449,12241,27774,85.4,18.4,4,52374
B737,3038,243,11303,25330,97.7,30.7,5,20562
B737,13069,264,8116,41295,20.0,10.2,17,63062
B737,5415,486,3575,30771,62.7,12.3,1,31610
A350,2361,56,17522,30281,74.7,25.8,4,17773
B787,5616,340,8418,38604,38.1,-6.5,12,31246
B737,6553,412,2237,40169,49.7,33.3,10,34623
B777,12751,149,19383,30949,9.0,30.1,5,65397
A320,5230,277,7559,25384,39.3,14.9,3,28883
B787,5025,376,7041,33660,96.4,37.0,16,30506
A380,10921,448,5346,40422,33.7,-0.1,18,55978
B787,2627,273,16212,29772,15.6,20.7,12,20988
B737,10804,386,14036,31032,90.5,6.7,12,57248
B777,12793,101,13452,36560,9.1,8.8,15,62360
A320,744,436,19968,27518,20.9,38.5,9,12006
B787,9337,334,3855,25732,98.1,19.4,7,46467
A350,7790,266,14145,33272,67.7,27.4,9,40645
B787,7999,388,15387,26582,33.0,12.0,3,44717
B787,5163,306,16485,26562,65.8,16.3,2,32265
B737,10003,219,17785,25881,75.1,4.5,1,54028
A380,1642,351,17220,41246,26.2,41.4,2,15273
A350,13382,343,7768,39998,61.6,30.2,8,66540
B777,998,278,11989,40645,74.6,30.1,9,12641
B777,5250,384,12972,38480,6.0,14.6,19,32186
A350,2065,280,12226,35268,71.5,46.8,1,15949
B777,1402,475,2216,37478,85.0,-3.4,8,12564
A320,2447,284,18316,30264,53.4,24.9,11,18801
A350,10228,59,4172,30278,90.3,16.7,10,47394
B737,9983,97,14621,29023,36.5,19.9,13,52283
A380,5429,287,2240,26145,96.4,17.6,2,26128
A380,13629,417,2681,35397,62.7,-3.7,2,66416
A350,8213,109,3818,38596,65.2,7.9,3,40534
B787,779,419,16879,39484,91.4,44.9,14,13728
B777,7305,372,10015,30529,82.5,6.8,2,38971
B777,1403,149,8736,27066,92.6,23.9,11,10176
A380,6495,466,19395,26568,90.7,10.0,19,39958
B737,10515,142,17673,33583,48.1,16.6,8,54056
A320,7674,315,9045,29037,63.1,17.4,2,40628
A380,11852,362,2877,36717,4.5,-2.0,10,57965
A350,8928,232,10879,25618,15.6,36.3,17,45672
B777,2300,438,12719,28493,65.4,48.7,16,18278
A380,13013,170,2582,31696,41.7,32.7,3,60674
A350,10491,287,13419,31497,76.7,4.2,3,54022
B737,5731,345,3662,35707,22.6,46.1,8,30575
A380,3903,72,7876,36518,48.9,50.4,6,20315
A320,12576,149,4602,25527,65.1,15.0,19,59245
A320,7850,121,10539,36392,58.3,29.2,6,39967
B737,5950,59,14628,29367,34.9,42.3,13,31890
A350,11688,485,8552,36372,29.0,37.7,10,59751
B787,12883,468,7190,40811,2.7,22.7,15,67205
B777,8955,157,12177,28234,41.1,30.0,1,45027
A320,5190,292,4246,25683,1.1,11.1,17,25290
B737,8777,174,5021,29002,26.7,13.3,19,39911
B777,8491,99,15425,32100,88.4,27.3,5,42862
A350,9216,353,6004,25616,0.1,14.7,12,44144
B777,4792,289,4288,30985,29.8,50.2,7,26765
B777,3910,331,12179,30150,46.0,15.7,5,25713
B787,1035,131,3453,35773,68.1,15.7,2,8236
A380,647,272,7141,34252,45.6,13.4,11,8120
A380,6943,95,4694,28236,71.7,7.5,12,34002
B777,1466,362,3867,41710,45.0,32.2,17,11873
A350,6228,206,2180,28419,73.6,1.8,1,29967
A380,11073,348,2995,37743,21.1,-2.1,3,53798
A350,5383,178,16372,35301,17.7,5.8,2,30051
A380,2474,332,17153,41499,9.0,21.6,7,19014
B787,4434,397,15471,36283,53.2,18.9,2,28983
B787,4679,348,15364,29857,16.6,-3.4,8,27842
A320,10416,328,17782,34050,10.5,10.0,6,55886
A320,5246,92,8797,26986,64.3,15.5,3,27003
A380,9298,256,4968,39178,18.3,16.9,2,46460
B787,659,70,5894,35082,49.3,17.3,13,5906
A350,5443,295,2460,27754,44.2,33.0,6,27595
A380,733,141,7790,31215,41.9,13.4,9,7279
A380,3011,76,18304,34749,16.6,26.1,6,19580
A380,11806,300,8672,34222,46.8,-3.2,18,59375
A350,942,221,4410,25359,96.9,22.3,12,8058
B777,5739,125,2970,38333,80.1,36.7,7,26060
A350,2550,488,706,30598,4.0,-6.4,18,16753
A320,7079,181,10837,38295,13.7,21.0,14,36616
A350,11145,461,10049,31329,17.3,7.8,13,56797
B777,8271,218,18458,26099,8.3,21.1,18,46208
B787,7616,154,13719,32780,66.3,2.0,12,41346
B787,4535,192,16836,33800,4.8,-1.7,16,27053
B777,13942,414,4835,31598,99.7,10.9,16,68542
B777,10727,348,11369,28964,49.2,8.8,11,56275
A350,658,62,4686,28988,48.5,-3.3,8,7222
B787,3488,352,18754,26616,16.5,38.1,19,25078
B737,5128,162,17941,39979,20.4,10.6,4,29994
A350,12045,90,2490,37918,28.2,35.9,11,55531
B787,10661,91,6253,35885,92.5,2.6,10,49505
B787,12940,232,11994,26169,43.6,34.7,9,63682
B787,5685,384,9669,33541,67.0,9.9,6,32687
A380,1897,349,5942,30310,24.9,49.2,12,14613
B737,13756,72,18922,37016,38.5,22.6,5,68358
B737,12087,306,9547,31582,6.9,37.6,18,61766
A320,12642,262,8809,40210,92.1,12.6,7,62435
A380,4041,294,12375,34753,65.8,1.8,13,24404
A380,10584,358,15333,30811,0.1,10.1,16,54739
B787,869,455,17103,41025,59.9,13.4,13,13459
B777,7121,103,18921,37181,12.8,12.1,4,37353
B787,13203,390,9100,37083,82.7,23.3,8,67170
A320,6579,144,11692,27000,48.7,20.3,18,34622
A350,5913,302,2824,37545,18.1,24.0,18,32315
B787,10559,241,4985,38298,0.3,23.7,19,50551
B787,9228,227,5891,37048,78.7,0.7,15,46215
B777,2801,204,5988,27421,78.1,8.0,1,16304
A320,1895,63,11141,40958,6.6,6.6,8,14665
B737,13565,306,3784,33462,50.8,32.3,10,65744
B737,2479,263,13041,26873,82.6,4.3,17,18498
A350,699,160,4289,31475,24.5,36.4,19,7297
B777,2581,350,16621,25027,19.4,35.3,2,21784
B737,1632,149,16450,36152,38.1,26.2,3,12694
A320,4397,351,6165,31757,22.0,20.1,6,25748
B737,10813,311,17212,35224,61.1,23.7,13,57148
B737,2512,374,10741,35067,86.0,51.0,5,19116
A380,8837,240,3021,31600,52.9,16.4,11,42429
A350,6519,481,170,39869,30.0,-6.3,16,33981
A380,7858,276,2543,37123,1.4,17.8,8,37731
A350,3230,386,2715,29692,35.7,20.3,1,19445
A320,2417,304,11626,39870,65.3,42.2,15,16306
B787,8413,297,12669,31151,92.5,37.9,8,44325
A380,9860,102,3263,33303,82.9,17.6,16,46060
A380,837,360,145,38325,16.8,8.4,14,7601
B737,13033,377,7813,40700,42.5,44.4,15,64403
B737,5396,381,18375,29864,74.5,15.7,16,34674
B787,11854,495,5920,25512,18.9,9.9,13,59349
B787,12202,347,19638,35194,60.5,40.5,15,64678
B787,6475,278,12226,35303,41.2,10.2,5,34436
B777,3827,281,8439,40608,19.1,16.0,5,24634
B787,10015,56,9602,26640,25.4,22.5,19,49749
B777,856,236,18480,28962,3.9,-6.7,2,11513
B777,12866,68,15288,29066,37.4,12.5,16,61883
B777,13540,356,5213,33345,92.3,24.4,2,66512
A320,6887,235,14143,35086,55.0,29.0,17,35960
B787,4410,216,11508,33114,81.8,38.5,17,26271
B787,2645,428,14404,29135,37.2,20.2,16,20037
A350,1858,134,15109,40271,15.7,26.3,12,14359
B737,3854,336,19299,31546,69.9,48.9,13,26202
B777,10169,427,19487,40538,87.4,31.2,5,56181
B777,6376,301,340,27914,76.6,10.7,1,31965
B777,2494,248,1026,30624,65.7,10.9,19,14586
A380,4516,464,4908,38854,45.1,34.9,4,26957
B787,6933,175,13596,38112,75.8,-11.1,18,35367
B777,10079,125,1709,32289,28.5,11.5,2,47334
B777,13350,164,7326,34817,0.5,17.6,9,63643
A320,1420,470,1235,31956,36.0,11.8,16,11465
B787,4349,152,2108,27551,64.2,11.3,19,21486
B787,4814,156,3227,32016,99.8,22.9,16,23350
A380,5793,227,10194,34843,8.3,34.7,17,29807
A350,2084,465,6078,27857,42.1,22.6,1,16879
B777,8747,70,9338,27345,82.1,31.6,1,41986
B737,3675,456,3223,35907,85.8,-6.5,15,21704
A320,5616,287,15524,25514,63.1,48.1,15,33297
B737,2355,262,3283,35841,78.1,48.6,17,13348
B737,3533,240,17442,31430,29.6,15.3,19,23114
B777,1828,165,74,29132,96.0,7.9,1,11164
A350,9789,273,12149,25158,9.7,30.9,3,49221
A380,1905,240,5722,39323,98.9,21.2,1,13076
B737,13041,80,14609,39518,52.4,-6.2,18,64409
B787,3106,169,14713,31270,96.2,10.9,2,19732
B737,10363,440,15310,28151,7.3,16.0,15,54888
B787,6159,210,9604,31662,47.4,38.0,10,33922
B737,6946,326,9779,33405,18.6,46.2,6,36943
B787,9795,456,14804,41920,55.0,31.6,8,51035
A350,11927,221,2655,32540,94.4,14.5,17,55976
B787,812,124,1008,39212,75.5,17.7,8,5429
B787,4248,303,8146,35765,58.0,34.9,4,24550
B777,9046,161,17756,25181,4.0,43.6,19,47065
B787,8945,114,2507,41530,97.6,24.2,17,40609
B737,2743,187,2145,37368,57.2,28.8,1,15044
A320,12314,190,13486,29064,89.6,19.4,1,61187
A380,13608,339,19475,27328,71.7,37.4,2,71170
B777,7650,167,4246,30259,38.6,22.4,12,35322
B787,1289,383,19135,32979,39.1,18.4,13,16226
B777,13513,113,14026,31923,89.3,32.6,14,65255
B737,1513,476,19927,35068,68.3,2.5,5,16698
B737,3056,395,14528,41655,7.9,28.7,17,22133
B777,13796,80,4356,27781,84.2,22.7,4,62604
B777,5950,113,796,40525,27.3,14.9,18,26436
A320,1935,91,5451,36302,54.7,21.0,12,8928
A350,4542,207,19381,41436,12.4,21.5,16,28771
B737,6431,268,200,36560,31.2,3.3,3,33102
A350,9781,99,14330,40128,33.0,-3.4,5,47976
B737,8128,133,9748,39827,90.4,23.2,6,41878
B777,548,406,15312,32065,59.2,23.3,5,10030
B737,2240,65,15976,28632,28.3,6.4,2,13718
A380,7565,311,8838,28359,68.5,-7.6,4,39539
B787,12326,312,2822,34451,54.9,29.3,8,59183
A320,3803,473,9304,32198,5.8,12.1,17,25249
B787,7188,93,735,41006,35.0,14.7,12,33749
B777,12825,370,1821,38731,94.1,19.9,13,61101
B737,2538,491,8060,38673,72.5,-17.1,11,18187
B787,3272,219,12096,28298,77.1,25.6,9,20519
B787,6810,284,1963,31597,79.6,16.2,10,33517
A380,11204,166,7852,29386,15.1,11.1,2,53674
B777,4021,447,6959,39112,46.3,29.5,18,24512
B777,12116,221,7161,37534,93.3,30.5,12,58608
A350,1318,232,7636,32857,65.0,21.4,16,10840
B777,9806,158,1799,41294,76.5,17.6,18,46217
B777,6196,317,17040,38601,27.2,51.6,12,35631
A380,5092,284,4189,30548,79.7,11.1,19,27660
A380,5100,186,18581,31384,98.7,22.3,5,29435
A350,11244,75,5632,33751,6.8,25.4,12,54059
A380,11307,491,17486,28710,95.4,18.3,3,60165
A350,2185,138,16030,38410,48.2,18.8,16,15400
B787,13521,299,4692,26621,9.1,3.5,2,63486
B737,11484,318,3193,40349,34.6,15.4,18,56949
B737,5374,442,18955,31322,7.9,22.9,15,34872
B737,7459,402,3991,36797,63.2,25.9,10,38087
A350,10242,402,3106,35879,88.8,4.7,11,51789
A320,3876,118,19349,38258,93.9,28.1,18,23970
B737,9802,280,3530,39337,84.6,29.0,14,47824
B737,6040,118,16001,40727,98.7,2.3,11,32763
A350,5251,285,14066,40869,93.0,30.5,10,30545
A350,6395,102,12719,25134,77.1,10.4,12,32075
A320,11238,419,2174,31424,55.0,22.2,16,55454
B777,10741,246,16116,41964,82.4,10.9,19,54266
B787,1752,468,3578,25478,22.8,31.8,19,12002
B787,4614,60,13615,26883,64.5,-23.0,11,25454
B737,4058,224,17174,29880,32.9,19.8,6,27386
A350,12304,62,18358,37753,51.1,6.0,1,60829
A320,12592,96,18562,40003,98.2,22.1,4,63872
B777,13357,121,18430,38143,6.1,26.3,5,67472
B777,4736,451,14427,39587,14.3,14.8,10,29055
A320,9905,420,16184,38840,77.0,4.0,8,55673
B787,6560,423,10490,34148,46.4,16.1,17,39479
A350,6672,436,7973,30568,31.2,18.4,7,37839
A320,884,305,6643,32301,89.6,7.2,15,9828
A380,4540,443,12124,31919,5.0,8.8,13,28065
B787,1674,399,8801,28277,91.4,18.6,13,14656
B777,4828,57,4452,40205,67.4,3.6,3,23223
B787,9451,268,9986,29452,43.0,11.0,5,49362
A350,13587,133,9884,32348,15.7,5.2,19,65364
A320,1294,361,5348,32094,32.9,28.9,17,12183
A380,8892,183,13783,38743,77.2,33.0,12,46858
A320,13805,197,19614,28998,32.5,41.4,6,69466
B737,6606,294,5170,32642,73.0,46.9,16,33537
B777,13307,179,19473,25823,7.8,4.2,7,68916
A350,5846,491,107,38324,34.1,10.7,12,29873
B787,3626,239,16094,36915,51.0,-8.1,1,23437
A350,6616,411,10672,34523,76.5,25.3,17,37295
B787,10819,138,13226,39519,33.9,41.4,1,53514
B737,12215,378,12776,29835,24.9,8.2,17,62888
A320,10534,294,2811,30411,29.8,32.8,2,51754
A380,3919,294,17446,30887,64.9,15.0,7,26038
A350,5964,241,8657,27267,19.1,40.5,11,30411
A350,13463,367,911,32391,83.2,13.8,17,63405
B787,1249,67,711,30033,70.1,22.7,17,6298
A380,8082,450,10922,33524,50.1,12.5,16,45556
A380,9350,468,5309,32990,65.9,34.9,15,49021
B777,9586,345,16005,33554,50.5,29.1,16,50773
A320,11026,188,5156,37084,49.9,11.7,4,51341
A320,7263,185,13595,28247,13.0,13.6,10,36475
B737,6560,151,18360,29495,43.3,19.2,16,34703
B737,4466,350,19966,32325,10.3,59.1,4,28529
A320,5042,370,16470,28090,2.6,27.0,3,32291
A320,5556,275,5164,26562,57.6,24.6,7,30017
A320,12053,174,8875,27809,26.7,-1.6,16,59134
A320,6786,249,5201,33412,15.2,-3.4,10,33303
A320,7132,192,19436,39474,51.2,17.5,18,41111
B777,2771,473,5987,28974,31.6,34.2,13,20397
B787,9543,312,4075,30277,92.5,51.1,18,47856
B737,1323,475,12397,34045,77.2,5.1,9,14427
B777,12148,103,18142,37838,76.3,3.9,12,63716
A320,1511,136,12640,36632,10.9,15.7,13,10553
A380,5466,287,13454,31743,78.5,5.3,8,30678
B787,1677,345,14117,32116,35.7,37.1,5,15861
B787,5684,251,825,39180,99.3,25.2,14,27825
B737,1197,350,18295,41620,49.8,14.6,15,16159
B777,10110,318,7153,35310,0.3,17.0,16,49905
A380,9258,182,12794,35617,93.6,35.9,19,48962
A380,2075,377,7604,25561,49.0,30.6,9,14192
B787,2542,214,1857,36982,56.5,30.3,19,15294
A380,5698,98,7335,34089,6.0,37.9,11,28506
A320,13605,109,2885,35646,47.9,15.6,9,61964
A350,6186,424,9299,41174,37.2,13.2,16,37248
A380,2600,358,7329,28637,90.3,13.5,15,17061
B787,8307,351,8453,37598,87.3,-8.6,7,43704
B737,1192,64,11815,34924,44.5,16.2,7,11009
B737,10900,361,15511,28910,78.6,28.6,5,57249
A380,11996,305,15901,41027,44.9,-0.6,8,61901
A320,7832,130,5318,33853,92.6,26.6,19,39728
A320,5118,294,17649,37330,67.1,37.1,6,31635
B777,10489,364,15368,40408,68.6,30.7,16,55112
B737,4767,119,17812,32130,71.6,1.3,16,25678
A320,6206,271,17785,36704,56.4,25.8,13,35829
A380,11523,84,16679,29655,46.8,31.0,16,57565
B777,3266,170,17282,26860,17.8,17.0,2,21662
B777,2671,478,9695,29295,77.6,4.6,16,19522
A320,10177,93,7647,37820,32.0,24.7,4,49799
A320,7606,102,17990,32178,99.2,5.9,8,42259
B777,7624,323,9440,26665,52.4,36.4,17,39004
B737,6546,80,10817,27219,1.2,36.4,6,33171
A350,8516,338,12191,30037,40.3,18.0,17,45587
B777,11451,263,14672,29495,47.4,30.8,19,59056
A380,12299,325,18226,33072,49.8,16.3,11,64019
B777,12471,296,7944,26088,96.4,38.0,10,61410
A320,6432,62,16090,38531,67.3,10.1,1,34990
A350,6218,160,12955,30785,74.0,7.2,13,33393
B777,10073,451,1674,36305,63.4,9.2,4,49771
A320,6091,473,8115,35903,73.6,38.4,7,35858
A380,2317,173,12202,26105,12.7,25.5,6,15467
A380,6607,452,9249,25740,91.1,-18.7,16,37492
A380,5946,430,360,34504,56.6,46.8,15,30255
B737,6818,391,10241,35299,74.7,23.6,17,38613
A350,7235,402,4466,36458,2.6,4.2,18,37699
A380,1107,457,13494,37440,39.8,15.2,11,13595
A380,4214,244,17358,34485,47.6,25.9,8,25056
B777,6893,230,9914,28839,57.6,17.2,4,35827
B787,10025,387,6510,35832,32.7,7.2,7,51017
A320,10310,96,12361,36830,17.9,19.8,11,52986
B777,10289,478,18194,37893,15.0,11.9,11,57992
B787,4934,131,7706,35691,78.5,5.3,18,25607
B787,5706,417,8283,29819,89.5,3.8,15,32081
A320,5472,325,5641,41843,51.9,15.5,10,28068
B777,6561,79,4085,29731,67.6,-20.9,18,32916
A320,5963,420,11232,37058,47.2,15.5,7,34215
B737,5692,326,196,27868,28.2,37.2,9,29092
A380,10706,474,7613,28537,28.8,19.3,14,54850
B777,9125,111,8321,36569,25.2,8.3,10,45008
A380,3268,108,13006,34332,61.8,0.2,12,19142
B737,3968,147,13715,30821,37.1,-7.6,3,23644
A380,12490,127,8225,34103,27.5,-4.1,17,59488
A320,7697,434,12977,28625,29.4,-0.2,11,43161
A320,13622,465,17188,25255,79.5,20.3,19,68593
B737,3213,177,291,33464,39.8,22.8,6,13798
A320,2245,236,10744,39462,14.2,17.4,11,16868
B737,2211,272,5174,28384,83.1,2.0,13,13635
A380,6355,322,6525,30619,75.0,11.8,9,32355
B777,7172,265,11258,38802,98.9,12.5,2,35717
A320,4987,444,4157,30769,68.0,-11.1,8,26931
A350,13658,256,14254,35226,49.2,30.7,17,69296
B787,9606,137,1388,25278,24.4,0.4,4,44919
A350,1032,392,4989,32207,82.4,51.0,9,9466
A320,12201,170,5510,34433,11.3,26.5,11,57025
A380,6821,67,5815,26860,26.0,6.4,6,33343
B787,7851,317,10006,33766,32.5,35.9,6,41979
A350,4227,182,2291,37774,22.6,21.1,16,20587
A380,8053,492,19464,27584,65.8,8.4,11,48572
A320,684,87,7854,32040,57.1,39.6,18,5415
B777,10866,176,11044,38478,82.3,25.0,16,53292
A320,3049,96,6275,37241,99.5,4.0,16,18155
A320,12746,170,15357,34699,13.0,43.6,11,63599
A380,13946,493,13537,38116,65.5,12.1,3,71312
B777,823,470,11694,31547,44.0,20.3,10,12147
A380,9493,467,12601,31547,73.2,29.2,10,51249
A380,1612,223,9496,33927,79.3,17.0,12,12999
A350,4982,293,15909,37419,52.8,29.1,9,29128
A350,3561,315,5222,41441,91.9,16.5,18,20547
B777,3084,436,11401,29015,47.7,0.0,9,20195
A350,1912,215,18450,39361,78.4,21.6,10,16486
A320,5103,461,11637,29156,89.2,28.3,16,30979
B737,9656,484,2232,38877,61.1,27.8,15,48857
A320,4817,192,9767,35190,89.7,38.9,1,26539
B737,510,225,7717,28989,55.3,2.2,13,7153
A380,10010,348,1302,29174,94.1,6.0,18,49629
B737,7990,487,11829,38812,61.4,38.2,11,43890
B787,11726,425,14410,30877,58.9,37.1,19,61125
A350,2486,66,6547,36627,24.6,-11.9,13,15111
B737,11094,59,5527,27652,52.6,26.9,12,53126
A380,6962,279,1309,31169,76.7,49.4,16,33345
A320,7650,433,7087,25616,91.8,15.9,14,41954
B737,11895,424,17968,40844,83.3,5.2,6,63678
B787,2119,430,11360,30490,70.1,10.5,4,19040
B737,8386,60,19527,40942,62.8,-11.7,9,42997
A320,5560,283,6123,32028,79.7,30.0,12,30086
A350,8717,459,9361,35762,8.3,14.5,3,46926
A350,2357,464,17359,36551,47.2,6.8,11,22492
A320,12700,326,2893,31101,51.8,28.8,11,61494
B737,4451,100,17683,28513,5.8,31.5,15,26763
B777,7465,373,19095,34000,29.0,2.4,14,44282
A320,12986,67,10528,35373,17.3,2.2,4,63988
A320,4213,457,10950,32087,65.8,39.1,12,26058
A380,10440,309,2331,39395,80.0,19.1,15,50228
A320,6125,142,6597,38457,66.8,20.1,2,31261
B777,1831,88,6165,32427,91.3,43.2,14,12100
B737,6841,127,7746,33195,72.5,12.0,15,32854
B777,739,215,15077,34861,69.4,34.6,2,9558
B777,8964,314,1896,32073,24.5,40.4,9,46198
B737,11875,150,7268,28595,89.0,11.3,11,55885
B787,9537,176,16241,39433,29.8,6.2,13,48673
A320,3151,423,18084,34422,79.5,27.4,8,24035
A380,3977,356,10423,34944,35.3,-3.0,2,24053
B777,3203,161,11750,26678,63.7,-1.3,7,20573
B737,4783,435,6049,26970,13.1,42.6,5,30007
A380,2486,499,377,27712,98.5,23.0,18,16502
B737,9899,150,4232,37983,92.1,22.3,15,49068
A350,1474,267,1775,26973,16.7,13.0,14,8586
A380,12821,187,3987,39128,2.6,18.0,15,61462
A380,13239,316,6000,33724,9.1,37.1,4,63182
B777,9071,201,17907,36786,11.1,10.6,5,47770
A320,9373,407,14283,32141,75.7,8.0,14,51502
A380,11296,224,19050,35603,49.6,39.1,15,57960
A380,529,150,11713,29971,75.6,6.7,14,8915
B737,7236,315,838,40134,87.0,10.9,11,36523
B737,13032,144,12417,35785,76.2,34.8,15,62468
B737,9527,447,6907,28854,82.0,29.1,17,50980
B777,11044,137,3498,30520,29.8,29.2,3,51649
A380,10977,446,17429,35859,65.2,11.1,11,58829
B777,11310,490,6174,32353,95.8,8.7,9,57469
B737,6391,69,17921,27111,3.9,19.2,9,32766
A320,9704,419,2918,30239,3.4,18.9,17,48685
A320,9672,158,17323,36317,45.6,3.0,11,50612
A380,9882,296,5965,39718,59.4,24.1,4,47676
A320,3052,86,8179,34533,61.2,-14.4,13,16902
B787,8643,464,14020,39546,29.3,21.9,8,48507
A350,3031,482,2465,35670,96.1,-7.6,7,19532
B777,1122,334,14064,34670,56.3,42.2,6,12016
A320,7480,252,5386,29024,53.8,21.8,2,39547
B787,3948,117,10717,41652,37.4,-20.1,12,24452
B737,3425,491,11990,29916,60.8,26.1,2,24395
A350,9092,76,9441,31869,97.0,36.2,12,45004
A320,3288,432,13210,30120,79.1,-13.8,8,22934
B737,7398,448,9107,30666,80.6,44.3,4,40624
A320,12852,271,862,31622,48.4,32.3,8,60943
A320,828,85,19631,41076,11.5,30.1,6,10164
A380,13905,494,1160,39608,61.2,15.6,4,67224
B737,6292,178,4149,26842,73.1,14.1,15,31466
A350,1625,324,18158,39421,95.3,6.4,16,15135
B737,3099,313,6239,41256,6.5,39.5,14,18399
B787,2567,225,406,34059,61.2,33.3,12,12986
B777,3149,206,12603,33304,94.6,2.6,3,20655
A320,8422,367,10972,27457,72.5,18.5,9,46204
A320,1161,495,2505,30678,7.6,44.5,8,11697
B777,3113,381,3395,28781,37.4,17.2,15,18164
A380,10644,197,5092,39157,93.0,21.8,12,50766
B787,7880,367,5351,39550,17.1,-6.2,6,39832
A350,1233,244,10634,35759,11.5,38.3,3,10700
B737,3185,105,16656,41307,42.1,-0.5,2,20181
A380,13569,358,3894,34523,34.4,8.5,14,67615
A350,5286,369,8274,34773,97.2,32.7,13,29796
B737,11184,493,581,31562,77.6,20.0,9,55327
A350,10852,247,16941,28239,86.2,6.9,5,55423
A320,12885,150,12544,38094,27.4,7.9,16,64692
A350,2332,344,12310,27668,46.0,17.8,13,17659
B737,7011,215,7486,31837,91.1,-0.9,16,35067
B737,6894,312,13585,36368,31.1,21.7,4,38817
B787,4455,424,19253,30507,2.5,18.2,11,30325
A350,976,328,17499,34616,81.0,43.2,17,14648
A320,10941,425,18413,31842,77.4,-2.9,12,58903
A350,6873,114,12053,35675,92.7,27.6,14,36853
A350,6163,417,14195,25130,65.0,27.8,4,36713
B777,5904,396,17865,33228,25.3,19.6,11,35079
A350,8643,498,9782,26528,11.1,13.6,8,45495
B777,4013,95,10026,30868,39.7,40.0,19,21280
B777,10146,453,16214,26327,42.7,16.5,5,56184
A380,4301,406,19640,33570,91.0,14.8,11,30201
A350,2918,303,8820,40461,96.9,6.3,6,18057
A380,6567,439,7256,28339,88.9,-4.5,11,34916
A320,12469,410,8135,39887,68.6,36.2,6,62935
A320,1924,277,4588,38107,82.1,30.6,10,13631
B737,9342,337,16200,35861,21.6,17.8,14,50538
A350,2673,293,18736,26177,52.8,7.4,8,20341
A320,5769,474,3451,40415,4.3,36.1,13,31147
B787,5329,292,11703,28789,74.6,51.4,5,29106
B737,13015,330,10102,35596,88.9,22.2,19,65075
A380,1781,273,7877,28399,15.6,60.6,8,11736
B777,13887,71,2437,29424,64.4,16.3,16,62829
B787,11753,487,1992,27399,72.6,6.6,5,58464
A320,9369,317,6218,25519,83.8,31.4,6,48229
B777,3314,147,222,40948,43.5,16.1,8,16793
B787,11712,458,19523,25217,7.6,32.7,4,62477
A350,5439,134,12484,26267,10.3,36.7,11,29477
A380,11802,272,7635,27486,61.4,21.9,14,58711
A350,10739,151,10072,25498,8.1,-7.8,18,53857
B737,1497,408,881,37740,58.4,8.6,17,10582
A320,13919,76,15596,25160,90.6,29.3,17,67606
B787,2636,350,13411,40594,25.7,11.4,17,19681
B777,1035,498,9229,26665,62.6,33.0,9,12352
B737,9354,199,11437,25772,68.6,24.4,12,49356
B737,8238,198,1108,40646,97.3,-0.4,6,38520
B787,4470,301,18800,37344,46.2,14.5,8,28533
A350,6484,370,6162,39272,69.4,26.1,2,35540
B777,4996,444,18139,28048,84.7,22.8,9,31016
A320,10316,332,13151,32585,12.4,15.1,5,54911
A380,13573,97,2805,36020,56.3,16.7,18,61284
A380,4133,454,17284,29607,42.6,9.3,2,25784
A380,7705,482,11863,36791,35.7,27.7,18,43997
A380,4861,355,3709,28804,56.3,35.9,5,26229
B777,7076,135,9812,37687,71.7,55.0,16,35706
A320,9746,134,11666,31863,51.8,9.7,13,48717
A350,9231,445,12402,34302,9.8,18.8,6,49704
B787,7920,330,6881,26214,92.1,-26.2,4,39049
A350,1471,123,10650,36257,64.3,14.5,17,11147
B787,7635,102,11467,25642,85.4,5.8,5,39455
B737,2599,199,1407,32376,79.3,31.8,7,14947
B737,12811,297,8585,41459,71.2,-9.5,18,63075
B787,2508,487,16291,31758,41.6,23.7,16,20815
B737,10041,337,18555,32775,11.7,17.9,15,53956
A320,9408,178,16699,40255,57.8,26.0,2,48529
B787,8543,196,260,36145,21.2,24.7,5,40005
B777,9012,211,13549,40995,87.1,16.3,17,46100
B737,10008,492,14871,36854,32.8,15.9,16,55983
B787,10361,322,17851,29661,57.6,44.5,15,52361
A350,5090,386,5497,30938,83.4,32.7,11,28523
A350,11933,163,13635,30168,72.6,20.3,18,58915
A380,3442,307,15861,33114,2.2,26.6,11,23849
A380,2014,116,14660,33861,67.1,39.8,12,15069
B777,8084,55,6875,32793,92.3,26.0,15,38733
B737,9250,113,7997,36905,28.6,-3.8,14,44763
A350,12884,243,14282,37254,51.2,41.5,4,66636
B787,2610,243,5693,36787,4.6,36.5,12,15934
B777,636,152,17018,39502,58.1,31.5,12,9187
A320,6548,413,4856,31908,27.3,17.2,5,34206
A350,4076,441,14319,26687,25.4,26.7,12,27058
A380,5394,456,13274,25931,28.3,41.8,1,31328
A320,12495,259,19410,41057,100.0,15.9,11,64432
A380,10286,218,2781,35788,55.3,17.2,4,48322
A350,12317,298,15910,38113,1.0,29.3,14,60575
A320,9519,77,1842,38583,41.3,21.5,18,44481
B777,6217,232,13955,32344,91.1,45.6,7,31703
B737,9390,444,16023,37835,65.7,21.0,11,50482
A380,5157,356,17422,37106,48.3,50.9,19,32743
A320,10369,487,6322,26629,25.3,12.7,18,54173
B777,11382,150,3181,29378,17.2,7.4,14,53926
A350,3776,181,76,37961,68.6,25.1,4,17570
B737,1343,135,9810,38621,65.2,3.4,18,9113
B787,12274,72,5787,36291,37.1,23.3,5,58295
A320,6222,317,13671,31030,73.4,20.2,14,34735
B737,11266,122,3351,31311,85.2,30.1,9,53488
B737,13559,321,6330,37611,38.4,-3.6,13,66100
A350,3236,450,13567,34709,89.9,47.3,2,21264
A320,7089,486,7508,30919,5.6,31.0,18,37521
B777,6019,158,5165,31232,59.1,10.1,12,32931
A350,10778,112,6059,39639,8.3,30.0,4,52159
A320,3614,98,1810,31558,49.8,16.6,11,18599
A320,3181,64,17055,28140,39.1,23.5,11,19774
A380,10674,457,1046,36581,34.0,37.7,3,51911
B787,4637,434,16750,25807,48.1,30.5,12,28375
A320,5558,499,6834,29305,57.6,33.3,18,33267
B777,645,478,15964,41660,1.4,5.5,11,12075
B777,4776,203,2518,35524,49.1,51.7,1,23716
B777,6829,203,10919,28120,52.9,11.9,19,36112
A380,4934,379,11002,39542,15.5,19.3,19,28683
A350,977,434,19714,40143,1.5,31.5,10,13453
A350,1415,273,8832,41385,92.4,-2.7,15,11529
B777,7607,304,6743,40041,33.3,17.9,1,37863
A380,590,433,13816,34997,61.0,17.9,16,11532
A380,9814,336,11314,36400,30.0,4.9,2,50266
A380,7550,229,5375,34032,59.0,41.0,1,37176
A320,13899,271,17810,31321,24.0,23.4,4,71609
A380,7122,210,18811,31790,15.9,15.0,17,40232
A380,13345,188,3643,41601,99.2,39.7,17,63385
A380,10004,177,4985,27857,15.8,45.7,8,48322
A380,3661,265,10606,33664,93.3,-12.8,18,22530
B787,10510,128,13077,27837,33.6,22.2,11,52862
A350,13702,387,19509,40399,36.5,4.7,18,72474
B787,10160,282,12887,32734,73.8,34.4,1,52315
B777,11969,231,11083,37768,37.9,12.4,16,59837
A380,3471,210,18966,28932,60.4,43.7,19,24911
B777,5291,443,6655,40754,11.6,18.6,2,29960
B777,12020,489,6220,35787,95.1,16.5,11,61827
B787,13759,240,13166,29777,55.5,19.6,15,67902
A320,1303,375,926,33415,37.1,20.2,14,10798
B787,5219,349,13549,36906,30.9,10.0,11,29329
B787,11993,176,13018,35694,32.0,25.9,4,59791
A380,8393,317,13389,39799,66.9,-0.5,1,45808
B777,788,279,16971,27682,57.3,20.3,4,11342
B777,9050,266,17874,29552,28.2,41.9,14,49360
A350,854,179,3331,25308,6.7,22.2,8,5694
A320,10242,256,5551,41640,55.0,27.6,3,49256
A380,6949,196,11677,30747,15.7,4.6,4,36859
A320,12275,124,12110,41299,97.3,30.0,19,59542
A380,8685,409,5987,33621,74.9,47.2,5,46012
A320,10419,100,18923,33945,6.9,43.8,14,53255
A380,1598,439,17602,38694,68.0,19.3,14,18811
B777,10149,189,3425,39443,97.0,43.3,11,47760
A380,908,313,12121,27658,58.5,6.4,2,9413
A320,7709,454,17546,41857,50.4,42.7,13,43452
B777,2728,123,3855,35670,98.6,61.4,1,14871
A320,6818,90,14325,36223,30.0,20.9,16,35990
B777,10526,72,6764,39276,63.5,31.6,2,50409
A380,7975,100,13612,25768,77.9,5.9,7,40914
A350,12962,449,1105,32669,73.7,11.6,18,60389
A380,3462,330,3695,28252,27.6,15.1,4,19612
B777,10301,166,15510,26056,46.2,30.8,19,52492
B777,9748,146,9994,37519,17.9,42.2,2,48912
B777,9201,439,4918,32057,7.8,38.2,3,47251
A380,6764,86,11257,29602,26.8,33.2,1,35169
A380,13246,453,11235,40428,13.4,33.4,15,65655
A320,4886,79,10288,34713,15.3,14.8,16,25415
B777,2167,442,18270,29412,45.6,14.4,14,19090
A380,7908,177,11170,29739,39.9,41.4,6,40760
B737,5469,240,1519,33106,72.6,10.5,5,28012
A380,13852,225,18011,28243,79.5,14.2,10,68750
A320,5489,407,18846,40597,6.8,35.9,3,34201
B777,4841,403,3598,41397,37.1,1.5,6,26687
A380,1355,242,12792,35867,16.3,39.0,18,11179
A350,13481,173,7369,38024,65.8,-9.6,7,62844
A350,13827,370,7201,31265,62.4,17.8,6,68651
B787,3321,293,16702,37521,15.8,3.7,4,23888
B787,13483,240,7719,36706,87.6,33.1,18,65377
A350,8364,70,16297,41776,26.6,-6.4,14,44197
A380,875,327,12621,33699,0.4,-1.1,5,13335
B787,10077,361,18133,34620,72.1,36.1,15,54254
B737,673,231,1226,40732,75.9,29.2,9,5080
B737,859,57,1744,34955,74.5,-1.2,4,5042
B737,11170,365,1756,35042,88.8,32.4,15,54788
A320,6867,336,12685,39246,24.2,33.5,12,38138
A350,4040,453,15571,25452,79.5,11.3,8,27117
B737,13215,294,17111,38280,30.0,25.8,9,67590
A380,9625,151,12661,37378,59.7,14.9,12,48905
A380,10063,281,2082,31438,8.3,21.4,4,48671
B787,11675,440,11333,38858,34.4,6.1,9,61875
A380,9392,70,17706,36156,88.9,34.0,13,49509
A380,11276,492,9835,28320,29.5,26.8,15,57820
B777,11894,218,1683,34742,72.9,28.8,11,55602
A380,2509,176,7347,39281,96.8,33.0,18,14475
A320,884,242,2822,35133,52.0,5.5,12,8540
B737,7119,66,11251,33232,18.3,19.3,13,36042
A380,4901,130,9005,41647,16.5,4.1,17,26440
B777,11201,426,9148,41853,7.5,8.7,8,56707
A350,1248,67,3080,29263,16.3,27.5,13,6655
A350,10494,292,2670,36275,67.0,24.9,14,50879
A380,9608,312,4653,33066,92.8,27.8,2,48785
A380,8884,440,5797,31194,67.3,-16.3,11,46763
A350,11763,162,8186,35625,16.3,22.3,2,57420
A380,3765,463,2376,33385,35.3,11.5,6,21693
A380,5703,409,11104,28619,54.7,52.0,19,33304
B777,1472,231,18884,40036,86.2,12.0,5,14201
B737,12589,397,15709,31010,36.6,24.6,9,66749
A320,12115,74,7046,40430,24.9,18.2,12,56056
A320,4116,78,6762,35495,21.6,11.5,2,21979
A380,5221,231,2476,35824,77.0,-5.6,9,26669
A320,10134,409,3661,33493,42.9,10.7,17,50285
B787,7304,413,15677,30442,14.5,41.2,8,43556
B777,7608,161,16122,32941,81.0,24.2,9,38578
B737,6833,167,4450,40125,2.6,10.6,19,33651
B787,13659,168,10374,31300,36.6,7.6,2,66936
B737,10848,487,8068,36568,21.5,11.0,13,57433
A380,7151,414,1092,38969,70.8,0.2,13,37913
A320,8984,57,10098,34938,79.5,8.5,19,43728
B737,1477,65,19291,33429,52.6,21.7,11,15958
A320,4550,333,4269,26900,91.0,13.7,12,26352
A320,6127,290,9765,40385,45.3,22.4,8,32702
B737,4362,157,13033,33102,14.5,37.8,13,26892
A350,5576,302,9976,27861,21.2,26.0,2,31737
B787,8088,325,18382,25089,70.2,25.6,16,43741
B737,3905,432,3662,32046,63.4,20.7,13,23484
A350,7993,470,627,36955,69.2,43.8,16,40601
B777,13243,152,904,33322,40.1,5.3,8,61423
B787,12051,123,18891,26550,28.8,25.8,3,59516
A380,5718,290,13783,33529,21.3,10.8,1,32177
A380,604,464,3268,31684,23.4,24.6,14,8658
A350,11358,84,18594,35014,87.2,12.5,16,57764
A350,4725,361,750,33655,97.4,26.5,1,23643
B777,12503,71,8061,28294,83.6,20.9,1,59871
A320,13324,303,17269,40519,88.8,40.1,18,70196
B777,9275,185,2705,30231,21.0,10.2,3,44977
B777,10336,184,15824,41663,7.4,4.7,8,52481
B737,513,233,5269,34749,23.6,25.2,14,7564
A380,4198,392,10194,33229,43.4,15.0,18,24098
A320,868,58,14189,34606,96.2,34.1,16,7789
B787,8444,465,13073,32941,34.1,0.7,12,46011
A320,13640,451,9562,41136,93.7,34.9,11,70109
B777,4898,128,11242,39370,3.6,8.6,4,26846
A350,11282,86,5184,40291,49.4,51.1,11,51966
A350,5798,283,13444,35136,80.6,35.8,14,32249
A320,5837,74,12680,29620,66.8,19.5,5,31377
B777,8518,333,4022,32114,34.6,5.2,3,44062
A320,2573,50,19737,25846,10.6,-2.7,13,19919
A380,11468,369,16807,32356,70.2,37.8,3,61609
B737,4240,338,7921,34605,35.7,29.7,9,25198
B777,1028,158,19346,25726,49.5,33.0,10,13130
A380,7164,249,13121,34894,11.2,-6.6,3,39111
B777,1596,336,2656,39423,25.8,33.3,3,11143
B787,1187,301,542,29002,15.7,-4.5,13,8152
B777,1710,153,5531,25886,54.2,18.2,6,10966
B777,5581,169,6026,26390,1.7,8.8,7,27703
A320,12474,362,7036,38906,0.8,13.1,5,62991
A350,12260,333,10187,29333,19.4,-4.4,7,61930
A380,11806,422,3266,39932,51.3,19.9,13,57731
A380,4949,360,7780,30997,78.2,24.4,13,27231
A320,9967,404,17758,39223,78.0,13.9,7,55175
B737,4188,151,15212,39198,10.4,29.3,4,25119
A380,3903,380,13146,41768,89.0,-11.2,17,24842
B777,1985,58,18747,32300,85.3,24.4,12,15398
B787,811,379,19447,38589,68.4,34.7,19,13282
A350,2470,445,2298,28857,83.2,21.7,10,15636
A350,13712,399,2516,41016,36.1,26.2,8,68403
A320,3391,396,1149,38059,9.3,-1.3,10,18776
A350,3131,451,19502,39397,15.4,-0.9,4,23625
A350,3531,391,16204,31247,48.6,-1.2,6,23165
B777,1348,269,6930,41999,18.0,43.6,10,10068
A350,4623,103,7602,38366,4.7,7.1,4,23689
A380,13657,345,9845,40866,24.0,12.6,13,67035
B777,9613,361,8934,32917,84.1,12.9,5,49167
A380,8027,347,14281,39239,34.4,27.6,3,44065
A380,2588,331,2912,27212,83.6,15.1,3,16040
B787,9577,281,2305,34768,74.9,21.7,14,45925
B777,9634,82,9690,38217,66.6,21.3,3,47043
A350,13862,347,7475,39926,15.9,23.5,2,68644
A320,13672,151,14751,34738,36.0,29.7,14,69202
B737,2273,262,2237,37079,4.9,16.6,7,12348
A380,5804,243,1896,27262,5.1,37.4,17,29651
A380,5952,300,1637,34239,79.1,15.4,16,30753
B737,7916,105,17729,38300,0.0,-21.6,7,40378
B737,5581,193,10736,31617,62.8,33.3,4,28422
B737,9904,449,2024,35339,35.2,-4.3,7,50161
A320,517,247,14686,32591,79.0,48.4,1,8315
A350,1842,363,3437,41064,54.2,50.2,12,12792
B777,7729,430,17629,38406,33.5,1.1,17,44435
B787,3480,72,15623,32084,47.3,3.6,18,22657
A350,1198,99,13419,29702,4.9,47.4,19,11871
B787,7871,122,10534,28737,31.4,27.5,8,40715
A380,658,406,8664,35413,6.1,22.5,11,9626
A350,1728,111,10800,40587,36.5,59.9,8,13514
A350,6260,453,3276,32164,1.3,16.6,7,32120
A320,3223,69,9422,35111,69.9,37.8,7,18629
A320,4156,253,12640,37243,21.4,35.3,7,23905
B737,2774,441,16206,31328,69.7,20.8,10,21570
A380,6575,131,827,37940,98.3,23.8,7,32008
A350,5829,303,10122,36204,51.7,-5.6,10,32206
A320,6622,129,14663,37758,81.7,22.0,15,35428
B777,8998,67,17637,38981,63.1,22.2,7,46082
A350,4382,229,4361,37074,76.6,21.2,2,22808
B737,13347,248,3192,34071,45.8,5.4,8,63700
B787,2510,198,3770,38616,58.6,16.0,5,14552
B777,8258,171,11742,27598,46.8,19.5,1,41821
A320,2201,456,7882,36244,29.2,18.9,6,18031
A350,4617,58,6930,41177,1.3,46.2,12,22789
A320,12003,295,18299,37459,55.0,27.0,1,60966
A380,7236,187,7551,36345,69.8,1.5,15,38084
A380,13515,99,3506,33909,54.0,-8.1,5,61790
A320,12807,127,5170,27136,69.0,26.0,1,59234
B787,2906,436,1938,37833,51.6,29.0,18,19376
A350,6323,135,13370,31320,69.0,51.4,7,34869
A350,11848,306,13823,36697,52.3,35.7,14,60775
A350,10617,304,17511,41322,37.3,24.6,16,55375
A350,13927,81,13904,41407,7.9,19.6,3,65802
A350,795,474,1783,33503,47.8,26.4,8,10352
B737,13224,249,8209,33790,74.8,36.7,5,65196
A320,6958,198,7815,36742,61.8,14.4,13,35095
A380,9406,363,3408,25593,40.8,20.2,4,47294
A350,9720,228,8455,26949,28.5,-11.6,6,47198
B787,3395,376,13150,38669,39.9,-10.9,17,21637
A380,6982,429,7669,39479,14.8,28.2,4,36775
A380,5575,332,16681,33150,54.2,11.1,14,32845
B737,4805,304,11573,34292,70.7,24.4,14,27479
A320,7143,349,4674,40735,7.5,44.3,4,36485
B737,1669,488,14055,39759,57.9,33.3,13,17381
A320,13818,285,1679,40162,30.3,9.5,5,65111
A380,10038,206,14150,28449,94.6,-16.5,4,51121
A350,10888,274,1278,36224,2.7,27.1,4,53457
B787,7847,232,17130,33043,57.6,14.2,18,42221
B777,2467,202,3503,31554,68.1,17.6,1,13780
A350,4713,359,10754,37381,68.3,-0.5,15,29299
B777,4457,494,19271,32941,81.9,50.7,11,30556
A320,10671,167,19032,39247,52.5,12.6,19,56028
A320,5936,333,10876,35080,30.9,-8.3,15,31736
A320,6408,393,13965,38840,90.2,1.6,16,36444
A380,4043,58,11735,38785,24.6,19.6,14,22273
A350,3958,114,5028,36380,56.2,16.6,6,21851
A350,12485,482,15588,26202,99.5,3.9,6,65334
A320,4404,81,9312,34867,62.1,15.4,18,24515
A380,4633,492,17407,37927,14.3,9.8,11,31125
B787,811,355,3411,39219,74.4,25.4,4,9471
A380,12469,152,16425,25080,38.9,22.2,8,61993
B787,2749,110,13376,36708,52.8,40.0,17,16779
B787,10019,101,5429,30748,52.4,5.8,17,47265
A380,13733,393,7917,37832,93.6,-13.2,15,67550
A350,8228,488,5809,30936,35.0,4.6,12,43969
A350,13558,444,18546,31389,12.5,58.7,3,71435
B737,1885,63,7618,37538,63.2,40.5,3,11895
A350,11051,151,14021,38156,2.1,44.9,6,53677
A320,9817,50,9222,29617,56.6,14.4,7,47547
A380,12458,390,14052,34991,23.9,26.1,8,64441
B737,13777,443,17588,29842,45.8,-0.4,8,70617
A320,2200,94,208,29434,32.5,2.6,8,11931
A320,3450,324,4646,32492,55.5,13.1,12,20520
B737,11507,403,7415,38743,25.4,37.3,1,56933
B777,9928,400,10718,29756,16.1,39.7,4,52456
A350,11030,418,19177,28288,32.8,21.2,12,59190
B787,1016,139,13833,27370,51.2,25.7,9,9752
B737,9730,264,4789,30123,43.0,21.8,12,46825
