aircraft_type,flight_hours,cycles,engine_temp_c,vibration_level,oil_pressure_psi,hydraulic_pressure,age_years,last_maintenance_days,needs_maintenance
A380,25844,11081,723.5,0.968,66.1,3193.7,19,209,1
B787,28958,3791,741.2,0.78,69.0,3246.1,14,76,1
B787,6617,10652,618.0,0.67,46.5,2813.3,11,227,1
A350,44860,15416,654.1,0.796,50.3,2854.6,14,207,1
A380,15974,10596,746.1,0.307,64.4,3407.5,10,141,1
B777,37434,1870,673.1,0.026,59.2,3200.9,21,320,1
B737,20276,12522,675.9,0.37,47.9,2921.8,15,120,1
A320,20211,17453,599.5,0.552,54.4,3200.3,4,79,1
B737,9666,6010,677.2,0.818,67.7,2752.8,24,230,1
A320,11561,12649,619.3,0.946,70.0,2754.9,10,344,1
A320,41782,3498,689.9,0.055,63.5,2776.7,2,219,1
A320,24373,18026,628.7,0.02,56.3,3089.6,19,125,1
A350,31877,13339,642.4,0.567,43.4,3244.6,2,262,1
B777,16645,7052,613.4,0.286,67.4,2939.5,1,97,1
B777,1035,90,570.3,0.851,71.1,3285.2,8,87,1
B777,38620,6300,663.4,0.847,54.5,2955.5,21,55,1
A320,34509,11270,620.5,0.977,72.0,2808.8,19,8,1
B777,28327,12207,638.8,0.227,49.0,3129.6,13,46,1
A320,47948,2229,698.6,0.063,65.5,2537.4,4,77,1
A350,25150,6430,591.2,0.895,56.3,3276.6,4,28,1
B737,33615,19323,654.9,0.682,52.4,2913.7,8,298,1
B777,25326,19355,759.2,0.905,49.6,3112.5,3,12,1
B737,46997,14480,599.9,0.765,58.4,3181.2,12,76,1
B777,35353,7892,518.2,0.565,53.5,2668.9,13,110,1
A320,27828,7777,746.1,0.38,54.6,3254.9,11,240,1
A380,8146,6094,668.3,0.537,62.3,2968.0,19,258,1
A380,45423,12049,680.4,0.441,71.8,3175.6,2,61,1
A320,19906,391,667.3,0.546,72.0,3250.5,18,111,1
B777,13510,8155,591.6,0.876,38.7,2907.5,20,263,1
B787,38132,12898,623.7,0.334,70.8,3151.1,11,112,1
A380,9854,16705,647.7,0.225,46.0,3363.6,17,226,1
A350,45464,2206,535.2,0.017,66.1,2830.5,6,96,1
A320,41386,15034,711.0,0.359,45.5,3226.8,23,50,1
A320,32964,9185,658.7,0.078,61.6,3221.9,20,360,1
B737,29012,19720,673.7,0.758,72.0,3209.0,9,347,1
A320,33817,11122,612.4,0.05,45.2,2816.1,3,299,1
A320,33497,18115,563.6,0.667,63.6,3070.6,1,173,1
B737,42276,1821,763.7,0.798,58.8,3912.4,15,282,1
A380,31989,17239,656.7,0.134,79.8,3206.4,24,4,1
B737,11432,12895,701.2,0.76,51.9,2800.0,14,221,1
A350,36387,11110,675.8,0.742,62.8,3091.5,8,80,1
A380,35679,17605,680.7,0.289,75.0,2605.4,14,340,1
A380,42368,15605,706.6,0.324,49.5,3155.6,12,329,1
A320,26672,3677,580.7,0.979,66.4,3304.5,24,183,1
B777,24579,6280,583.9,0.266,69.6,3079.2,9,20,1
A380,4109,9885,563.4,0.619,71.5,2672.7,4,257,1
B777,49329,18411,634.1,0.339,57.3,2916.1,9,181,1
A320,35677,5107,688.0,0.835,51.4,2975.1,23,51,1
A380,39161,13296,614.0,0.224,59.3,3116.2,11,7,1
A350,26804,2500,660.3,0.331,68.8,2821.8,5,37,1
B777,49795,18221,696.2,0.487,41.9,2680.7,14,200,1
B787,30155,19546,493.6,0.454,54.2,2994.8,2,18,1
A380,46995,8409,663.7,0.853,49.2,2982.5,17,153,1
B787,19831,1125,768.3,0.497,60.2,2874.7,20,27,1
A350,28012,10324,627.7,0.524,71.6,2792.6,8,40,1
A380,19788,6175,632.0,0.739,63.7,2700.0,12,84,1
B787,1879,53,596.8,0.647,52.0,2884.0,15,129,1
A350,21210,15147,668.7,0.772,75.5,3194.3,22,4,1
B787,17109,18491,714.7,0.219,75.9,3478.4,22,359,1
A320,32612,6161,633.5,0.521,62.5,3270.7,14,189,1
B777,44588,17701,585.8,0.548,54.6,3133.8,22,214,1
A320,49001,14143,701.5,0.961,53.7,2860.3,8,111,1
A380,49713,16839,615.7,0.2,60.4,3060.9,18,172,1
B777,40646,12002,652.5,0.848,59.0,3197.7,1,246,1
B777,45458,18285,734.4,0.89,47.2,3050.6,13,30,1
B787,39433,5111,658.7,0.55,58.2,3206.8,8,306,1
B737,32335,7573,701.8,0.535,54.7,3130.5,16,202,1
A380,41132,6306,693.4,0.015,66.2,3546.0,5,219,1
A350,24921,2625,619.0,0.415,60.1,3239.2,16,9,1
A320,45213,3926,536.7,0.147,66.0,2581.1,20,348,1
B787,17817,2701,731.0,0.717,62.8,2743.7,23,124,1
A350,24926,18910,617.2,0.107,45.6,2982.0,11,203,1
A380,34757,1380,701.4,0.281,43.8,3339.6,16,275,1
B787,38308,5329,673.4,0.41,57.9,2861.3,17,34,1
B777,7666,12957,681.0,0.215,44.6,2927.4,15,332,1
B777,6410,18083,606.9,0.607,66.4,2835.2,1,307,1
B737,8605,18094,593.1,0.098,57.9,2968.0,6,14,0
A320,10478,16204,591.4,0.086,67.9,3259.5,10,285,1
A380,7395,7048,675.8,0.925,73.7,2539.9,11,41,1
B777,19743,6325,601.7,0.838,46.7,2938.0,11,55,1
B737,43884,13520,732.8,0.196,60.1,2753.1,10,262,1
B737,48877,691,764.6,0.301,71.7,3192.7,2,244,1
B787,6356,8843,632.3,0.594,60.9,3070.9,24,94,1
A350,10333,13402,621.3,0.92,61.6,2873.5,7,39,1
B787,31008,14547,739.8,0.817,50.8,3322.8,16,312,1
A320,6032,2182,589.2,0.146,57.0,2995.7,4,247,1
A350,12761,13380,673.9,0.46,64.5,3158.7,6,176,1
B787,32956,3313,787.7,0.902,69.5,3280.8,3,97,1
A320,15634,16939,667.9,0.853,51.5,2960.4,22,230,1
B787,22660,19056,658.1,0.768,65.3,2922.6,8,353,1
B777,33100,15212,655.9,0.867,59.8,2924.3,20,209,1
A380,37497,15917,690.8,0.886,63.7,2988.5,9,334,1
B737,3026,12984,577.8,0.215,51.7,2991.7,21,205,1
A320,47772,3637,696.7,0.542,63.7,3381.7,10,303,1
B777,47792,174,589.3,0.105,68.2,3201.4,20,38,1
B777,29769,9065,597.5,0.919,63.6,2812.3,11,266,1
B777,19831,10615,607.5,0.693,47.6,3385.9,3,282,1
B787,29722,13390,639.8,0.017,72.8,3147.6,3,279,1
B737,41616,2208,597.5,0.022,54.2,2835.6,4,60,1
A380,17650,7529,641.0,0.011,57.2,3016.0,22,58,1
A380,12798,6602,658.0,0.809,62.3,3016.7,12,312,1
A380,41359,4857,713.1,0.127,63.0,3068.8,14,265,1
B777,41945,16263,610.0,0.17,74.7,2864.3,16,59,1
B777,22556,12230,685.3,0.422,38.8,3119.6,14,48,1
A380,11556,11925,619.0,0.928,65.4,3321.6,4,232,1
B737,19240,10984,638.9,0.811,67.7,3194.6,15,332,1
B787,49226,8522,667.0,0.852,61.3,2612.8,9,243,1
A380,7075,17603,696.2,0.759,57.2,2871.4,7,225,1
A380,20926,19021,664.6,0.078,47.5,3030.2,21,70,1
B787,4925,17684,647.0,0.574,62.7,3011.7,2,130,0
A350,10220,4420,620.5,0.082,81.0,3291.8,16,83,1
A350,41941,164,597.7,0.148,74.6,3291.0,11,74,1
A350,9261,2186,751.3,0.522,61.0,2790.1,11,25,1
A380,36198,10326,660.6,0.263,50.6,2876.5,12,43,1
A320,23447,12935,712.0,0.521,68.9,3167.9,23,183,1
B777,31370,5805,659.9,0.9,64.6,3346.7,7,146,1
B777,39230,12825,573.1,0.787,39.7,3159.5,18,250,1
A320,18258,4622,731.8,0.266,45.6,3088.8,12,17,1
A380,9329,3847,596.4,0.15,83.6,2971.0,7,244,1
B777,45708,13328,667.8,0.85,48.4,3292.2,7,195,1
A320,38879,17630,482.3,0.138,58.5,2706.9,18,344,1
A350,19798,16198,693.8,0.496,68.1,2681.3,21,42,1
B787,45736,12188,659.8,0.108,59.3,3362.2,17,134,1
B737,6927,9990,619.7,0.83,54.6,2979.1,24,334,1
A380,40852,18930,700.3,0.299,70.2,2895.5,9,354,1
A380,24662,7572,646.7,0.571,65.4,3264.1,11,48,1
B777,8103,17312,633.9,0.963,64.6,3073.9,10,0,1
A350,45171,11804,677.0,0.15,50.0,2984.8,18,145,1
B737,45946,17894,615.0,0.556,60.0,2922.1,13,153,1
B787,27865,7446,614.5,0.129,72.1,3104.0,17,173,1
B787,37406,2554,658.3,0.442,60.4,3141.6,9,5,1
A320,28163,10575,629.4,0.649,59.2,2985.5,13,163,1
A380,11656,6585,692.9,0.41,57.2,3076.5,6,168,1
A320,8669,3990,697.7,0.431,67.8,2962.0,9,201,1
B777,1918,3231,735.2,0.599,57.9,2702.2,10,54,0
B787,35022,12101,658.6,0.835,60.9,2696.9,8,130,1
B787,8137,16631,653.5,0.207,45.7,3115.2,5,47,0
B777,3422,14479,582.6,0.934,62.8,2950.3,12,144,1
B737,34189,7566,647.5,0.967,48.0,3139.2,4,55,1
A380,26659,3093,541.0,0.765,64.8,2749.3,9,342,1
A350,48936,1439,672.1,0.856,52.0,3245.9,16,249,1
A350,33296,12243,592.2,0.737,53.1,2961.2,15,27,1
A380,21248,4110,541.5,0.723,54.8,3041.5,11,128,1
A350,5604,8006,634.8,0.78,60.8,3246.0,7,362,1
B777,37047,3217,647.7,0.083,64.8,2921.1,2,279,1
B737,13346,4066,586.7,0.841,75.7,3134.1,14,225,1
B777,15058,11202,688.4,0.228,68.0,3097.2,7,42,1
B737,25849,6267,517.8,0.514,61.1,3023.7,22,299,1
A380,42526,11116,765.0,0.926,67.6,3186.1,2,53,1
A320,9625,3008,670.6,0.419,50.2,2936.7,7,212,1
A320,45210,10964,592.2,0.598,61.4,3188.9,6,32,1
A320,6723,15741,603.6,0.654,79.9,3449.8,2,170,1
A350,17899,12676,644.4,0.981,47.2,3199.6,8,48,1
A350,30189,12351,631.3,0.393,68.3,3029.4,19,200,1
B737,1507,12012,619.9,0.209,62.4,2823.4,18,282,1
A350,9974,4272,677.4,0.378,49.6,3310.4,17,206,1
B737,2120,8154,715.7,0.474,57.4,3074.9,22,285,1
A350,16098,4188,594.8,0.974,70.9,2966.3,11,352,1
B787,23684,886,611.0,0.911,78.7,3204.3,24,13,1
B787,22876,4503,632.7,0.607,69.1,3109.7,5,38,1
A350,21902,12261,691.3,0.111,63.5,3040.9,2,229,1
B787,14413,17193,656.7,0.536,54.6,2963.8,11,251,1
B787,26859,10811,664.3,0.941,62.4,3096.0,1,17,1
A380,36269,13479,667.2,0.391,60.4,3092.2,2,180,1
B777,39500,14617,629.8,0.022,55.8,2654.7,8,180,1
B777,15556,7703,744.8,0.688,39.0,2977.6,2,20,1
B737,27705,12649,693.1,0.645,51.6,3240.8,13,43,1
A380,8155,13092,565.5,0.282,53.3,2926.2,17,95,1
B787,44037,12552,747.1,0.925,60.1,3261.3,15,201,1
A350,439,1945,590.7,0.214,53.7,3018.7,24,316,1
B737,14448,16598,676.4,0.971,72.7,3205.8,14,5,1
B787,9349,7681,624.6,0.741,69.3,3062.7,7,254,1
B787,44906,14601,778.0,0.917,50.0,3093.8,3,144,1
B777,26655,4707,662.0,0.522,56.6,2856.9,18,140,1
A320,39506,7367,617.7,0.582,56.0,2813.6,13,214,1
B737,1733,19475,687.8,0.481,60.4,2783.4,4,266,0
A350,13215,727,605.4,0.644,66.6,2840.0,4,346,1
A380,20704,2383,633.3,0.766,57.6,2951.6,23,342,1
A320,39654,11473,749.4,0.087,55.1,2937.1,14,351,1
B787,39947,13131,618.4,0.159,72.2,2985.3,18,330,1
A380,22309,11732,734.3,0.43,47.5,3319.8,7,314,1
A350,43658,9981,622.4,0.485,75.5,3124.4,9,104,1
B777,11461,17043,673.3,0.835,67.5,2817.4,4,257,1
A320,7350,16538,654.2,0.905,62.8,2889.2,21,102,1
A350,29739,18283,638.9,0.484,49.2,2849.2,16,290,1
B787,33536,6144,744.2,0.264,77.2,3001.4,5,165,1
A380,22860,14287,581.9,0.637,73.6,2849.9,21,76,1
B737,47791,15537,638.7,0.665,49.9,2616.5,2,51,1
B737,36543,6840,596.9,0.195,67.5,3202.1,6,41,1
A320,45243,13084,591.1,0.359,55.4,2941.1,16,5,1
B737,24366,17521,609.1,0.693,61.5,2675.2,15,56,1
A350,34516,7509,686.8,0.899,70.8,2878.8,8,244,1
B787,31806,4714,567.1,0.468,64.5,2621.2,11,128,1
A320,28445,1592,671.6,0.062,73.9,2776.7,5,304,1
A380,38503,7469,617.7,0.353,74.1,2721.2,23,34,1
A350,35029,7646,713.6,0.92,79.5,2963.6,4,35,1
A380,45299,6128,634.5,0.893,49.1,3455.9,18,288,1
B737,48134,10410,645.2,0.382,79.8,2580.4,11,360,1
B737,12298,6372,657.9,0.151,44.5,2665.0,23,281,1
B737,38509,1926,635.0,0.655,69.7,2784.4,11,282,1
A380,44471,16892,592.5,0.329,54.5,3204.8,7,77,1
B737,26870,12948,662.6,0.316,77.0,3242.4,1,108,0
B737,34497,16819,651.6,0.646,70.4,3106.2,15,199,1
A320,40142,5999,680.4,0.725,62.5,2627.5,23,116,1
A320,17717,13842,632.0,0.417,60.3,2991.7,24,244,1
A380,21816,9503,590.9,0.456,69.6,2774.1,4,199,1
A350,14170,2103,595.7,0.874,60.2,2722.8,5,159,1
B737,28600,832,650.8,0.367,80.3,2998.7,20,55,1
B787,18864,1922,606.7,0.308,55.3,2930.6,8,36,1
A380,14062,13506,649.6,0.7,63.8,2940.1,3,335,1
A350,22709,12846,714.9,0.57,71.6,3080.9,14,315,1
A320,4749,12743,583.5,0.123,49.2,3125.1,16,18,1
A320,13284,3105,612.9,0.952,66.9,3095.1,9,212,1
B787,11834,10527,697.4,0.713,65.7,2915.3,3,359,1
A320,10711,5088,544.7,0.911,62.2,2781.8,23,291,1
A320,28429,6871,672.4,0.3,39.4,2738.4,18,243,1
A380,34285,13325,721.4,0.598,64.7,3022.8,10,28,1
B777,5900,14245,686.1,0.246,45.3,2955.7,13,155,1
B737,24400,5691,617.0,0.547,74.2,2947.1,19,363,1
B737,5358,17676,693.1,0.874,39.2,2698.6,20,57,1
B787,366,3742,648.0,0.893,76.2,3081.7,18,227,1
B787,15847,8137,669.2,0.989,51.2,2896.3,9,296,1
A350,32333,6247,752.8,0.983,50.3,3143.8,21,14,1
B787,24946,6098,708.6,0.522,54.2,2996.4,15,6,1
B777,19050,1193,526.2,0.31,52.7,3078.9,23,8,1
B737,36186,13838,665.5,0.928,68.2,2586.3,12,156,1
B787,46793,14017,620.9,0.239,54.7,3244.1,6,108,1
A320,12669,8439,589.6,0.387,61.8,3061.1,8,219,1
B737,2598,4435,617.6,0.998,53.3,2763.8,16,267,1
B787,12933,4343,687.8,0.252,67.3,3044.3,17,185,1
B787,22111,10069,663.7,0.626,76.3,2762.0,22,40,1
A350,34305,3665,659.2,0.18,50.1,3075.3,6,218,1
A350,25737,10652,776.3,0.203,57.8,2942.5,22,206,1
B787,41774,11374,643.2,0.104,57.1,2774.5,22,79,1
B777,40779,15163,651.9,0.047,44.3,3052.2,24,258,1
B737,16770,13430,559.7,0.807,51.3,2713.5,15,58,1
B737,21931,12767,676.6,0.859,46.8,3179.9,6,23,1
A350,32520,1381,677.0,0.039,61.5,3204.0,21,256,1
B777,39518,3633,705.4,0.742,67.2,3027.3,11,364,1
B777,47007,4954,595.3,0.163,42.9,2973.1,10,262,1
B777,26594,731,630.8,0.339,57.9,2881.8,21,360,1
B737,395,6788,625.5,0.09,60.2,2919.5,5,288,1
A350,39587,9391,671.9,0.257,65.0,2898.9,14,353,1
B737,2141,8016,662.1,0.513,63.7,2982.8,18,190,1
B737,3655,5690,645.4,0.957,69.4,3060.8,12,294,1
B787,37549,18008,642.7,0.5,62.8,2765.4,15,91,1
B777,45851,10854,634.4,0.889,50.2,2994.9,5,316,1
B787,23723,19854,653.1,0.055,59.1,2952.3,16,227,1
A380,10108,19741,607.4,0.468,66.2,2855.8,1,91,1
A350,33908,16064,603.7,0.07,53.1,3170.3,9,286,1
B737,38328,2454,656.2,0.291,65.7,3178.3,15,103,1
A350,35584,3386,640.6,0.048,57.2,3056.0,5,340,1
B787,10678,12128,669.5,0.367,60.1,3093.6,17,173,1
B737,48420,3688,577.8,0.427,54.1,3207.3,14,279,1
B787,31604,17123,656.1,0.343,65.7,2743.7,10,196,1
A380,31585,14527,619.9,0.616,56.1,2739.9,10,323,1
A380,8267,19846,705.6,0.53,56.5,2929.2,2,158,1
A320,49264,10925,586.4,0.225,53.8,3075.0,12,52,1
B737,25863,4915,653.8,0.214,67.9,2912.3,17,110,1
A320,651,8275,675.7,0.467,66.8,3141.8,3,203,0
B787,24560,14065,596.2,0.245,60.5,3123.2,9,215,1
A350,49287,5320,685.6,0.571,62.9,3184.1,21,161,1
B787,48395,8902,642.6,0.986,61.4,2865.1,12,218,1
A350,12756,6357,701.4,0.016,48.8,2967.1,8,342,1
B737,3191,674,687.8,0.382,56.2,2797.1,2,213,1
B737,45272,9736,572.1,0.764,67.4,2930.7,10,93,1
B787,31686,14298,632.8,0.27,52.2,2767.9,6,168,1
B737,48591,1653,707.3,0.487,57.5,2908.7,17,303,1
A350,6886,19055,679.9,0.233,65.5,3083.5,8,49,0
B787,24652,19596,661.8,0.695,44.2,3184.2,18,279,1
A320,34418,18852,629.6,0.122,70.6,2981.7,14,1,1
A380,29759,8298,699.3,0.778,72.6,2604.2,24,64,1
A350,27064,2780,592.1,0.489,58.7,3025.3,14,276,1
A380,6418,16416,670.5,0.19,59.0,3058.8,14,30,0
B787,47977,15943,636.2,0.516,51.2,3007.4,11,311,1
A320,40539,18435,682.5,0.95,66.3,3097.3,5,43,1
B777,12192,8663,791.4,0.843,56.0,2988.7,13,184,1
B737,23669,8551,748.5,0.984,57.2,2941.4,3,312,1
B737,29924,14851,627.3,0.33,64.1,3124.7,1,205,1
A320,35515,9345,706.2,0.983,51.8,3056.6,8,258,1
B777,17240,1197,639.1,0.393,46.7,3053.9,14,257,1
B737,28986,3525,560.6,0.525,65.4,3206.3,7,1,1
B737,46392,975,606.6,0.643,62.6,3123.0,8,266,1
A350,2736,17429,636.0,0.948,41.8,3253.4,21,251,1
B787,34403,15997,662.7,0.821,39.7,3027.5,5,281,1
B737,43147,9820,620.7,0.739,52.0,3402.2,1,225,1
B787,7740,8172,693.9,0.296,78.3,3148.7,8,208,1
B777,34438,10170,596.4,0.541,45.6,2909.1,9,235,1
A350,49560,8985,690.6,0.762,62.8,2656.1,1,312,1
B777,29191,11883,614.5,0.582,58.4,3025.1,4,62,1
B787,21749,7601,607.8,0.191,43.6,3283.8,9,250,1
B787,9666,8229,588.4,0.585,39.3,3080.2,2,203,1
A350,46834,2758,640.1,0.632,51.7,3161.3,22,255,1
B787,30392,6158,639.2,0.535,60.1,2664.8,4,48,1
A350,45700,2297,739.8,0.681,84.0,3145.2,20,308,1
B777,19132,7394,642.0,0.468,83.4,3336.3,17,192,1
B777,43625,13397,755.7,0.696,64.1,3022.4,18,124,1
A320,44658,4335,633.9,0.415,63.6,3112.0,12,39,1
B777,31767,16732,656.4,0.406,60.5,3337.4,8,27,1
A320,33650,216,599.8,0.622,50.9,3148.9,8,61,1
B737,45287,5071,638.8,0.855,52.7,2912.5,6,134,1
A350,6665,6331,536.5,0.791,48.4,2788.7,24,361,1
B787,15721,9906,585.8,0.669,51.1,2753.8,5,292,1
A350,24318,11191,686.6,0.76,63.5,3192.3,24,115,1
A380,17755,11541,777.7,0.327,51.7,3465.2,15,77,1
A320,46805,179,616.5,0.592,51.0,3252.2,12,255,1
A350,23977,2008,692.2,0.318,56.6,2942.4,24,178,1
A350,23033,13192,615.3,0.785,48.1,3417.2,20,42,1
B777,47477,6977,625.3,0.183,51.8,2797.5,4,284,1
A380,8892,12478,667.2,0.015,50.4,3104.6,17,124,1
B737,16866,4179,587.3,0.737,53.2,2874.8,17,124,1
A320,41235,15540,693.3,0.062,85.9,2540.1,14,345,1
A380,28388,6704,719.9,0.38,60.3,3248.5,19,319,1
A380,3679,15755,646.4,0.621,68.5,3162.3,11,98,1
B737,48672,3376,649.0,0.991,59.2,2761.7,15,331,1
B787,32246,1923,511.7,0.467,45.2,3126.3,4,352,1
B737,28325,8698,646.4,0.724,66.6,2965.6,7,5,1
B777,38595,6943,633.6,0.856,56.5,2982.3,6,269,1
A320,9236,9788,585.4,0.811,56.0,2955.4,7,84,1
B737,30020,2012,698.5,0.879,60.9,3350.7,10,342,1
B787,12230,10568,566.2,0.551,62.2,3123.8,17,255,1
B737,1874,1139,690.1,0.994,73.9,3058.2,4,293,1
B777,48289,12431,636.2,0.89,58.5,2903.5,6,181,1
A320,41207,7679,738.7,0.332,47.4,3061.4,7,274,1
B777,9901,14428,740.4,0.486,59.7,3062.7,9,53,1
A320,13519,183,697.1,0.406,71.1,3097.7,6,141,0
A320,24603,19262,726.7,0.648,62.1,3511.1,11,116,1
A350,32103,11654,668.1,0.637,59.5,3065.3,11,55,1
B777,5331,12623,745.0,0.129,44.7,2894.1,7,44,1
B777,17939,5510,631.2,0.707,69.5,3040.3,17,267,1
B737,12372,690,688.5,0.17,76.6,2946.1,12,300,1
A350,46074,10972,665.6,0.418,62.8,3019.2,21,313,1
B777,40120,14817,677.1,0.234,63.2,2727.1,1,92,1
B787,15133,4619,613.5,0.836,63.8,2894.3,9,192,1
A380,12516,13442,625.7,0.744,61.9,2744.0,15,92,1
A380,4630,13568,650.6,0.833,48.4,2855.6,23,351,1
A380,18886,18012,653.8,0.528,50.9,2931.2,9,74,1
A320,42910,16894,680.3,0.177,60.7,2630.6,22,153,1
A320,28905,12087,669.0,0.501,44.8,3144.8,7,292,1
B787,34952,15146,613.0,0.875,69.6,2705.3,8,303,1
B777,19639,9639,609.6,0.868,47.2,2872.1,16,226,1
B737,282,10050,653.1,0.173,74.5,2862.8,12,203,0
B737,15323,910,645.8,0.609,63.5,2755.1,10,91,1
A350,4590,6812,518.6,0.658,49.0,3233.2,3,289,1
A350,17173,12989,656.5,0.643,43.1,3149.0,5,83,1
A320,22622,4817,670.8,0.066,70.3,3104.0,20,28,1
A380,15651,17188,686.6,0.12,57.8,3054.3,18,153,1
B787,24745,10062,662.3,0.41,49.3,3053.9,20,203,1
A380,38236,6483,647.1,0.912,84.7,3004.9,10,284,1
B777,21365,3532,636.6,0.254,65.7,3267.7,16,279,1
A350,1281,8626,760.3,0.247,61.7,3057.0,16,7,1
B777,45185,11599,623.1,0.419,49.9,3145.5,24,347,1
A380,24308,8331,643.9,0.701,67.2,2677.7,16,94,1
B737,26656,9308,626.7,0.406,60.3,2740.1,13,263,1
B737,12896,17466,594.8,0.92,56.8,3115.0,13,36,1
B777,33641,19906,679.8,0.928,68.8,3086.7,5,261,1
B777,31477,7603,595.3,0.949,53.8,3117.4,5,251,1
A380,12401,15709,660.1,0.333,55.8,2902.9,11,87,1
B787,28648,882,694.4,0.456,69.2,3251.6,4,237,1
B787,6607,18666,605.8,0.73,64.9,3218.5,6,204,1
A380,15494,16997,608.5,0.946,54.9,2954.7,22,230,1
B777,47184,14752,723.9,0.623,81.6,2789.0,20,258,1
A320,37215,12876,718.8,0.489,68.6,2988.1,9,178,1
B777,10283,11409,637.8,0.583,50.3,3232.7,21,219,1
A350,49421,4363,690.3,0.203,53.8,2980.1,15,48,1
B777,41295,18390,654.8,0.914,55.0,3189.5,3,293,1
A320,21247,9394,501.4,0.646,63.7,3067.9,5,115,1
B737,5684,4275,758.3,0.206,70.0,3252.5,9,311,1
B787,9771,3103,641.2,0.438,74.0,2655.9,8,301,1
B787,34751,3654,697.9,0.226,42.0,3023.4,12,218,1
B777,8513,15441,746.3,0.732,61.5,3307.0,8,19,0
A350,8564,4800,658.8,0.766,59.1,2713.6,19,188,1
A350,6019,18563,699.3,0.854,68.2,3336.8,20,75,1
B777,2437,7104,617.7,0.865,68.2,3015.3,2,254,1
B737,3248,17857,679.7,0.352,69.6,2846.6,8,110,1
A320,45223,8293,675.4,0.903,58.2,2850.7,2,54,1
A350,26412,11955,593.5,0.421,75.1,2915.4,23,171,1
B737,18038,18128,681.9,0.927,52.5,2995.9,6,175,1
B787,9174,8801,586.4,0.653,75.9,3180.8,1,65,0
B777,1324,16494,658.8,0.788,70.8,3109.6,20,106,1
A380,33831,15365,710.2,0.907,49.6,2780.8,4,183,1
A350,15543,12822,681.1,0.103,42.3,2940.3,19,293,1
A350,30284,12110,671.7,0.395,57.2,2955.8,24,338,1
B777,38102,2230,578.1,0.942,43.3,3138.1,19,242,1
A350,33561,7734,648.6,0.501,49.8,3038.5,4,138,1
A380,49525,3160,561.2,0.782,55.8,3214.0,2,223,1
B737,29346,8572,645.5,0.926,43.6,3214.5,23,340,1
B737,32940,17582,594.0,0.771,38.0,3146.3,13,159,1
B777,9090,18521,741.6,0.306,61.4,2509.8,19,17,1
B787,49219,13766,601.1,0.599,75.8,2821.9,5,75,1
A350,47884,18547,717.6,0.147,70.0,2819.2,12,10,1
B787,34683,3856,718.8,0.294,30.2,3120.0,14,294,1
B777,18671,17470,528.2,0.111,54.4,3145.4,20,311,1
B737,48549,10438,714.8,0.666,59.4,3258.2,15,50,1
A380,289,756,664.4,0.198,71.5,3220.0,4,71,0
A380,36623,9755,587.7,0.148,61.0,3041.3,16,274,1
A380,27607,17155,641.4,0.802,60.4,2906.0,14,87,1
B737,28991,6101,618.8,0.511,62.5,3205.5,22,166,1
B787,37203,18477,600.0,0.735,36.7,2755.6,7,64,1
A350,29087,18527,688.7,0.472,51.3,2810.2,8,81,1
A350,49608,18414,620.6,0.368,64.2,2650.7,24,303,1
B737,30388,16242,684.6,0.608,62.1,3094.8,5,6,0
B787,34774,18966,647.1,0.894,41.8,2679.2,15,283,1
B737,17040,12119,642.6,0.721,55.0,2772.8,3,60,1
B787,47765,7833,575.0,0.52,64.3,3047.9,20,309,1
B737,22788,2581,622.1,0.192,54.5,2964.8,8,344,1
B737,23823,18456,540.1,0.204,59.4,2891.0,24,232,1
A380,23820,18018,759.7,0.918,40.8,2461.0,16,238,1
A350,31774,19378,611.4,0.333,64.8,3258.9,14,18,1
B737,45252,5595,562.7,0.847,63.7,3217.1,10,66,1
B787,13827,15287,660.0,0.888,54.0,3013.0,2,192,1
A320,4920,18064,654.3,0.639,59.4,3149.4,11,205,1
A350,19348,5629,641.4,0.389,51.2,3354.8,23,334,1
B787,47258,12844,700.6,0.547,47.3,2921.7,14,88,1
B777,36988,18821,662.5,0.038,61.7,2639.4,20,242,1
A380,22138,13828,658.6,0.002,49.7,3176.3,15,33,1
A320,9515,16168,676.1,0.322,62.2,2703.2,4,206,1
B737,38471,7470,635.4,0.694,85.4,3019.2,23,307,1
B787,16508,13729,571.4,0.661,59.5,2992.0,24,246,1
A350,45154,5608,663.9,0.264,62.7,3424.1,2,332,1
B787,104,310,650.0,0.926,59.8,3213.2,23,152,1
A350,36676,8838,690.3,0.355,40.1,3279.0,19,307,1
B787,786,15430,661.8,0.486,53.4,3299.1,22,193,1
B777,8649,14222,623.8,0.417,35.1,2995.6,21,117,1
A380,18372,15833,664.8,0.086,66.4,2874.0,9,33,1
A380,19713,5927,671.5,0.714,51.6,3283.7,19,162,1
B787,9210,11068,693.6,0.899,55.7,3299.8,11,75,1
B777,10913,1749,744.8,0.251,56.1,3086.4,21,160,1
A320,2112,12634,584.5,0.383,58.3,2992.3,13,34,0
A350,25167,3393,691.1,0.238,72.4,3253.5,22,331,1
A320,20467,13563,583.2,0.653,44.3,2890.8,8,331,1
A380,27126,6539,635.2,0.953,56.5,3126.9,12,43,1
B787,33621,239,618.7,0.265,39.7,2948.2,18,321,1
B787,48870,3473,618.3,0.527,66.6,3073.1,13,243,1
A380,1876,4308,640.9,0.937,43.7,3125.5,7,229,1
A350,34375,8440,720.0,0.019,66.1,2470.5,9,308,1
B787,40144,5260,537.8,0.525,61.7,3211.2,6,28,1
B737,31659,17113,609.9,0.679,53.0,2797.1,12,85,1
B777,13157,13690,646.7,0.921,71.0,3207.4,3,183,1
A320,25231,9614,639.6,0.851,70.8,3084.7,5,188,1
B777,48719,10088,511.2,0.699,57.0,2994.1,12,271,1
A380,48750,16266,657.4,0.917,58.8,3035.1,14,73,1
B787,44659,697,595.0,0.095,47.4,2953.4,10,292,1
B777,28156,15165,675.6,0.784,73.7,3283.7,1,208,1
B777,35977,3527,656.3,0.674,59.5,2902.4,20,227,1
B737,49977,2643,684.4,0.8,76.4,2861.2,13,206,1
B787,30091,12151,672.6,0.252,74.6,3178.1,17,43,1
A320,26095,19732,616.6,0.857,58.2,2574.2,8,51,1
A380,4796,1144,678.6,0.858,44.1,2988.8,4,248,1
B737,17868,7123,714.7,0.005,60.8,3036.1,2,286,1
B787,49884,17409,677.8,0.311,52.0,2881.9,21,86,1
B787,26416,6649,621.4,0.303,58.3,2723.1,13,158,1
B777,7233,17638,581.8,0.607,68.4,2827.6,2,44,1
A350,31243,14566,542.4,0.87,75.4,3117.2,10,149,1
A350,46379,11164,587.7,0.015,55.4,2701.5,11,326,1
B777,5489,743,739.8,0.232,86.9,2720.9,16,39,0
B787,44898,4852,610.5,0.494,49.2,2806.6,3,65,1
B737,32104,17315,681.0,0.992,54.8,3067.3,13,93,1
A380,44172,10932,605.1,0.068,72.0,2768.4,22,26,1
A380,46852,18947,631.7,0.821,50.2,3046.3,11,289,1
B777,6088,8604,591.1,0.373,71.2,3186.4,12,267,1
B737,406,12191,645.8,0.767,62.1,3073.2,2,60,1
B737,33695,6620,667.3,0.424,55.5,2860.0,21,103,1
A380,13490,16363,601.6,0.273,73.0,3357.0,1,234,1
B737,26308,11139,644.3,0.429,52.1,3456.8,14,330,1
A350,27307,12503,705.8,0.434,63.5,2878.9,22,114,1
B777,5849,6995,715.0,0.813,76.5,2562.6,4,146,1
B777,2033,4832,713.2,0.773,43.2,3070.5,14,279,1
A380,36639,6420,674.6,0.071,59.2,3190.9,24,305,1
A380,23359,6180,756.3,0.809,77.4,2498.7,7,331,1
B787,7811,15320,658.6,0.173,58.9,3090.7,15,358,1
A380,6456,4646,671.0,0.012,49.4,2759.2,18,20,1
B777,46970,1177,596.7,0.194,80.1,3195.7,3,149,1
A380,30288,2820,702.0,0.095,69.1,2717.7,5,44,1
B737,36218,5458,692.1,0.309,61.3,3086.6,7,335,1
A350,6691,6453,695.8,0.92,61.7,3060.9,18,110,1
A350,29368,19615,534.2,0.528,50.4,2969.0,8,274,1
B777,11879,17625,617.0,0.104,63.9,2376.2,11,298,1
B777,40591,14883,699.7,0.764,78.9,2871.2,7,332,1
B787,1405,17297,609.0,0.585,55.1,2833.4,18,162,1
B777,44294,7179,675.9,0.044,63.6,2699.6,19,179,1
B787,31544,6480,642.6,0.536,70.2,2897.4,11,357,1
A350,2644,9859,688.2,0.698,60.0,3028.7,22,322,1
A320,34979,11563,740.5,0.198,51.3,3157.0,18,5,1
A350,34062,15766,598.4,0.985,55.1,3297.6,14,213,1
B737,48496,8294,684.1,0.752,56.9,3205.1,18,174,1
B777,43974,18486,661.2,0.134,53.5,3232.7,18,320,1
A380,47305,15204,625.2,0.426,66.2,3025.5,21,203,1
A380,24991,11439,689.7,0.458,35.3,3201.7,20,189,1
B787,42935,5494,669.0,0.553,65.4,2550.8,6,160,1
A320,48717,12264,629.4,0.069,52.7,3297.3,3,196,1
B737,34889,9940,658.0,0.155,52.4,3310.6,11,140,1
A350,26866,5080,603.3,0.843,55.9,3067.7,10,197,1
B777,7050,19783,705.4,0.284,41.9,2864.1,5,151,1
A380,25210,16851,619.2,0.98,55.0,3214.5,5,300,1
A350,11865,19627,602.3,0.174,56.0,3394.0,8,117,1
A320,3353,9119,715.6,0.087,67.4,3567.1,4,222,1
A380,38311,18795,567.5,0.004,57.4,3023.0,13,137,1
B737,33330,11184,669.6,0.699,48.4,2975.6,20,240,1
A320,23566,18638,683.0,0.706,59.9,2811.5,11,161,1
B777,39298,5533,618.0,0.007,62.2,3125.0,6,250,1
A350,28197,14878,633.6,0.567,54.7,3003.0,6,107,1
A350,2677,9813,635.2,0.923,71.8,3131.6,12,102,1
B787,28005,16567,653.9,0.164,49.1,2915.8,10,41,1
A380,4245,17515,647.1,0.299,60.0,3081.2,6,24,1
B787,10709,5879,623.9,0.004,64.6,3157.2,17,248,1
B787,23333,1514,607.8,0.981,69.2,3017.3,8,364,1
B777,22276,19726,715.1,0.21,49.0,3020.5,5,45,1
A350,38851,357,690.4,0.051,64.8,3276.1,22,353,1
A350,15403,18747,624.1,0.424,63.0,2963.8,11,6,1
A380,31919,3330,586.4,0.043,50.3,3200.2,10,146,1
A350,18619,12575,749.3,0.188,67.8,3117.0,4,154,0
B737,13198,2564,717.6,0.335,56.6,3325.5,10,43,1
A380,30873,7388,625.5,0.435,56.7,3189.8,13,70,1
A320,20587,4457,744.3,0.388,63.6,3182.1,22,178,1
B787,15906,9587,594.8,0.317,62.5,3274.9,11,42,1
B777,6941,9874,588.3,0.366,52.7,2798.2,4,196,1
A350,15757,1944,729.8,0.746,42.2,3149.2,17,58,1
A380,39335,10033,631.7,0.987,61.0,3321.6,8,280,1
B737,30257,5486,672.5,0.168,54.5,2736.5,22,180,1
B737,1709,19875,624.8,0.718,59.8,3106.1,14,47,1
A320,3961,11441,667.9,0.724,56.7,3348.6,20,328,1
B737,40401,8088,637.3,0.686,61.1,2836.8,13,341,1
A350,8353,10203,696.0,0.47,46.0,3214.2,20,177,1
B787,20048,19622,668.8,0.011,58.1,3032.8,23,7,1
A320,21490,19512,643.4,0.257,55.2,2863.4,24,311,1
A350,29036,10390,669.7,0.067,61.1,3187.3,10,335,1
B737,46358,9132,716.9,0.636,57.2,3096.7,2,132,1
B777,11049,5616,695.9,0.768,63.5,3217.0,14,133,1
B777,12891,12244,722.0,0.348,35.8,2969.4,4,29,1
B737,32137,8213,660.0,0.41,50.6,2956.5,23,263,1
B737,35342,99,740.7,0.334,64.4,2441.3,19,218,1
A320,38541,11725,620.4,0.611,55.0,3036.9,19,104,1
B787,32924,9347,776.3,0.18,74.9,3217.8,22,194,1
A380,46920,1310,633.6,1.0,66.7,2794.3,23,163,1
B777,35992,15214,645.7,0.231,62.2,2845.1,23,19,1
A350,19498,13343,723.5,0.318,42.0,3104.7,3,208,1
B787,13136,16078,645.0,0.681,75.5,3143.3,4,307,1
B787,25655,6784,599.5,0.554,53.3,3170.0,7,173,1
B787,35818,11916,682.5,0.619,63.7,2999.3,3,23,1
B787,21928,14901,673.2,0.991,47.1,2880.9,3,126,1
A380,14370,8922,665.8,0.223,68.9,2824.5,9,183,1
A380,11060,19018,726.8,0.334,61.0,2835.5,9,34,0
A320,26500,19884,580.5,0.32,66.4,2823.0,4,318,1
A350,11967,13341,689.2,0.818,69.1,2813.8,24,263,1
B737,28315,8267,656.6,0.425,66.9,2990.7,19,68,1
B787,2672,13793,603.1,0.571,55.3,2859.7,21,244,1
B777,10805,3718,756.3,0.045,56.7,3127.7,20,342,1
B737,42224,14622,639.7,0.798,55.3,2750.0,24,242,1
B777,26110,10623,600.2,0.272,68.5,3110.8,20,70,1
B787,39672,6913,677.0,0.286,61.3,2940.0,6,208,1
B787,4689,93,637.8,0.476,49.9,3084.8,1,91,1
B777,46036,5629,536.4,0.011,77.0,3042.3,17,53,1
B737,25854,15466,636.6,0.108,62.7,3107.2,18,208,1
B787,22867,17635,773.2,0.793,70.0,2907.9,5,34,0
A320,49724,7940,632.1,0.96,50.6,2966.9,7,95,1
A380,19840,12288,612.4,0.758,68.2,3183.6,15,24,1
A350,29400,4402,694.8,0.007,68.4,2929.8,17,288,1
A350,2514,6732,670.3,0.508,73.7,2720.6,1,27,1
A380,9801,2197,639.3,0.743,49.2,3042.6,15,33,1
B737,5350,10392,555.5,0.58,47.8,2949.7,2,231,1
B777,47743,248,562.1,0.851,66.1,2904.3,21,201,1
B737,614,11457,614.4,0.196,54.0,3089.7,19,160,1
B787,37714,11014,688.0,0.951,71.1,3094.1,6,126,1
B787,44850,5158,672.6,0.862,81.0,3238.6,21,196,1
B787,19129,97,627.4,0.916,56.4,3168.9,2,37,0
A350,42457,4935,736.4,0.137,55.7,3152.9,15,278,1
A350,13584,714,566.5,0.526,52.3,2933.4,21,317,1
B777,11953,10516,649.0,0.298,58.7,2796.5,15,179,1
B787,7857,14386,610.0,0.595,66.9,2881.9,6,68,0
A380,3974,15537,642.4,0.631,57.5,2724.8,20,352,1
B737,37423,15273,549.2,0.285,78.4,2994.1,3,63,1
B777,13198,15537,595.8,0.583,71.7,2646.1,17,100,1
B777,42893,7943,676.2,0.864,63.8,3253.5,6,324,1
A350,33802,4564,712.8,0.908,59.4,3093.7,22,6,1
B777,44789,18941,643.1,0.628,40.5,3093.5,1,65,1
B787,44088,10199,606.3,0.601,74.7,3436.2,2,267,1
B777,31967,7469,628.9,0.642,57.4,2926.0,2,301,1
A320,3249,14772,611.0,0.526,69.9,2729.9,13,173,1
A380,4674,540,648.2,0.506,58.0,3158.2,14,144,1
A320,36992,18389,636.0,0.368,40.2,2950.9,22,78,1
A320,48484,4305,633.1,0.396,56.9,2739.8,17,246,1
B777,19301,6341,663.2,0.17,66.7,3303.8,9,178,1
A320,2699,18383,682.5,0.057,45.5,3213.2,9,225,1
A320,34078,18176,640.1,0.613,65.6,3275.5,3,183,1
B737,21177,13697,632.0,0.395,62.3,2901.8,7,324,1
A320,17788,193,636.4,0.492,46.2,2907.9,21,82,1
B787,28587,1899,741.5,0.614,55.5,3215.1,1,312,1
B787,26332,8141,617.1,0.544,49.0,2888.1,13,255,1
B777,10458,17379,610.7,0.424,60.7,2942.0,12,203,1
A320,4575,15563,558.0,0.758,46.4,3105.1,19,147,1
A350,11576,332,626.2,0.212,77.5,3333.2,13,270,1
B787,16904,16018,637.2,0.078,58.8,2525.3,18,9,1
B777,26259,4740,702.5,0.749,60.9,2928.8,8,292,1
B777,29904,15751,744.9,0.138,68.3,2803.6,5,73,1
B777,10914,13372,642.1,0.97,53.3,3187.4,14,211,1
A380,34642,11365,563.0,0.302,61.4,2741.0,24,313,1
A350,27983,4970,618.4,0.561,61.5,3093.4,18,234,1
B737,21111,7530,695.7,0.515,51.9,2587.4,12,11,1
A320,20341,19369,632.6,0.415,53.6,3159.2,2,234,1
B737,13101,4842,691.6,0.607,67.4,3177.7,10,26,1
A380,44136,6889,635.1,0.879,56.8,3014.9,19,291,1
A350,49000,4546,686.5,0.641,56.5,2653.3,3,264,1
B737,28024,5244,743.1,0.04,76.9,3033.2,21,358,1
A380,29357,2258,645.8,0.449,75.9,3033.3,12,160,1
B737,10805,8751,636.2,0.026,52.3,3018.3,6,236,0
B787,10892,18182,645.6,0.869,56.4,3126.4,3,324,1
A350,35561,12301,625.9,0.838,73.6,2671.7,12,322,1
A320,33973,18387,634.4,0.469,76.7,3189.4,14,110,1
A320,40551,4895,635.5,0.981,69.6,3229.7,18,72,1
A350,22148,2294,620.8,0.716,67.9,2558.2,9,344,1
A350,24447,17653,701.4,0.299,57.0,2661.8,19,31,1
B787,46238,2097,679.5,0.016,48.6,2997.4,18,109,1
B787,28587,5147,644.7,0.737,55.3,2732.6,21,78,1
B787,4222,7747,658.9,0.19,63.3,3097.5,19,179,1
B787,34113,10315,583.0,0.977,58.0,3118.6,15,231,1
B777,46185,14586,682.9,0.591,39.4,3134.0,7,121,1
A350,25394,13131,621.6,0.369,60.5,2629.7,19,304,1
A380,8987,2781,583.6,0.112,70.8,2872.1,2,278,1
B787,45656,5476,719.4,0.691,84.4,2987.3,15,207,1
A380,2475,12977,628.8,0.111,51.0,2730.4,17,98,0
B777,41913,3343,601.2,0.449,63.3,2856.1,11,337,1
A320,41957,1202,562.2,0.934,53.0,3040.5,3,242,1
B737,25412,11819,695.0,0.801,64.1,2968.4,10,18,1
A350,22093,13296,641.2,0.705,46.2,3127.7,24,205,1
B787,11218,10837,728.2,0.189,46.3,2626.3,18,88,1
A320,21736,9852,668.9,0.522,57.6,3028.8,24,295,1
A380,5199,14787,637.7,0.974,65.9,2959.6,16,44,1
A350,47334,7637,632.5,0.572,48.3,2979.0,18,213,1
A350,22571,19469,663.7,0.081,40.5,2943.3,17,326,1
A380,17005,16576,733.9,0.521,72.8,2867.2,15,73,1
A320,34649,17644,599.7,0.182,57.0,2937.7,7,309,1
A380,36117,7079,659.7,0.052,50.5,2921.1,7,259,1
B787,29272,16944,659.2,0.906,58.9,2810.3,12,302,1
A320,5016,8768,626.7,0.598,48.3,3013.9,7,203,1
A350,8832,3657,638.5,0.159,44.4,3067.9,20,337,1
B737,2227,4856,660.9,0.2,72.1,2660.3,10,269,1
A380,15802,2593,658.9,0.163,57.7,3026.6,6,140,1
B777,35485,19147,690.1,0.696,61.2,2829.9,19,143,1
B777,43310,2734,560.3,0.66,53.6,2855.2,18,179,1
B787,41176,12516,687.7,0.097,71.0,3215.0,3,222,1
B787,7982,16673,689.4,0.469,58.2,2523.0,5,20,0
A320,29335,14343,638.6,0.268,72.8,2948.8,11,217,1
B777,16081,6657,589.1,0.155,53.7,3238.5,12,105,1
B787,8943,10242,652.2,0.422,51.5,2866.8,5,354,1
B777,14739,9570,639.5,0.545,49.8,3166.3,14,243,1
A380,8225,1722,637.2,0.015,65.7,3041.0,20,16,1
A380,20354,8612,560.3,0.454,69.8,2620.2,6,348,1
B787,18559,2278,654.7,0.583,54.6,3108.1,13,181,1
B777,18258,11941,565.6,0.619,61.8,2907.9,24,302,1
B787,6835,14842,703.5,0.22,57.1,2970.7,22,164,1
A350,47030,9339,571.8,0.128,72.1,2956.3,4,305,1
A350,18165,5387,656.0,0.933,56.1,3029.5,17,182,1
B787,6034,14781,657.4,0.904,62.9,3357.3,8,164,1
B737,38330,19677,600.8,0.217,71.8,2990.8,3,92,1
A350,41009,15548,628.0,0.727,58.8,2908.2,19,191,1
B777,21938,18639,619.0,0.529,54.1,2952.9,17,350,1
B737,41813,11565,655.6,0.745,57.4,2762.0,20,196,1
A320,30628,12032,606.7,0.79,59.6,2755.4,7,346,1
A380,20334,5754,767.2,0.462,64.3,3105.9,7,80,1
A380,2772,10341,597.4,0.92,61.1,2718.6,1,136,0
B737,42447,11330,629.0,0.532,69.4,2899.0,12,139,1
A380,49072,18470,629.7,0.119,57.1,2798.7,4,239,1
A350,3907,10665,595.9,0.759,46.6,2937.9,5,276,1
A380,24591,6659,621.0,0.801,56.1,2707.4,3,264,1
A350,47370,3302,631.8,0.898,69.7,3038.9,10,65,1
B787,12581,12331,588.8,0.914,72.8,3103.8,12,361,1
B777,49930,11614,738.5,0.629,69.5,3164.3,6,73,1
A320,22924,12124,639.8,0.125,79.9,3011.9,22,203,1
A380,12146,411,675.8,0.518,52.8,3023.4,4,247,1
A380,43813,929,729.1,0.415,74.5,2898.6,8,187,1
A380,34450,4673,642.4,0.797,69.6,2989.0,21,357,1
B737,38140,10503,630.2,0.222,59.6,3020.6,13,182,1
A350,28224,3679,639.6,0.141,37.3,3220.2,1,180,1
A380,40858,17355,811.2,0.36,57.3,3002.9,4,263,1
A350,47050,5381,692.6,0.096,59.5,2499.8,8,150,1
A350,3653,7273,676.7,0.306,47.5,2939.7,20,68,1
A350,14785,4027,730.9,0.697,58.9,3129.5,20,119,1
A350,28746,9772,664.7,0.598,59.1,2791.0,8,176,1
A350,39938,7555,659.7,0.164,62.9,2896.3,20,336,1
B737,2554,7812,690.8,0.452,50.2,2815.3,16,85,1
B737,33770,8849,680.5,0.252,57.7,2906.6,8,318,1
B737,29963,15675,625.4,0.415,50.6,3077.1,19,29,1
A380,2843,12955,626.3,0.285,59.6,2990.3,11,343,1
B737,8548,4540,602.2,0.052,46.9,3096.1,20,156,1
A350,43184,16564,635.9,0.711,56.1,3132.7,17,160,1
A380,15876,16880,771.0,0.598,62.8,3318.2,22,40,1
B737,14863,3996,685.3,0.677,54.5,3138.2,1,201,1
A350,38916,116,684.4,0.718,58.5,3161.2,16,212,1
A350,37238,8054,687.2,0.705,60.2,2784.2,6,169,1
B787,43633,2606,588.1,0.939,68.5,2918.4,8,88,1
B737,48337,15098,682.7,0.838,60.3,2976.0,5,148,1
A350,49606,15716,625.9,0.564,57.0,3074.8,22,192,1
A320,4669,16728,628.7,0.123,63.0,3285.6,8,214,1
B737,15688,14171,619.8,0.002,65.1,3154.6,2,237,1
A350,351,7440,710.2,0.08,51.3,2887.5,4,144,1
B787,2358,15484,658.2,0.864,51.8,3117.2,16,205,1
B787,35517,7534,644.2,0.893,60.9,3116.5,22,227,1
A350,1385,11684,620.8,0.624,70.4,3060.9,1,289,1
B777,8491,11866,567.2,0.845,57.4,2850.1,9,340,1
B777,17192,5626,641.3,0.916,67.8,2769.3,9,210,1
B777,48968,13518,576.2,0.102,69.7,2984.5,5,64,1
B737,43579,16887,713.4,0.178,70.6,3017.5,3,254,1
A320,8742,6219,789.0,0.519,48.4,3020.3,9,27,1
B777,41739,4251,709.8,0.112,71.0,3256.5,22,121,1
B787,41796,2933,648.5,0.308,70.2,2905.6,1,41,1
B737,32048,12877,665.8,0.258,64.8,3217.6,17,235,1
B737,44562,9368,671.1,0.732,57.5,3039.7,18,283,1
A320,25555,10559,605.3,0.233,59.0,2821.7,13,181,1
A380,2698,17680,696.5,0.065,61.9,2814.2,4,92,0
A380,21077,17293,637.9,0.9,64.8,2733.2,4,216,1
B787,45191,2741,630.4,0.124,51.5,2926.2,17,116,1
A380,43247,7945,638.3,0.604,50.8,2753.7,3,55,1
A380,21378,4354,677.0,0.85,71.9,3116.1,10,283,1
A350,46178,7176,706.9,0.742,64.8,2850.0,16,302,1
B737,26791,12080,764.9,0.42,59.6,2917.6,9,89,1
B737,2510,15400,627.8,0.67,60.1,2946.8,20,353,1
B777,12784,18427,643.3,0.717,67.4,3101.1,17,119,1
A380,3808,5766,634.3,0.544,60.4,2952.1,4,98,1
A380,27916,968,579.3,0.948,46.8,2733.6,12,205,1
B777,20497,754,629.4,0.936,69.3,2934.3,9,256,1
A320,42267,5889,699.4,0.727,78.9,2929.1,16,340,1
B737,47916,19110,671.0,0.834,62.6,2665.0,24,354,1
B777,34510,1356,767.1,0.833,72.0,3088.8,17,217,1
A380,26895,7917,609.7,0.782,43.4,2955.5,12,39,1
A350,8169,17097,635.0,0.797,65.1,3312.0,21,52,1
B787,48515,17726,650.3,0.333,43.7,2851.2,17,171,1
B787,42517,1132,667.9,0.412,57.4,2499.0,14,317,1
A350,43515,11803,627.0,0.444,64.4,2997.5,7,76,1
A350,3319,16309,637.3,0.567,49.3,2827.9,20,341,1
A350,7786,15706,724.5,0.805,54.7,2867.5,18,351,1
A380,11564,429,706.5,0.699,53.2,3024.4,3,124,1
B787,40313,5487,674.2,0.12,67.8,2565.7,15,111,1
B737,29061,1658,697.8,0.18,56.9,3189.0,6,232,1
A350,43995,7285,678.7,0.107,56.9,2791.2,9,170,1
A320,2254,10557,624.9,0.126,65.6,3013.3,3,296,1
A320,39409,4505,686.0,0.957,67.9,2902.6,16,267,1
A380,18124,902,717.8,0.05,50.0,3138.5,10,176,1
A320,37530,12184,651.0,0.509,80.1,3060.6,12,184,1
B787,46773,16989,654.4,0.018,72.8,2671.8,6,271,1
B737,312,10092,730.9,0.401,77.0,2836.8,2,231,1
B787,39432,1918,720.4,0.644,57.5,3149.7,14,78,1
A380,8835,14321,679.5,0.812,66.6,3073.7,19,28,1
A320,298,18340,652.9,0.655,61.4,3056.8,10,199,1
A350,8223,2350,664.9,0.89,75.0,3237.3,19,343,1
B737,1011,15269,677.5,0.255,48.0,2872.7,2,142,1
B787,1242,16735,632.4,0.498,79.2,3075.7,23,141,1
B737,45997,2166,708.7,0.444,65.0,3000.5,24,362,1
A380,47843,17504,649.4,0.347,60.7,2911.4,19,1,1
B777,15560,17892,682.5,0.043,53.9,3044.6,21,23,1
B787,27658,1391,656.8,0.181,68.2,2979.5,21,223,1
B787,49785,11093,744.2,0.18,63.0,2633.2,7,335,1
B777,5489,4509,619.1,0.284,65.3,3323.7,18,253,1
B787,40637,713,699.3,0.457,71.1,2918.6,8,50,1
A380,22174,10105,666.2,0.266,63.8,3173.2,22,84,1
B777,29796,12942,696.9,0.556,73.1,2653.3,15,322,1
A320,9839,6114,674.4,0.285,43.7,2922.9,5,39,0
A350,43282,10651,695.4,0.607,70.9,2964.6,8,241,1
A320,4378,12564,647.6,0.238,48.9,3004.3,2,176,0
B737,31203,211,707.4,0.668,60.3,3123.9,6,195,1
B737,31162,10371,635.7,0.799,37.5,2888.7,5,201,1
A320,33614,2748,651.6,0.499,59.9,3064.5,23,58,1
B777,15658,3634,631.1,0.722,68.5,3163.1,13,189,1
A350,8629,1857,663.2,0.718,52.2,3038.4,16,128,1
B737,25099,18397,598.5,0.466,75.3,3062.4,6,322,1
B777,26111,5822,755.8,0.384,43.6,3046.1,21,168,1
A320,2599,19748,647.3,0.289,53.1,3025.7,12,153,1
A320,29818,18527,657.9,0.255,42.2,3006.7,14,186,1
B737,19461,11260,694.9,0.149,58.0,2567.7,4,13,0
B737,9701,11772,685.4,0.219,45.0,3225.3,19,69,1
B787,43185,19631,620.4,0.747,50.1,2833.3,8,47,1
B737,10991,7225,711.6,0.081,77.4,3190.2,18,98,1
A320,20581,10006,692.5,0.687,37.1,2969.5,21,329,1
B777,11018,19410,536.3,0.272,48.2,3144.8,16,118,1
B787,40456,3996,683.3,0.849,40.1,3212.2,11,138,1
B777,8963,18290,533.0,0.734,68.3,2818.6,3,125,1
A320,9976,18968,601.3,0.199,66.9,2968.0,1,183,1
A350,20938,7072,648.6,0.735,45.4,2985.2,23,347,1
A380,17873,18756,705.4,0.553,64.7,2832.3,12,62,1
A320,47960,11981,701.1,0.694,67.7,2970.8,22,57,1
B787,29277,1347,598.8,0.077,62.7,2974.5,15,132,1
B737,10312,17174,623.1,0.526,40.1,3018.1,22,280,1
B737,30094,15772,605.0,0.249,48.7,3219.9,11,360,1
A380,5304,18118,675.6,0.913,58.6,3202.2,3,47,1
B777,46323,9503,655.4,0.477,50.4,3255.4,21,229,1
A320,10066,18497,721.8,0.952,43.5,2761.1,21,172,1
B737,14954,15544,645.2,0.711,69.4,2783.1,22,104,1
A320,30739,11992,634.8,0.013,60.4,2862.7,10,182,1
A380,31729,14467,660.7,0.093,71.0,3175.3,19,215,1
B787,28782,8336,682.7,0.958,75.1,2888.6,3,233,1
B777,25774,17159,670.1,0.339,52.2,2974.3,22,153,1
A350,16206,10247,679.5,0.391,37.5,3066.5,21,131,1
B737,48458,10912,633.2,0.182,63.9,2605.7,7,158,1
A350,38087,16680,657.6,0.014,47.3,2943.6,4,45,1
A350,40204,5766,536.4,0.097,60.3,2954.7,1,248,1
A320,31430,3206,681.9,0.006,64.9,2968.1,3,220,1
A350,37676,16325,546.2,0.936,57.6,3192.9,1,107,1
B737,38373,18093,675.3,0.709,68.1,2632.4,5,123,1
A350,20678,1955,636.2,0.258,65.4,2796.4,22,122,1
B737,23669,6186,668.3,0.247,52.5,3018.0,18,132,1
B737,38757,4600,690.1,0.407,47.7,3114.8,24,53,1
B787,49235,18308,672.8,0.307,57.2,3258.8,15,302,1
B777,6132,18694,715.2,0.827,63.1,3212.7,22,69,1
A380,12366,8625,675.4,0.068,59.3,2921.7,2,140,0
A320,6016,18411,588.9,0.168,59.2,2706.9,18,272,1
B777,30230,7128,796.0,0.58,70.6,3009.5,3,24,1
B777,48854,6212,591.4,0.322,49.8,2989.0,14,71,1
B737,46271,6440,699.4,0.139,62.7,3164.4,7,363,1
B787,2003,8068,634.2,0.787,56.0,3198.7,22,190,1
A320,22626,3292,684.7,0.221,65.6,2925.5,3,70,0
B737,32861,4332,657.0,0.953,68.4,2816.8,10,96,1
B737,29674,13131,634.8,0.298,59.2,3195.3,21,112,1
A350,25600,17322,639.2,0.15,86.6,2857.8,1,312,1
A350,814,17018,685.9,0.581,58.3,2818.8,13,187,1
B777,34131,11876,639.5,0.85,52.4,2765.3,8,228,1
A350,2822,11226,570.9,0.738,80.5,2764.2,5,249,1
A320,37895,2880,665.8,0.088,59.5,3498.7,22,312,1
A320,12217,4458,701.6,0.356,49.5,3015.0,12,59,1
B737,22504,15982,680.4,0.75,58.5,2917.4,10,88,1
A350,8772,14342,652.7,0.12,49.3,2678.8,21,184,1
B737,45098,19019,575.8,0.417,65.9,2897.6,3,276,1
A380,23658,17756,647.7,0.552,60.6,3383.5,8,159,1
A320,43841,2554,643.2,0.263,67.3,2869.6,19,219,1
A350,41037,7910,555.7,0.962,58.5,3020.2,18,147,1
B787,4767,9983,571.0,0.493,57.6,2918.6,5,270,1
B787,23378,7024,559.2,0.893,60.2,3255.2,22,333,1
B777,45929,12469,674.3,0.543,39.2,2955.0,19,7,1
A350,38274,3147,642.8,0.84,69.7,3230.8,7,265,1
A350,13457,7965,667.0,0.953,48.9,2805.2,12,94,1
B737,17240,9081,727.9,0.934,77.6,3047.9,5,56,1
B787,31319,19516,629.4,0.435,61.2,2594.3,10,136,1
B787,24953,1211,599.9,0.969,52.9,3018.0,12,69,1
B737,37424,7635,688.9,0.296,69.3,3069.7,1,7,1
A350,8917,17397,638.9,0.632,60.3,2958.5,7,57,1
B777,13553,1187,688.6,0.803,54.2,3226.1,9,172,1
A350,8998,5946,675.0,0.079,62.6,2919.8,19,103,1
A380,23167,17071,602.2,0.764,75.5,3104.9,20,114,1
B787,2378,6574,621.7,0.989,55.4,3127.8,9,225,1
B787,48902,16906,606.5,0.212,62.7,2786.2,19,262,1
A350,21218,4610,657.2,0.819,67.6,3281.1,15,17,1
B787,41436,1888,726.5,0.562,59.1,3092.4,4,82,1
A320,23558,11926,665.7,0.916,57.9,2994.5,17,15,1
B787,42029,8686,684.2,0.447,47.2,3124.6,15,284,1
B777,37372,14481,744.7,0.793,68.9,2769.2,24,213,1
B777,10563,10454,682.7,0.719,51.0,2862.1,10,267,1
B787,25460,874,597.5,0.509,65.9,3101.3,24,15,1
B737,48150,15589,599.3,0.884,65.0,2770.1,12,105,1
A380,6271,110,608.7,0.889,57.3,2997.7,13,342,1
A380,46448,8618,612.1,0.984,65.7,3500.3,15,272,1
B777,30232,12681,577.8,0.267,70.9,3195.7,15,223,1
A350,7090,9863,644.7,0.572,81.7,3001.2,11,328,1
A320,21454,19641,614.1,0.262,54.3,2746.8,18,21,1
B777,24079,2158,714.0,0.87,47.1,3142.4,9,111,1
A320,8894,12673,726.9,0.692,63.3,3024.2,15,83,1
A320,17862,17441,640.9,0.795,58.7,3149.3,5,130,1
A350,47383,12998,621.8,0.896,56.0,3023.7,1,210,1
A350,15809,9008,599.5,0.528,52.5,3066.1,14,307,1
B737,26419,8216,645.2,0.975,60.8,2989.8,17,323,1
A380,38439,6276,719.6,0.61,43.8,3326.7,5,155,1
B777,147,16208,687.4,0.648,66.8,3036.1,3,138,1
A320,21169,8837,702.1,0.057,59.4,3054.4,17,6,1
A320,13544,8734,676.6,0.147,51.7,2942.7,20,255,1
A350,31277,6979,649.6,0.714,71.9,2718.4,16,302,1
A380,15703,476,703.2,0.598,73.5,3319.7,19,94,1
B777,38879,2689,581.9,0.97,50.4,2922.2,22,57,1
B787,43596,842,587.5,0.374,47.2,3116.1,22,147,1
A320,44883,5653,643.9,0.821,58.6,3240.4,5,25,1
B777,20497,3591,639.4,0.733,61.4,2971.6,23,9,1
B787,11886,12018,676.7,0.187,58.2,3302.5,24,101,1
B777,3798,283,589.9,0.187,61.5,2874.1,20,80,1
B737,27001,8059,676.2,0.176,52.6,2609.6,4,354,1
A380,40048,6823,606.5,0.375,51.2,2847.5,1,265,1
B777,1548,5916,633.8,0.139,70.0,3068.2,20,55,1
B737,35282,16920,757.2,0.868,74.2,3017.9,10,21,1
A380,21257,6162,649.5,0.669,49.6,3101.9,24,48,1
A350,45820,14312,648.2,0.822,48.1,2904.5,20,148,1
A350,10590,706,659.8,0.055,61.2,2522.6,9,222,0
A320,20403,13166,637.7,0.724,51.7,3045.3,23,204,1
A320,639,7101,733.8,0.411,75.3,3073.3,20,12,0
A380,45138,11948,642.4,0.766,49.3,3067.5,13,87,1
B787,49644,1831,669.7,0.633,59.4,2937.7,10,329,1
B777,4445,16075,554.8,0.32,46.5,3030.9,23,34,1
A320,28329,392,634.3,0.948,54.1,3010.7,6,299,1
A380,30729,6336,710.7,0.503,58.4,3011.8,7,301,1
A380,43858,6066,568.7,0.44,38.4,3140.0,18,327,1
A380,2675,2668,590.6,0.576,52.9,2693.1,21,1,1
A380,16862,9859,707.3,0.402,58.2,2947.1,15,164,1
B787,43691,17840,669.3,0.044,53.3,3099.7,14,252,1
B787,49471,1899,654.4,0.707,60.5,2846.6,9,281,1
A320,14010,15400,665.3,0.6,58.3,2969.5,19,249,1
A380,34946,18562,611.4,0.384,84.7,2729.1,21,136,1
A320,33510,16143,552.7,0.555,63.6,2662.1,14,355,1
B737,49523,17359,603.9,0.288,52.0,2620.3,4,67,1
B787,30064,4644,551.1,0.508,49.6,3023.6,19,184,1
B777,48606,7223,655.0,0.841,69.7,2874.5,13,151,1
A350,26920,5580,659.6,0.101,48.6,3033.9,20,149,1
B777,123,3989,660.1,0.552,67.1,3274.1,19,314,1
B787,15576,2332,544.3,0.82,75.1,2938.2,23,176,1
B737,26284,8882,711.1,0.849,67.3,3081.3,1,100,1
A320,42162,17897,647.5,0.001,69.5,2733.1,24,325,1
B737,13755,15298,622.6,0.339,64.2,2774.1,13,203,1
B777,18383,18227,602.8,0.63,65.0,2525.3,7,218,1
B777,38856,2752,702.1,0.556,47.7,2707.7,1,34,1
A380,20322,12664,677.8,0.528,78.2,2830.2,10,28,1
B787,21445,19673,604.1,0.038,79.3,2919.2,19,295,1
B787,36005,3201,698.5,0.366,49.8,2866.8,9,199,1
A320,49868,15781,551.1,0.611,62.0,2935.5,7,257,1
A350,33246,1708,660.4,0.298,68.9,3068.6,3,179,1
A380,20547,15536,763.6,0.207,67.0,2841.7,12,132,1
A320,26869,5524,612.8,0.822,76.9,2959.6,19,172,1
B787,5262,16498,544.2,0.653,68.0,3035.2,1,114,0
A380,30500,4970,737.9,0.898,64.5,2867.5,16,0,1
B737,34179,18484,713.1,0.766,60.4,2917.3,21,184,1
A380,14391,10475,645.7,0.073,61.8,3079.1,9,188,1
B787,9832,14593,687.5,0.554,69.8,3334.9,18,300,1
A350,32108,8847,597.3,0.262,67.5,3120.5,8,137,1
A320,49274,6114,726.9,0.973,57.9,2755.8,13,29,1
B787,30286,9200,666.5,0.5,61.4,2844.0,4,158,1
B777,22593,14376,666.7,0.665,59.5,2772.7,3,43,1
A380,40900,14741,631.7,0.01,56.4,3083.8,19,258,1
A350,13042,1736,709.5,0.631,43.5,3160.3,8,6,1
B737,37403,3638,682.1,0.044,55.1,2646.8,17,226,1
A350,27677,7489,714.9,0.333,65.9,2985.7,10,339,1
B737,35738,2570,647.7,0.147,62.6,2887.0,8,55,1
B737,21585,9180,620.9,0.47,69.5,2884.8,17,231,1
B777,29495,16601,674.4,0.887,66.1,2944.4,20,314,1
B737,35988,3363,686.9,0.623,78.9,2937.7,24,325,1
B777,35346,9700,715.3,0.238,54.4,2845.6,1,309,1
A320,29350,14596,653.6,0.627,58.4,3071.9,14,342,1
B777,33125,13237,665.5,0.588,37.3,2842.6,4,57,1
A380,49514,8297,632.7,0.527,54.1,2930.1,4,151,1
B787,1412,19098,657.2,0.272,62.9,2906.9,22,180,1
B787,10596,1550,705.2,0.422,66.6,3252.8,15,106,1
B787,16635,19570,577.3,0.416,58.3,2922.6,16,49,1
B787,16031,6595,619.2,0.23,51.8,3395.4,18,360,1
A350,41306,13283,562.7,0.695,79.5,3115.1,4,59,1
A350,18082,5615,650.2,0.807,53.4,2684.0,18,4,1
A320,12260,6470,669.9,0.264,40.5,2784.0,9,349,1
A320,32520,18170,531.0,0.911,42.5,2845.3,1,232,1
A350,9650,3954,582.6,0.8,73.5,3289.1,16,281,1
B787,21590,19596,658.1,0.846,66.9,3224.3,22,4,1
B787,45472,10657,546.4,0.782,65.5,3365.6,23,148,1
A380,16079,13998,664.1,0.96,54.2,3003.6,13,174,1
B737,48946,17433,677.5,0.146,38.9,2923.5,5,237,1
A350,12625,10301,669.3,0.088,46.5,2806.3,20,246,1
B737,18282,364,612.7,0.885,39.1,3190.0,5,253,1
A380,28034,5102,717.2,0.485,59.5,2778.1,9,244,1
B737,33114,278,672.4,0.301,72.6,3060.4,15,119,1
B737,42516,7200,647.4,0.917,49.5,2922.3,10,153,1
B787,36442,8340,614.0,0.393,60.9,3168.9,5,63,1
B777,48308,3093,705.5,0.135,68.6,2961.6,24,327,1
B737,11098,7882,697.6,0.095,44.9,3140.9,20,139,1
A380,36901,6287,689.8,0.523,65.7,2986.2,21,87,1
B787,25503,2822,583.6,0.016,62.4,2964.1,13,189,1
B737,17386,6627,642.5,0.951,55.1,3116.5,23,362,1
A320,36379,2125,628.2,0.11,74.9,3262.8,12,336,1
B777,512,8678,646.4,0.369,67.2,3127.2,17,313,1
A350,26353,16344,686.9,0.313,67.6,3213.7,24,123,1
B777,13331,13512,761.1,0.39,58.2,2720.6,17,171,1
A320,34905,795,605.4,0.745,71.7,3140.9,1,364,1
B737,6420,2693,560.1,0.513,40.8,3119.4,5,32,1
B777,28380,11641,653.7,0.087,56.8,3033.7,8,356,1
A320,22989,7579,696.8,0.095,56.1,2868.6,5,73,1
A320,43065,5638,672.1,0.305,54.7,3092.4,14,168,1
A320,34884,16362,623.4,0.202,53.0,3267.3,12,281,1
B787,24080,19843,553.1,0.486,68.4,2971.3,23,152,1
B737,7460,18532,742.1,0.964,54.4,2941.1,14,150,1
A320,16740,11888,554.1,0.686,59.3,2879.2,8,340,1
B737,6462,2437,764.8,0.9,86.5,3494.1,17,281,1
A380,32051,15633,662.6,0.535,60.4,3024.1,23,234,1
A350,1974,2688,548.6,0.645,55.6,2809.2,21,331,1
A320,16487,10866,613.9,0.27,53.3,2912.6,1,339,1
B777,41573,13304,721.2,0.146,58.0,2855.1,24,106,1
A350,20714,18946,576.1,0.088,57.7,2911.4,4,186,1
B737,39669,4923,554.3,0.384,79.2,3138.5,6,97,1
A320,44979,15043,568.6,0.249,61.5,3415.3,11,336,1
B777,8043,10119,698.3,0.136,55.7,2988.1,20,34,1
A350,5821,5165,623.8,0.919,82.9,2753.7,22,159,1
B777,14540,1022,667.5,0.134,53.8,2671.9,20,39,1
A320,15944,6282,593.7,0.05,45.0,3104.5,6,82,1
B777,21294,418,731.7,0.083,55.1,3073.9,11,327,1
B787,21149,15251,619.0,0.005,42.6,2931.7,6,147,1
A380,46986,18788,639.8,0.218,63.5,2851.0,10,117,1
B787,49313,11008,648.6,0.243,59.5,2658.2,12,335,1
B737,24677,7660,701.5,0.661,63.7,2997.6,7,210,1
B737,18288,7981,699.3,0.125,55.0,3021.5,16,181,1
B777,41458,5029,653.1,0.207,62.0,2694.7,7,2,1
B737,6818,9634,732.1,0.905,75.8,2781.7,24,19,1
B737,1662,17628,700.3,0.034,67.8,3126.7,8,338,1
A380,30976,19170,614.7,0.047,69.7,2752.2,20,175,1
A350,7780,17586,608.4,0.409,66.3,2840.1,17,344,1
A380,45935,2832,617.5,0.865,75.4,3128.1,18,27,1
B737,2986,3515,604.6,0.984,61.8,3330.9,20,274,1
B787,3000,3661,607.1,0.15,60.6,3099.9,21,227,1
A380,22813,7515,642.6,0.613,60.0,3128.1,14,230,1
A380,27088,7649,602.5,0.005,52.7,3023.7,23,364,1
A320,43966,8589,576.6,0.952,58.2,2797.7,13,193,1
B787,42508,2304,635.5,0.6,74.1,3035.7,3,38,1
B787,31481,17921,686.1,0.241,53.4,3040.9,2,270,1
A350,12641,11895,689.6,0.492,59.6,3295.3,3,106,1
B737,7249,18172,773.9,0.63,69.5,2906.1,11,293,1
B737,14725,5028,597.9,0.011,59.4,3075.9,1,179,1
B737,31890,11193,539.7,0.072,58.6,3153.9,16,208,1
A380,7334,2276,678.6,0.97,64.4,2945.2,7,334,1
B787,41254,7575,634.7,0.779,68.2,2809.8,23,40,1
A380,35599,5018,675.0,0.529,45.5,3048.5,22,331,1
B737,5311,16830,668.6,0.228,69.6,3009.6,4,345,1
B787,42824,19163,729.7,0.082,61.9,2890.8,6,315,1
B787,20683,19813,589.7,0.788,45.0,2893.3,6,344,1
A380,22847,11088,663.1,0.886,65.3,3382.7,10,95,1
A350,19869,13431,625.8,0.254,70.6,2833.9,16,2,1
B787,36829,16477,497.2,0.161,59.5,2996.9,7,314,1
A380,22063,18077,694.1,0.963,64.5,3254.0,23,235,1
B737,6409,2713,731.2,0.444,63.5,2766.3,7,154,1
A350,49756,16928,668.2,0.766,72.2,2718.1,15,176,1
A320,28437,10104,703.6,0.433,67.4,2906.3,17,103,1
A320,47454,18121,584.6,0.267,57.2,2771.1,13,159,1
B787,597,2771,662.3,0.48,46.0,2992.4,10,113,1
B737,40814,8222,654.1,0.449,51.3,3330.2,7,32,1
A380,38427,13215,659.3,0.522,67.9,2653.0,9,286,1
A350,17370,10489,591.9,0.899,67.7,3053.2,6,37,1
B737,35556,18476,723.8,0.107,48.7,2956.7,1,326,1
A320,24487,4347,730.6,0.519,52.4,2893.7,20,288,1
B787,19345,3126,650.2,0.061,56.5,2968.3,2,359,1
A350,35093,14223,674.4,0.607,74.1,3032.7,10,27,1
B737,35715,266,642.4,0.592,54.5,2952.1,18,287,1
A380,3944,16893,573.2,0.93,48.4,3156.8,3,136,0
A320,18208,17577,585.7,0.845,74.7,2856.9,13,188,1
B787,5095,7834,771.6,0.214,59.1,3123.6,10,145,1
B737,3152,6378,598.2,0.406,58.0,2885.8,7,15,0
B737,15764,2653,591.9,0.156,54.9,2938.7,17,230,1
B787,6675,13849,634.7,0.695,52.7,3365.1,24,36,1
A320,3140,14030,742.2,0.586,63.7,2948.4,11,180,1
B777,16224,7571,589.8,0.867,57.7,2908.5,14,344,1
B777,33058,18727,778.7,0.682,50.8,3009.1,22,160,1
B737,31346,10355,720.4,0.092,51.8,3256.3,17,276,1
A350,20459,6840,587.5,0.075,69.0,3409.7,4,57,1
B787,36440,402,709.9,0.061,70.0,3085.3,9,138,1
A380,23300,11716,596.1,0.215,56.5,3212.7,23,214,1
B737,19191,14156,609.7,0.986,60.3,3305.1,4,212,1
A350,12092,8277,666.0,0.23,64.5,2886.7,2,294,1
B787,21829,19508,703.2,0.359,59.6,3178.4,17,113,1
A320,36012,14966,647.1,0.556,57.0,3226.2,22,351,1
B737,27023,362,642.1,0.346,60.2,3058.3,7,295,1
A320,42985,14815,618.3,0.15,69.9,3064.6,8,350,1
A320,34651,2361,658.4,0.701,55.0,3162.4,9,236,1
B787,21549,14591,657.3,0.822,57.5,3054.0,12,28,1
A350,37335,13191,664.3,0.692,74.0,2796.0,20,211,1
A320,7935,14027,698.8,0.614,65.2,2876.7,1,95,0
B787,14089,6592,608.3,0.183,71.4,2974.7,3,187,1
A380,6933,14443,679.0,0.677,61.5,3268.2,20,351,1
B777,33710,655,656.8,0.297,69.4,3022.8,16,276,1
A350,190,13162,666.7,0.732,84.8,2676.7,3,122,0
A350,21593,2017,737.7,0.999,64.8,3006.4,9,65,1
A320,46106,15695,644.2,0.363,48.3,2668.2,18,320,1
A380,42041,5071,632.4,0.787,51.7,2884.0,24,231,1
B787,33533,17525,616.6,0.509,61.4,2690.2,18,324,1
B737,2177,15880,622.4,0.362,59.4,3009.6,7,333,1
A350,27031,647,663.8,0.46,67.8,3198.7,19,60,1
B777,10714,11502,519.7,0.971,44.3,2838.4,4,9,0
B777,26586,6775,568.5,0.66,49.3,2866.9,24,230,1
B777,9050,16329,621.8,0.416,59.8,3207.3,18,204,1
A320,13228,6702,595.9,0.918,59.4,2968.0,24,289,1
B787,8623,15086,703.6,0.428,48.5,2884.5,16,7,1
A350,25906,17681,715.1,0.306,78.9,3124.3,16,170,1
B777,24373,5780,652.7,0.803,64.8,3054.0,9,32,1
A320,43882,3266,657.4,0.415,57.1,2852.7,21,79,1
A380,20928,10273,648.5,0.564,68.6,3107.0,5,217,1
A380,42749,11225,571.0,0.225,53.4,2599.8,12,249,1
B737,19961,3698,589.6,0.307,82.1,2991.1,6,232,1
A320,29516,12992,551.9,0.642,53.1,2912.3,22,74,1
A350,14238,14821,611.3,0.497,56.8,2841.7,9,267,1
A320,10565,12346,708.1,0.48,78.0,2733.9,24,21,1
B777,29456,15092,685.8,0.504,53.2,3061.9,10,166,1
B777,27728,9517,616.7,0.095,58.7,3242.5,6,86,1
B737,46190,17752,629.8,0.14,58.1,2919.8,14,129,1
B787,12739,9360,592.9,0.958,45.6,2792.2,11,51,1
B737,44359,17207,680.5,0.848,64.1,2899.5,18,305,1
A380,10095,17307,735.0,0.926,68.6,3239.5,24,311,1
B737,3488,8387,738.4,0.798,66.4,2840.7,17,349,1
A380,29471,19167,705.9,0.521,60.5,3165.5,3,358,1
A380,33772,6845,589.0,0.578,38.0,2699.6,3,19,1
B787,18568,19647,643.3,0.305,64.9,2909.1,14,150,1
B737,41077,4391,650.0,0.834,53.0,3086.0,1,113,1
A320,11933,11666,574.6,0.144,49.7,2944.5,5,197,1
B787,48960,17285,700.7,0.462,62.1,3236.3,11,112,1
B787,1110,15165,611.2,0.428,55.2,3120.1,6,270,1
A320,37249,12625,776.2,0.455,52.6,3066.2,11,68,1
B787,1649,12934,611.9,0.454,72.6,2961.9,16,350,1
B737,40245,17281,673.3,0.814,58.2,3120.2,2,326,1
B777,17796,1209,565.6,0.225,55.9,3005.5,4,310,1
A320,15276,15711,589.9,0.973,67.6,3054.7,1,286,1
B737,15695,16371,583.7,0.514,58.8,2909.3,6,252,1
A380,18069,16745,717.2,0.711,65.6,3285.8,7,301,1
A320,22515,19940,637.0,0.637,40.1,3239.8,13,43,1
A320,2282,4218,623.0,0.829,39.2,2763.7,5,153,1
A350,37090,14524,742.1,0.036,50.3,2734.8,23,318,1
B787,45528,15183,569.8,0.038,58.1,2880.5,3,123,1
B737,24862,7083,734.4,0.737,71.5,3134.5,12,230,1
B787,22090,3932,639.7,0.495,44.9,2583.9,19,35,1
B737,27881,14043,710.4,0.97,46.5,3002.1,12,356,1
A380,7782,9951,599.5,0.471,70.5,2885.4,23,347,1
A320,32626,3516,698.3,0.201,50.5,2675.3,13,290,1
B737,36381,7851,661.7,0.866,49.2,2936.1,9,338,1
B787,43558,14045,545.3,0.474,69.5,3024.6,10,157,1
B787,16077,5826,531.5,0.05,31.1,2886.3,6,218,1
A320,40854,3832,730.6,0.755,64.0,3246.2,1,245,1
B787,25113,18609,531.0,0.378,71.0,2987.1,8,139,1
B737,12666,9008,667.4,0.854,59.2,3006.6,11,32,1
A350,18724,14779,599.1,0.111,57.5,3166.5,13,255,1
B777,27772,12312,593.7,0.06,68.0,2821.6,2,287,1
A320,12238,9550,725.2,0.711,62.9,2883.4,23,361,1
A350,45159,19355,641.7,0.357,37.8,2981.3,6,314,1
A320,31513,9015,609.8,0.729,40.0,2868.7,18,42,1
A350,36496,7264,645.4,0.804,64.9,2702.3,3,14,1
B777,46340,6976,758.8,0.405,49.0,2994.3,12,194,1
A320,49412,12338,657.5,0.395,62.4,3027.3,7,114,1
A380,14884,8199,617.5,0.739,64.9,2951.3,5,177,1
B787,39371,5814,670.3,0.64,62.0,3204.0,8,346,1
A350,33632,14702,587.6,0.353,49.5,3025.7,11,185,1
A350,48763,11858,682.4,0.006,59.2,3151.1,9,244,1
B737,47043,1825,697.5,0.206,50.0,3052.9,23,166,1
B787,47248,6369,627.8,0.597,58.5,3170.8,24,250,1
A380,21032,9280,648.9,0.341,57.2,3367.1,2,119,1
A380,13902,11046,663.5,0.38,53.4,3033.2,6,36,1
A320,26112,2910,654.5,0.815,66.5,3176.3,16,235,1
B787,3374,129,697.2,0.316,76.6,3072.2,1,222,1
A380,36225,13292,695.1,0.867,62.1,3201.6,13,81,1
A350,17595,15232,636.5,0.887,50.6,3127.3,15,1,1
A350,4888,15865,615.0,0.133,51.4,2871.0,3,347,1
A350,3389,18033,596.9,0.692,51.3,3033.1,22,138,1
B777,18853,4817,612.8,0.751,60.9,2919.3,2,108,1
B787,46021,2676,591.2,0.385,51.6,3054.7,21,68,1
B787,44632,12789,713.1,0.969,64.4,3187.8,11,266,1
B737,45363,9930,669.8,0.866,58.8,2985.4,16,292,1
B787,22757,16197,606.1,0.395,54.6,3054.9,22,254,1
A320,46063,11637,655.8,0.717,70.7,3403.5,22,165,1
B777,3178,4725,644.9,0.989,53.9,3027.1,14,200,1
B737,14486,11059,684.4,0.934,51.7,2917.5,11,2,1
B737,926,10241,694.2,0.24,46.7,2732.0,18,142,1
B787,44419,19502,714.2,0.961,88.9,3211.6,18,56,1
B737,6698,5113,596.4,0.617,65.4,3048.8,17,298,1
A320,27416,16188,579.9,0.096,72.4,3252.9,13,234,1
A350,34567,18648,696.6,0.706,58.4,3066.6,8,334,1
B777,42006,11097,614.3,0.989,55.9,3276.1,4,194,1
A350,31029,10020,631.1,0.333,56.7,3097.2,23,135,1
B777,20547,5137,654.9,0.057,54.8,2886.7,21,308,1
A380,10416,18310,666.9,0.33,58.4,3049.7,14,205,1
A380,14637,5165,615.4,0.286,59.1,3092.0,8,271,1
B787,30546,7553,714.4,0.15,74.3,3214.7,5,337,1
B777,6750,14662,677.3,0.628,64.6,3013.0,7,296,1
A320,47417,2985,728.3,0.044,66.9,2686.2,16,168,1
A350,33975,8367,687.1,0.217,74.4,2923.1,5,182,1
A320,40108,17772,688.8,0.995,44.2,3084.7,1,189,1
A350,13805,10367,714.7,0.62,55.9,3063.2,14,347,1
B787,45727,5494,700.5,0.115,70.7,3019.7,1,0,0
B737,10971,13915,729.7,0.987,51.7,3054.9,1,153,1
B737,28629,15760,542.5,0.313,45.0,3007.6,12,120,1
B787,12757,15146,621.4,0.102,47.9,2941.1,17,341,1
A320,22437,7683,596.4,0.512,69.4,3196.9,12,10,1
A350,19388,1702,565.9,0.996,73.4,3070.1,17,251,1
B737,14999,4060,684.9,0.994,58.4,2903.8,5,35,1
A350,335,5937,749.5,0.471,63.8,3139.5,23,255,1
A380,10474,6980,631.9,0.408,59.5,3116.6,6,170,1
B787,34716,18792,652.4,0.852,62.0,3058.9,8,86,1
A380,41766,8495,669.2,0.568,51.4,2672.1,3,221,1
B737,11230,1230,616.7,0.735,37.5,2915.3,19,140,1
A350,19387,12212,659.5,0.443,54.5,2896.7,7,285,1
B737,33942,9482,742.8,0.552,70.1,2702.0,16,15,1
A320,36586,12823,619.4,0.439,72.9,2652.8,22,361,1
A350,13014,9275,621.9,0.085,52.6,2925.1,15,39,1
B737,6258,6041,624.2,0.492,54.5,3079.7,21,298,1
A380,14786,6998,631.3,0.427,64.6,2987.8,16,18,1
A350,28168,11963,659.2,0.53,79.9,3176.6,14,201,1
B737,27623,2550,596.5,0.237,70.7,3284.1,2,94,0
A320,2926,9745,650.6,0.833,72.1,2758.9,24,136,1
A350,25635,430,627.6,0.634,46.7,3231.2,12,5,1
A350,31174,19854,666.5,0.766,76.3,2933.1,21,208,1
A380,13425,17835,680.1,0.423,54.3,2903.2,18,339,1
A380,45877,19316,656.8,0.668,54.1,3138.6,19,230,1
A350,34795,6757,677.6,0.753,69.1,3256.9,17,347,1
B787,33156,6752,599.3,0.534,67.4,2736.9,3,178,1
B737,34302,14557,648.9,0.917,66.2,3093.4,16,87,1
A380,44115,16976,655.7,0.043,68.3,3108.3,8,152,1
B777,9747,8109,641.9,0.954,58.7,3067.4,4,124,1
A320,18055,2622,626.8,0.9,71.1,2997.8,8,215,1
A350,9592,187,643.0,0.825,71.6,3082.2,19,199,1
B787,20295,238,682.3,0.603,75.1,2840.2,5,58,1
A350,37621,12605,616.5,0.056,70.1,2957.0,1,188,1
B737,25021,8444,656.0,0.134,44.7,2995.0,10,104,1
B787,27494,5328,689.1,0.729,56.8,3111.9,20,57,1
B787,7881,3873,689.1,0.998,57.9,2992.0,12,168,1
B737,5059,17701,605.2,0.716,62.0,2914.5,7,103,0
B777,28839,19603,659.7,0.129,65.1,3043.9,2,159,1
A380,19666,15873,653.5,0.923,58.8,3415.7,24,235,1
A380,20647,9001,662.8,0.05,65.8,2959.4,17,169,1
B737,46960,16322,686.2,0.753,61.7,2674.7,9,72,1
B737,15163,16212,617.6,0.076,48.8,2908.2,16,67,1
B777,18668,11573,699.5,0.036,43.6,2864.4,15,186,1
A320,18709,7668,626.2,0.689,49.1,3066.0,5,171,1
A320,20734,2344,661.8,0.348,46.4,2813.6,3,261,1
A350,17040,16894,640.1,0.429,40.9,3101.5,4,173,1
B737,15801,9732,718.7,0.501,68.2,2817.4,5,266,1
B777,43629,2147,656.3,0.41,75.5,2992.1,22,360,1
A350,309,6813,686.1,0.912,54.6,3099.8,20,61,1
A380,37652,13279,609.7,0.077,65.1,3135.2,11,318,1
B737,37620,8747,642.8,0.343,76.5,2815.6,9,127,1
A380,18978,18540,676.7,0.248,65.9,2883.2,21,79,1
B737,27785,2234,570.4,0.235,50.6,2860.0,6,29,1
A350,40235,18305,630.4,0.213,59.1,3138.8,14,273,1
B787,31069,19348,614.9,0.72,47.4,2780.8,5,120,1
B787,44034,11193,580.7,0.316,51.0,2875.9,6,65,1
A320,142,8294,551.9,0.771,52.6,2948.1,1,125,1
B787,36821,8144,665.5,0.569,36.8,2635.1,8,115,1
B737,18134,1304,611.6,0.377,60.1,3113.5,19,224,1
B777,30622,16089,546.5,0.442,42.4,3138.1,22,12,1
B777,22819,3734,685.6,0.314,59.1,2998.8,8,356,1
A380,20540,11475,619.4,0.241,63.6,2751.6,5,108,1
A320,30137,10602,619.3,0.53,64.9,3059.0,4,284,1
B787,21816,4803,710.2,0.468,62.0,3464.6,9,77,1
B787,20464,12899,596.9,0.243,64.6,3077.4,16,198,1
B787,18100,17918,661.5,0.974,74.4,2713.1,13,195,1
A350,26857,19682,676.6,0.286,72.9,3011.5,20,82,1
A350,18064,19807,683.7,0.123,57.1,3079.1,21,218,1
A320,23173,7356,545.6,0.403,52.4,3103.3,3,96,0
B787,16203,12900,694.7,0.135,79.6,2632.1,20,49,1
A350,16752,18755,628.1,0.935,58.4,3099.9,10,3,1
A380,49394,1244,642.4,0.842,55.6,3082.5,17,220,1
B787,29092,7643,693.2,0.244,71.0,3280.5,11,280,1
B787,32349,857,667.0,0.168,65.8,2820.5,13,361,1
B777,4078,8291,591.1,0.428,71.9,2946.6,9,274,1
A380,48063,8849,720.9,0.51,62.7,3109.2,11,179,1
A350,9575,5400,652.8,0.464,73.2,2731.9,17,165,1
A350,31267,6224,679.3,0.719,55.1,2989.8,24,143,1
A350,12168,2210,593.0,0.841,53.0,2877.0,21,145,1
B737,20667,15596,647.6,0.175,48.9,2871.9,5,210,1
B787,37163,14909,633.0,0.565,80.3,2600.4,24,190,1
B777,28114,8208,599.8,0.618,50.0,2907.9,12,102,1
B787,26008,12415,589.4,0.278,54.9,3269.2,8,16,1
A380,2756,4317,670.7,0.294,63.7,3290.5,17,327,1
B777,13458,7749,644.5,0.662,65.9,3137.4,9,64,1
B777,24948,5154,674.6,0.154,74.3,3213.6,21,268,1
A350,19877,3047,614.1,0.346,52.0,3126.2,24,174,1
B737,9384,11753,620.2,0.226,37.8,2847.5,1,155,1
B737,6987,13817,655.3,0.579,65.2,3048.3,11,81,0
A350,40280,8596,684.5,0.865,83.3,2982.0,18,305,1
B787,44577,2988,652.7,0.294,61.8,2602.8,17,250,1
A380,31501,17100,627.7,0.283,57.7,2865.2,14,173,1
B737,31171,8096,717.5,0.314,77.0,3204.5,23,105,1
B737,42007,11236,610.5,0.875,63.5,3050.2,8,312,1
A350,27607,1757,599.2,0.195,50.9,3067.8,7,167,1
A380,43166,2513,697.2,0.071,43.9,2869.0,19,267,1
A380,32201,19430,743.0,0.019,36.7,3212.4,22,185,1
B737,32649,4470,695.5,0.731,50.5,3146.7,23,60,1
B737,3317,13504,621.8,0.297,64.0,2684.2,19,222,1
A350,41646,13630,694.5,0.87,62.4,3028.7,20,59,1
B777,25599,2715,577.7,0.634,43.0,3022.0,22,15,1
B787,36733,6842,583.1,0.052,62.8,2878.5,10,101,1
A320,16136,9493,693.7,0.678,56.8,3210.5,23,322,1
B737,3095,15504,637.0,0.002,85.2,2805.7,6,272,1
A350,32140,8730,691.1,0.49,54.4,3118.7,6,181,1
A320,14735,17870,672.9,0.517,39.0,2687.2,13,350,1
A380,6947,19615,646.7,0.167,74.5,2757.5,14,91,1
B787,41439,14863,632.7,0.288,66.4,2901.1,6,356,1
B737,47322,5583,638.2,0.381,74.3,3243.7,20,109,1
A350,9167,8682,656.7,0.063,56.1,2757.2,17,65,1
A380,16422,14238,586.4,0.282,81.8,3001.0,8,355,1
B777,31494,2740,681.7,0.352,63.7,2939.8,14,120,1
A350,23185,10924,575.1,0.887,53.2,3068.0,12,43,1
A350,38865,7325,768.0,0.688,64.8,2756.1,6,102,1
A350,4293,2991,705.1,0.851,50.2,3018.8,20,115,1
A350,41872,12839,612.7,0.336,53.7,3271.1,2,131,1
B737,30002,2665,725.3,0.965,46.0,3333.9,13,92,1
A350,3281,6565,608.1,0.509,55.5,2681.9,1,16,0
A350,23256,13018,714.4,0.176,68.5,3156.3,11,338,1
B777,30970,313,667.6,0.514,56.4,3110.0,22,129,1
B787,41815,6420,720.3,0.725,65.6,3069.8,3,270,1
A320,34097,11589,586.6,0.898,66.1,3031.0,13,362,1
B737,9376,6625,702.8,0.188,63.8,3426.2,6,307,1
B737,24265,6848,555.9,0.389,54.0,2866.9,4,290,1
A320,27083,12642,645.4,0.533,51.3,2573.4,8,191,1
A380,9196,9852,545.5,0.936,57.7,3120.3,3,246,1
B787,49935,11407,627.3,0.217,75.1,2810.0,17,326,1
A320,47503,11242,649.2,0.819,72.5,2614.6,22,65,1
B787,4239,9483,709.5,0.017,67.2,3017.7,18,280,1
A350,32812,13172,621.5,0.668,50.6,2929.0,12,362,1
B737,49027,6357,718.3,0.359,59.3,2825.2,5,102,1
A350,39457,6459,724.7,0.756,73.2,2821.5,8,283,1
B777,15220,10001,607.6,0.046,60.2,3090.1,19,103,1
B787,43551,18352,728.3,0.987,69.8,3222.6,14,25,1
B737,46178,4589,595.1,0.59,50.6,2580.7,3,21,1
A320,11986,6091,549.6,0.035,49.5,3174.3,10,283,1
A320,48161,362,644.4,0.08,50.5,3267.1,3,156,1
A380,8082,17366,638.5,0.465,43.4,2970.7,17,213,1
B737,11823,11169,619.1,0.709,51.5,2703.5,13,261,1
A320,10505,17078,609.9,0.61,58.9,2819.2,3,147,1
A320,8606,5965,673.2,0.151,59.9,2698.7,9,272,1
B777,6404,3053,567.7,0.681,51.8,2777.2,20,309,1
B787,19107,14155,673.2,0.79,56.1,3017.7,3,283,1
A380,23108,14336,640.3,0.94,43.6,2941.2,18,83,1
A350,49522,2306,588.5,0.813,70.8,3116.8,9,31,1
A350,18177,5342,613.9,0.128,56.5,2992.2,6,40,1
A380,10636,10643,588.4,0.386,59.1,2890.6,18,206,1
B777,422,7603,688.4,0.662,42.7,2967.0,15,280,1
A380,28573,10688,629.1,0.96,67.2,2762.9,16,108,1
B737,19141,3137,581.4,0.046,62.5,2951.7,23,313,1
A350,31936,9704,680.3,0.933,57.3,3066.8,1,175,1
B787,47055,3650,674.4,0.542,51.4,2951.6,2,0,1
A380,34657,19121,619.4,0.668,64.5,3178.9,21,185,1
A380,49884,12557,684.0,0.158,49.9,3006.2,7,22,1
A320,115,14100,639.6,0.535,71.3,3284.6,15,362,1
B777,22972,14952,690.5,0.519,73.9,2826.7,2,178,1
A320,19516,5085,578.6,0.342,50.3,2929.2,2,65,1
B787,46896,1379,687.7,0.285,64.1,2651.2,24,254,1
B737,17190,14716,679.8,0.728,50.7,3183.3,18,80,1
A350,21239,11239,739.4,0.838,42.3,2827.2,12,163,1
B787,27128,16157,641.5,0.442,53.8,3301.9,17,134,1
B737,18258,12117,641.5,0.623,57.1,2627.9,17,230,1
B787,10900,15873,654.4,0.933,48.2,2862.5,23,358,1
A380,15055,15205,667.5,0.943,62.6,3291.6,4,134,1
B787,45298,5655,648.9,0.908,63.2,3177.2,24,254,1
B787,46814,10244,680.4,0.946,75.6,2483.1,10,57,1
B777,42250,1547,623.3,0.417,66.1,3078.3,24,293,1
B777,41643,764,678.0,0.744,72.3,2820.5,19,86,1
B787,17163,19774,692.0,0.525,57.7,3159.3,1,85,1
A380,45906,2709,699.5,0.762,64.9,2909.9,2,338,1
A320,23835,7466,663.5,0.826,63.9,3145.4,7,141,1
A320,22060,1668,667.8,0.628,51.5,2730.6,7,299,1
A380,7468,5874,639.2,0.034,61.8,2958.5,11,350,1
A350,5270,11283,639.8,0.777,66.6,3064.5,23,91,1
B737,25279,17610,714.8,0.995,61.3,2814.8,4,100,1
B737,22262,6628,604.7,0.736,61.1,2936.6,14,328,1
A320,10370,18957,601.0,0.024,51.5,3310.7,24,194,1
A320,7571,5262,671.0,0.766,79.8,3083.5,10,323,1
A380,11534,10021,571.1,0.573,53.3,2632.5,14,133,1
A380,47869,4196,662.7,0.857,56.3,2953.3,7,338,1
A350,41215,3485,630.8,0.164,74.0,3174.1,5,100,1
B777,29890,10726,615.1,0.84,75.1,2901.4,7,157,1
B787,25117,5187,717.9,0.943,57.6,3111.9,14,242,1
A350,38511,14246,653.0,0.471,59.3,3200.6,7,159,1
A380,8290,2781,552.5,0.462,70.5,2719.4,3,4,0
A320,2209,9621,583.8,0.729,70.7,3088.2,11,311,1
A380,28105,4208,699.7,0.315,63.7,3055.0,4,119,1
A350,5234,8129,635.0,0.836,66.6,3219.5,19,311,1
A320,2022,3783,742.8,0.851,62.5,2936.0,24,310,1
A380,15680,8217,598.6,0.633,37.0,3077.8,4,118,1
A320,43545,7796,703.0,0.523,68.6,3294.1,15,251,1
A350,42219,9724,700.6,0.838,46.9,3206.8,18,225,1
B737,7641,16521,571.6,0.179,49.5,2906.5,10,297,1
A320,40577,3993,621.0,0.121,57.6,3002.4,21,289,1
A380,39492,16916,715.6,0.037,54.4,3358.2,10,361,1
A380,4614,6161,715.1,0.002,53.8,2542.5,16,112,1
B777,38633,16666,644.6,0.663,80.6,2682.0,20,67,1
B777,25676,6609,648.3,0.216,71.2,3225.1,2,135,1
B737,16709,2846,593.2,0.854,63.8,3054.9,9,279,1
A380,12388,4744,715.2,0.408,70.2,3219.1,12,75,1
B787,34913,2473,680.8,0.625,77.2,3027.5,22,364,1
A350,22084,13963,578.0,0.681,50.7,3128.5,4,12,1
A320,2139,8366,647.4,0.571,55.7,3224.6,22,3,1
A380,31522,18060,701.7,0.125,64.2,3083.2,1,197,1
B787,3084,11926,642.6,0.383,60.5,2987.3,7,33,1
A350,27738,16991,680.0,0.06,56.1,3273.0,11,114,1
A380,40156,16446,630.8,0.186,70.2,3078.0,4,114,1
A320,6966,2564,652.3,0.378,57.6,3041.7,14,25,1
A380,16525,12731,671.8,0.734,47.0,3386.8,21,29,1
A350,28093,8703,664.3,0.513,74.0,2779.0,4,30,1
A380,8246,194,638.3,0.707,75.5,2700.4,13,151,1
B787,38984,13585,626.9,0.541,80.0,3397.3,5,305,1
A320,21797,2909,686.7,0.027,79.7,2645.6,6,295,1
A350,14379,12152,730.7,0.497,57.4,3377.4,11,101,1
A380,48844,10031,676.8,0.133,56.3,3021.5,11,81,1
B777,16942,15375,566.8,0.849,41.3,2736.0,15,164,1
A350,13211,13323,598.7,0.612,50.5,3084.5,7,302,1
B737,4941,3156,614.8,0.632,63.6,2799.2,8,336,1
A320,37416,17252,531.9,0.614,44.5,2877.4,9,193,1
A350,11363,12668,712.9,0.448,65.9,3093.3,2,34,1
A350,30707,17627,592.6,0.27,64.4,2828.4,10,161,1
B737,15132,981,664.9,0.186,52.4,2824.3,19,255,1
A350,7366,14193,637.3,0.484,65.8,3167.8,23,217,1
A320,11438,8800,648.9,0.547,66.5,2871.4,7,151,1
A350,42951,5874,630.2,0.451,49.2,2801.7,12,178,1
B787,4609,5287,585.7,0.647,55.3,2601.8,17,258,1
B777,26453,16833,738.5,0.591,62.5,2815.0,24,7,1
A320,3046,8285,590.7,0.33,50.4,2824.7,8,179,1
B777,4951,10465,614.4,0.141,31.0,2799.9,7,116,0
A350,25960,17338,719.0,0.229,62.1,3302.5,16,96,1
A320,25200,3737,641.8,0.27,51.4,3276.6,13,20,1
A320,22926,11462,660.9,0.72,43.7,3030.8,18,130,1
B777,43909,10766,679.7,0.916,49.5,2886.8,3,13,1
A320,41914,9749,720.5,0.143,44.8,2859.3,2,289,1
B787,783,5346,660.0,0.358,56.4,3017.2,11,238,1
A350,39178,399,603.8,0.036,76.3,3008.7,3,61,1
B787,42509,1498,569.0,0.173,70.1,2781.0,6,315,1
A320,33523,2457,669.2,0.336,63.0,3203.1,11,67,1
A350,17001,4794,691.1,0.253,55.3,2876.2,12,213,1
A320,17516,8014,580.9,0.709,62.4,3029.3,12,307,1
B787,44566,9502,632.9,0.075,67.5,2816.6,14,152,1
B787,35967,4443,630.1,0.726,71.6,2731.7,23,52,1
A320,22240,14774,583.6,0.584,52.4,2610.0,18,132,1
A380,48661,18689,772.7,0.509,40.0,3038.9,24,22,1
A350,47030,2070,550.0,0.494,79.1,2976.6,19,88,1
A320,2526,7737,657.4,0.557,72.9,2796.8,3,205,1
B737,3275,19944,627.1,0.858,60.0,2987.4,8,237,1
B777,17918,8801,605.9,0.488,54.7,2958.2,17,56,1
A320,24370,1643,650.6,0.672,54.1,3149.7,20,88,1
A380,31151,15388,705.2,0.078,53.5,2723.3,9,79,1
A320,24588,13763,753.6,0.545,43.7,3103.9,5,29,1
A380,15707,12740,662.7,0.526,56.9,2829.0,2,14,0
B737,37465,675,633.5,0.982,58.2,2992.0,5,345,1
B737,22101,4180,620.0,0.268,48.6,2473.9,12,346,1
A350,45988,10049,592.4,0.021,60.2,2804.4,12,84,1
B777,48884,18298,725.8,0.916,70.2,2926.7,16,201,1
B787,39184,16726,695.5,0.518,54.3,2973.7,4,326,1
B737,49028,17491,629.9,0.144,71.3,2970.6,17,263,1
B777,3942,5826,668.8,0.112,63.4,2724.6,7,166,0
A320,24532,10441,623.2,0.976,62.8,3178.5,15,124,1
A380,27288,11623,721.6,0.373,50.3,2743.5,3,313,1
B787,41326,16439,678.5,0.55,74.4,3106.8,4,215,1
A380,32120,1228,701.8,0.309,63.4,2820.3,17,149,1
B777,2166,4313,667.9,0.018,64.8,3165.5,16,258,1
B787,28154,11909,651.4,0.771,69.7,3044.8,23,147,1
B777,7854,8995,668.1,0.588,50.6,3190.7,9,227,1
A350,28956,15586,669.3,0.62,68.3,3077.8,21,157,1
A380,10899,5496,677.2,0.684,55.6,2968.6,20,243,1
A320,12373,9982,657.8,0.151,55.4,3022.3,17,245,1
A320,10486,10607,660.3,0.384,60.7,2878.8,1,195,0
A320,35249,13823,644.4,0.468,55.1,3131.0,12,155,1
A320,554,1891,652.4,0.762,53.8,3150.5,7,136,1
A350,1091,17369,637.2,0.635,53.3,2769.5,4,160,1
A380,1235,3634,624.1,0.436,58.2,2778.4,22,195,1
A350,42625,12060,611.5,0.399,46.7,3239.4,4,294,1
A320,39375,6208,671.2,0.771,52.6,3290.1,11,225,1
A350,4199,14680,657.0,0.542,64.3,2754.2,17,247,1
A380,19096,10790,608.8,0.986,50.0,2819.8,19,312,1
A380,12624,6356,710.5,0.026,64.0,2782.6,9,143,1
B737,7631,19193,643.8,0.764,76.7,2799.1,4,159,1
B777,431,12768,724.5,0.149,76.6,3196.8,21,106,1
B737,1838,11025,671.8,0.865,43.0,3254.6,16,59,1
B787,16168,5568,543.0,0.275,62.3,3062.7,12,21,1
B777,7618,13271,643.3,0.243,49.7,3312.4,15,257,1
B737,41272,1412,577.5,0.523,48.4,3166.7,2,77,1
B777,29331,19399,627.1,0.452,60.4,2916.7,21,323,1
B777,13145,7352,638.0,0.313,70.6,3599.6,5,90,1
A350,38146,8873,703.4,0.323,69.5,2990.4,18,289,1
A320,2515,14313,671.5,0.271,44.0,2996.3,20,4,1
B777,27007,6738,642.8,0.415,62.9,3332.1,5,313,1
B787,35475,8851,639.5,0.651,56.9,2954.8,6,358,1
B777,46354,19077,597.5,0.452,43.9,2952.3,21,193,1
A320,28372,12702,645.0,0.446,66.8,3100.5,24,253,1
B777,25473,6606,670.8,0.927,45.1,3112.6,19,360,1
A320,24620,10250,684.1,0.922,59.7,3008.2,23,349,1
A350,5972,11884,704.1,0.46,68.4,2932.3,12,254,1
A350,9156,2465,689.4,0.234,61.1,2817.4,22,314,1
A320,24987,1087,642.0,0.158,58.3,2956.8,11,103,1
B787,16475,7384,589.9,0.896,64.9,3142.6,23,105,1
A320,43165,1988,615.1,0.473,63.9,2998.2,16,215,1
A380,16591,9998,624.6,0.761,69.0,3472.3,22,159,1
A320,43941,6233,616.6,0.586,62.1,2889.6,23,129,1
B777,19947,6108,559.1,0.219,68.9,2692.1,17,304,1
B787,21273,12374,615.7,0.28,68.3,2924.4,19,141,1
B737,4637,7813,628.7,0.911,69.4,2941.7,6,348,1
A350,19001,7969,550.5,0.451,40.1,3219.7,23,326,1
A320,48200,5471,630.0,0.543,54.2,2994.6,3,92,1
B777,20103,6855,628.9,0.301,69.1,3079.2,19,58,1
A350,29182,15497,655.8,0.474,65.5,3197.9,6,133,1
A320,33665,13798,642.4,0.811,61.8,3388.8,15,291,1
B737,48027,5709,711.3,0.829,65.8,2712.3,2,46,1
B787,31426,17471,701.6,0.6,68.4,3169.4,22,271,1
A380,12329,15735,639.8,0.372,59.0,2972.5,19,314,1
A350,9303,8969,656.6,0.027,44.8,2990.1,4,91,1
A320,4289,8078,658.7,0.407,80.9,2925.2,3,334,1
A320,30435,6380,592.3,0.054,57.5,2715.2,19,17,1
B787,24577,9093,630.1,0.278,61.8,2839.2,2,29,0
A380,33785,10462,602.5,0.38,39.4,2871.1,13,149,1
A320,49802,5891,635.6,0.477,66.8,3227.1,12,143,1
A380,48852,1108,654.2,0.854,51.5,3398.5,14,290,1
A320,43942,9872,546.6,0.056,56.3,3009.7,6,90,1
B777,27949,12725,674.1,0.053,58.5,3197.8,5,257,1
A350,11838,4734,705.4,0.864,73.5,2675.8,6,30,0
B787,23015,2224,743.9,0.756,78.4,3069.0,2,360,1
A350,30166,18156,574.5,0.028,63.4,2840.9,22,361,1
B777,12771,1297,553.3,0.836,66.1,2994.6,24,285,1
A350,17232,19816,728.8,0.557,63.1,3210.2,2,292,1
B777,48451,12522,629.2,0.165,55.3,3092.9,13,48,1
B737,25735,6154,637.4,0.697,43.4,2921.3,13,113,1
A320,48387,6895,606.8,0.697,74.0,3120.9,23,297,1
A380,38559,17572,602.5,0.779,63.8,3362.9,22,109,1
A350,771,18534,649.0,0.455,62.9,3092.1,3,90,0
A380,30223,6673,759.6,0.308,72.1,2884.0,21,125,1
A320,37002,6103,644.3,0.763,49.3,2737.2,9,249,1
B737,37302,11241,673.9,0.468,51.7,3175.1,19,232,1
A380,21502,17710,597.8,0.586,61.2,2855.9,10,122,1
A350,40553,2530,641.9,0.71,66.5,3011.2,13,118,1
B787,2622,16629,658.2,0.348,65.2,3229.1,10,198,0
A350,30117,18946,645.1,0.118,68.9,2916.5,12,70,1
B777,2226,18193,625.4,0.433,72.3,3231.1,11,180,1
A320,24175,1264,723.9,0.7,53.9,2899.1,24,210,1
A350,35388,8296,636.1,0.438,87.0,2818.9,9,352,1
A320,23891,17187,640.7,0.408,53.5,2916.7,17,97,1
A380,5460,372,662.2,0.64,63.8,3085.0,24,107,1
B777,25279,3143,627.8,0.014,59.8,2815.2,13,216,1
B787,23834,18441,695.2,0.67,58.3,2996.0,21,30,1
A350,6223,8410,559.8,0.055,80.3,3416.1,17,294,1
A350,45875,18278,622.6,0.995,74.5,3225.3,13,188,1
A350,28595,11233,705.4,0.006,62.4,2863.1,2,231,1
B787,42056,18874,666.1,0.556,61.9,3373.2,19,200,1
B777,25731,8177,599.0,0.876,38.4,3158.8,8,165,1
A350,48985,2342,612.4,0.788,53.6,3193.1,6,86,1
B787,7499,6397,660.8,0.665,57.9,3093.1,2,55,1
A380,30013,10790,555.3,0.066,55.6,2973.7,2,139,1
A320,10458,7640,663.0,0.478,62.6,3316.7,2,261,1
B777,38409,3316,680.6,0.74,57.5,3138.1,24,247,1
B787,1806,18576,641.9,0.69,62.9,3197.1,23,251,1
B777,41515,17360,671.5,0.659,60.9,2922.2,21,303,1
A380,48162,19809,745.5,0.664,66.7,2994.4,18,223,1
B777,21636,6968,646.0,0.818,63.0,2873.1,22,196,1
B737,21935,14534,593.7,0.712,77.8,3066.1,17,74,1
B737,7625,15848,606.7,0.194,59.5,3071.0,8,199,1
B737,4166,4645,668.3,0.241,72.1,3077.1,19,219,1
A350,22138,17125,634.4,0.168,47.9,3003.6,18,241,1
B787,25415,17479,641.0,0.328,53.2,3000.4,23,139,1
B777,46050,3737,725.8,0.615,47.0,3203.0,20,87,1
B787,12570,8063,632.5,0.698,78.9,3150.1,20,49,1
B787,16742,8702,612.7,0.239,60.7,3312.3,7,275,1
B787,3998,18204,669.5,0.449,43.4,3044.2,20,303,1
B777,16208,12175,694.2,0.295,49.9,2722.4,14,272,1
B737,47527,1460,708.4,0.345,64.0,3256.8,3,143,1
A380,11213,13528,756.8,0.448,55.2,2862.2,21,184,1
A380,23376,19252,736.3,0.899,53.3,3049.6,17,219,1
A320,46333,12448,636.1,0.269,47.1,3226.4,15,361,1
B777,35252,7675,654.8,0.979,72.2,3368.6,14,73,1
B737,14288,1987,622.3,0.352,74.4,2913.9,20,94,1
B787,2259,17357,583.3,0.107,71.2,3028.5,5,271,0
B787,31253,6669,720.5,0.465,74.5,2597.9,5,230,1
B737,14174,2085,586.6,0.624,63.1,3065.5,24,284,1
A380,15228,7197,649.6,0.103,57.0,2883.0,24,153,1
A320,3202,16779,663.3,0.247,39.8,3092.7,23,86,1
A380,23825,4112,718.0,0.242,51.7,2783.5,17,60,1
B737,7088,9709,695.4,0.278,59.4,3080.9,2,330,1
B737,33222,12707,656.1,0.069,65.3,3120.7,23,175,1
A350,9773,10956,617.8,0.292,57.1,3305.7,6,9,0
B777,42352,5462,512.0,0.264,59.4,2610.1,18,109,1
A380,37092,600,568.4,0.386,48.4,3252.5,14,243,1
B787,15999,16929,639.4,0.989,75.0,2697.3,11,228,1
B737,40015,13080,690.3,0.243,60.0,2762.4,14,308,1
A350,21283,15195,609.5,0.575,56.0,2728.3,24,152,1
A350,31510,13487,657.4,0.392,46.4,3317.2,20,123,1
A380,2295,19852,638.4,0.605,75.4,2898.2,2,231,1
A380,28776,11646,629.7,0.701,40.0,3070.5,6,362,1
A320,47100,15666,648.3,0.777,62.7,2837.0,18,283,1
A320,41583,15814,674.1,0.965,53.9,3153.7,15,204,1
A350,41821,17378,630.6,0.382,59.6,3213.1,22,306,1
B777,43733,14999,660.2,0.013,59.2,3244.9,20,38,1
A350,9488,19644,659.3,0.592,65.0,3094.3,9,227,1
A350,9790,2677,590.0,0.061,60.2,3066.0,20,270,1
A350,49403,7280,718.9,0.186,63.5,2895.5,8,1,1
A380,30076,368,727.5,0.766,56.4,3259.1,12,184,1
A320,2995,12507,557.5,0.273,57.2,3066.1,7,121,1
B777,8254,5492,647.1,0.431,68.7,3306.3,22,155,1
A380,17727,1834,626.6,0.111,62.8,2762.5,15,290,1
B737,28423,9821,666.7,0.24,69.3,2739.7,23,72,1
A380,18852,14404,748.1,0.831,52.2,3086.5,18,158,1
A320,16913,6564,668.9,0.136,58.9,3129.9,18,301,1
B737,26050,959,589.5,0.632,53.1,2872.2,22,54,1
A350,37425,7059,558.1,0.674,58.9,3216.3,10,260,1
A380,23255,13202,708.5,0.053,50.7,2783.7,20,249,1
B787,34249,9776,667.8,0.371,52.9,2993.9,21,170,1
B787,730,3953,657.6,0.416,67.8,3168.1,8,232,1
B737,1234,12314,672.5,0.128,50.3,3261.5,17,179,1
B787,28125,11983,669.1,0.214,62.1,2983.4,24,231,1
A320,4396,2082,641.8,0.178,72.5,2695.3,15,219,1
A380,13320,3324,676.7,0.876,51.0,3035.3,15,182,1
A350,7341,11837,640.1,0.969,68.7,3090.8,16,334,1
A350,38911,17970,650.3,0.39,52.1,3134.7,12,136,1
B777,28544,15098,628.0,0.41,57.5,3109.4,18,130,1
A320,14980,19977,579.4,0.119,70.0,3045.0,21,223,1
A350,46543,17181,689.3,0.977,49.2,3328.6,19,342,1
A320,6144,19886,677.9,0.099,86.2,3310.2,11,64,1
B787,43338,17493,628.5,0.144,59.1,2723.5,18,335,1
A350,18789,10099,641.8,0.636,82.1,3021.6,10,155,1
B787,25893,1970,580.4,0.142,76.9,2720.2,16,249,1
B777,43886,10830,647.5,0.634,63.3,2557.1,20,65,1
B787,41359,7578,577.3,0.241,46.4,2858.6,11,187,1
B787,15863,2785,628.5,0.673,67.0,2981.9,3,180,1
B777,36185,7326,607.0,0.243,49.5,2809.4,8,234,1
B737,24565,8180,640.4,0.792,60.1,2632.0,9,226,1
A380,10515,3456,666.9,0.365,59.8,2813.6,23,264,1
B777,24102,10424,699.1,0.571,59.0,3296.9,19,193,1
A380,29869,17043,671.3,0.954,58.6,3121.8,22,64,1
B777,4566,6075,579.2,0.889,54.3,2999.3,12,28,0
B737,34749,1412,759.8,0.798,52.6,2995.2,19,209,1
A350,9415,13975,668.6,0.399,54.6,3008.0,15,79,1
A380,2525,8327,702.6,0.189,70.7,3000.9,15,289,1
A350,2323,406,718.8,0.88,46.5,3128.9,19,218,1
B787,32435,9210,647.9,0.753,53.3,3509.7,4,357,1
A350,41560,17291,617.3,0.589,80.0,2560.3,14,259,1
A350,45089,18970,683.0,0.488,58.0,2716.8,22,264,1
A380,13709,11005,698.3,0.523,66.8,3087.4,6,133,1
B787,32500,9820,678.4,0.585,52.1,2965.3,11,200,1
B777,42798,16626,707.5,0.691,47.3,3030.0,5,113,1
B777,14294,18967,703.5,0.629,64.2,2586.6,16,310,1
B787,43913,10071,700.3,0.949,56.3,2743.1,19,195,1
A320,39954,1399,686.5,0.51,70.8,3024.0,6,276,1
A380,4300,15483,573.6,0.705,54.2,2883.8,19,88,1
A350,9654,7210,679.4,0.102,60.0,2894.1,14,210,1
A350,5820,3889,644.7,0.707,74.7,2783.4,9,160,1
A320,46939,2106,533.2,0.132,67.7,2956.1,7,190,1
B777,29769,11913,656.8,0.037,59.5,2749.9,1,351,1
A320,13452,8671,647.9,0.704,63.0,2751.7,18,319,1
B787,9670,11770,607.3,0.675,68.5,3109.1,15,32,1
A380,5840,4452,616.8,0.444,58.3,3019.7,13,145,1
A320,29025,2305,598.9,0.764,43.4,3138.1,4,160,1
B777,37812,17801,641.7,0.315,43.3,2908.4,1,215,1
B787,11118,16034,554.9,0.388,60.2,3138.6,20,141,1
A350,37049,15611,606.3,0.285,57.6,3459.8,14,299,1
B787,43989,3549,709.3,0.031,70.0,2836.4,9,102,1
A380,3571,6948,677.6,0.348,73.5,2822.6,24,341,1
B777,38855,8125,595.5,0.967,66.1,3116.9,4,325,1
A350,29547,14378,657.2,0.195,66.7,3015.7,24,127,1
A350,2116,2248,625.9,0.497,75.8,3036.8,20,39,1
B787,24921,12527,679.6,0.689,41.0,3474.5,9,16,1
B737,49535,2003,709.8,0.013,45.2,3105.2,21,263,1
A350,12472,19976,736.9,0.184,49.0,2960.3,22,21,1
A380,35044,18417,628.4,0.433,47.0,2875.7,21,335,1
A380,33620,12116,652.3,0.312,58.6,2831.5,7,103,1
B787,41640,10857,633.4,0.353,62.5,2852.6,3,22,1
B737,47722,12091,666.8,0.186,62.6,3003.5,14,95,1
A380,25402,12767,651.1,0.852,65.0,2822.2,20,186,1
A320,44849,15443,612.1,0.422,62.9,3222.8,1,90,1
A380,33924,15268,719.4,0.524,58.7,2810.8,8,120,1
B787,14257,19416,604.9,0.679,54.7,2954.2,17,212,1
A380,16769,6220,646.4,0.945,45.8,3277.2,7,66,1
A380,10285,9750,675.2,0.695,59.1,2868.2,15,84,1
A320,29299,14735,612.7,0.916,65.6,3073.4,5,90,1
B777,39251,5737,607.6,0.803,71.2,3004.6,16,14,1
B737,12413,11120,704.7,0.7,51.8,2716.7,9,111,1
B777,20213,16514,697.5,0.634,82.9,3054.4,6,354,1
B737,46357,3741,746.1,0.654,68.8,2985.9,8,40,1
B787,43677,11405,688.3,0.877,66.8,3220.1,6,122,1
A320,31436,9648,601.8,0.606,62.2,3167.8,18,279,1
A320,42230,5205,577.2,0.851,32.8,3254.5,22,363,1
B737,17377,6365,571.2,0.929,63.9,2995.7,15,236,1
B787,400,15555,583.6,0.569,57.5,2908.2,12,189,1
B787,45244,208,685.0,0.222,72.7,2767.7,12,294,1
A350,32285,13768,680.5,0.626,59.6,3001.8,5,219,1
B777,4813,5561,617.4,0.962,72.0,3443.9,5,187,1
A320,25167,10525,664.6,0.111,53.2,2771.7,7,246,1
A380,6604,7827,695.2,0.882,56.6,3116.0,10,67,1
A320,49081,16196,717.3,0.871,56.4,3337.7,8,103,1
B777,31724,17797,707.2,0.094,64.9,3133.4,18,252,1
B737,11383,10914,627.4,0.301,69.4,3277.7,9,332,1
B777,8065,4858,678.9,0.86,58.7,3260.9,23,11,1
A350,44845,7866,642.2,0.611,68.7,2954.4,23,185,1
B787,48928,10782,638.2,0.341,62.7,3026.6,9,51,1
A380,15733,16660,675.1,0.802,45.4,3253.1,3,206,1
B737,10381,10277,655.7,0.004,69.0,3003.0,9,142,1
B737,25674,12486,589.0,0.188,46.6,2898.7,2,165,1
A380,23336,11209,570.3,0.514,40.3,3125.7,6,22,1
B787,43789,17074,648.0,0.495,54.2,3120.9,8,26,1
A350,46485,13961,792.9,0.982,48.6,2961.6,12,327,1
A320,42195,15903,637.6,0.287,63.9,3087.7,24,224,1
B737,1530,14314,595.5,0.066,65.5,2726.3,22,339,1
B777,6274,310,642.4,0.336,67.0,2731.5,9,321,1
B737,8037,3357,663.6,0.154,58.4,2972.6,10,145,1
B777,43379,9564,627.1,0.743,53.7,2869.1,19,250,1
A380,24231,10989,700.8,0.357,53.9,2951.4,10,355,1
B777,9404,19479,681.6,0.767,59.1,3332.4,16,45,1
B737,48178,17394,701.4,0.365,62.5,2826.0,14,89,1
B787,20834,3692,593.8,0.352,70.4,2755.1,12,65,1
B787,488,8229,681.1,0.039,44.3,2876.6,6,278,1
B777,16271,14926,660.0,0.294,67.9,3378.8,12,36,1
A350,46025,5344,632.9,0.021,62.6,3032.1,3,118,1
B777,716,16223,657.3,0.243,80.8,2978.9,13,175,1
A350,9419,8062,673.0,0.195,62.2,3068.3,6,63,0
B787,32787,16352,664.0,0.201,75.4,2841.4,2,132,1
B777,32087,19586,737.4,0.948,60.5,2695.4,24,186,1
B777,10665,18992,576.3,0.01,63.3,2972.8,5,153,0
A320,12629,1256,672.3,0.12,62.2,3089.6,17,235,1
B777,38922,4623,632.6,0.952,60.4,3169.7,14,307,1
A320,26194,19093,739.6,0.082,62.2,3117.3,17,78,1
A320,24576,14636,646.0,0.276,70.2,2791.2,14,348,1
B777,1441,10597,708.0,0.885,72.3,2791.9,13,250,1
A380,24486,5404,596.5,0.643,64.0,2924.7,19,46,1
B777,15418,7687,677.4,0.769,68.6,2855.4,16,92,1
B777,32979,6259,634.9,0.417,55.2,2983.8,21,204,1
B787,22744,18105,695.9,0.595,71.1,2636.6,12,108,1
A320,22604,10911,647.9,0.593,60.6,2868.3,20,28,1
B787,36805,6637,665.0,0.548,70.9,3216.7,7,18,1
B777,14157,6583,705.7,0.355,68.9,2995.4,1,296,1
A320,17671,11336,598.0,0.132,51.1,3024.9,20,119,1
A320,244,16628,638.5,0.749,58.2,3247.9,14,4,0
A350,30101,5088,636.5,0.255,62.3,2984.6,4,319,1
B777,17384,946,684.9,0.832,44.7,3130.3,3,40,1
B777,44475,5068,746.3,0.283,45.2,3111.4,2,32,1
B737,4046,4010,648.2,0.081,63.4,3279.7,24,105,1
B777,8978,6008,710.7,0.33,53.1,2720.4,20,120,1
A320,37978,5492,669.9,0.591,52.0,3212.2,2,350,1
B777,26747,4082,600.0,0.842,70.7,2723.8,5,299,1
B737,27386,19504,664.0,0.392,79.9,2875.5,12,355,1
B737,49957,15487,681.9,0.11,61.7,2930.7,3,248,1
A320,13810,10198,625.6,0.071,70.4,3113.6,13,227,1
B737,11018,10831,709.8,0.47,73.2,3133.7,14,210,1
B777,22140,7766,666.3,0.718,43.8,3310.4,4,362,1
B787,25744,12970,591.7,0.538,63.7,3183.6,12,210,1
B787,40666,12056,633.2,0.094,73.5,2950.1,18,12,1
A320,23823,7370,653.4,0.202,70.8,3234.7,4,84,1
A380,42953,8997,723.0,0.001,64.0,2826.2,6,300,1
B737,14432,2770,640.1,0.835,55.2,3000.7,18,246,1
A320,22875,5630,755.5,0.085,71.0,3005.4,20,263,1
A320,42124,18251,753.3,0.587,61.0,3030.9,22,253,1
A380,36689,3887,671.5,0.373,61.5,3209.7,4,191,1
B777,19962,7319,735.3,0.254,42.2,3481.6,12,136,1
B777,13994,5009,623.6,0.867,68.2,3272.2,18,249,1
B737,4551,13763,658.4,0.604,52.7,2961.9,4,71,0
A350,27844,15940,586.7,0.375,60.0,2944.9,15,329,1
A380,3806,2827,680.9,0.339,59.0,2887.1,7,293,1
B777,28470,10602,634.6,0.338,68.2,2751.0,21,40,1
A380,36799,17046,721.2,0.52,48.8,3481.6,4,94,1
A320,5296,3392,681.6,0.77,56.0,3145.6,10,93,1
B787,16130,13193,629.7,0.61,57.3,2889.8,14,142,1
B737,6502,1455,620.9,0.913,47.7,3262.7,11,266,1
A320,36398,16413,750.0,0.367,73.8,3132.0,15,60,1
B737,3027,10556,588.7,0.739,60.5,3276.2,2,212,1
A380,39026,5246,591.1,0.227,44.6,3015.6,17,307,1
A320,38227,498,633.2,0.944,37.7,3060.8,22,345,1
A350,38831,12121,646.8,0.066,64.2,2753.4,19,70,1
B777,32578,367,582.5,0.255,57.9,2914.8,11,10,1
A350,10653,17406,713.4,0.919,65.4,2593.3,7,285,1
B737,40095,17491,666.9,0.92,63.9,2883.8,16,225,1
B737,13373,5657,799.5,0.054,53.2,3064.8,19,42,1
B787,12919,3671,729.0,0.755,46.0,3315.1,20,171,1
B737,8557,10739,588.8,0.599,71.2,3080.8,2,287,1
A320,31171,2325,683.7,0.208,60.3,2638.8,3,17,1
A320,28584,15597,625.1,0.373,43.7,3178.5,17,158,1
A320,47257,17514,611.0,0.896,78.3,2794.8,4,26,1
B787,47026,13683,619.2,0.861,61.1,2867.0,10,231,1
B777,3121,18925,619.9,0.23,45.6,2756.7,18,138,1
A350,7706,5533,610.3,0.302,50.7,3077.6,16,181,1
A350,22452,10197,613.7,0.211,65.2,3178.4,9,199,1
A320,23959,5237,730.7,0.402,46.4,3208.6,12,117,1
A350,362,3603,679.6,0.951,50.8,3238.5,14,351,1
B787,15716,19959,628.8,0.652,54.2,2917.2,6,337,1
A320,30008,8833,653.8,0.176,59.9,2893.7,15,32,1
B737,32490,466,706.0,0.952,64.7,3320.5,15,216,1
A320,15979,14804,653.7,0.554,60.0,3149.7,1,348,1
B737,42019,13821,581.3,0.485,42.8,3108.4,23,161,1
B737,46472,11103,693.2,0.519,70.5,2799.6,24,22,1
A380,8909,5645,650.5,0.713,61.5,2837.0,24,220,1
B777,4368,17953,632.9,0.92,45.9,3150.3,3,278,1
A380,24990,6728,602.9,0.038,70.4,3102.7,11,98,1
A350,43238,18424,806.4,0.882,61.3,2938.5,7,64,1
A380,34724,150,598.0,0.034,68.0,2915.7,24,86,1
B777,35943,16114,630.6,0.543,57.6,3019.5,23,99,1
A320,35003,6012,668.3,0.652,48.3,2725.7,3,322,1
B787,39311,11987,634.9,0.977,52.0,2689.9,18,203,1
A380,31074,3739,704.4,0.863,61.7,3259.5,19,81,1
B777,13705,19404,651.8,0.204,55.2,2843.0,1,48,0
B737,700,6240,679.8,0.017,53.7,2973.7,17,289,1
A320,30083,17067,649.2,0.494,36.8,2934.6,8,87,1
A380,16783,11589,749.1,0.58,47.4,2770.0,11,210,1
A380,47208,18347,617.4,0.712,52.7,3025.0,6,315,1
B777,21839,13870,596.3,0.566,65.5,3086.2,2,1,1
B737,42832,15052,651.7,0.127,64.3,3055.1,24,179,1
A320,3571,12159,679.9,0.851,63.7,3339.5,3,96,1
B787,39100,19691,642.9,0.456,67.9,2747.9,15,119,1
B777,17612,11658,670.5,0.182,65.2,2965.3,6,321,1
B777,4479,5808,642.7,0.723,48.0,2722.8,6,133,1
A350,11735,18231,655.9,0.806,57.6,2920.6,19,169,1
A320,14395,13454,640.7,0.964,60.2,2822.4,10,151,1
B777,40803,6037,621.6,0.013,68.0,3297.5,23,271,1
A380,19829,8242,604.6,0.116,49.4,2878.8,19,287,1
A320,48291,16586,621.5,0.903,54.6,2837.0,5,193,1
B737,13813,10974,628.2,0.3,64.4,3025.7,23,122,1
B777,16198,17293,719.7,0.125,58.4,2924.9,1,28,0
B737,47769,15169,597.6,0.9,76.7,3081.7,10,96,1
A320,22023,14852,623.7,0.655,50.1,2983.7,16,329,1
B737,10617,4376,665.7,0.36,69.4,3017.2,9,219,1
B777,23525,18781,692.1,0.497,58.9,3128.7,7,149,1
A350,38862,17594,678.8,0.887,55.6,2841.3,12,363,1
B787,11290,7806,591.0,0.742,67.9,3099.2,8,82,1
B777,31134,714,700.6,0.468,82.8,3117.5,19,259,1
B737,6544,13069,684.4,0.909,33.6,2980.2,17,339,1
A350,882,18212,610.5,0.938,53.9,3177.2,19,103,1
A320,41845,2968,622.7,0.709,45.2,3111.8,21,200,1
B787,43315,13959,634.8,0.871,61.5,2840.5,19,17,1
B777,2122,13688,662.7,0.633,55.4,2517.5,1,29,1
B737,12395,10854,740.3,0.72,66.4,3032.2,10,154,1
B777,16374,11944,731.6,0.842,43.7,3107.2,23,182,1
A350,38257,11281,731.9,0.197,48.3,2987.1,24,300,1
B787,43080,153,648.1,0.092,54.9,3121.2,8,346,1
B777,36796,13259,668.1,0.028,49.3,3058.6,17,242,1
B787,30091,17639,654.4,0.259,38.0,2810.4,22,77,1
B737,46181,9270,641.9,0.259,57.8,2708.7,8,152,1
A320,19770,11377,614.8,0.893,64.5,2823.7,10,244,1
B777,24724,18487,745.9,0.526,57.9,3051.4,10,226,1
B787,22131,9388,645.8,0.351,75.8,3195.5,10,108,1
B737,30071,4459,577.4,0.662,59.3,2897.1,17,186,1
B777,25347,19848,640.6,0.557,65.2,2747.9,8,360,1
B737,46327,15053,656.0,0.625,60.7,2602.2,13,297,1
B737,21444,355,665.5,0.375,63.4,3283.4,11,62,1
B777,37742,14796,658.7,0.492,63.8,2872.7,15,320,1
A320,36859,15480,609.1,0.28,69.5,3303.7,22,294,1
B777,36052,6219,744.8,0.718,55.2,3367.8,18,174,1
B737,16921,16415,641.2,0.386,58.4,3142.5,3,147,1
A320,43034,3368,687.8,0.724,59.2,2843.6,17,237,1
B787,35463,4463,668.3,0.779,58.6,2796.8,22,31,1
B787,748,77,597.2,0.213,51.8,2809.2,7,248,1
A350,4715,3424,640.6,0.065,26.9,3130.2,4,206,1
A380,15767,13603,693.6,0.294,46.8,2931.5,22,102,1
B737,38103,8364,630.9,0.51,66.8,3366.2,8,240,1
A320,2907,8777,650.2,0.962,63.9,2979.0,13,38,1
B777,2037,17733,659.5,0.802,61.6,3195.2,19,28,1
B777,34016,13508,632.7,0.235,64.1,2957.5,5,320,1
A380,31659,1083,675.3,0.829,62.8,3325.1,22,199,1
B777,49619,11370,639.7,0.221,79.7,2827.1,18,161,1
A320,17671,6145,634.0,0.2,60.2,3047.9,16,194,1
B787,48168,14954,710.0,0.278,71.7,3011.2,6,230,1
B737,5474,4739,679.0,0.355,67.8,3339.2,19,48,1
A380,6316,13010,602.4,0.377,55.5,2885.9,15,152,1
B777,30369,3994,619.9,0.045,50.8,3143.7,17,201,1
A380,46141,6286,664.1,0.567,56.8,3231.3,18,143,1
B777,14665,15573,696.6,0.969,58.9,2781.4,6,315,1
B777,30306,17276,607.3,0.846,55.7,3081.1,9,12,1
A380,35827,5232,693.6,0.601,59.0,2639.0,19,329,1
B787,25508,5277,689.1,0.8,51.6,3135.6,10,301,1
A320,29543,17645,672.0,0.768,56.4,2956.5,17,115,1
B787,4962,2301,607.9,0.265,60.5,3227.5,13,224,1
B787,8870,1483,614.4,0.296,58.7,3174.6,4,325,1
A380,17613,1530,661.2,0.752,62.4,2785.8,7,196,1
A380,41997,8261,686.3,0.08,55.4,3348.6,5,253,1
A380,11222,5241,672.3,0.903,54.5,2926.1,8,347,1
A350,39164,5849,629.9,0.892,61.2,2747.7,17,60,1
A380,29267,2973,667.3,0.475,68.1,2800.1,9,3,1
B777,31188,8124,800.4,0.697,59.5,3109.8,24,225,1
B777,3877,18122,571.2,0.109,62.3,3401.4,9,347,1
A320,16473,8820,638.8,0.543,62.5,2919.1,23,89,1
A320,48862,14469,604.0,0.971,59.1,3116.2,12,179,1
B777,5369,7451,641.7,0.935,66.6,3161.4,19,86,1
B777,5495,9197,682.6,0.217,60.5,3177.1,13,311,1
B787,43069,18873,583.3,0.685,73.1,2825.4,16,82,1
A320,8208,16186,677.9,0.333,53.8,3333.9,19,231,1
A380,5356,5204,651.6,0.418,61.6,3155.0,18,313,1
A350,213,2268,601.6,0.773,57.6,2958.2,4,322,1
A380,40255,9732,649.0,0.919,56.2,2776.1,1,90,1
B777,21778,19735,597.0,0.256,53.5,2678.3,23,296,1
B737,42157,12686,640.8,0.848,66.9,2966.5,1,332,1
B777,3172,12343,692.1,0.935,63.1,3209.7,21,39,1
B787,25534,4901,586.1,0.711,75.9,2735.7,2,291,1
B777,22527,19988,637.2,0.373,59.9,2955.9,7,51,0
A320,27578,1445,724.8,0.72,67.8,2861.5,22,97,1
A350,33149,3857,652.0,0.689,54.4,2705.0,16,320,1
A350,1895,7217,688.4,0.663,58.8,3014.4,18,115,1
A350,41007,12043,636.6,0.991,49.0,3223.8,20,137,1
B737,21015,10504,589.5,0.428,62.6,3016.6,9,249,1
B777,13961,19841,563.7,0.126,68.3,2798.4,24,197,1
A380,37963,18895,627.5,0.202,74.6,3248.5,13,330,1
B737,45228,14667,758.4,0.787,58.7,2755.9,7,148,1
B777,41125,9651,642.5,0.476,61.2,3095.6,9,189,1
A350,35203,6393,621.1,0.109,70.0,2825.2,10,76,1
B777,32272,5796,660.6,0.03,74.7,3036.0,24,137,1
B737,24042,15717,617.7,0.427,55.8,3358.8,22,205,1
A320,30761,8550,651.5,0.755,70.5,2722.2,9,336,1
A320,47379,19231,662.3,0.189,64.2,2804.3,23,254,1
A380,28125,12930,581.3,0.025,63.1,2932.6,18,269,1
A320,42979,15310,718.7,0.967,76.1,2929.8,11,341,1
B737,29374,6608,653.7,0.129,42.1,2861.9,4,139,1
A320,7660,11833,725.6,0.194,53.0,3061.3,17,333,1
A380,31383,10355,616.5,0.66,55.8,3122.6,23,26,1
B737,38841,7887,612.3,0.407,65.6,3122.4,7,143,1
A320,2395,14224,623.3,0.925,50.3,3178.5,23,223,1
A350,16190,7399,610.1,0.941,66.0,2981.0,11,348,1
B787,2789,7826,713.0,0.673,53.7,3272.4,18,125,1
B777,25018,13427,660.4,0.433,66.0,3020.6,19,131,1
B737,19429,15326,690.2,0.163,59.1,2664.7,23,74,1
A380,32991,10083,663.4,0.09,78.3,2919.0,19,157,1
A320,1531,7687,677.9,0.687,49.3,2933.3,15,50,1
B777,2360,11756,647.5,0.016,66.8,2733.7,1,281,1
A380,20560,18341,657.4,0.62,63.3,3154.0,3,233,1
B787,367,18940,662.5,0.543,57.3,2979.6,17,221,1
A350,16714,8411,673.4,0.368,64.3,2548.9,17,272,1
B787,28784,16252,623.6,0.068,54.3,2564.3,10,92,1
A350,49422,10223,636.4,1.0,61.3,2631.5,7,59,1
A350,37317,18021,670.7,0.724,54.2,3006.8,4,28,1
B777,11778,11918,696.9,0.711,61.9,3126.2,5,216,1
A350,5865,9084,742.2,0.736,63.5,3057.5,22,117,1
A350,3889,8347,628.0,0.768,58.7,3032.1,10,137,1
A380,7109,18580,624.6,0.064,66.1,2784.1,10,149,0
A320,40174,10303,562.3,0.121,57.0,2671.6,6,275,1
A380,13614,14953,681.7,0.564,62.7,3377.4,13,268,1
B787,33567,16280,680.0,0.273,48.4,3006.9,3,205,1
B777,49196,14564,588.9,0.874,55.6,3020.0,9,28,1
B737,32993,17046,653.0,0.968,58.7,3164.7,24,318,1
A380,14844,90,714.3,0.77,74.7,3063.1,9,120,1
A380,11930,6217,616.7,0.068,62.2,3031.9,17,128,1
B737,22351,6334,655.2,0.473,60.9,3123.4,3,93,0
A320,48134,18816,636.8,0.466,69.2,3151.0,3,345,1
A350,24082,786,661.9,0.51,51.4,3119.6,5,345,1
A350,25497,5584,720.3,0.672,64.9,2743.6,24,228,1
B787,7573,16706,694.3,0.122,64.6,3104.1,8,72,1
A320,25502,17627,575.2,0.684,54.3,3081.6,17,11,1
B737,26324,19268,698.9,0.797,65.5,3108.9,6,152,1
B777,18473,8006,660.3,0.218,46.4,2847.1,24,188,1
A380,39519,10877,644.3,0.449,64.9,2823.4,20,306,1
A350,285,15673,722.7,0.04,77.4,2735.1,10,3,0
B787,15782,3176,606.5,0.072,67.9,3026.4,6,111,1
B737,19870,697,674.8,0.488,60.6,2909.4,7,69,0
A320,9999,64,620.0,0.818,54.3,3037.0,19,88,1
A350,31160,2002,654.1,0.251,77.4,3049.7,3,242,1
A380,1072,4095,600.4,0.545,37.1,3076.4,19,72,1
B737,15947,17044,626.5,0.098,54.7,3025.2,13,316,1
B777,16212,15769,682.1,0.774,58.4,2947.0,5,255,1
A350,11157,11700,608.6,0.952,54.1,2908.0,11,25,1
A320,43719,10176,614.5,0.326,55.9,3073.1,15,58,1
A320,29685,15637,639.2,0.875,71.6,2968.0,14,7,1
A380,8602,7248,722.9,0.073,55.9,2762.0,17,146,1
B777,11591,6040,572.1,0.278,64.6,3428.0,3,160,1
B777,30524,11818,507.1,0.517,59.1,2995.7,4,195,1
B737,24865,16180,632.2,0.443,54.4,2748.8,17,11,1
B737,18426,16640,566.4,0.194,73.8,2743.1,16,199,1
B777,27196,12519,660.0,0.809,56.0,2747.9,20,312,1
A320,36157,18170,630.7,0.183,72.1,2781.7,10,173,1
B787,2417,7799,614.6,0.281,69.7,3185.1,4,196,1
B777,35701,3811,711.7,0.221,50.7,3228.7,5,287,1
A380,19195,3258,649.3,0.087,59.3,2976.2,21,188,1
B737,47806,11470,717.7,0.218,82.1,3102.8,9,196,1
B777,49122,4077,693.1,0.261,54.9,3094.0,22,129,1
A380,40801,12611,517.6,0.21,66.5,2925.4,21,181,1
A380,11549,5040,629.1,0.004,67.1,3288.9,16,342,1
B777,39608,4743,570.8,0.716,55.1,2753.2,5,196,1
A350,33336,8388,659.9,0.519,67.0,3091.7,15,315,1
A320,1827,3956,685.2,0.53,46.0,3128.9,5,229,1
A380,22501,4033,688.1,0.517,68.9,2854.1,11,265,1
A320,25400,19323,620.5,0.582,61.2,3241.2,4,5,1
A380,14957,17886,707.7,0.336,39.9,2795.9,13,250,1
A320,45000,10057,606.9,0.654,56.8,3034.6,9,212,1
B737,28521,11268,633.7,0.886,45.3,2967.4,24,222,1
B737,46332,3961,641.2,0.154,51.1,2753.8,15,39,1
A320,22633,1874,780.6,0.809,56.1,3182.2,13,40,1
A320,39929,15082,633.3,0.957,66.7,3039.1,21,96,1
B777,32863,4028,629.7,0.282,48.7,3188.8,10,227,1
B737,46729,14903,666.3,0.391,55.8,2683.3,3,257,1
A320,40352,9909,603.7,0.222,48.0,2935.6,4,247,1
A350,40661,7959,675.7,0.963,51.5,2923.4,11,85,1
A350,5685,3100,595.9,0.207,74.6,3079.5,7,98,1
A350,24488,4356,575.5,0.558,62.7,2926.1,12,166,1
B737,16172,12113,646.8,0.862,46.2,2694.3,6,135,1
A350,15223,13299,699.5,0.176,71.6,2932.2,2,60,1
B737,8393,6140,565.3,0.851,70.9,3161.3,14,0,1
A380,14709,5394,651.7,0.176,57.1,3082.1,11,218,1
A380,36650,15413,606.2,0.485,68.3,3167.6,22,175,1
A380,49365,13053,679.8,0.026,76.5,2693.3,6,51,1
B787,7118,16774,668.4,0.573,60.8,2834.1,12,331,1
B777,17779,19959,640.5,0.513,51.1,2796.4,8,228,1
A380,45352,496,658.7,0.714,68.0,2871.0,18,188,1
A350,29989,4045,750.1,0.817,53.4,3296.8,9,27,1
A320,7758,15308,722.4,0.974,53.3,2877.6,17,205,1
B777,24562,4222,603.1,0.71,51.2,2798.6,17,194,1
A320,21442,1248,603.1,0.579,66.5,2890.6,21,312,1
B787,37969,5906,645.7,0.821,70.3,2774.1,10,274,1
A350,47248,17567,571.5,0.816,56.9,2669.7,5,220,1
A380,9080,134,642.9,0.885,72.2,3032.2,24,228,1
A350,22002,9293,707.7,0.876,56.0,3117.7,13,33,1
B737,28347,7208,688.0,0.71,58.8,2925.7,12,178,1
A320,41331,19421,652.7,0.706,50.6,3199.9,13,203,1
A380,37277,14848,702.8,0.249,54.9,2719.5,24,235,1
B787,46879,16580,616.4,0.046,70.4,2830.5,1,156,1
B737,25332,8713,754.2,0.536,54.7,2900.9,18,302,1
A350,6089,1140,635.7,0.356,51.8,3214.3,24,133,1
B737,20897,17325,626.4,0.329,50.5,2965.9,1,98,0
B777,20286,9807,597.1,0.478,41.7,3227.6,22,331,1
A350,32230,11903,644.9,0.818,50.2,2829.1,5,4,1
B777,31682,5802,732.2,0.705,45.5,2585.6,9,33,1
B737,32634,16543,708.3,0.207,53.1,2809.5,13,155,1
B787,2412,7664,598.0,0.17,57.6,3074.0,2,75,1
B737,13808,6075,774.2,0.993,57.1,2870.7,19,21,1
B777,5962,13745,653.2,0.652,62.0,2900.4,4,212,1
B787,20914,9584,609.9,0.681,64.2,2755.5,10,75,1
B777,26335,9729,687.5,0.79,49.6,2946.0,6,126,1
B777,30842,11712,689.3,0.546,73.0,3459.5,23,281,1
B777,19334,16539,645.3,0.362,66.8,2656.3,16,23,1
B737,7045,4433,621.9,0.554,68.1,2937.9,3,265,1
B777,45492,16412,666.6,0.64,59.7,2987.6,21,356,1
B787,9244,408,660.2,0.496,67.8,2855.3,6,55,1
A320,4936,53,633.1,0.605,78.8,2604.4,6,245,1
A380,37314,1837,718.8,0.95,69.9,3150.2,10,334,1
B787,15169,5955,705.4,0.406,66.7,2873.8,19,137,1
B777,44413,6675,745.5,0.644,38.0,2875.5,18,73,1
B737,1683,17349,656.9,0.696,66.4,3119.2,8,314,1
A320,4999,10361,643.0,0.533,63.0,2845.5,5,317,1
A380,19658,15949,689.8,0.018,54.7,2962.8,13,36,1
B737,9637,13990,650.1,0.984,53.7,3058.0,5,210,1
A350,46447,1323,654.5,0.362,67.6,3277.6,15,265,1
B777,20226,4991,688.5,0.642,75.3,3006.0,12,336,1
B787,45174,4495,609.2,0.872,58.7,3099.1,14,82,1
B787,10223,15925,622.3,0.818,55.2,2548.8,5,250,1
B787,4832,13096,749.3,0.592,50.8,3232.6,15,320,1
A320,1837,19438,704.4,0.717,44.5,2880.0,12,348,1
B737,33938,9971,510.9,0.247,59.0,3235.5,4,334,1
B777,5723,13568,612.4,0.372,67.1,3002.0,9,353,1
B737,22730,7598,731.6,0.985,65.1,2978.7,8,16,1
B787,27548,18678,620.0,0.777,50.3,2896.8,17,354,1
A350,9910,7734,639.3,0.194,65.2,2966.1,17,89,1
A320,19025,11577,613.4,0.914,57.9,3109.9,7,335,1
A380,38445,2714,674.1,0.527,45.9,2963.9,24,131,1
A380,6186,14626,583.4,0.871,40.9,2980.8,18,207,1
A350,35373,3298,622.6,0.677,61.9,3013.9,14,110,1
A380,33307,1825,670.0,0.673,76.4,2794.2,2,74,1
A380,9898,11385,767.2,0.02,41.4,2978.6,7,88,1
B777,47803,10061,632.2,0.867,63.6,3087.5,18,203,1
B777,2797,174,636.1,0.47,59.0,2753.3,10,71,1
B777,16964,5679,812.3,0.026,58.2,2820.4,16,312,1
B787,17135,5888,550.0,0.499,65.5,3030.6,21,191,1
B737,28605,12144,641.5,0.969,52.3,3202.9,12,267,1
A320,23371,5108,594.5,0.701,67.6,2578.4,6,45,1
B777,3669,9425,603.4,0.846,68.7,3318.5,11,214,1
A320,26808,12073,677.8,0.057,69.6,3427.1,18,267,1
A320,1910,5269,634.9,0.897,67.0,3238.8,9,361,1
B777,21192,14528,691.0,0.14,52.0,2855.3,3,242,1
B777,7433,773,678.7,0.964,57.2,3233.3,8,155,1
A320,13595,3100,579.0,0.556,50.5,2991.3,1,137,1
A320,27676,14595,573.4,0.354,55.8,2957.3,20,282,1
B787,47665,18098,688.6,0.784,55.9,2930.1,20,77,1
B777,9142,2197,566.0,0.567,67.2,2972.6,10,185,1
A350,38628,16075,606.6,0.612,59.5,2943.4,21,141,1
B787,13928,6577,661.9,0.095,42.9,2930.7,9,284,1
B737,34362,18116,694.8,0.028,63.2,3235.1,15,5,1
A350,15745,18210,645.4,0.052,57.1,3129.3,6,29,1
B737,25109,12804,708.6,0.075,68.7,3071.1,3,274,1
A320,16653,19478,617.5,0.404,65.1,2905.1,2,128,1
A350,47648,14988,677.6,0.052,53.9,3063.1,7,184,1
B737,17728,2003,628.4,0.861,62.3,2790.6,23,313,1
B737,49343,747,688.6,0.821,75.5,3270.0,20,65,1
B737,9711,7886,634.2,0.957,42.1,3189.8,24,317,1
B777,31087,5719,636.8,0.303,66.2,3134.9,19,48,1
B737,12200,4740,694.0,0.31,51.6,2662.8,6,262,1
A350,45477,18283,667.6,0.558,47.5,2935.2,8,70,1
B787,28607,1823,596.5,0.737,59.0,2939.1,22,300,1
A350,28432,819,774.3,0.45,58.3,2999.0,3,231,1
B787,278,12093,546.8,0.703,60.1,3074.7,16,96,1
A380,8548,10510,571.4,0.382,59.5,2701.0,1,131,1
A320,20943,16211,713.1,0.612,50.3,3193.9,5,355,1
A320,15304,11000,704.7,0.093,67.9,3161.5,2,273,1
B787,20769,18273,671.5,0.109,55.5,3292.2,18,166,1
A350,26174,13247,633.5,0.08,79.1,2871.7,11,282,1
B777,27826,16173,634.3,0.107,65.8,3080.1,16,191,1
A350,48366,2153,657.0,0.025,69.3,3244.7,14,349,1
A320,40840,2830,640.7,0.448,61.9,2878.5,14,10,1
B737,28411,10137,614.2,0.323,78.9,2913.9,23,151,1
A350,19706,4129,663.2,0.891,67.7,2668.6,6,18,1
A350,21575,6932,688.8,0.732,73.1,2819.3,8,192,1
A380,47106,19031,640.5,0.365,66.9,2446.5,8,188,1
A320,37654,6941,692.6,0.437,61.9,2863.3,6,151,1
B737,38842,2742,639.5,0.556,59.0,3023.0,10,18,1
A380,37646,10617,628.3,0.788,62.9,2736.9,22,287,1
B777,19485,6303,656.9,0.32,58.8,3168.7,24,309,1
B737,33011,11052,727.9,0.569,69.5,2932.5,17,147,1
B777,43796,911,676.5,0.44,62.8,2989.2,13,315,1
A320,21222,9541,720.4,0.095,68.0,3216.9,13,36,0
B737,38258,9631,634.7,0.819,65.6,3068.4,18,346,1
A320,16237,2236,667.2,0.157,56.8,2925.9,19,94,1
B787,1942,1664,699.0,0.574,53.2,2928.1,7,256,1
A320,26505,6813,618.0,0.591,69.5,2796.7,9,199,1
B737,31256,18087,573.9,0.202,67.0,3058.4,15,245,1
B737,19946,11590,587.6,0.766,55.5,2606.0,16,151,1
B777,28350,13717,694.8,0.122,39.8,2859.0,3,169,1
A380,13408,2002,749.3,0.11,66.6,2801.7,18,180,1
A350,41161,18996,614.6,0.113,72.5,2874.0,20,229,1
B787,9238,18077,610.1,0.905,51.0,2885.1,16,213,1
B787,11439,11305,771.2,0.446,64.3,2916.0,11,64,1
B777,15898,5304,536.3,0.253,72.2,2726.1,16,20,0
B787,29000,18376,710.1,0.187,53.2,3141.2,19,37,1
A350,49873,4397,675.4,0.829,40.9,2722.9,21,270,1
A350,2266,5296,653.6,0.664,73.1,3155.0,5,290,1
A350,31620,7920,656.7,0.253,44.4,2711.2,23,223,1
A350,14175,10725,660.2,0.084,61.7,2547.0,19,26,1
A320,24860,16676,656.7,0.636,65.5,3497.3,20,315,1
B737,3293,1218,673.7,0.458,57.4,3177.5,8,93,1
A380,3215,5937,561.0,0.806,81.6,2895.9,15,123,1
A380,31379,6913,661.5,0.456,61.2,3361.4,21,3,1
B787,45933,19769,691.5,0.379,65.2,2935.3,4,122,1
A380,43695,4510,598.2,0.902,56.3,3233.3,1,58,1
B737,42192,9937,688.9,0.691,63.6,3008.2,1,111,1
B777,36468,5762,659.8,0.326,64.3,2632.2,23,11,1
A320,47040,10750,612.6,0.145,57.7,3029.9,14,17,1
A320,28038,6754,600.5,0.567,50.9,2786.5,9,284,1
A350,10644,9315,595.2,0.92,46.4,2989.7,21,64,1
B777,33821,652,584.1,0.193,52.8,3189.7,16,52,1
A350,37502,9303,588.8,0.587,76.8,2843.1,16,44,1
B777,7389,16004,641.5,0.661,42.9,3177.2,16,52,1
A320,47060,13815,679.2,0.369,76.2,3111.5,10,38,1
A350,6123,4366,762.1,0.041,78.5,2966.9,12,66,0
A350,29941,16461,655.4,0.778,59.7,2621.5,22,12,1
A380,8356,5238,569.0,0.488,75.3,2708.0,13,69,1
B777,36232,6495,691.3,0.923,59.7,3237.0,11,220,1
A380,33005,14556,666.1,0.801,56.2,2774.6,20,21,1
B737,33469,14439,676.3,0.109,53.2,2870.3,5,153,1
B777,34563,8502,669.2,0.915,56.4,3164.2,22,172,1
B737,18643,2036,616.9,0.305,65.4,3008.4,1,286,1
A350,30820,7996,678.1,0.848,59.5,2953.2,1,102,1
A350,47955,18070,680.6,0.626,55.4,3171.0,16,285,1
B787,38945,4438,596.9,0.527,48.3,3024.2,13,356,1
A350,11250,15827,660.6,0.834,45.4,3102.6,19,278,1
A320,10204,14070,648.3,0.996,47.2,2781.3,17,267,1
A320,22921,797,680.2,0.805,52.7,3226.1,12,37,1
B737,18495,6073,769.7,0.715,94.6,2936.5,6,2,1
B777,46503,1313,642.3,0.907,71.3,3072.4,22,236,1
B777,21052,10619,717.6,0.243,73.7,2847.2,9,357,1
A380,28265,4651,589.3,0.091,60.7,3084.6,15,33,1
B777,6584,19398,667.3,0.694,49.4,3036.7,8,353,1
B737,46076,7304,656.9,0.842,43.5,2976.4,13,181,1
B777,5432,17430,654.2,0.394,64.7,3188.7,10,341,1
B737,36573,13449,587.7,0.198,58.7,3116.5,6,273,1
B787,24620,14288,729.1,0.073,58.4,3284.7,19,321,1
B787,25029,8145,683.2,0.625,52.2,2899.8,7,283,1
A380,15203,7740,650.5,0.225,57.2,3199.0,13,144,1
B737,36291,6091,618.0,0.655,42.7,3176.1,11,180,1
A320,6662,18389,669.9,0.794,52.1,2753.6,19,167,1
B787,21081,4498,696.9,0.037,56.7,2833.8,5,355,1
B787,12316,9693,636.4,0.812,70.8,2954.8,17,258,1
B787,32629,4933,650.9,0.683,55.2,3190.7,11,165,1
A320,44861,17355,662.8,0.796,72.8,3121.7,23,1,1
A350,722,954,599.2,0.356,59.1,3191.0,6,3,0
B787,35039,19071,569.9,0.938,48.5,2912.0,7,163,1
A320,26288,18036,611.3,0.869,56.7,2914.8,6,165,1
A320,12648,9129,599.1,0.484,67.2,3113.6,5,103,1
A380,47812,1654,656.2,0.597,66.0,2940.8,5,226,1
B777,4278,10138,700.4,0.582,51.6,2924.3,20,116,1
B737,29294,4202,652.7,0.992,76.5,2878.3,4,79,1
B737,19541,19261,611.9,0.892,66.4,3132.3,21,271,1
A380,41440,6316,611.5,0.66,74.6,3122.6,2,105,1
B777,29800,6986,630.2,0.444,63.0,3362.0,17,35,1
B777,18620,6324,719.7,0.66,73.4,2864.8,20,145,1
B777,16733,955,595.6,0.193,56.6,3067.1,22,2,1
A320,16202,7727,650.0,0.501,67.9,3129.0,23,57,1
B777,23103,12394,627.0,0.059,52.9,2872.5,3,6,1
B787,43898,5942,665.2,0.186,75.0,3059.9,16,279,1
A380,7819,1556,628.2,0.575,37.6,2870.4,16,28,1
B737,38141,17211,649.9,0.696,76.6,3233.4,15,362,1
B777,30053,3116,572.3,0.526,42.8,2963.4,22,232,1
A320,26562,5130,581.7,0.039,39.0,3179.7,5,286,1
A320,23433,8711,637.7,0.351,48.2,2887.5,24,199,1
A380,26454,6961,628.4,0.52,61.5,2803.8,18,65,1
B787,33726,14309,643.9,0.86,63.4,3408.3,11,338,1
B737,27867,19355,648.1,0.825,65.7,3143.9,24,136,1
B787,4721,9956,680.3,0.182,53.2,2992.9,1,219,0
B737,23895,7331,618.2,0.833,59.0,2821.3,16,258,1
A380,12759,7758,607.3,0.473,56.3,3056.0,5,10,1
A350,8504,7658,726.0,0.838,59.3,3423.0,18,315,1
A380,29347,1236,693.4,0.63,63.6,2984.9,21,82,1
B787,33980,10989,667.5,0.379,58.7,2866.4,21,138,1
A380,17132,644,651.9,0.154,62.0,2839.5,17,361,1
B787,32005,18987,732.8,0.085,46.5,2714.1,10,290,1
A320,6764,19435,646.7,0.439,70.2,2798.5,2,198,0
A320,11289,8968,681.6,0.206,66.3,2800.5,14,200,1
B737,440,698,695.1,0.285,62.4,2849.2,15,279,1
B777,43534,18868,730.0,0.945,51.9,3164.4,8,364,1
A350,23859,6520,721.4,0.507,52.6,2916.1,10,249,1
A380,245,5155,614.4,0.191,57.9,2986.0,6,193,1
B787,25896,18809,646.2,0.068,71.2,2618.8,12,254,1
B787,3537,15150,635.7,0.788,50.2,2813.8,18,36,1
B737,9149,7355,604.6,0.583,46.9,3109.8,11,179,1
A380,9550,8465,636.1,0.583,51.5,2824.5,13,323,1
A320,8872,16111,582.9,0.425,67.5,2864.7,19,99,1
A320,29284,14203,656.3,0.166,63.0,2771.4,16,53,1
B787,18162,14235,513.3,0.677,66.9,3280.8,20,119,1
B777,26368,13518,679.7,0.683,52.5,3429.8,4,104,1
A320,23676,3902,594.9,0.148,60.0,3292.0,22,250,1
A350,7881,2847,591.3,0.244,68.3,2921.2,21,154,1
B777,44176,7643,690.3,0.056,52.7,3155.5,14,355,1
B737,252,7669,640.4,0.601,76.6,2933.5,1,261,1
B787,871,731,630.1,0.572,67.9,2785.9,1,118,1
A350,1005,10304,601.2,0.688,56.9,2977.2,15,227,1
A350,49566,3801,612.5,0.329,75.1,2833.5,21,325,1
B737,27338,11516,710.5,0.447,55.5,2853.1,23,89,1
A380,10889,7148,662.1,0.8,47.1,3004.0,3,361,1
A350,13820,17747,685.0,0.001,60.2,3166.6,22,202,1
B777,14759,12260,574.7,0.302,55.1,3130.4,11,23,1
B787,48676,13819,721.0,0.369,61.2,3068.0,10,316,1
A320,26321,2305,628.0,0.574,71.4,2887.5,16,348,1
A350,31793,7866,589.9,0.511,59.3,3018.3,16,119,1
B787,31027,9347,627.7,0.176,54.5,2765.4,16,302,1
B777,33070,9711,690.7,0.155,60.3,2877.8,18,155,1
A380,24745,1706,688.6,0.726,69.1,2965.0,6,123,1
B787,5432,984,596.7,0.445,50.4,2857.3,9,269,1
A380,2307,4119,646.7,0.488,42.2,3063.4,21,247,1
B737,5841,14115,625.3,0.126,53.8,3104.7,8,345,1
B787,32906,9418,612.4,0.223,55.1,3287.8,5,265,1
B777,3345,5835,770.3,0.166,59.0,3061.7,9,68,1
A350,42431,18477,630.5,0.371,55.4,3109.2,23,105,1
A320,40256,5923,719.6,0.341,54.4,2955.6,2,134,1
B737,45205,4675,652.6,0.412,49.7,3574.1,16,95,1
B737,12537,10465,638.3,0.598,50.9,3408.4,22,230,1
B737,44871,1891,722.6,0.175,71.9,3169.6,17,88,1
A350,33668,1561,731.3,0.734,55.1,2610.3,16,283,1
B787,31026,9909,637.7,0.245,43.3,3389.6,17,84,1
A320,26664,5677,715.0,0.777,53.3,2751.4,16,285,1
A350,17840,16399,642.1,0.494,70.1,3228.7,10,177,1
B777,39310,4143,652.3,0.372,55.0,2835.9,18,162,1
A380,33683,15130,667.5,0.43,59.2,3078.6,19,108,1
B787,44154,16393,695.8,0.639,62.2,2845.1,22,42,1
A350,20786,9617,737.6,0.423,58.2,2960.2,16,149,1
B777,26345,600,608.2,0.147,50.9,2994.3,18,297,1
B777,36473,18809,660.4,0.704,56.4,2839.7,3,207,1
B777,6384,7232,574.5,0.963,55.6,2993.2,4,351,1
B777,6384,10743,630.1,0.164,59.7,2928.4,2,217,0
A320,30614,8454,661.2,0.285,82.1,3016.0,7,227,1
A320,42412,1694,628.3,0.81,53.5,2586.1,13,47,1
A350,8616,2648,696.4,0.783,76.4,2990.9,23,220,1
A380,18599,15782,695.3,0.068,49.3,2880.2,6,71,0
A380,15393,9053,731.8,0.384,53.3,2828.2,9,96,1
B777,47981,18553,602.1,0.905,49.6,3090.2,17,102,1
B787,28930,319,706.0,0.499,52.0,2919.9,17,248,1
A380,39531,1196,558.6,0.159,72.5,2787.8,2,161,1
B777,12859,6913,634.5,0.408,59.8,3283.8,3,64,0
A380,9198,15381,616.7,0.984,43.0,3100.0,20,185,1
A380,25385,16072,683.7,0.303,51.4,2988.7,1,164,0
A350,42576,447,553.4,0.106,36.6,3293.2,16,222,1
A350,41220,14800,671.3,0.354,58.3,2871.0,1,96,1
B737,18366,8356,558.3,0.023,58.8,3060.7,17,287,1
A320,43664,15176,659.6,0.497,56.5,3218.9,10,129,1
A320,20209,19455,662.3,0.777,72.2,3031.2,11,183,1
A350,38587,3061,635.7,0.607,49.9,3504.9,13,196,1
B737,32645,3449,707.2,0.394,62.3,3059.0,6,364,1
B737,22586,2299,608.4,0.262,51.9,3066.0,12,276,1
B787,3326,1351,669.4,0.121,70.8,3254.2,6,330,1
B777,30705,11469,655.0,0.348,43.6,3104.2,24,18,1
A350,19883,18752,727.6,0.304,53.9,3044.1,10,124,1
B787,45447,1359,569.6,0.511,79.6,3021.6,9,203,1
B737,49163,5489,729.2,0.198,54.4,2946.0,4,53,1
B737,184,408,711.3,0.452,45.6,2628.9,1,343,1
B737,28928,10334,669.2,0.631,62.4,3109.0,1,275,1
B737,37579,18942,652.9,0.892,74.2,2992.9,9,281,1
A350,25776,19883,623.5,0.226,64.1,2764.8,4,300,1
B787,29278,12049,634.6,0.359,62.6,2864.1,16,261,1
A320,38814,13740,618.9,0.467,49.4,2833.5,20,204,1
A380,7291,6516,589.4,0.652,65.2,3265.3,7,72,1
B787,48056,5820,684.7,0.501,53.7,3183.5,6,269,1
B787,10465,4407,698.2,0.12,52.0,3307.0,12,15,0
A350,18896,5493,725.7,0.522,43.5,3050.9,12,11,1
B787,10093,18293,644.3,0.842,55.2,3174.9,14,306,1
B787,24713,6686,692.6,0.238,45.9,3102.7,24,292,1
B787,11689,16210,560.9,0.029,52.6,2751.7,18,355,1
A380,3093,11392,644.3,0.881,57.4,2949.9,18,70,1
A380,17630,4020,638.3,0.242,71.7,3012.8,22,346,1
A380,44996,7249,665.1,0.791,42.7,3244.2,2,274,1
B777,31148,18256,604.0,0.673,59.9,2863.3,24,135,1
A350,27993,12117,627.1,0.154,64.2,2849.2,4,175,1
B737,37100,5542,611.3,0.512,52.2,2902.8,20,86,1
B787,49328,13479,695.4,0.329,52.8,3230.6,17,225,1
A320,3565,1667,644.7,0.902,74.2,2997.3,10,204,1
A350,16568,19541,652.0,0.669,49.0,3129.2,14,56,1
A320,9950,4946,610.2,0.625,76.8,3233.7,10,65,1
A320,29121,14496,693.8,0.171,64.7,3010.2,8,269,1
B777,16122,12329,673.8,0.969,77.2,2986.3,18,331,1
B737,30173,2268,651.7,0.132,66.7,2992.5,7,37,1
A320,13872,1254,606.8,0.74,39.8,2908.5,19,72,1
B787,42019,11725,657.0,0.95,66.0,3109.4,6,251,1
B787,14884,13449,680.2,0.448,49.3,3016.9,4,175,1
A350,45705,17745,717.1,0.28,60.7,3131.7,5,277,1
B737,32847,10190,690.1,0.62,68.9,3069.2,7,60,1
A320,43890,2181,626.7,0.624,61.7,2961.4,10,149,1
A320,32422,7797,552.8,0.652,59.4,2805.1,9,60,1
A380,45070,6233,679.8,0.632,63.3,2854.9,22,296,1
B737,35304,3676,588.1,0.047,82.4,3034.1,17,94,1
A380,21819,11714,643.9,0.136,71.3,2952.6,17,331,1
B737,20852,15997,662.2,0.49,37.8,2856.5,10,47,1
B787,48439,17851,637.0,0.483,73.6,3022.0,10,97,1
A380,36152,770,665.5,0.403,59.8,3284.4,3,28,1
B787,16069,358,562.6,0.771,61.7,3247.0,14,165,1
A350,11855,4748,649.6,0.113,62.4,2921.5,18,134,1
A350,46902,15392,725.8,0.506,70.1,3011.9,19,14,1
A320,8279,1261,631.8,0.249,44.1,2827.1,11,259,1
B787,41386,12179,691.7,0.541,57.3,3278.7,1,323,1
A350,19571,18598,629.7,0.537,65.8,3386.0,11,110,1
A350,20139,7633,624.0,0.005,67.5,3117.9,23,92,1
A380,167,5366,617.5,0.494,80.1,2971.8,2,243,0
B787,7267,17399,576.7,0.295,62.4,2883.2,15,82,1
A350,28746,9241,666.6,0.6,59.9,2848.6,17,62,1
A320,49043,4857,640.8,0.083,48.0,2987.8,4,347,1
A350,7518,18893,596.1,0.964,53.2,2855.7,24,309,1
A350,15741,10483,615.7,0.799,51.7,2525.9,3,291,1
B737,45165,9961,561.9,0.76,61.2,2840.2,10,349,1
B787,49314,2910,666.5,0.574,52.4,3213.6,9,254,1
A320,42286,6391,627.4,0.337,51.6,3105.6,8,207,1
B777,5669,11077,634.8,0.654,57.4,3307.3,18,98,1
B787,3031,3324,677.8,0.92,55.2,3195.7,13,28,1
A320,26869,18431,699.4,0.924,33.1,2670.4,11,336,1
B737,25595,14691,710.3,0.548,56.0,3124.5,13,101,1
B787,49343,9533,675.4,0.917,57.6,2982.7,24,177,1
B737,3978,227,628.7,0.658,54.4,3193.5,20,205,1
B737,14892,14456,587.5,0.485,52.9,2811.8,19,92,1
A320,27726,19713,722.1,0.972,77.9,3000.3,23,178,1
A320,27625,14718,695.1,0.457,52.8,3186.9,19,44,1
B777,33964,16878,605.4,0.94,55.9,3078.0,1,149,1
B737,33033,17621,706.7,0.225,72.7,2952.2,15,260,1
A380,28850,11832,682.4,0.359,54.1,2841.9,2,18,1
B737,44520,2104,610.9,0.72,57.0,3173.5,4,16,1
B737,17395,8435,598.6,0.394,33.9,3309.8,18,45,1
A350,33176,6739,726.1,0.289,53.8,3218.4,16,32,1
A380,28409,6679,618.6,0.296,64.3,3009.3,22,331,1
B777,27970,1355,692.3,0.15,76.1,2968.2,15,218,1
A380,13803,15659,668.2,0.062,53.3,2708.1,4,17,0
A350,5529,6817,548.0,0.899,51.3,2917.2,20,118,1
A350,34216,19596,661.0,0.612,59.9,2798.7,15,291,1
B777,20189,7807,649.8,0.501,58.9,2609.8,5,119,1
A320,27954,7816,713.0,0.7,58.9,2738.3,15,16,1
A350,48887,5354,691.8,0.891,66.2,2619.2,6,354,1
A320,1931,10469,652.0,0.33,74.6,3214.3,10,162,1
A320,37264,10294,714.5,0.5,64.2,3272.1,17,97,1
B787,36775,2157,623.4,0.047,66.5,3070.5,15,1,1
B737,36456,10903,650.5,0.78,69.5,3038.3,22,55,1
A380,19705,7743,663.3,0.071,74.5,3056.9,10,29,1
B777,36633,3322,577.4,0.421,64.7,3099.6,12,248,1
A350,28895,18230,641.0,0.718,52.6,2922.0,6,211,1
B777,23359,14340,586.5,0.44,69.9,2883.4,1,166,1
A350,15109,2468,626.1,0.47,80.2,3162.0,4,225,1
A380,34331,18614,548.2,0.869,54.5,2961.9,9,23,1
B787,31462,2184,571.0,0.388,63.6,2797.1,21,21,1
B787,39220,19365,719.0,0.979,65.7,2852.2,11,185,1
A320,46585,3918,711.3,0.713,63.7,3400.5,4,283,1
B737,8174,11639,645.8,0.78,65.7,3344.8,22,77,1
B737,34273,5058,660.7,0.163,51.0,3365.8,18,209,1
A320,22021,3439,596.5,0.633,69.1,3499.2,21,288,1
B787,48563,18582,558.2,0.23,73.1,2906.7,10,125,1
A380,29301,7701,699.0,0.212,52.8,3273.5,1,17,1
B787,18941,13103,676.0,0.911,50.3,2935.6,13,213,1
B787,47573,6128,613.4,0.221,59.2,2888.6,13,51,1
A350,41522,289,601.7,0.672,63.2,3250.1,18,138,1
B777,13445,10575,658.7,0.16,59.8,2999.9,3,22,1
B787,4493,3212,653.6,0.996,60.5,2706.7,13,305,1
B777,42759,7078,684.2,0.065,57.1,2896.3,22,119,1
B777,38502,9755,619.1,0.271,63.8,2546.9,6,27,1
B777,22113,5321,612.0,0.818,41.5,3030.1,1,235,1
B777,40620,10723,610.8,0.716,52.0,3140.5,20,223,1
B737,14035,1691,760.8,0.876,57.2,3313.1,9,102,1
B737,27866,6016,631.5,0.635,65.3,3244.3,15,11,1
A320,19445,13151,659.7,0.63,70.7,3402.2,23,149,1
A380,22068,14716,564.6,0.533,73.0,2965.5,16,61,1
A350,11520,14100,622.1,0.457,50.2,2633.6,14,88,1
B737,9097,12022,629.9,0.397,44.5,3348.6,13,61,0
B737,31004,2609,741.6,0.701,46.5,2764.4,1,34,1
B737,20504,4127,712.4,0.295,47.6,3291.6,10,146,1
B787,35832,7227,577.5,0.39,46.0,2670.2,4,132,1
A350,8527,16620,684.6,0.483,50.5,3059.3,19,158,1
A350,13194,8028,626.1,0.217,57.1,2799.8,15,333,1
A380,45345,14320,635.6,0.603,78.2,3103.4,9,64,1
B777,21237,4782,583.1,0.668,44.4,2907.6,13,84,1
B737,15963,11215,643.5,0.016,60.4,3070.5,17,231,1
B787,30065,10498,636.6,0.189,51.9,2773.6,3,230,1
B777,35204,898,552.8,0.429,47.5,2818.8,23,243,1
B787,36429,19276,682.0,0.632,76.4,2643.2,17,117,1
A380,38093,3931,689.2,0.605,54.5,3307.5,9,126,1
B737,26204,11561,627.9,0.084,58.6,2729.8,24,231,1
A350,15813,3239,677.8,0.202,67.6,3081.4,13,327,1
B777,39968,17717,698.7,0.414,55.5,2918.9,9,305,1
B777,29734,4219,603.2,0.886,44.5,2647.6,11,309,1
A320,14692,642,570.8,0.79,73.3,2744.0,10,88,1
A350,45821,2769,669.3,0.428,52.5,2902.4,8,297,1
B787,3021,18343,671.5,0.911,64.3,3002.3,10,58,1
A350,6862,1036,730.1,0.765,55.7,2945.5,22,17,1
B777,8616,11926,642.7,0.554,59.5,3214.8,15,357,1
B777,11208,18479,672.3,0.104,63.8,2987.7,19,14,1
B777,19673,8354,626.0,0.455,64.1,3057.5,7,208,1
B787,3280,14829,607.0,0.774,63.2,2896.5,24,273,1
B777,23616,9206,695.4,0.101,54.3,2906.5,6,243,1
B777,36887,9601,687.5,0.118,48.1,2931.6,2,61,1
A350,36952,10860,579.8,0.863,45.8,3106.3,3,333,1
A320,44953,7420,655.2,0.316,61.1,2967.7,22,71,1
B737,18232,9697,621.5,0.782,61.8,3315.6,22,142,1
A320,48650,7565,685.2,0.226,56.8,2741.1,20,266,1
B787,26320,7151,639.3,0.564,59.0,3176.1,13,65,1
B737,33255,12807,648.2,0.803,55.8,2852.4,5,100,1
A320,46710,17171,691.4,0.095,78.2,3207.6,5,244,1
B737,39655,9605,676.6,0.561,49.0,2926.3,3,41,1
A380,19196,3176,590.7,0.465,47.8,2896.2,20,157,1
B737,35601,6645,652.3,0.446,61.6,3064.1,23,112,1
A350,48632,7294,655.6,0.389,58.3,2836.0,3,178,1
B737,705,13794,604.6,0.622,51.1,2812.4,3,101,0
A320,17669,18132,668.8,0.666,51.1,3206.6,6,216,1
B777,3732,17281,677.0,0.651,58.7,2847.5,12,330,1
A350,9045,112,576.9,0.119,56.8,3123.8,12,196,1
B787,45972,8320,618.3,0.334,45.2,2603.4,1,228,1
B777,5464,7911,662.5,0.467,62.0,3049.6,13,20,1
B777,38038,8909,667.7,0.96,61.9,3064.8,21,146,1
B777,789,15325,640.9,0.679,76.4,3110.1,20,191,1
A350,14202,8929,695.7,0.482,63.1,2904.1,10,13,1
A320,3963,18588,653.6,0.641,65.9,3023.5,17,142,1
B787,37770,744,644.4,0.749,65.6,3078.2,24,126,1
B737,47530,17918,682.7,0.561,70.5,2444.4,3,253,1
A350,23192,12542,747.8,0.896,49.2,2959.1,1,154,1
A350,31811,11432,660.0,0.388,59.3,2931.7,9,34,1
A350,6003,758,652.8,0.758,57.6,3175.8,21,90,1
B787,14614,1500,617.2,0.053,65.1,2946.5,6,144,0
A320,15810,1317,637.6,0.24,55.0,2935.6,12,338,1
B737,29926,7284,573.9,0.493,77.6,2915.6,4,270,1
A350,10580,3339,648.6,0.974,64.5,2680.0,18,39,1
B777,49535,6445,623.3,0.733,67.5,2936.5,10,174,1
A350,12106,10679,634.4,0.022,52.4,2956.5,24,168,1
B777,24815,13368,682.4,0.737,58.5,2938.9,17,70,1
A320,13523,12683,661.6,0.197,55.4,2939.0,24,218,1
B777,49232,472,709.8,0.779,57.1,2965.3,3,317,1
B737,7463,3740,714.2,0.88,69.8,3101.5,20,157,1
B787,194,16012,639.7,0.799,62.4,3268.6,14,279,1
A380,23591,4115,686.0,0.221,46.9,2966.3,4,338,1
A380,26158,6604,665.9,0.656,41.4,2759.6,13,165,1
B787,1126,11241,680.9,0.986,74.7,3016.4,15,114,1
A380,2107,13504,661.6,0.954,45.3,3126.7,3,333,1
A320,20541,9762,626.7,0.998,54.0,3203.7,10,123,1
A320,17642,3356,663.7,0.54,73.4,3081.3,19,203,1
B787,33340,14738,623.8,0.346,54.4,2790.8,5,8,1
B777,42024,15717,732.3,0.427,55.5,3071.6,16,324,1
B737,14386,19492,690.6,0.09,57.6,2918.0,23,45,1
B737,3252,16366,798.2,0.678,58.2,3095.2,19,226,1
B777,47451,14107,642.2,0.23,54.2,2994.6,3,7,1
B787,44070,16542,697.8,0.802,54.6,3106.2,22,238,1
A320,17501,14308,745.3,0.951,71.4,2866.0,15,156,1
A380,8074,7207,663.3,0.365,62.9,2860.3,24,320,1
A380,11655,8120,653.1,0.659,50.5,2751.6,8,354,1
A350,34570,8880,633.7,0.825,79.5,2648.6,16,329,1
A350,14726,768,608.1,0.235,74.5,2930.7,17,17,0
B787,30168,13388,695.9,0.226,65.9,2849.7,12,333,1
B777,39718,5747,676.5,0.083,60.0,3258.4,6,74,1
B737,1360,201,704.3,0.293,55.9,3268.8,3,126,0
B777,15771,8918,707.1,0.889,69.1,2575.8,15,164,1
B787,32652,10781,577.6,0.105,84.1,3337.0,17,81,1
B787,47072,15361,659.4,0.286,82.5,3271.5,8,82,1
A380,40381,11254,660.5,0.854,52.0,3142.4,12,42,1
B777,40046,7355,676.2,0.832,73.0,3402.1,14,47,1
B777,13411,15124,602.1,0.109,52.5,3409.8,7,169,1
A320,1487,73,673.4,0.723,74.2,3317.1,20,18,1
A350,24046,18437,635.0,0.371,57.5,3007.5,24,350,1
B787,44202,19506,621.0,0.045,64.3,3001.2,18,242,1
A320,28469,4382,619.8,0.05,51.3,3193.6,10,97,1
B777,8863,8288,597.1,0.328,44.0,2863.1,8,47,1
B777,42622,12906,681.7,0.824,63.5,2961.5,21,32,1
B787,17445,19484,524.6,0.857,58.8,2680.4,2,221,1
A320,33635,9409,680.0,0.87,44.1,2895.5,3,340,1
B787,31867,4127,650.6,0.184,65.9,3043.8,17,126,1
B777,38843,12267,634.3,0.58,52.2,2969.9,2,358,1
B737,34622,2874,693.3,0.084,38.8,3086.7,4,296,1
A320,45959,15441,615.3,0.844,51.9,3474.6,1,146,1
A350,39452,1681,617.8,0.917,77.6,3054.7,9,303,1
A350,49926,15803,596.6,0.734,67.4,2856.5,17,37,1
B737,39008,10460,584.4,0.095,65.0,2810.4,10,351,1
A320,5756,7253,648.1,0.278,67.8,3260.9,24,147,1
B777,23960,18368,750.3,0.789,52.7,2834.7,9,46,1
B737,37187,2714,625.0,0.551,43.2,3120.9,2,120,1
A380,36704,3400,666.0,0.142,55.1,3150.4,9,302,1
B777,7145,9130,579.0,0.994,64.1,3158.6,9,297,1
A350,2634,9835,651.8,0.562,61.0,2807.4,10,280,1
A320,21832,1318,660.8,0.111,57.0,3093.4,21,56,1
B787,42652,8571,686.6,0.309,62.8,3022.8,5,348,1
B787,39898,3689,588.8,0.935,67.4,2775.9,17,103,1
A380,26505,1633,698.9,0.399,54.1,2800.6,10,307,1
B777,19162,1126,587.6,0.412,65.1,3126.7,5,227,1
A380,37079,9803,769.2,0.708,74.3,3410.9,8,55,1
B737,41369,17588,645.5,0.554,73.8,3089.6,14,311,1
A320,39403,5438,753.3,0.277,51.4,2910.4,16,124,1
A380,4843,12004,727.7,0.585,71.3,2585.8,5,219,1
A320,12871,8348,614.8,0.085,54.3,3178.8,2,349,1
B737,41974,7593,585.9,0.164,63.7,3140.9,4,227,1
B787,43846,13252,656.4,0.875,72.7,3146.0,22,130,1
B737,31849,9000,607.0,0.152,36.3,3064.9,13,103,1
A380,37728,13070,724.1,0.693,45.9,3142.7,6,59,1
B737,11789,18464,735.1,0.346,54.1,2868.1,13,102,1
A320,42576,969,652.0,0.695,53.3,3408.9,9,23,1
B777,10791,5387,673.5,0.448,48.1,3119.8,23,335,1
A320,20227,7448,652.0,0.007,59.3,3413.5,20,160,1
A320,29550,10761,556.0,0.323,54.4,3028.0,14,231,1
B737,45962,4007,737.9,0.692,62.2,2714.8,22,38,1
B777,48589,7675,592.0,0.162,54.2,2931.1,19,304,1
A350,21354,2478,621.1,0.682,79.5,3048.3,5,195,1
A350,16676,13970,712.7,0.847,56.8,3235.6,16,163,1
B737,40548,3737,567.4,0.135,64.7,3070.2,9,222,1
B777,8540,4163,647.4,0.233,75.4,2808.2,20,273,1
B777,39850,1309,616.7,0.502,48.8,2721.4,13,215,1
B777,35157,9751,669.9,0.109,57.5,2814.4,22,353,1
B777,30105,15507,641.3,0.933,47.8,3226.2,14,328,1
B777,10541,16742,710.0,0.983,45.9,2902.2,3,84,0
A320,1709,3957,704.0,0.569,43.5,2914.8,10,292,1
A320,36799,8572,715.0,0.297,48.0,2749.8,19,341,1
B777,38909,4445,700.7,0.319,74.4,3177.4,24,5,1
A380,40017,18808,696.2,0.42,49.5,3244.7,17,189,1
B737,21891,1955,584.4,0.861,63.7,2993.6,5,35,1
A320,35547,15978,762.9,0.811,69.8,3274.3,16,10,1
A380,12793,3543,613.7,0.9,56.8,3163.7,3,293,1
A380,37800,8531,722.3,0.925,75.0,3076.7,6,170,1
A320,25594,14131,638.8,0.331,57.5,3120.8,15,148,1
A320,40737,17091,700.4,0.715,63.2,2761.4,5,178,1
A380,9334,15655,631.4,0.207,62.1,3152.5,13,194,1
A380,17072,793,673.5,0.673,42.4,3286.6,9,242,1
A350,39025,5202,632.4,0.56,69.0,2999.7,17,314,1
B777,10837,19207,529.9,0.317,67.6,2859.8,8,34,0
B777,36236,2226,641.1,0.081,46.6,2902.0,12,107,1
B777,12689,11523,738.0,0.358,53.6,3223.5,18,192,1
B787,35842,14743,620.1,0.398,72.9,2999.9,19,310,1
B777,40971,6840,688.3,0.875,55.4,2913.3,14,233,1
A320,21254,4835,588.5,0.92,76.8,3067.7,4,195,1
A320,30093,12306,640.8,0.95,76.1,3032.6,4,307,1
A320,5956,9366,651.2,0.282,52.1,2981.2,9,286,1
A320,45702,17377,634.3,0.866,59.5,3128.6,7,93,1
B787,11463,16008,621.8,0.785,45.4,2721.2,10,45,1
B737,18907,15222,594.5,0.93,52.9,3384.3,5,349,1
A350,3693,13449,693.9,0.597,42.3,2905.1,3,21,1
B777,6699,11195,649.3,0.045,45.1,2879.3,11,129,1
B787,26355,201,555.3,0.631,58.1,3207.0,16,349,1
A380,2413,19828,545.4,0.675,62.3,3094.0,12,210,1
B737,46796,18238,698.0,0.525,60.0,3158.3,13,124,1
A380,7368,9772,654.2,0.057,47.9,3121.1,19,363,1
A320,6522,2326,617.3,0.939,74.6,2545.9,20,237,1
A320,43285,16180,719.4,0.101,63.2,2814.6,19,86,1
B737,49993,19131,630.3,0.007,54.2,3015.2,11,304,1
B777,11287,3579,657.1,0.428,54.8,2785.5,11,46,1
B787,44315,13061,703.5,0.309,63.0,3001.0,5,184,1
A350,46003,16065,698.5,0.753,82.6,3041.2,7,63,1
A350,6572,10171,687.5,0.319,70.3,2984.3,21,313,1
A350,13535,10771,635.7,0.351,59.2,2874.5,13,54,1
A380,46277,5867,568.5,0.959,60.7,2828.0,13,171,1
B737,6601,16072,663.8,0.21,73.6,3067.6,5,196,1
B737,47152,4795,677.5,0.753,70.9,2728.9,17,240,1
A380,36079,19481,568.9,0.185,63.8,3074.0,10,324,1
B787,5375,905,630.7,0.416,48.2,3098.5,14,149,1
B737,5025,12092,650.5,0.69,61.0,2924.2,10,118,1
A380,38473,19352,658.2,0.718,70.2,3070.6,12,36,1
B777,33793,6279,634.2,0.789,65.8,2900.1,7,361,1
B787,31966,2194,562.8,0.115,59.8,3072.0,17,313,1
A320,34826,7059,602.1,0.32,58.4,2825.3,22,332,1
B787,32917,1880,703.4,0.478,68.5,2933.1,17,62,1
A350,23478,1313,600.3,0.208,58.8,3052.3,21,162,1
B777,1243,11487,622.9,0.729,47.4,2973.0,14,339,1
A350,7142,9291,549.0,0.92,48.2,2970.5,6,49,1
B737,14566,882,689.1,0.719,47.9,3250.1,19,214,1
B777,28743,5488,645.2,0.413,54.8,2809.6,5,202,1
A380,15992,11614,598.4,0.451,78.9,2787.1,2,131,1
B737,35856,718,635.6,0.844,59.5,3080.9,1,252,1
B737,20691,5899,754.3,0.412,68.0,2728.8,19,48,1
A380,23261,18374,664.5,0.602,55.3,2967.6,3,205,1
B787,19326,3204,737.3,0.399,48.1,3013.3,24,61,1
B777,45311,1849,585.3,0.604,70.6,3067.7,18,173,1
A380,46399,4805,642.8,0.812,43.6,2838.7,15,93,1
B777,41415,11705,595.2,0.938,54.2,2928.5,12,254,1
A380,18513,6524,634.1,0.984,47.7,3104.8,23,185,1
B777,47596,8430,638.6,0.071,47.5,2983.3,6,297,1
A380,35807,7119,709.7,0.437,72.8,3024.1,22,272,1
A350,16249,18538,693.2,0.402,54.8,3138.1,22,275,1
A350,22426,16823,674.6,0.932,64.3,3142.7,21,206,1
A350,12570,10149,571.0,0.041,65.3,2893.9,23,146,1
A380,1722,8570,668.2,0.375,62.8,2990.3,15,115,0
A380,12064,3951,565.0,0.891,55.7,2674.8,12,224,1
B737,8774,15657,676.5,0.874,39.8,3133.2,1,72,1
B777,20873,419,670.1,0.925,45.5,3015.1,6,98,1
B737,38444,4500,672.8,0.294,54.8,3423.9,24,163,1
B777,27164,16828,675.4,0.184,62.9,2863.1,16,38,1
A380,16901,11353,735.3,0.613,44.0,2650.9,18,249,1
B737,32603,12576,666.9,0.528,35.3,2694.4,6,88,1
B777,14436,18809,660.8,0.675,70.6,2981.5,12,21,1
B737,10737,7318,661.4,0.185,60.9,3111.6,13,240,1
A350,15844,1710,599.6,0.969,60.7,3000.2,11,69,1
A320,5354,16470,680.3,0.244,62.5,3139.6,4,188,1
B787,36275,6084,623.1,0.441,58.9,3108.3,5,301,1
A320,11706,17486,737.7,0.739,71.1,3006.6,22,19,1
A350,49886,1355,621.2,0.953,53.3,2955.8,15,73,1
B777,30529,19753,618.3,0.513,56.1,3218.1,12,191,1
B777,47980,19877,667.8,0.19,71.4,2797.2,2,308,1
B737,15543,8429,605.0,0.622,43.8,3286.1,6,277,1
A380,35012,7191,627.3,0.124,65.1,3057.3,7,76,1
A380,30975,9924,679.8,0.448,76.8,2751.0,10,264,1
A350,13572,12460,692.9,0.161,58.1,2992.5,16,304,1
A320,24701,5705,671.6,0.24,47.2,3185.2,22,227,1
B737,3332,6067,613.8,0.88,46.9,3091.6,6,89,0
A320,39536,18823,694.2,0.669,65.9,2975.7,2,43,1
B787,9865,12281,562.8,0.727,52.8,3248.5,1,172,1
B777,23234,7675,598.3,0.173,71.5,3173.9,22,143,1
B777,6839,7458,668.1,0.943,54.1,3136.4,21,45,1
B777,12594,19353,620.6,0.065,57.6,2925.6,15,122,1
B777,39392,5099,643.5,0.946,48.6,2940.9,8,340,1
B777,31262,11912,687.3,0.251,66.7,3029.3,10,92,1
B787,28522,5203,632.1,0.064,60.3,3022.3,11,241,1
A320,23130,16563,632.4,0.468,70.2,3439.6,19,207,1
B737,31706,12738,598.1,0.498,44.3,2719.9,16,70,1
B777,40249,7161,668.5,0.795,50.3,2978.1,8,285,1
B777,33699,13675,681.8,0.643,59.0,2852.3,21,211,1
A320,25555,16348,721.6,0.376,58.3,3144.0,10,120,1
A380,41090,6078,579.5,0.612,69.8,3065.8,2,214,1
B737,18589,2214,596.1,0.604,55.4,3093.2,11,93,1
A320,49273,10607,590.6,0.935,62.0,2597.0,11,264,1
A380,925,10966,588.3,0.035,57.5,3074.0,18,302,1
A320,34608,12435,708.2,0.653,63.5,2819.3,8,293,1
B777,43556,12705,582.3,0.756,53.6,2672.8,9,106,1
B787,20372,11681,605.9,0.583,58.7,3227.8,24,23,1
A380,16037,17349,644.7,0.871,75.1,3325.8,7,298,1
A320,35997,3786,610.7,0.961,68.5,3064.6,24,3,1
A350,17002,3963,699.1,0.248,70.7,3089.2,3,261,1
A380,15000,18027,663.4,0.87,48.8,2792.5,2,344,1
B737,47767,15569,630.4,0.513,68.7,2871.4,8,332,1
B777,4381,8884,706.7,0.698,76.1,2867.3,19,292,1
A320,27762,5117,688.3,0.256,50.0,3014.4,3,105,1
B777,42642,1296,717.3,0.827,57.9,2729.8,19,242,1
A380,18513,11665,559.1,0.471,54.0,3142.7,17,8,1
A350,2341,13848,647.5,0.704,61.4,3114.0,7,165,1
B737,26403,7120,633.3,0.868,62.7,3002.6,17,199,1
A350,1300,1272,644.9,0.629,57.6,3028.6,24,338,1
A320,18282,6030,663.0,0.603,59.6,3269.3,17,262,1
A320,13131,7812,662.9,0.066,59.1,3173.4,1,198,1
B777,38945,5290,669.9,0.685,82.0,3226.1,5,269,1
B787,245,8613,636.3,0.358,55.4,3183.1,2,180,1
B777,8638,11918,632.5,0.857,88.7,3034.8,1,107,1
B787,46369,8908,656.2,0.448,64.8,3165.3,5,344,1
B737,46069,2450,602.1,0.847,61.2,3198.5,19,182,1
A380,6508,3320,673.1,0.865,77.0,3089.9,8,270,1
A320,4776,13307,715.3,0.688,67.4,2583.7,20,89,1
A380,35550,18844,717.7,0.078,65.6,2730.2,4,104,1
B777,688,19280,619.2,0.251,49.8,3212.3,21,174,1
B787,47878,2431,612.3,0.266,55.1,2600.3,23,97,1
B737,36327,6760,659.4,0.754,51.0,2812.8,14,33,1
B737,48009,6898,721.6,0.897,44.6,2737.2,16,42,1
B787,6865,10511,609.4,0.623,61.1,2543.9,18,322,1
B737,18909,12786,653.6,0.24,72.0,3073.1,4,2,1
A350,11967,261,593.0,0.337,58.4,3065.2,16,143,1
B737,4105,5338,784.9,0.527,57.8,2891.0,16,164,1
A380,43008,19756,658.5,0.09,54.8,3258.3,3,136,1
B787,12161,15806,744.2,0.817,43.3,2612.0,11,251,1
A320,13034,9919,631.7,0.626,59.6,2895.8,16,265,1
B787,42377,15079,706.0,0.224,57.6,2867.9,1,62,1
A380,49392,12233,618.8,0.913,74.5,3350.3,17,298,1
B777,18514,14220,679.7,0.528,44.4,3011.2,7,84,1
A350,17083,4532,634.8,0.053,40.7,3078.0,7,40,0
A320,38529,10666,624.2,0.711,52.3,2972.4,5,98,1
A350,36101,879,671.3,0.474,61.2,2860.8,10,53,1
B787,34035,8245,648.5,0.484,79.4,3131.3,18,181,1
A380,35852,19921,581.6,0.691,57.1,3150.3,9,258,1
B737,7034,16144,635.5,0.195,48.8,3361.5,8,216,1
B787,41644,11106,574.2,0.95,60.8,2680.1,16,255,1
A380,1300,15913,619.0,0.819,66.7,2758.7,20,134,1
B777,39257,6990,624.7,0.903,49.1,2865.6,13,52,1
A380,40275,12938,656.4,0.908,52.2,3292.8,20,263,1
A350,18574,3790,636.6,0.407,69.6,2848.3,16,22,1
A380,30332,669,691.2,0.327,53.5,3255.5,18,117,1
B777,34707,11863,698.5,0.555,47.2,2696.2,4,29,1
B777,10799,7618,668.5,0.118,63.3,3067.3,8,35,0
A350,18001,7069,695.0,0.512,56.6,3014.4,5,193,1
A350,33945,15867,607.8,0.587,56.8,2760.7,7,152,1
A380,10349,5261,727.3,0.116,66.2,3078.4,16,204,1
A320,49137,15680,583.1,0.741,66.3,2915.2,3,21,1
A320,13146,16120,590.6,0.913,51.0,3135.3,22,265,1
A350,24659,15236,677.9,0.296,47.7,3140.2,13,299,1
A320,19305,3204,735.5,0.008,64.0,2938.8,2,308,1
B787,30370,13135,653.0,0.886,63.1,3011.5,11,1,1
B777,42253,6069,729.2,0.37,51.9,3293.4,17,235,1
B777,7408,11585,635.8,0.006,51.3,2844.7,1,21,1
B737,29723,8514,630.2,0.113,71.8,2905.3,13,317,1
A350,11969,1017,674.9,0.674,54.8,3084.4,7,265,1
A350,15106,14702,674.2,0.529,55.1,3090.2,14,4,1
B737,33853,10860,759.1,0.174,72.4,2631.0,5,277,1
A380,8417,11271,638.6,0.535,51.1,2878.6,11,225,1
B777,30354,6689,602.4,0.377,50.2,2895.7,6,157,1
A380,34804,12972,654.0,0.22,66.1,3252.7,20,111,1
A380,45254,1408,668.8,0.851,77.4,3025.2,16,186,1
B777,15965,5118,698.8,0.824,76.5,2673.5,1,338,1
B737,41869,12439,640.0,0.68,59.8,3222.8,1,236,1
B787,34310,16610,571.0,0.19,71.9,3172.1,16,44,1
A380,22429,2616,683.7,0.4,50.7,2802.0,13,342,1
B737,16366,18568,621.5,0.728,51.1,3131.3,7,299,1
B787,46952,9261,701.3,0.794,61.6,2960.9,21,206,1
B737,12475,4932,685.2,0.923,62.4,3133.6,13,201,1
B737,16539,13456,629.1,0.162,63.6,3361.7,7,40,1
A350,31819,7836,617.6,0.32,58.3,3026.9,10,18,1
A320,19748,17586,617.4,0.179,62.9,2671.2,15,31,1
B777,509,9738,662.5,0.983,55.5,2819.2,14,353,1
A380,18578,2337,670.8,0.805,53.6,2923.0,5,235,1
A350,38847,14307,644.7,0.423,61.5,2983.2,1,4,1
A350,6059,17644,658.3,0.687,60.3,2840.0,6,211,1
B777,27512,4343,741.7,0.789,56.2,2982.0,15,73,1
A380,3078,1323,737.4,0.676,66.4,2740.0,5,143,0
B777,43789,12410,615.0,0.15,75.2,2888.5,12,226,1
A320,25928,4238,708.0,0.005,68.1,2951.8,15,24,1
B737,5096,2698,650.4,0.833,63.7,3131.4,24,317,1
B777,12830,15680,611.5,0.679,50.6,2623.8,13,354,1
B737,16287,15315,700.2,0.857,57.7,2768.4,13,107,1
A350,10416,7730,618.9,0.149,69.4,2938.3,14,158,1
B737,5452,7133,618.7,0.357,57.4,2825.3,4,295,1
B787,22712,11422,573.3,0.212,59.6,3027.7,7,120,1
A320,39893,11210,645.1,0.809,64.0,3304.0,15,182,1
B787,7461,8236,611.1,0.462,72.1,2749.7,15,105,1
B737,7722,13960,723.8,0.963,54.4,2718.7,7,66,1
A380,23388,6247,645.3,0.967,69.5,2983.9,12,260,1
A320,34552,13290,651.6,0.738,65.4,2865.4,22,172,1
B777,32663,13577,625.4,0.417,54.1,2978.3,17,263,1
A320,19589,13404,610.9,0.752,36.6,3204.5,11,95,1
A320,27855,3856,601.4,0.083,45.1,3135.6,21,54,1
A380,11281,11201,772.5,0.159,61.8,2820.8,24,241,1
B737,2279,19195,646.2,0.562,65.0,2915.6,18,302,1
B787,21964,19219,617.6,0.685,78.8,2715.0,7,265,1
A320,12161,12385,655.5,0.957,65.2,2639.8,12,93,1
A380,44880,10937,670.0,0.009,56.0,2631.5,2,269,1
A350,22971,12686,595.2,0.03,38.2,2614.9,21,212,1
A320,10180,2060,614.2,0.566,66.4,2867.8,4,291,1
A350,31813,101,673.8,0.228,53.0,3028.8,15,106,1
A320,22267,13619,621.7,0.795,65.5,3054.6,20,165,1
B777,16632,11223,587.0,0.259,46.4,2971.0,13,1,1
A350,2695,16902,622.1,0.78,66.8,3095.4,23,296,1
B737,37660,16494,600.6,0.261,77.6,2641.0,20,112,1
A380,18408,3925,716.7,0.233,66.9,3092.1,18,76,1
A380,8014,17272,672.4,0.354,57.4,3084.2,11,333,1
B777,24596,9881,521.4,0.72,59.2,3183.9,18,90,1
A320,24858,5643,629.5,0.228,74.8,2987.3,14,109,1
A350,29393,5532,695.6,0.23,65.0,3020.7,5,358,1
B777,2258,19793,680.7,0.333,66.9,3116.3,10,40,1
B737,30556,9153,622.9,0.908,49.8,2601.5,4,188,1
A320,41144,11149,697.7,0.12,44.8,3038.4,10,191,1
B737,2792,3147,625.2,0.919,65.0,2853.9,5,86,1
A380,42790,7548,612.7,0.275,47.3,2912.1,9,130,1
A350,12568,14392,616.5,0.634,45.9,2902.7,12,74,1
A380,9971,15504,714.2,0.213,44.6,3025.9,1,362,1
A350,1143,9821,650.0,0.144,78.4,3192.0,13,146,1
B737,8414,15712,622.3,0.224,52.7,3127.3,7,147,1
B787,10489,5088,604.6,0.466,53.6,3220.2,20,362,1
B737,35958,4693,633.9,0.809,67.6,2931.7,23,146,1
B787,20070,735,624.4,0.094,55.8,3416.8,14,255,1
B737,28813,14761,603.1,0.842,46.4,3302.1,21,354,1
B737,5616,16714,632.3,0.284,83.1,3033.7,15,187,1
B787,11647,7868,666.2,0.738,69.2,2901.1,14,102,1
B737,37577,13847,811.7,0.441,66.4,2904.6,14,150,1
B737,41960,4969,630.2,0.075,52.6,2666.6,20,283,1
B787,12171,109,655.7,0.155,64.5,2945.2,9,118,1
B737,5707,7302,604.7,0.733,50.9,2947.3,23,286,1
B737,43308,18573,747.7,0.037,54.7,3158.2,10,358,1
A380,33565,6303,656.2,0.113,62.6,2639.1,2,299,1
B787,4179,13639,674.2,0.209,52.1,3186.5,17,225,1
A350,38731,5618,671.4,0.337,73.1,3374.1,9,364,1
B777,29512,3076,787.9,0.363,66.1,3036.9,8,140,1
A350,25857,9105,692.8,0.621,64.6,2832.4,5,70,1
B737,32128,6981,662.6,0.288,46.9,3291.2,14,315,1
B777,218,15670,653.6,0.0,66.6,2968.4,5,242,1
A350,19403,7811,655.0,0.69,55.0,2726.1,16,307,1
B777,31368,6785,611.5,0.712,64.1,2965.1,20,274,1
B787,8006,18330,633.6,0.019,55.3,2861.7,24,6,1
A350,32652,921,706.7,0.418,50.7,3187.6,24,143,1
B787,33432,4624,614.8,0.04,70.1,2918.8,12,21,1
A350,35194,4123,630.8,0.355,51.4,2857.6,4,215,1
A320,31783,250,634.9,0.474,56.2,2750.9,7,199,1
A320,39601,10893,611.2,0.994,39.7,2861.6,5,238,1
B777,29604,5422,658.4,0.366,73.9,2943.2,10,359,1
B787,4470,14285,648.2,0.25,59.7,3125.6,13,170,1
A350,46611,19862,596.0,0.62,69.6,2697.3,9,269,1
B737,48048,1598,616.0,0.092,59.3,2568.4,9,28,1
A380,13631,6260,640.2,0.169,41.3,3119.8,7,346,1
B777,12141,6486,604.0,0.418,71.9,2857.2,20,237,1
B777,27326,471,582.3,0.345,61.4,3286.7,13,335,1
A320,35020,7095,597.5,0.249,51.9,2842.8,3,79,1
A350,29839,8433,640.9,0.246,80.6,3035.6,22,329,1
B777,34875,15186,619.2,0.228,53.9,2885.7,5,200,1
B737,13127,18431,670.3,0.466,51.7,2905.3,2,308,1
B777,47866,16967,701.8,0.91,36.2,2738.2,7,237,1
B777,38385,10452,607.9,0.24,62.7,3275.4,5,182,1
A350,23643,866,605.9,0.457,61.1,3022.5,20,12,1
A320,10729,14949,680.7,0.378,58.8,3065.2,16,298,1
B777,19261,4194,653.2,0.759,80.0,3277.4,15,271,1
A350,23829,2687,706.0,0.336,54.4,3193.0,21,22,1
B737,47644,15709,638.8,0.431,69.2,3021.2,2,309,1
A320,432,8114,660.4,0.013,46.9,2801.5,8,236,0
B777,47033,6900,696.7,0.008,68.6,2636.9,12,319,1
B777,45202,2033,625.6,0.454,44.5,3200.0,19,278,1
A380,10332,8860,544.3,0.207,60.1,3115.2,9,33,1
A350,23428,9797,759.2,0.672,62.3,2933.3,2,337,1
B737,14423,7252,701.1,0.687,48.0,3365.1,18,354,1
B737,31344,7956,615.6,0.405,58.0,2624.6,14,227,1
B737,16039,10749,622.8,0.466,52.2,3076.4,5,161,1
A380,32082,16369,547.2,0.121,62.6,2777.9,22,282,1
B737,520,13180,683.5,0.97,64.8,3095.4,20,317,1
A320,44423,16891,631.8,0.641,64.2,3101.1,13,357,1
B737,39987,16405,728.1,0.865,52.4,3159.3,23,107,1
A380,23100,17147,619.0,0.503,66.3,2669.8,12,222,1
A380,6679,4986,582.9,0.22,53.4,3176.8,7,283,1
A380,3645,18729,607.8,0.277,56.0,2938.7,12,343,1
A320,4719,15460,685.2,0.192,82.5,2944.9,10,82,1
B787,11380,9802,554.1,0.52,57.6,3202.9,16,246,1
A350,12733,17189,702.8,0.3,44.0,3298.7,17,292,1
A380,20192,13497,613.9,0.872,76.3,2979.6,8,289,1
B787,38218,16203,662.6,0.812,59.1,2853.0,13,145,1
B777,46389,5704,541.8,0.497,45.6,2770.4,8,216,1
A350,7068,5656,568.8,0.937,34.3,2824.0,22,75,1
A320,26497,12008,681.2,0.398,50.0,3007.8,23,122,1
B787,38134,10976,621.4,0.295,64.8,2858.1,12,180,1
B787,22300,2253,691.6,0.328,65.9,3201.6,11,205,1
A320,45276,3011,617.0,0.552,48.8,3101.1,18,319,1
B737,27164,8632,618.9,0.446,71.7,3058.7,13,363,1
A320,8877,14949,578.1,0.69,61.4,2981.6,15,250,1
A350,14452,4592,647.8,0.874,56.8,2906.0,3,123,1
B777,30186,3825,611.8,0.203,51.0,2853.2,7,353,1
B777,38871,2472,678.9,0.594,61.7,2757.8,9,152,1
B777,36620,545,731.2,0.291,47.7,2723.4,22,136,1
A320,20963,14077,670.0,0.381,61.7,2940.5,18,235,1
A320,20613,14284,730.8,0.889,55.0,2893.0,15,137,1
A380,954,892,633.6,0.52,81.2,3024.2,24,260,1
A380,22379,13393,730.9,0.329,51.1,2888.3,6,186,1
A380,24696,178,758.6,0.58,57.6,2978.6,15,307,1
A350,21912,12443,631.6,0.506,59.5,2955.6,23,158,1
B787,32012,18710,617.3,0.773,74.9,2864.7,7,100,1
A320,8573,14856,598.4,0.904,55.9,3385.1,16,154,1
B737,42566,2381,587.7,0.033,39.8,3144.4,15,271,1
B777,11447,8485,636.0,0.425,66.4,2886.5,15,145,1
A350,25016,3538,653.1,0.196,37.8,2825.2,22,202,1
A320,15687,7778,621.8,0.488,74.6,2864.3,10,105,1
A320,40676,11826,713.4,0.488,66.6,3174.4,18,174,1
A350,1769,2578,641.9,0.153,47.7,3110.9,9,299,1
B787,33496,16795,713.4,0.981,61.2,2876.2,1,299,1
A320,38621,4137,669.4,0.492,66.0,2909.5,24,69,1
B787,19871,11332,717.8,0.139,49.4,2540.6,8,87,1
B737,36703,8005,583.3,0.569,74.9,3224.1,23,184,1
B787,37654,13733,706.6,0.258,75.7,2934.6,22,256,1
A380,24559,6647,662.0,0.855,52.8,3123.1,10,142,1
A350,17728,2157,637.5,0.614,63.9,2704.5,12,284,1
B777,15150,17413,654.0,0.73,65.8,3078.0,5,0,1
A380,40114,15550,751.7,0.615,40.1,3285.9,3,45,1
A380,43910,5682,687.6,0.833,50.2,2992.8,13,176,1
B787,4424,16558,698.0,0.483,61.2,3134.4,22,48,1
B777,29604,15303,708.5,0.613,52.8,3418.3,4,352,1
A380,36824,7152,645.7,0.801,67.5,2902.8,23,115,1
A320,15310,12339,685.6,0.729,51.6,3104.9,18,193,1
B737,26801,1538,635.3,0.543,54.2,2711.3,11,127,1
A380,31475,19085,640.9,0.229,63.1,3139.2,8,357,1
B737,11524,15359,635.2,0.681,66.6,3266.2,10,0,1
B737,31248,7968,639.5,0.712,41.9,3128.4,24,158,1
B777,32952,15821,566.0,0.71,59.7,2899.3,3,62,1
A350,5625,19597,638.0,0.796,71.3,3248.2,12,335,1
B787,37733,3855,662.2,0.884,67.9,3261.3,2,98,1
B787,21420,19614,625.4,0.554,62.8,3146.8,11,282,1
A320,35131,12091,619.1,0.777,63.3,2863.6,22,353,1
A320,27337,10752,640.4,0.392,54.0,2901.3,20,304,1
B737,7757,3409,708.4,0.989,59.9,3037.7,11,336,1
A350,13905,19345,732.4,0.8,61.6,3347.5,20,181,1
A320,33262,6022,701.3,0.66,74.6,2988.1,6,72,1
A320,15557,8663,783.9,0.549,66.0,3027.6,1,217,1
B777,18364,18213,755.5,0.418,64.7,2812.3,7,38,1
A320,4020,5963,650.2,0.879,51.9,2954.8,3,341,1
B737,27919,956,632.0,0.81,60.6,2828.9,7,260,1
A380,4094,14106,548.0,0.134,53.8,3172.0,18,80,1
B777,23467,2377,576.8,0.689,56.5,2985.8,12,107,1
B737,34025,501,581.6,0.741,65.8,3098.0,22,110,1
A350,11461,17827,645.8,0.344,65.9,2979.7,2,257,1
A350,46969,10562,617.7,0.489,56.4,2896.6,18,338,1
B787,48495,17320,646.5,0.604,57.7,2251.0,18,322,1
A320,4450,16445,695.2,0.227,55.9,3165.2,8,51,0
B777,29354,1998,689.5,0.074,59.0,2977.8,20,311,1
A380,17497,16662,619.3,0.049,60.7,3044.1,12,196,1
A320,32582,14517,688.6,0.184,57.0,3365.9,6,116,1
B787,13075,2328,671.2,0.956,60.7,2925.3,18,47,1
A350,22906,11362,659.4,0.119,73.4,3243.6,7,91,1
B787,13902,10733,699.6,0.719,54.3,2752.6,16,186,1
B737,39281,11856,661.1,0.917,65.8,3323.0,22,89,1
A320,17464,13047,684.3,0.475,69.1,2999.2,9,60,1
B777,30680,6714,613.4,0.302,66.7,3126.7,15,5,1
A380,36709,19411,607.5,0.199,51.6,3047.5,9,241,1
A320,42143,3689,691.5,0.461,67.7,3025.4,19,329,1
B737,35708,9363,636.1,0.46,64.3,3142.8,13,257,1
A350,17563,4379,650.7,0.78,71.9,2857.1,15,184,1
A350,3151,5179,664.2,0.367,67.3,2925.4,17,113,1
A320,22436,18775,633.6,0.806,59.0,3275.0,18,349,1
B787,6129,3370,674.5,0.05,70.3,2800.4,11,63,1
A380,27541,18805,658.4,0.054,47.4,2944.3,6,44,0
A350,34003,9793,625.1,0.22,54.8,2988.3,21,165,1
A320,32581,4996,602.0,0.255,63.2,2688.1,15,273,1
A350,43416,17576,691.5,0.4,43.1,3342.4,3,289,1
A350,2701,16877,609.0,0.307,63.0,2843.1,12,345,1
B777,674,10153,682.0,0.92,56.3,2752.9,23,254,1
B737,568,10766,617.6,0.243,55.5,2857.6,3,264,1
B777,37343,10327,594.4,0.757,49.1,2963.7,6,21,1
A380,41904,662,594.6,0.405,61.3,3198.7,20,36,1
A350,43068,5843,641.1,0.707,58.7,2930.8,15,113,1
B737,5054,10850,663.5,0.79,54.5,3079.1,7,312,1
B737,33722,4878,682.9,0.423,71.1,3137.9,18,202,1
B777,22172,15678,610.0,0.786,69.4,3066.0,12,220,1
A350,22831,1651,658.7,0.288,58.3,2900.7,20,227,1
B737,33153,13472,695.2,0.048,67.2,3309.9,19,15,1
A320,23855,19133,673.7,0.823,47.7,2905.0,6,296,1
B737,41724,11446,728.2,0.402,55.1,3077.5,1,57,1
B777,3068,14942,689.4,0.42,34.6,2965.4,21,120,1
A380,13386,2538,613.8,0.663,62.0,2783.3,13,270,1
A320,35634,8863,644.0,0.818,51.8,2884.7,6,9,1
A350,6241,10225,677.6,0.669,58.5,3126.9,11,327,1
B787,8623,1867,737.0,0.408,71.6,3491.3,12,249,1
A350,12963,7100,630.5,0.319,52.1,3062.1,2,127,1
B777,28624,19560,583.7,0.351,71.7,3074.4,3,158,1
A350,49114,13540,683.0,0.323,51.0,2786.0,7,49,1
A320,47799,10200,690.6,0.621,62.2,3481.8,5,99,1
A350,45224,4262,637.9,0.737,59.1,2889.1,19,156,1
B737,9321,8511,667.0,0.336,68.4,3205.4,14,354,1
A320,4047,7282,601.0,0.342,59.5,2869.7,13,203,1
A380,36600,1289,643.7,0.179,49.7,2999.8,15,333,1
B787,32657,1250,697.7,0.477,76.6,2880.3,11,246,1
A320,38442,15233,639.5,0.728,79.0,2830.0,16,89,1
A320,28083,13980,560.9,0.322,47.9,3168.0,8,218,1
A350,18986,16622,581.8,0.595,67.3,3260.1,23,254,1
A350,47264,13314,651.3,0.439,58.5,2639.2,24,67,1
B787,49927,788,631.8,0.603,52.7,3250.2,24,101,1
B777,41751,11921,619.3,0.503,47.1,3354.1,23,33,1
B777,8340,19558,672.8,0.364,69.0,2654.0,15,160,1
B737,12031,3420,704.6,0.729,68.1,2570.2,4,274,1
A350,7791,18932,558.8,0.42,66.8,3037.2,8,63,1
B777,49177,1588,619.5,0.441,67.0,2825.9,4,329,1
B787,22147,1784,589.0,0.794,45.6,3209.8,15,57,1
A350,16305,13371,632.8,0.115,59.6,3128.3,15,326,1
B787,25557,7885,680.5,0.694,54.5,3179.0,13,118,1
B737,20265,11165,647.9,0.791,68.2,3060.1,2,358,1
A380,45691,14778,603.9,0.729,52.1,2952.3,11,330,1
B737,1984,8082,678.9,0.447,80.5,2992.8,6,323,1
A320,7177,13427,630.9,0.281,63.3,2804.4,24,187,1
A320,28068,5658,646.0,0.316,73.8,3241.0,3,286,1
A380,43046,15745,664.0,0.5,46.8,3113.3,14,277,1
A320,30148,11021,693.3,0.994,55.1,3046.6,11,288,1
A320,13823,2756,635.2,0.252,38.9,2877.0,11,210,1
A380,35487,18553,742.9,0.148,53.4,3136.0,24,219,1
B787,33287,4259,638.6,0.494,70.9,3104.0,21,252,1
B737,21774,15110,534.6,0.188,63.2,3056.5,6,33,1
B787,10579,15461,611.1,0.751,75.6,2830.7,18,236,1
B787,5757,12489,644.9,0.053,71.8,3199.9,19,124,1
B737,13566,12681,687.3,0.132,74.1,2848.3,2,65,0
B787,31415,151,726.2,0.43,53.8,3017.0,6,98,1
A350,15779,2722,667.6,0.411,44.7,2713.0,22,95,1
B777,34040,14136,660.1,0.684,51.5,3248.6,23,209,1
A380,13222,13392,653.8,0.117,42.7,3121.9,22,315,1
B777,48813,8854,692.9,0.263,50.5,2637.5,22,71,1
B777,45706,13512,688.9,0.623,40.9,2707.3,13,77,1
B787,8350,5693,576.3,0.868,55.5,2948.3,9,333,1
B787,31476,4879,561.8,0.223,67.9,3074.0,24,212,1
B737,46909,19615,659.9,0.367,84.4,2766.8,10,217,1
A380,17440,17382,632.1,0.385,61.0,2993.5,21,336,1
B737,13856,14938,623.1,0.592,69.6,3134.8,9,137,1
A380,9374,8924,676.0,0.49,79.3,3273.9,10,121,1
B777,3948,4268,675.8,0.599,69.7,3196.0,22,96,1
B777,45059,4168,629.3,0.17,64.0,2921.2,17,228,1
B737,20549,1956,600.0,0.243,51.9,2924.7,10,37,1
A350,35819,19705,543.8,0.016,57.6,2745.3,3,233,1
A380,49348,14624,574.4,0.849,72.0,3107.3,2,234,1
B777,34151,13805,660.8,0.833,62.9,2910.8,18,61,1
B777,2385,5417,688.9,0.594,54.6,2922.2,21,51,1
A320,24013,15193,703.5,0.459,46.1,3235.8,18,47,1
B787,12915,19111,606.1,0.716,59.3,3055.3,21,46,1
A320,45242,17088,701.2,0.076,52.0,2890.8,5,50,1
A380,29524,16018,618.6,0.978,71.3,2688.9,24,8,1
B787,20975,14494,638.9,0.956,47.1,3042.5,20,242,1
B787,24992,9747,711.4,0.13,75.7,2732.4,7,104,1
A320,2930,1476,653.4,0.989,51.7,2753.1,24,315,1
B737,6626,13351,639.0,0.47,65.4,2987.8,18,19,1
A350,47470,6157,644.6,0.477,53.6,3098.6,6,361,1
A380,39922,2086,633.9,0.421,55.9,2952.4,20,330,1
A350,2393,1305,683.5,0.795,36.0,3034.6,19,28,1
B787,33051,9125,592.4,0.615,66.9,3272.1,9,6,1
B777,46327,8533,671.1,0.519,52.2,2977.7,11,18,1
B777,21230,19936,571.7,0.098,65.9,2982.4,5,161,1
A320,17884,4064,765.7,0.527,56.9,3072.8,23,339,1
A320,1325,2090,706.0,0.121,56.9,3346.2,17,243,1
A320,36156,10335,671.8,0.779,35.2,3236.5,15,93,1
B777,24033,2014,660.8,0.406,83.1,3154.8,1,192,1
A320,35808,8809,604.1,0.61,51.6,2763.6,10,46,1
B787,30812,1630,699.0,0.513,74.8,3200.3,24,10,1
B777,33629,11655,679.5,0.325,78.8,2965.3,12,99,1
A350,43362,1599,498.2,0.931,54.7,3117.3,10,233,1
A380,32543,7645,672.3,0.266,51.9,3331.5,3,319,1
A320,38652,3539,679.3,0.862,60.6,3050.1,10,191,1
A350,7768,14762,664.1,0.779,60.1,2945.3,9,29,1
A320,6557,18425,595.7,0.459,44.7,2970.2,12,188,1
B777,16861,13332,546.3,0.016,48.6,3098.5,20,53,1
B787,35459,17066,699.9,0.31,71.0,2792.2,19,47,1
A380,5266,181,580.3,0.481,55.7,3054.6,11,354,1
A350,31327,19731,636.3,0.294,67.0,3194.8,8,21,1
A380,19678,15519,619.8,0.276,62.7,2527.9,4,128,0
A350,10963,1319,676.8,0.794,63.2,2922.0,9,80,1
A380,32726,17765,567.3,0.273,55.0,3078.1,14,14,1
B787,20445,4922,552.2,0.452,71.8,3025.9,6,319,1
B777,40495,9487,720.0,0.484,57.5,2883.7,10,271,1
A380,28765,6606,593.6,0.969,55.0,2970.8,4,49,1
B737,43713,15924,663.8,0.194,56.4,3073.7,20,303,1
A320,44837,19445,660.2,0.081,51.1,2913.1,3,277,1
B777,38366,9054,592.0,0.859,68.5,3165.4,22,322,1
B787,46461,3581,688.3,0.131,44.3,3100.8,2,192,1
A350,9992,689,732.7,0.512,59.4,3287.1,20,16,1
A320,17178,11464,628.8,0.54,65.1,2962.8,16,156,1
A380,16149,15562,637.0,0.26,80.6,3041.1,20,351,1
B787,5730,7207,644.8,0.388,78.2,3179.3,3,342,1
A380,11014,5614,688.4,0.292,63.9,3008.6,7,105,1
B787,24367,3097,661.3,0.565,58.8,2969.7,6,216,1
B787,38762,13057,629.9,0.891,50.7,3152.8,11,301,1
A380,36954,17712,663.6,0.206,47.4,3363.1,16,210,1
B777,2354,7655,623.4,0.481,51.4,3244.0,23,153,1
B787,38036,15120,655.1,0.046,66.6,3354.2,7,353,1
A380,21961,9952,696.6,0.927,54.6,3135.8,1,214,1
A350,26798,324,645.3,0.861,73.1,3004.3,9,331,1
B777,5746,1433,623.0,0.878,60.1,2931.9,22,361,1
B737,37385,2420,635.5,0.607,54.5,3331.7,12,290,1
B787,19542,18390,597.5,0.222,41.7,3140.0,18,219,1
B737,32363,10482,606.5,0.838,49.1,2774.2,13,316,1
B787,43578,15525,647.2,0.749,44.3,3092.7,1,275,1
A380,5680,18271,620.6,0.49,50.3,2769.7,4,68,1
A380,12594,8306,656.2,0.494,64.0,2630.7,9,163,1
A380,4852,5070,691.9,0.768,59.6,3238.6,19,256,1
A350,9103,19535,709.2,0.875,54.0,3249.3,9,60,1
A320,40131,11772,621.0,0.067,72.1,3154.2,12,160,1
A350,33690,654,639.1,0.476,56.5,3297.8,20,213,1
