booking_lead_days,seat_class,is_business_traveler,prior_no_shows,checked_in_online,has_baggage,route_distance_km,is_connecting,fare_paid_usd,no_show
263,Business,0,0,0,0,4913,0,4315,0
132,First,0,2,0,1,6784,1,2784,1
343,Economy,0,3,0,0,11297,0,808,1
296,First,0,0,0,0,1705,0,2602,0
314,First,0,4,0,0,7420,1,1369,1
8,Economy,1,1,0,1,6987,1,2501,1
41,Economy,1,1,1,0,7926,1,3612,1
17,Economy,1,2,0,1,11658,1,3030,0
301,First,0,2,1,1,4607,0,1227,1
209,First,1,2,0,0,3100,0,1715,1
283,First,1,2,0,0,5023,1,2501,1
292,Business,0,4,0,0,4269,1,3171,1
329,First,1,3,0,0,1022,1,2118,1
275,Business,1,4,0,0,13446,1,1539,1
214,Economy,1,1,1,1,7086,1,1526,0
234,Business,0,1,1,1,4668,1,4554,0
147,First,0,1,0,1,13976,0,4367,0
49,Economy,0,3,1,0,11901,0,4704,0
132,Business,0,3,0,0,7700,0,616,1
187,Economy,1,0,1,0,6336,1,2201,0
72,Economy,1,3,0,1,4743,1,1565,1
298,Business,1,1,1,0,8607,0,98,0
104,Economy,1,3,1,1,4926,1,4035,1
291,Economy,0,3,1,1,4316,0,4441,1
231,First,1,3,1,0,2146,0,4414,1
100,Economy,1,2,0,1,1136,0,3889,1
258,Business,0,3,0,0,11375,0,2754,1
291,Business,1,2,0,0,7936,0,2628,1
111,First,1,1,0,1,3695,0,684,0
44,First,0,0,0,0,7391,0,2341,0
99,Business,0,4,1,0,9522,1,4509,1
156,Business,0,0,0,0,5249,0,4433,0
224,First,0,4,0,0,12476,1,2395,1
72,Business,0,1,1,0,4649,0,3728,0
68,Economy,1,2,0,0,7069,1,3905,1
171,First,1,3,0,0,11673,1,4763,1
223,First,0,2,0,1,12870,1,1435,1
48,First,0,4,1,0,3165,1,2761,0
235,First,0,3,0,0,9064,0,1488,1
108,Economy,0,4,1,1,10225,0,643,0
272,First,0,4,1,1,7483,0,1073,1
157,First,0,3,1,0,9541,1,2362,1
238,Business,0,0,1,0,4887,1,1033,0
3,First,1,0,0,0,13820,1,2582,0
203,Business,1,4,0,1,11459,0,4493,1
83,Business,1,1,0,0,1272,0,917,1
213,Business,1,2,0,0,8422,1,687,1
358,Economy,0,0,1,1,5106,0,1460,0
61,First,1,3,0,1,9779,0,2988,1
57,First,0,4,0,1,7138,1,3258,1
171,Business,1,2,1,0,9695,0,4197,1
313,First,1,2,1,0,5667,0,3116,1
361,Business,1,4,0,0,7582,0,4633,1
251,First,0,2,0,1,13978,0,4166,1
327,Business,0,1,1,0,8387,0,4109,1
136,Business,1,4,1,0,10717,0,1139,1
237,Business,0,2,1,0,9033,0,1538,0
5,Economy,0,2,1,1,8037,0,4699,1
274,Business,1,0,1,0,7363,0,3464,1
85,Economy,0,2,0,1,2424,1,509,1
147,Economy,0,2,1,1,943,0,1320,0
63,Business,0,0,0,1,5994,0,4040,1
154,Economy,0,4,0,1,4858,1,3654,1
134,First,1,0,0,1,10867,1,99,0
117,Economy,0,3,1,1,11513,1,2751,0
23,Economy,1,3,0,0,11364,0,794,1
263,Economy,0,1,0,1,767,0,4323,1
322,Economy,1,2,1,1,8340,0,688,1
10,Business,1,3,0,0,2005,0,3368,1
355,First,0,4,0,1,4360,0,1127,1
65,First,1,4,0,0,6637,0,2936,1
262,Economy,1,3,0,1,12461,1,496,1
23,First,0,0,1,0,5829,0,4593,0
318,Business,0,1,1,0,11985,0,1822,0
327,Economy,1,0,0,1,1782,0,2983,1
140,Economy,1,1,1,0,10668,0,3998,0
230,Economy,1,3,0,0,1576,1,2900,1
87,First,1,0,0,0,13873,0,3438,0
115,Economy,1,3,1,1,9600,1,742,1
279,Economy,1,1,1,1,6438,1,1870,1
37,First,1,4,0,0,5080,1,4698,0
198,Business,1,0,0,1,6022,1,1989,1
265,First,0,3,0,0,12206,1,1074,1
157,Business,0,1,0,1,10033,1,618,1
230,Business,1,4,0,0,2968,1,1104,1
343,Business,0,0,1,0,9408,0,526,0
282,Economy,1,1,0,1,8066,0,1748,1
285,Business,1,0,1,0,11853,1,4511,1
127,Economy,1,0,1,0,3327,1,3629,0
206,First,0,2,0,0,8163,1,2000,1
257,Business,0,3,1,0,9036,0,1422,0
263,Economy,0,2,1,1,933,1,3155,0
144,Economy,1,0,0,1,5154,1,642,0
47,Business,0,1,1,1,13315,1,3251,0
63,Business,1,3,1,0,2913,1,3533,1
188,Business,0,1,0,0,1923,0,161,1
140,Economy,0,1,0,0,6838,0,1826,1
227,Economy,1,4,1,1,7657,1,435,1
106,Business,1,0,0,0,9675,0,1944,0
129,First,1,1,1,0,2781,0,2409,0
339,Economy,0,0,1,0,3146,1,2769,0
150,Economy,0,2,1,1,4659,1,3371,0
212,First,0,2,0,1,5073,1,4220,1
222,First,1,1,0,1,3492,1,2850,0
15,First,1,0,0,0,12168,1,4280,0
140,Economy,1,4,0,0,1448,1,2616,1
257,First,0,3,1,1,4273,1,953,1
113,First,0,2,0,0,4548,0,327,0
320,Economy,0,2,0,1,9385,1,3420,0
25,Economy,1,4,0,1,7798,1,647,1
285,Economy,1,1,1,1,6056,0,4360,0
37,First,1,2,1,0,4834,0,1431,0
24,Business,0,2,1,1,4735,1,1771,0
51,Business,0,3,0,1,3097,1,4017,1
338,Economy,0,4,1,0,3905,0,4273,1
90,First,0,4,1,1,10830,0,1384,1
137,First,1,0,0,1,11909,0,1995,0
208,First,1,4,1,0,10311,1,2960,1
60,Economy,0,3,1,0,1174,0,4922,0
110,Business,1,4,1,1,4935,0,4331,1
257,First,0,0,1,1,11961,1,4512,0
336,Business,1,3,0,0,12237,0,2239,1
134,Business,0,2,0,1,954,1,3792,1
59,First,1,1,1,0,1881,1,4139,0
188,Economy,1,2,0,0,9535,0,2529,0
335,Business,1,0,1,1,1796,1,4561,0
112,Business,0,3,0,1,2440,0,4502,1
26,Business,1,2,1,0,12857,0,1852,0
0,Business,0,0,1,1,12578,1,4234,0
213,Business,1,2,0,1,11672,0,3073,1
85,First,1,1,1,0,6441,0,353,0
154,Economy,0,2,0,1,2306,0,1366,0
79,Business,1,2,0,0,10622,0,2316,0
59,Economy,0,2,1,1,1532,0,4557,1
308,Economy,1,0,0,1,13814,0,1811,1
35,First,1,3,0,0,768,1,3808,1
290,Economy,1,4,1,0,11769,0,4884,0
288,Economy,0,0,1,1,884,0,3510,1
324,Economy,0,4,0,1,5853,1,2140,1
362,Economy,0,4,1,0,5496,0,1204,1
174,Business,1,2,0,0,2101,0,1555,1
353,First,0,1,1,1,9673,1,4904,1
351,First,1,4,1,0,10835,1,4654,1
88,First,0,4,1,0,6118,0,4318,0
58,Economy,0,2,1,0,8816,1,4203,0
60,Economy,1,1,0,0,3100,0,1306,0
241,Business,0,2,1,0,11685,0,300,1
282,Economy,0,4,1,0,2916,1,202,1
224,Economy,1,0,1,0,6650,1,2957,0
221,First,1,4,0,0,11016,1,2297,1
89,Economy,1,0,1,1,11972,1,3171,0
14,First,1,3,0,0,4520,0,2039,0
364,First,0,1,1,1,8583,1,1379,0
184,First,0,3,0,1,8884,1,1903,1
203,Economy,1,2,0,0,2707,1,1797,1
40,Economy,1,4,0,1,9179,0,2057,1
170,Business,1,3,0,0,4179,0,191,1
267,First,0,1,0,1,11719,1,3286,0
195,Business,1,0,0,1,6077,0,2249,1
249,Economy,0,0,1,0,4842,0,3416,1
194,Economy,1,2,1,0,4601,1,4465,1
229,Economy,0,2,0,1,1052,0,3718,1
95,Business,1,4,1,1,2580,0,707,0
217,Economy,0,3,0,1,7613,0,3742,1
3,Economy,1,4,0,1,1803,0,2496,1
4,Economy,0,0,1,1,4178,0,2631,0
45,Business,1,0,0,0,6608,0,2185,0
330,Business,1,3,1,1,12671,0,3656,0
125,Economy,0,4,1,0,3550,0,2124,0
136,First,0,2,1,0,13542,0,522,1
135,Business,0,3,0,0,1445,0,2707,1
313,Business,0,2,0,0,6140,0,4621,1
358,First,0,3,1,0,8272,0,4109,0
318,Business,0,2,0,1,11377,1,3893,1
188,First,1,1,1,1,5686,1,484,1
142,First,1,0,1,1,503,0,3360,1
72,First,0,3,0,1,12841,1,2802,1
177,First,0,1,0,0,8008,0,3552,1
349,First,1,3,1,0,5753,1,1056,1
225,Business,0,0,1,0,4021,0,3100,0
277,Economy,1,0,0,1,12696,0,2279,0
237,First,1,2,1,1,5575,1,4516,1
93,Business,1,0,0,0,8736,1,3403,1
329,Economy,0,0,1,0,4225,0,667,0
196,Economy,1,0,1,1,3399,1,4701,0
63,Business,0,4,1,0,10910,0,1469,1
149,Economy,0,4,1,0,949,0,3243,1
140,Economy,0,0,1,1,9058,0,3368,0
230,First,1,4,1,0,11642,1,2219,1
244,First,1,3,1,0,810,1,3438,1
302,Business,1,1,0,0,5272,0,1549,0
346,First,0,1,1,0,5891,0,3333,0
276,Economy,1,4,0,0,12548,1,1612,1
30,Economy,1,1,1,0,2002,0,3305,0
37,First,1,4,1,0,8942,0,3946,1
38,Business,1,2,1,1,11834,0,4996,1
163,Business,1,0,1,1,5965,1,3444,0
355,First,0,1,0,1,754,0,4946,1
266,Business,0,0,0,1,12916,0,3907,1
68,Business,0,1,1,1,1013,0,4249,0
289,Economy,0,3,0,1,850,0,2479,1
228,First,0,3,0,0,11886,0,2196,1
260,First,1,4,0,1,4244,0,4594,1
19,Economy,0,0,1,0,12672,0,3999,0
62,Economy,1,4,1,1,3380,0,1564,1
300,First,1,2,0,0,3878,0,2861,1
169,First,1,4,1,0,11924,0,3290,0
12,Economy,1,4,1,1,11254,0,4077,1
136,Business,0,4,1,1,10287,1,996,1
223,Economy,1,1,0,0,10399,1,1363,0
93,Business,1,1,0,0,11117,0,1606,0
176,First,0,2,0,1,8795,0,4107,1
347,First,1,0,1,1,13944,1,4291,1
356,First,1,3,1,0,9634,1,2678,1
155,First,1,0,1,1,5150,0,2757,0
120,First,0,3,1,1,7458,1,121,0
170,Economy,1,1,1,0,5848,0,4993,0
197,First,1,4,1,0,5807,0,4714,1
168,First,0,2,1,1,6039,1,4049,0
171,First,0,2,1,1,4504,1,3472,0
156,First,0,2,0,1,12736,0,4445,1
323,Business,1,0,0,1,7161,1,4283,1
209,First,1,1,1,1,4369,0,1026,0
280,Business,0,1,1,1,6744,1,2789,1
195,Business,1,4,1,0,10609,0,4000,0
269,First,0,0,1,1,2767,0,1025,0
186,Business,1,4,1,0,2685,1,2808,1
61,First,1,3,0,1,5263,0,879,0
144,Business,1,1,0,0,2809,1,2288,1
225,Economy,0,2,0,0,5180,0,162,1
116,First,1,4,1,1,10279,0,138,1
205,First,1,3,1,1,9797,0,3226,0
355,Business,1,2,1,1,13216,1,3392,1
65,Economy,1,2,1,0,12137,1,1094,0
300,First,1,4,1,1,7149,0,883,1
326,Business,1,4,0,0,5066,0,3814,1
27,Business,0,4,1,0,7950,0,4937,1
314,First,1,1,0,0,8631,1,3436,0
263,Business,0,0,1,0,5376,1,396,0
220,First,0,4,0,1,9662,0,4182,1
9,Economy,1,1,0,0,9278,0,4264,0
276,Economy,0,0,1,0,6790,1,799,0
290,Economy,0,3,0,1,6804,0,970,1
3,Economy,1,0,1,0,1217,0,909,0
180,Business,0,1,0,1,1792,1,2406,1
84,Business,1,1,0,0,10516,1,2948,1
24,Business,1,0,1,0,7827,0,4016,0
19,First,0,0,0,0,7200,1,4247,0
198,Economy,0,1,0,1,6955,0,3635,1
198,First,0,1,0,1,13016,1,3658,1
95,Economy,1,3,0,1,12731,1,296,1
95,First,0,1,1,1,7969,1,3698,1
277,Business,1,1,1,1,6357,1,2012,1
48,Business,1,2,0,0,4358,1,189,0
88,Business,1,2,1,0,1623,1,908,1
5,First,1,2,1,1,13205,0,2625,0
145,Business,0,4,1,0,9906,0,4755,1
11,Business,0,4,1,1,3310,0,4924,0
27,Economy,1,1,1,0,12275,0,2511,1
274,First,1,2,0,0,12656,1,1992,1
42,First,1,3,1,1,13097,1,4442,1
98,Business,0,3,0,0,2341,0,4775,1
142,First,0,3,0,1,9524,1,3869,1
291,Business,0,1,0,0,6944,1,1166,1
96,First,0,2,1,1,13890,0,2071,0
84,Economy,0,1,1,0,7484,0,4550,0
297,First,1,1,0,1,6960,0,557,1
90,Business,0,3,0,0,8912,1,2414,1
300,First,0,2,0,0,12917,1,4048,1
29,First,0,4,0,0,5777,1,3663,1
294,Economy,0,0,0,1,3745,0,4103,1
173,First,0,1,1,1,4593,1,2261,0
185,Economy,0,2,1,0,1258,1,3998,0
29,Economy,1,0,0,0,4663,1,929,0
250,Economy,1,0,1,0,10886,1,958,0
108,Business,0,4,0,0,11207,0,4122,1
212,Economy,1,4,0,1,10744,1,145,1
217,First,1,1,1,1,13372,1,2299,0
343,First,0,1,1,0,4807,1,1957,0
181,Economy,0,2,1,0,8236,0,4708,0
341,Economy,0,4,0,0,9138,1,2715,1
36,Economy,1,4,1,1,4135,0,813,0
345,Business,0,2,1,1,11108,1,1622,0
149,Economy,1,4,0,1,4911,1,319,1
96,Economy,0,3,1,0,622,1,869,1
23,Economy,1,0,0,0,4974,0,234,1
324,Economy,0,3,0,0,6372,1,2379,1
343,Economy,1,0,0,1,4167,0,1653,1
354,First,0,2,1,1,10631,0,349,0
121,First,0,2,0,1,11866,0,1783,1
85,First,0,0,0,1,11412,1,1820,0
160,Business,0,0,0,1,6271,1,4788,0
16,Business,0,0,1,1,7149,1,4225,0
243,First,0,0,1,1,5931,0,4634,0
267,Economy,1,1,0,1,8555,1,2159,1
285,Economy,1,4,0,0,7306,0,3345,1
217,Business,1,4,1,0,4999,0,1190,1
5,Business,0,2,0,1,5578,0,2388,1
266,Economy,1,1,0,1,13348,0,2761,1
234,Business,0,0,1,1,6898,1,887,0
123,Economy,1,1,1,1,800,0,3095,0
59,First,0,0,0,0,2026,0,2602,0
9,Business,1,4,0,0,5782,0,845,1
15,First,1,0,0,0,8507,0,1361,0
83,Business,1,4,0,1,11627,0,887,1
171,First,0,0,0,1,1899,0,584,0
146,First,0,2,0,1,6798,1,662,1
99,Business,0,4,1,0,8131,1,513,1
270,Business,1,2,0,0,11042,1,485,0
214,First,0,1,0,0,4840,1,982,0
84,First,0,0,1,1,11027,0,1996,0
38,Economy,0,1,1,1,9744,0,444,0
4,First,1,0,0,0,4794,1,3570,0
85,Business,0,4,0,0,6595,1,2291,1
286,Economy,0,0,1,0,9808,0,2337,1
206,Economy,1,3,0,1,7083,1,1001,1
37,First,1,3,1,1,3788,0,3614,0
255,Economy,1,3,0,0,13086,1,2439,1
179,Business,1,2,1,0,8279,1,1957,1
18,Business,0,3,1,1,5731,1,2728,0
162,First,0,0,1,0,1971,1,4162,0
201,Economy,0,1,0,1,1614,0,3752,1
270,First,1,2,1,1,5578,0,3752,1
87,First,1,4,0,0,12426,0,4085,1
174,First,0,2,0,1,12079,0,2600,1
242,Economy,0,1,1,0,1809,1,1911,0
147,Business,0,3,0,1,5835,0,1979,1
264,Business,1,1,1,1,5571,0,3746,0
4,Economy,1,2,1,1,3834,0,1253,0
138,First,0,2,1,1,13898,0,4477,1
102,Business,1,2,1,1,12505,0,4198,0
346,First,0,1,0,1,2322,1,3491,1
257,Business,1,0,0,1,5737,1,3057,1
179,First,1,0,0,1,12509,1,4570,1
245,First,0,3,1,1,10758,0,890,1
147,First,1,4,0,1,4647,0,4206,1
20,Business,0,1,0,0,11490,1,4916,1
306,First,1,0,1,1,10221,1,2585,1
157,Business,1,3,1,1,3052,0,3120,1
175,Business,1,4,1,0,11897,0,1587,1
256,Business,0,3,0,0,8431,0,2313,1
264,Business,1,3,1,0,5485,1,2403,0
112,Economy,0,4,0,0,11974,1,1950,1
167,Business,1,2,1,0,7983,1,2719,0
20,First,0,0,1,0,12263,1,1970,0
79,Business,0,0,0,1,6992,1,1293,0
227,First,0,4,0,1,6809,1,2084,1
36,Economy,0,0,0,0,2688,1,1925,0
90,Business,0,1,1,0,13295,1,2930,0
326,Economy,0,1,0,0,12815,1,1719,1
151,Business,0,1,0,0,11768,1,1471,1
177,Business,1,4,1,0,1697,1,3953,0
181,Economy,0,3,0,1,9505,0,3792,1
109,First,0,3,1,1,6468,1,88,1
359,First,0,2,1,0,2702,1,3256,1
108,First,1,2,1,0,7053,1,4269,1
155,Business,0,1,0,0,13545,0,3684,1
259,First,0,1,0,0,9777,0,4197,0
66,First,1,4,1,1,695,0,4521,1
259,Business,0,1,0,0,7227,0,3867,1
270,Economy,0,1,1,1,12877,0,2030,0
36,First,1,1,1,1,12372,1,2676,0
269,Economy,0,0,1,1,9331,1,2382,1
122,Business,0,3,1,1,9087,0,2874,1
223,Business,0,0,0,1,10176,1,3123,0
194,First,0,1,1,1,12232,0,1535,0
81,First,1,1,0,1,6823,1,209,0
49,Economy,0,0,1,1,8600,1,4916,0
77,First,1,0,1,1,1562,1,2433,0
24,Economy,0,4,1,1,11322,1,460,1
294,Business,1,4,1,0,12228,1,3942,1
25,Economy,0,1,1,0,576,1,597,0
59,Business,1,0,1,1,5387,1,3852,0
307,First,1,4,0,0,3360,1,3955,1
69,Economy,0,2,0,0,3323,1,2609,1
153,Economy,0,0,0,0,12219,0,156,1
47,Economy,1,3,0,0,3701,0,2812,1
53,First,0,2,0,1,6545,1,2439,0
113,First,0,2,1,1,9014,1,1787,0
276,First,0,0,0,1,1165,0,1965,1
109,Economy,0,1,0,0,6148,0,3367,0
71,Economy,1,3,1,0,9241,0,4404,0
17,Business,0,4,1,0,4406,0,3947,0
14,Economy,0,4,1,1,13868,0,4691,1
41,Business,1,1,1,1,11924,1,3539,0
19,First,0,3,0,0,6481,1,4509,1
15,Business,1,3,0,1,6082,0,2214,1
134,Business,0,2,0,1,5691,0,573,1
220,Economy,0,2,0,0,8017,0,2238,0
94,Economy,1,3,1,0,6963,0,1657,1
92,Business,1,0,0,1,9994,0,3919,0
80,Business,1,0,1,0,5631,1,2323,0
77,First,1,0,0,1,9050,0,1552,1
350,Economy,0,3,1,1,3310,1,631,1
145,First,0,4,1,1,2531,1,4429,1
319,Business,0,0,0,0,4091,0,153,0
25,First,0,4,0,0,3604,0,982,1
196,Economy,1,0,0,0,5027,1,806,1
143,Business,0,3,1,1,3924,1,1393,0
76,Business,0,0,0,0,13088,1,4037,0
313,First,0,4,1,0,10814,1,859,1
351,Economy,0,1,0,0,7518,1,3935,1
200,Business,1,4,0,1,4838,0,3287,1
302,Business,1,1,1,1,8038,0,1785,0
326,First,1,4,0,0,8972,1,3669,1
122,Business,1,0,0,0,5122,1,3614,0
177,Business,0,0,0,1,1021,0,2266,1
301,Economy,1,4,0,0,6023,1,4162,1
7,Economy,0,0,0,1,7024,0,1702,0
1,First,1,0,1,1,11861,0,4705,0
145,Business,0,3,1,0,13000,1,3736,1
35,Economy,0,2,0,0,10540,0,705,0
87,First,0,2,0,0,5665,0,2261,1
118,Economy,1,4,1,1,8546,1,3231,1
41,First,0,2,1,1,7279,0,3793,0
357,First,0,1,1,0,3051,0,2592,0
138,Business,0,4,1,1,11995,1,4073,1
58,First,0,4,0,0,2676,0,1880,1
179,First,1,1,1,1,7979,0,683,0
201,Economy,1,2,1,0,8737,1,429,1
220,First,0,1,0,0,9646,1,2957,1
48,First,1,0,0,1,3009,0,4734,1
359,Economy,1,4,0,0,5040,0,374,1
239,Economy,0,3,0,0,1478,1,1231,1
127,Economy,0,1,1,0,3323,1,906,0
329,Economy,1,4,1,0,13340,1,3618,1
285,Business,1,4,1,1,13954,0,1811,1
27,Business,1,1,1,0,7199,1,3522,0
92,First,1,3,1,1,8517,1,4871,1
178,Economy,1,4,0,0,9332,0,1349,1
216,Business,1,0,0,0,12898,1,1951,0
26,First,0,0,1,0,7666,1,3845,0
126,Business,1,0,1,0,13012,1,4334,0
97,Business,0,3,1,0,9832,0,1300,0
307,Business,0,2,0,1,11157,1,2784,1
299,First,1,0,1,0,887,0,2343,0
47,Business,1,1,1,1,3396,0,3157,0
353,First,0,2,1,0,8053,0,487,1
271,Economy,1,1,0,1,11162,1,1891,1
187,Economy,1,3,0,1,3826,1,92,1
302,Economy,0,0,1,0,9641,1,4998,1
109,Economy,1,4,1,0,1821,0,683,1
330,Business,0,0,0,0,10272,0,1838,1
14,Business,0,3,0,0,6232,1,436,1
101,Economy,1,0,0,1,13197,1,3426,1
93,First,0,0,0,0,3342,0,382,1
183,Business,0,0,1,0,4250,0,2379,1
218,Business,0,3,0,1,1420,0,662,1
128,First,1,0,0,1,9488,0,2962,0
152,First,1,4,0,1,7009,0,2221,1
319,First,1,4,0,1,8201,1,110,1
91,Economy,1,2,0,0,10086,1,380,1
42,Economy,0,2,1,1,10573,0,3647,0
269,First,0,2,1,1,943,1,4485,0
247,Economy,1,2,0,1,845,0,408,1
67,Economy,0,4,1,1,2215,1,1201,1
269,First,0,2,0,1,5192,0,3621,1
207,Business,1,1,1,1,2141,1,490,0
225,Economy,1,3,1,0,1659,1,131,1
204,First,1,3,1,1,9064,0,2694,1
144,First,0,4,1,0,821,1,1130,1
91,First,1,3,1,0,12769,0,2992,0
137,Business,1,3,0,1,2239,0,764,1
16,First,0,0,0,1,3684,1,2554,0
1,First,1,2,1,0,2565,1,4729,0
249,Business,1,2,1,1,8322,0,3907,0
320,First,0,0,1,0,1270,1,2901,0
118,Economy,1,4,0,0,7496,1,2431,1
196,Business,1,1,1,1,9286,1,3690,0
354,Business,0,4,1,0,5934,1,3311,1
213,First,1,1,0,0,8362,1,4517,0
106,Economy,1,1,0,1,8813,1,1603,1
207,Business,0,0,0,1,8702,0,2820,0
116,First,0,4,0,1,6597,0,1386,1
8,First,1,2,0,1,6824,1,3899,0
141,Business,0,4,1,1,7056,1,375,0
329,Business,0,4,0,0,10550,0,173,1
21,First,1,1,0,1,887,0,3612,1
271,Business,0,1,0,1,719,1,3085,1
168,Economy,1,2,0,1,9852,0,3385,1
194,Economy,1,2,1,0,6956,1,2282,0
93,First,0,1,1,0,8442,1,357,1
192,Economy,0,4,1,1,13748,1,2632,1
341,First,0,1,0,0,11158,0,2106,1
287,Business,1,3,0,0,930,0,1895,1
179,Business,0,3,1,0,10773,0,230,1
266,First,1,1,1,0,13106,0,2308,0
19,First,0,2,1,0,12028,1,3670,0
339,Business,1,1,0,0,6331,0,4198,1
224,First,1,4,1,1,13062,1,3158,1
168,Economy,0,3,0,1,1933,1,4487,1
322,Economy,1,0,0,1,9889,1,2789,1
43,Economy,1,2,0,0,10027,0,684,1
187,Business,1,0,0,1,6909,0,2901,0
94,Business,0,2,1,1,11371,1,1720,0
361,Business,0,0,0,1,5278,1,2584,1
134,First,0,0,0,1,12177,0,4520,1
93,Business,0,1,0,1,5147,0,2767,1
53,Business,0,2,0,0,8151,0,4217,1
81,Economy,0,3,1,1,12970,1,4789,1
268,Business,0,0,1,1,941,0,1628,1
288,First,1,1,0,0,6418,0,1002,0
134,First,1,4,1,0,12219,0,930,1
157,Economy,0,2,1,0,989,0,671,0
266,Economy,1,2,0,1,3520,0,2174,1
325,First,0,3,1,1,11032,0,3592,0
276,Economy,1,0,0,1,12753,1,3901,0
287,Economy,0,1,0,1,4268,0,2533,1
132,First,1,0,1,0,10818,0,3892,1
361,Economy,1,1,0,0,5804,1,1232,1
348,First,1,3,1,0,13398,0,1282,1
34,First,0,0,1,0,5494,0,4289,1
250,First,0,4,0,1,2192,1,4750,1
46,Economy,1,3,1,1,4043,0,1706,1
267,First,1,3,1,0,9248,0,1265,0
292,Business,1,2,1,0,11338,1,2156,1
43,Business,0,1,0,0,2876,1,4886,1
277,Business,0,0,1,0,10229,1,4635,1
138,Economy,0,1,1,0,898,0,2493,0
342,First,0,3,0,1,8659,0,1575,1
310,Business,1,0,1,0,5253,1,3253,0
236,First,0,4,1,0,6378,1,198,1
265,Economy,1,1,1,1,4240,0,3569,1
169,Economy,1,1,1,1,7963,0,183,0
215,Business,0,4,1,0,10452,0,129,1
116,Economy,0,3,0,1,5933,0,554,1
237,Economy,0,1,1,1,5946,0,4894,0
255,First,0,2,0,1,10065,0,3742,0
243,First,0,2,0,0,2766,1,192,1
335,Business,1,0,0,1,8345,1,3719,0
331,Business,1,4,1,0,4240,0,833,1
87,First,0,3,1,1,7314,0,2359,1
233,Economy,1,2,0,0,2161,0,2750,1
96,Business,1,0,1,0,6492,1,1004,0
17,First,0,0,1,1,11038,1,3556,1
110,Economy,1,1,0,1,3214,0,1616,0
208,Economy,1,3,0,1,2702,1,1680,1
340,Economy,1,2,1,0,2153,0,2304,1
64,Business,0,4,0,0,11728,1,1206,1
122,Business,0,1,1,1,1526,1,3275,0
237,First,1,2,0,1,8336,1,3976,1
363,First,0,0,1,1,5466,1,562,0
122,First,1,4,1,0,2535,0,345,1
286,First,1,0,1,0,1152,0,3242,0
217,First,0,1,0,1,9775,0,4438,0
221,Business,0,4,1,0,9287,0,4573,1
344,Economy,0,4,1,1,8502,0,3890,1
112,Economy,1,1,1,1,1348,0,2526,0
17,Business,0,0,0,0,7534,1,3458,0
218,Economy,1,4,0,1,6434,0,4870,1
160,Business,0,3,0,1,7828,1,4539,1
69,Economy,0,3,0,1,7161,1,4079,1
6,Economy,0,0,0,1,3433,1,2314,0
0,First,0,4,1,1,7091,1,4504,0
357,Business,1,0,0,0,9180,1,4720,0
98,Economy,0,3,0,1,13793,1,4911,1
86,Business,1,4,0,1,7098,1,2708,1
79,Business,1,4,0,0,8505,1,1018,1
314,First,0,0,1,1,3494,1,2813,1
33,First,1,4,1,0,2870,1,1485,1
225,First,1,0,0,1,5464,0,2583,1
222,Economy,1,2,1,0,10121,0,810,1
179,Economy,0,2,1,0,7435,1,3207,1
7,Economy,0,3,1,0,1728,1,1912,0
242,Economy,0,3,1,1,6592,1,2490,1
87,First,0,1,0,0,820,0,3450,1
308,Business,1,2,1,0,4326,1,1667,1
142,Business,1,2,1,0,13939,0,4479,0
27,Business,0,1,1,0,1436,1,3931,0
141,Economy,1,0,0,0,2647,1,2226,0
89,Economy,1,2,0,1,7443,1,4731,1
185,Economy,1,2,0,0,10296,1,2274,1
312,Business,0,3,0,1,2532,1,2355,1
179,Economy,1,1,1,0,4922,0,1498,0
36,Business,0,1,0,0,741,0,2995,1
1,Economy,0,3,1,1,10784,1,4779,1
33,Business,1,2,0,1,5651,0,1084,1
313,Economy,1,4,0,1,7183,0,3779,1
225,First,1,1,1,1,5972,1,3238,0
72,Economy,1,2,1,1,9441,1,4594,0
363,Business,1,0,1,1,7296,1,3211,1
115,Business,0,1,0,0,4560,1,586,1
113,Business,0,3,0,1,10149,0,417,1
29,First,1,1,1,1,11931,1,3652,0
82,First,0,3,1,1,10852,1,141,0
207,Business,0,0,0,0,11364,0,4198,0
106,Business,0,2,1,1,1809,1,4473,1
314,Business,1,3,0,0,10261,0,1269,1
185,Economy,1,3,0,0,8225,1,3137,1
151,Business,0,0,0,1,3572,0,4233,0
149,Economy,1,4,1,1,2965,1,526,1
159,First,0,1,0,1,4782,1,2570,1
74,First,0,4,0,0,2426,1,1614,1
348,Business,1,1,0,1,5044,1,3684,0
169,First,1,0,0,1,3229,1,3122,1
186,Economy,0,0,0,0,1477,0,1665,0
343,Economy,0,4,0,0,8662,1,3025,1
338,Business,1,0,0,1,5349,0,4930,1
310,Business,1,2,1,1,9990,1,4444,1
168,First,0,4,0,0,5504,0,4395,1
312,Business,1,3,0,0,8714,1,3168,1
52,Business,1,3,0,1,11829,1,3964,1
256,Business,1,0,1,0,1609,1,3460,0
59,Economy,0,0,1,0,3479,0,3132,0
221,First,1,1,0,0,12708,0,2609,0
75,Business,0,4,0,1,13898,1,1140,0
45,Business,1,4,1,1,13115,0,2781,1
259,Business,0,2,0,1,2476,0,3264,1
14,Economy,0,3,0,1,7500,1,3064,1
336,Economy,0,3,0,1,8406,1,3335,1
115,Business,1,2,0,1,11699,0,2979,0
11,First,0,1,0,0,9854,0,2534,0
0,Economy,1,2,1,1,8476,0,495,0
76,Business,0,1,0,0,2782,1,4918,1
29,First,0,1,0,0,1273,0,3494,0
201,Business,0,1,1,1,9565,0,2510,1
328,First,0,0,1,0,3549,0,4259,0
49,Economy,0,0,1,0,9701,1,4666,0
129,First,1,1,0,0,6432,1,2941,0
5,Economy,1,2,1,0,2244,1,2678,0
74,Economy,0,2,1,1,2775,1,698,0
345,First,1,2,1,0,10412,0,1566,0
347,Economy,0,0,0,1,8773,0,676,0
332,First,1,1,0,0,1172,1,3408,1
165,First,0,3,0,1,10928,1,1269,1
331,Economy,1,2,0,1,4613,0,4017,1
338,Economy,1,0,0,1,1530,0,1004,0
273,Economy,1,4,0,1,1720,0,1809,1
155,Economy,0,1,0,0,13187,1,1339,1
267,Economy,1,2,0,0,5330,1,962,0
307,Business,1,0,0,0,11704,1,924,0
204,Business,0,4,0,0,573,0,2186,1
243,Business,1,1,1,0,12786,0,2879,0
86,Business,0,3,1,0,9104,1,1498,0
99,Business,1,1,0,1,9104,1,2470,1
185,First,0,1,0,1,13827,1,2675,1
221,Economy,0,2,0,0,8951,0,4459,1
277,Business,0,1,1,0,1588,1,160,0
357,First,0,4,0,0,5691,1,2711,1
172,First,0,4,1,1,1487,1,515,0
317,Business,0,1,1,0,13428,0,850,0
41,Business,0,1,0,0,13293,0,1372,1
66,Business,0,4,1,0,6351,1,1968,1
191,Business,1,4,0,0,9846,1,2406,1
142,First,1,2,0,0,8243,1,806,1
153,Economy,1,3,1,0,3301,1,1769,0
93,Economy,1,4,1,0,565,1,3924,0
196,First,0,3,1,1,6220,1,2007,0
94,Business,1,3,1,0,7468,1,3020,1
248,Economy,0,4,0,1,1880,1,4646,1
21,Business,1,2,1,0,6078,0,4614,0
53,Economy,0,1,1,0,9569,1,1643,0
124,Economy,0,0,0,1,12037,0,2097,0
313,Economy,1,1,1,1,13917,1,3927,0
206,First,0,0,1,0,1562,1,1850,0
180,Business,0,4,0,1,13275,0,3019,1
354,Economy,0,1,0,1,7279,1,1378,1
274,Economy,1,1,1,0,9836,1,2268,0
161,Economy,1,0,1,1,5191,1,4073,0
277,Business,1,2,0,1,6852,0,3458,1
140,Economy,1,4,1,0,3322,0,2396,1
122,First,1,4,1,0,13738,1,3648,0
191,Economy,1,4,1,0,12899,0,2179,0
55,Economy,0,1,1,1,1924,0,2632,0
297,First,1,3,1,0,11319,0,4422,1
246,Business,1,0,1,0,6423,0,2982,0
321,Business,1,1,1,1,9583,1,2163,1
190,Economy,0,2,1,0,9425,1,4041,0
169,Business,1,2,0,1,500,1,4282,1
218,First,0,1,1,1,13546,1,4064,0
33,Business,0,0,0,1,7743,1,2114,1
284,Economy,0,4,0,1,13188,1,3292,1
35,First,0,4,1,1,4163,1,171,1
264,Economy,1,3,1,1,7311,0,1286,1
340,First,1,1,0,1,5345,0,4381,1
297,First,1,3,1,0,13738,1,3007,1
227,Economy,0,2,0,1,3350,1,3764,1
66,Economy,0,4,0,0,1395,1,2168,1
6,Business,0,4,1,1,11270,1,782,1
22,Business,1,3,1,0,12368,0,3489,1
22,Economy,0,1,0,1,11331,1,2648,0
271,Economy,1,3,1,0,8177,0,2869,1
68,Business,0,2,1,0,3172,1,4835,0
12,Economy,1,1,0,1,4710,1,693,1
265,First,1,2,1,0,4255,0,3688,1
247,Business,0,1,1,1,2164,0,1850,1
58,Business,1,3,0,1,7974,0,4113,1
257,First,0,0,1,1,9933,0,2413,1
207,First,1,3,1,0,13503,0,663,1
128,Economy,1,1,0,0,8324,0,3688,0
197,Economy,0,2,1,1,8728,1,173,1
309,First,0,3,1,0,10775,0,749,1
274,First,1,1,0,1,12688,0,1564,1
96,Business,0,2,0,0,11064,1,4206,1
27,Business,1,2,1,1,4185,1,687,0
132,Business,1,2,1,1,9334,1,1395,0
331,Economy,1,1,1,1,2946,0,4748,1
274,Business,1,2,0,0,11702,0,1004,1
103,First,1,2,1,0,13120,1,2111,0
41,Business,1,3,1,0,7352,0,2900,0
152,First,0,2,0,1,4488,1,2787,1
290,First,0,0,1,0,12834,0,1338,0
8,Economy,1,1,0,0,6428,1,4460,0
223,Economy,0,2,0,0,6434,0,4690,1
38,Business,1,2,1,0,8726,0,4515,1
37,Business,1,4,0,0,2426,0,4712,1
270,Business,0,3,0,1,7131,1,312,1
108,Economy,0,2,0,0,2259,0,4500,1
345,First,0,3,0,0,5105,1,4812,1
59,First,0,3,0,1,3176,0,1400,1
61,Economy,0,0,1,1,3465,1,209,0
30,Business,1,1,0,1,8290,0,307,1
29,Economy,1,0,0,0,12601,0,4362,0
65,First,0,1,1,1,11400,1,4010,0
262,Economy,0,4,0,0,9952,1,1468,1
157,Economy,0,0,1,1,1882,1,3252,1
160,First,0,3,0,0,10276,1,2699,1
358,Economy,1,2,1,1,11810,0,1661,1
110,Economy,0,4,1,0,11864,0,4450,0
37,Economy,0,1,1,1,10638,0,814,0
211,Business,1,0,1,1,7421,1,4193,0
136,First,0,4,0,0,3145,1,4032,1
341,Business,0,0,0,0,3999,1,4591,1
157,First,0,3,0,0,7590,1,2354,1
133,First,1,0,0,1,4997,0,1327,0
188,First,1,1,1,0,6583,0,2442,1
164,Economy,0,1,0,1,10464,1,2192,0
78,Business,1,2,1,0,7510,1,1072,0
251,First,1,2,0,0,11737,0,859,1
205,Business,1,1,1,1,6937,0,2300,0
147,Business,1,1,0,0,11287,1,4613,1
285,Business,0,1,0,1,12079,1,3923,1
17,Business,1,4,0,0,8928,1,3230,1
190,Economy,1,0,0,0,13651,0,3431,1
184,Economy,1,4,0,0,5437,1,2150,1
216,First,1,3,0,1,7390,0,4520,1
87,First,1,2,0,0,4000,0,4905,1
94,Economy,1,0,1,0,13117,1,1813,0
273,First,0,2,0,1,9150,1,2761,0
60,Economy,0,3,1,0,10364,1,2236,1
81,Business,0,1,1,0,8876,1,3894,0
77,Business,0,2,1,1,13789,0,2842,1
195,Economy,0,1,1,1,4677,1,1908,0
320,First,0,2,0,0,812,0,2413,1
39,First,1,3,1,1,3490,0,3438,1
23,Economy,0,2,1,1,5118,0,3440,0
159,Economy,0,3,1,1,10639,0,4251,1
265,Business,1,0,1,0,6137,0,2377,0
136,First,1,4,0,0,8596,0,2894,1
38,Business,1,3,0,1,5505,1,3024,1
107,Economy,1,2,0,0,11426,1,3260,1
226,First,1,0,1,1,2320,1,1984,0
68,Business,1,3,1,1,4698,0,3479,0
262,First,0,2,0,1,6315,1,1335,0
278,First,0,3,0,0,6456,0,2665,1
344,Economy,1,3,1,1,3913,0,507,1
16,Business,1,1,1,1,10727,1,2682,0
333,Economy,1,2,1,1,5778,1,128,1
226,Business,0,4,1,1,11526,1,259,1
191,Economy,1,3,0,1,6374,1,4502,1
320,Economy,1,0,1,1,11909,1,4847,0
341,Economy,1,2,0,1,11949,0,1721,1
27,Business,0,4,0,0,5305,0,4288,1
313,Economy,0,2,0,0,3772,0,609,1
214,First,1,4,1,1,8721,0,3274,1
17,Economy,0,4,0,1,4306,1,4106,1
109,First,1,3,1,1,11926,1,4357,1
120,Business,1,1,1,1,1028,0,4672,0
299,First,1,2,1,0,3293,0,2723,1
63,First,0,0,0,1,7555,1,2810,0
36,First,1,0,0,0,2002,1,760,0
2,First,0,1,0,0,8433,0,3123,0
269,First,1,0,1,1,9492,1,3074,0
134,Business,0,2,0,1,7149,1,4311,1
82,Business,0,0,0,1,1253,1,3741,0
206,Business,1,2,1,0,5863,0,4720,0
166,Business,1,4,0,0,4375,1,393,1
132,Business,0,3,0,0,8299,1,3373,1
78,Business,0,1,0,0,1271,1,429,1
307,Economy,0,1,1,1,7858,1,4258,1
108,First,1,0,0,1,5862,0,2778,0
25,Business,1,2,1,1,8535,0,4660,1
166,Economy,0,3,1,1,13304,1,409,0
172,Business,1,0,0,0,9907,1,3007,0
332,Business,0,3,0,1,11592,0,2032,1
30,Economy,0,2,0,0,7360,0,524,0
150,Business,1,0,0,1,10717,1,1191,0
39,First,1,0,0,1,11365,1,3422,1
287,First,1,3,1,0,4886,1,1644,0
356,Economy,0,0,0,0,11789,0,1846,0
259,Business,1,3,1,0,5261,0,2141,1
80,First,0,2,0,1,12824,0,588,1
339,Economy,0,3,0,0,9342,0,628,1
173,First,1,2,0,1,2613,0,1319,1
74,Economy,1,2,1,1,10099,0,1152,0
41,Economy,1,4,0,1,13842,1,4083,1
96,First,0,3,0,1,9093,0,2889,0
166,Business,1,1,1,0,2750,1,2092,0
197,Economy,0,4,0,0,13811,0,596,1
102,First,0,4,1,0,3843,1,3132,1
46,First,0,3,0,1,3501,0,1916,1
165,First,1,4,0,1,8181,1,4465,1
17,Economy,1,4,0,0,4142,1,1079,1
1,Business,1,0,1,1,12009,1,3144,0
104,First,0,2,0,1,6099,0,4311,1
101,First,0,1,1,0,7149,0,4135,0
181,Economy,0,3,0,1,5795,0,317,1
208,Business,1,0,1,0,10211,0,3717,1
343,Economy,1,1,1,1,3529,1,166,0
215,Business,0,1,0,0,5271,0,2355,0
259,Economy,0,0,0,0,5883,0,2932,0
6,Business,0,3,0,0,3678,1,4605,1
206,First,0,2,0,1,10764,0,3425,1
56,Economy,0,0,0,0,13211,0,4938,0
29,Business,0,4,1,1,12144,1,1683,1
250,First,1,1,1,1,8415,0,677,1
220,First,0,4,1,0,12535,1,2618,1
240,Business,1,3,1,0,3546,1,3559,0
171,Economy,0,2,0,1,11422,1,2164,1
244,First,0,2,1,0,8637,1,4375,0
204,Business,1,2,1,0,9870,0,1571,0
230,Economy,1,4,0,0,988,0,2170,1
345,First,1,3,1,1,4036,0,1384,1
35,Business,1,4,1,1,608,1,2881,1
98,First,0,1,0,0,3993,1,2785,0
257,Economy,0,2,1,1,4019,1,4939,1
141,Economy,0,3,1,0,7372,1,4477,0
207,First,0,4,1,0,3716,0,2842,1
112,Economy,1,4,0,0,9544,1,413,1
99,Economy,0,4,0,0,2882,0,1357,1
103,Business,1,4,0,1,12387,0,933,1
239,First,0,4,1,0,13416,1,4412,0
240,First,0,1,1,1,7179,0,2462,0
290,Business,1,2,1,0,12538,0,2900,0
148,Economy,0,4,0,1,5043,0,192,1
219,First,0,1,1,0,4712,1,468,0
81,First,1,3,0,1,9696,0,4865,1
287,Business,0,3,0,1,6383,1,1506,1
150,Economy,0,1,0,0,7385,0,2801,1
133,Business,0,1,1,0,9179,0,4127,0
284,First,1,1,0,1,11913,0,1124,1
318,Economy,1,3,1,0,11357,0,2052,1
224,Economy,0,4,1,1,4776,1,3682,1
124,Business,0,2,1,0,6973,1,2930,0
95,Economy,0,4,1,0,8660,0,1953,1
336,First,0,0,1,0,1791,0,93,0
239,First,1,1,1,0,12219,0,694,0
313,First,1,4,1,0,11867,1,2349,1
84,Economy,1,2,0,0,12144,0,4864,1
83,Economy,0,4,0,1,13577,0,3629,1
342,First,1,0,0,1,8666,1,3154,0
271,Business,1,0,1,1,13978,0,2231,0
5,First,0,4,0,1,3106,1,3818,1
6,Business,1,2,0,1,2483,1,811,0
13,First,0,4,0,0,2079,0,4164,1
2,Business,0,1,1,0,1539,0,4840,0
224,Business,0,2,0,1,2581,0,2879,1
304,Economy,1,3,0,0,12705,0,3934,1
291,Business,1,2,1,1,11459,1,2285,1
284,Economy,0,4,1,0,1473,0,2826,1
167,First,1,4,1,1,1465,1,2044,1
131,Business,1,3,0,1,3114,0,1284,1
120,Business,0,0,1,1,13675,1,2717,0
235,First,1,4,0,0,2288,0,4476,1
22,First,1,0,1,0,2621,1,4011,0
101,Business,0,0,1,1,6155,0,3351,0
131,Business,0,1,0,1,5218,1,4442,1
273,Economy,1,0,0,0,9957,0,4253,1
0,Economy,0,2,1,0,13244,1,2750,1
31,Business,0,0,1,1,13858,0,1829,0
148,Business,0,1,0,0,7922,0,4403,1
165,First,1,4,0,0,3078,0,3574,1
296,First,0,4,1,1,4139,0,2672,1
176,Economy,0,3,0,0,7678,1,2533,1
340,Economy,1,0,0,1,4425,1,3162,1
92,First,1,2,0,1,8144,0,1168,1
116,First,1,3,0,0,7020,0,3513,1
95,First,1,3,0,1,2427,1,1536,1
58,First,0,1,0,0,573,0,1169,0
140,First,1,4,0,0,10873,1,2772,1
316,First,0,0,1,0,4242,1,758,1
50,Economy,0,0,1,0,10470,0,158,0
254,First,1,4,0,0,6230,0,4908,1
90,Business,1,1,0,1,4901,1,1538,0
320,Business,1,1,0,0,5869,1,2532,1
304,Business,0,1,0,1,3088,1,3317,1
176,Business,0,2,0,1,6920,1,3933,1
102,Economy,1,0,0,1,7836,1,2544,1
141,Business,0,1,1,1,5432,0,4247,0
29,Economy,0,1,0,0,1720,1,245,0
141,Business,1,4,0,1,3147,0,3966,1
202,First,1,3,0,0,12098,1,2558,1
222,First,1,3,0,1,9131,1,848,1
347,First,1,3,0,1,3343,0,2937,1
317,First,0,0,0,0,3733,0,4499,1
2,Economy,1,2,0,0,10795,1,2077,1
38,First,1,0,0,0,8874,1,1640,0
274,First,0,4,0,1,12179,1,4543,1
360,Economy,1,1,1,0,11792,0,264,1
97,Business,0,0,0,0,13112,0,2307,0
127,Economy,0,3,1,0,8688,1,830,1
166,Business,0,2,0,1,11749,1,3593,1
265,First,0,4,0,1,11518,1,4293,1
344,Economy,1,1,1,1,10481,0,729,0
150,Business,0,2,1,0,6819,0,755,0
247,Economy,1,0,1,1,11356,1,4038,0
58,Business,0,0,0,1,8488,1,722,0
217,First,0,2,0,0,7979,1,2460,1
82,First,1,2,0,0,1448,0,4572,0
101,First,0,1,0,0,9869,0,3113,1
147,Business,1,3,1,0,892,1,2770,1
243,First,0,2,1,1,10079,0,1678,1
299,Economy,0,1,1,0,2905,1,3166,0
273,Business,0,2,1,0,2528,0,2112,1
47,Economy,0,2,0,0,13867,0,1745,0
330,Business,1,3,0,1,9999,0,2058,1
249,Business,1,1,1,1,2450,0,858,1
216,Economy,0,0,1,0,6581,0,2962,0
234,First,1,1,1,0,5808,1,3942,1
0,Economy,1,1,1,1,5635,0,687,0
96,First,0,1,1,0,9437,1,830,1
262,Economy,1,3,0,0,4548,1,620,1
350,Business,0,3,0,0,11939,1,224,1
89,Economy,1,4,0,0,8214,0,1070,1
198,Economy,0,0,0,0,11346,0,2802,0
99,Business,1,3,1,1,6614,0,1791,1
151,First,0,3,1,1,4014,0,3492,0
68,First,1,1,0,1,4811,1,3148,1
213,Business,1,1,1,1,2204,0,1190,0
107,First,1,2,0,0,5912,0,4142,1
163,First,1,2,1,1,10769,1,1096,0
305,First,0,2,0,1,1742,0,3972,1
247,Business,1,3,1,1,12163,1,1360,1
301,Business,0,2,1,0,9671,1,3384,1
197,Economy,1,0,0,1,4444,1,4549,1
278,Economy,1,2,1,0,11810,1,1699,0
11,Economy,1,4,0,0,2319,1,1984,1
155,First,1,4,0,1,3464,0,1685,1
185,Economy,0,1,1,1,12828,0,690,0
235,First,0,3,0,0,9968,0,4341,1
316,First,1,4,1,1,10528,1,4674,1
223,First,1,0,1,1,13140,0,4485,0
33,Economy,0,1,1,0,13411,0,2094,0
349,Economy,1,4,1,1,700,1,2015,1
100,Economy,1,2,1,1,1971,0,3767,1
253,First,1,4,0,0,11392,0,1375,1
273,First,0,4,1,1,13009,0,2410,0
162,Business,0,1,0,1,6625,0,2739,1
36,Business,0,3,0,1,11934,1,1893,1
296,First,1,2,1,1,724,1,1149,1
210,Business,0,2,0,0,2666,1,4677,0
85,First,1,2,1,0,5729,1,3763,0
90,Business,0,2,0,1,6504,0,4488,1
250,First,0,3,0,1,3117,0,4501,1
207,Business,1,2,0,0,7115,1,1811,1
294,First,1,3,0,1,3847,1,4691,1
259,Economy,0,1,1,1,7781,1,854,0
307,Business,0,0,0,1,7858,1,1066,1
112,First,0,3,1,1,2036,1,2440,0
274,Economy,0,2,0,1,7690,0,3029,0
91,First,1,1,1,1,2068,0,4595,1
272,Economy,1,1,0,0,11436,1,3524,1
172,First,0,4,1,1,11433,1,3480,1
129,First,0,4,1,0,5202,0,4119,1
87,First,1,0,1,1,8302,1,3852,0
245,Business,0,0,1,0,4242,0,1113,0
54,Economy,0,4,1,1,13225,1,529,0
346,Economy,1,4,1,0,8937,0,743,0
3,Economy,0,1,0,1,13699,0,3057,0
355,Business,0,3,0,1,7832,0,2561,1
315,Business,1,4,1,1,13656,1,3482,1
28,Economy,1,2,1,1,4843,1,3779,0
188,Business,1,3,0,1,13178,0,3668,1
45,Business,1,3,1,0,2519,0,4586,0
96,Economy,1,2,0,1,8657,0,2134,0
48,First,1,2,1,0,1669,1,3252,0
119,First,1,2,1,1,11546,0,4675,0
145,Economy,0,1,0,1,6413,0,309,0
331,Business,1,4,1,0,7998,1,1872,1
248,Business,1,4,0,1,9328,0,736,1
73,Economy,1,1,1,0,624,1,353,0
272,Economy,1,3,1,0,6188,0,3712,1
106,Economy,1,1,1,1,10201,1,1001,0
351,Economy,1,4,0,0,696,0,1427,1
183,Business,0,0,1,0,2761,1,3796,1
344,First,1,1,0,0,3008,1,1677,1
307,Economy,0,0,0,0,11268,1,152,1
70,Business,1,0,0,1,5093,1,2345,0
19,Economy,0,2,0,1,13178,0,3741,1
156,First,0,2,1,1,13657,1,2373,0
338,Economy,0,2,0,0,12474,0,2817,1
224,Business,1,0,0,0,8959,1,4088,1
177,Economy,0,4,1,1,10009,0,4669,1
117,First,0,2,1,1,1738,1,2959,1
158,Business,1,2,1,0,4259,0,643,1
12,Business,1,3,1,1,5034,0,4724,1
55,First,1,0,0,0,5417,0,4241,1
239,Economy,0,0,0,1,10299,0,4151,1
274,Economy,1,2,0,1,5634,1,1195,1
325,Business,0,3,1,1,5649,0,1287,1
155,First,0,3,1,1,7210,1,3942,0
79,Business,1,1,0,0,11360,0,2326,1
113,Business,1,1,1,0,11912,1,4919,0
32,First,0,2,0,1,5855,1,451,0
113,First,0,0,1,0,6959,1,2439,0
62,First,1,3,1,0,9339,0,3527,0
25,Economy,0,3,1,0,5794,1,499,0
86,Business,1,3,0,0,8427,0,976,1
256,Business,1,0,1,1,10603,1,3411,0
92,Economy,0,1,1,0,7575,0,2226,0
199,First,1,2,0,1,5436,0,4334,1
361,Economy,0,1,0,1,4109,0,1100,1
204,Business,0,3,0,0,4167,0,506,1
83,Economy,1,3,1,1,7385,1,3386,1
106,Business,0,0,1,1,3694,1,474,0
246,Economy,1,0,0,1,3385,0,1135,0
4,Economy,1,0,1,1,12437,0,3518,0
267,Business,1,2,0,0,7818,0,3925,1
303,Business,1,4,1,1,12528,0,2731,0
13,Economy,1,4,1,0,13524,0,961,1
308,Economy,1,2,1,0,5232,1,362,1
217,Economy,1,2,0,1,4168,1,1179,1
233,Economy,1,2,0,1,12525,1,3164,1
44,Business,1,1,1,0,7850,1,430,1
159,First,0,2,0,0,9276,1,626,1
157,Business,1,1,0,1,916,1,4141,1
267,First,1,0,1,0,11212,0,883,0
99,Business,0,3,1,1,6311,0,740,1
82,First,0,4,0,0,7010,1,3263,0
43,Business,0,3,0,0,836,0,2438,1
152,First,1,4,1,1,8947,1,3306,1
169,Economy,1,0,1,0,9051,0,1499,0
20,Economy,0,4,1,0,11362,0,1305,1
249,First,1,0,1,0,10758,0,2665,0
188,Economy,0,3,1,1,8377,1,4140,1
321,First,0,1,0,1,1145,0,1276,1
356,First,1,4,0,0,9403,0,4053,1
20,Economy,0,2,0,0,7084,1,1623,1
281,Economy,1,1,0,0,7755,0,3356,1
159,Business,1,1,0,1,10287,1,1784,0
218,First,1,0,1,0,4458,0,1502,0
16,Business,0,3,1,1,13190,1,2722,0
3,First,1,2,1,0,2672,1,4249,0
38,First,1,3,1,1,11943,0,875,0
270,Business,1,3,0,1,9628,1,564,1
288,Economy,0,1,0,1,5063,0,3304,0
188,Business,0,2,0,0,8523,1,3486,1
141,Economy,0,4,1,1,1177,0,4850,0
345,Economy,0,2,0,0,11064,0,3999,1
302,First,0,0,1,0,3203,1,1140,1
129,Business,0,1,1,0,9242,0,4842,0
345,Business,0,2,0,0,7508,1,2900,1
321,Economy,1,0,1,1,5158,0,4106,1
175,Economy,0,4,0,1,11640,1,2833,1
193,First,0,3,0,1,8807,1,1975,1
336,First,0,3,1,1,8774,0,836,1
273,Economy,0,0,1,0,11185,1,1742,1
178,First,1,1,1,1,9830,1,3147,0
239,Economy,0,3,0,1,1308,0,3658,1
131,Business,1,1,0,0,4654,1,3013,0
80,First,0,1,0,0,2280,0,1583,1
160,Business,0,3,0,0,9948,0,907,0
180,Economy,1,4,1,0,8515,0,3599,0
268,First,0,2,1,0,10289,0,1647,0
326,Economy,0,3,1,1,2485,1,2527,1
57,Business,0,2,0,0,8443,1,4028,1
190,First,1,1,0,1,5409,1,1318,1
320,Business,0,4,0,0,13145,1,2249,1
359,Business,1,1,1,1,7295,1,3988,0
41,Economy,0,4,1,0,12875,0,2454,1
94,Business,1,0,0,1,11828,1,753,1
355,Business,0,4,1,1,7621,0,2369,1
88,Business,0,4,0,0,5130,0,1049,1
108,Economy,1,1,0,0,2842,1,711,1
232,Business,1,3,1,1,1583,0,1701,0
295,Economy,0,3,0,0,2476,1,4452,1
349,First,0,2,0,0,1055,0,3042,1
101,First,1,0,1,1,5343,1,4089,0
20,Economy,1,4,1,1,9785,1,3964,1
82,First,0,2,0,0,3471,1,1448,1
160,Business,0,4,0,1,2442,1,4858,1
197,Business,1,4,1,1,12647,0,4002,1
41,Economy,0,0,1,0,7189,0,453,0
36,Business,1,0,0,0,6156,0,1582,1
199,First,0,2,0,0,7550,1,1297,1
332,First,0,3,1,0,12323,0,1211,1
153,Economy,0,4,0,0,13620,0,1747,1
38,First,0,1,0,0,637,0,835,1
46,First,0,2,1,0,12476,1,3262,0
311,First,1,4,0,0,7053,0,1999,1
109,Economy,1,0,1,0,1405,0,1409,1
185,Economy,1,0,1,1,12773,1,422,1
184,Business,0,0,0,1,3759,0,3454,1
326,First,1,0,1,1,2876,1,96,0
215,First,0,3,1,0,4640,0,4005,1
109,Economy,0,3,1,1,13453,0,2695,1
199,First,0,4,0,1,7517,0,1803,1
172,Business,0,4,1,0,2583,1,3334,1
320,First,1,2,0,0,4226,1,4438,1
3,Economy,0,0,1,1,7051,0,4456,0
60,First,0,0,1,0,6555,1,578,0
170,Business,1,1,1,0,13550,1,1452,0
360,Business,0,1,1,1,7285,1,3454,1
146,Economy,1,0,1,0,8055,1,4348,0
341,Business,1,1,0,1,5337,1,2540,1
355,First,1,1,0,1,13138,0,2610,0
128,Business,1,0,1,0,11418,0,2262,0
146,Business,0,3,1,0,4384,1,238,0
50,Economy,1,3,0,1,6797,1,700,1
63,Business,0,4,1,1,10159,1,321,1
62,Economy,0,3,1,0,696,1,3339,1
284,First,1,0,0,1,567,0,3335,0
42,Business,0,1,1,0,11833,0,2733,0
69,First,0,0,0,1,2264,0,2316,1
255,First,1,2,1,0,13929,1,3739,0
294,Business,1,1,0,1,3346,0,4623,0
22,Business,0,0,0,0,7026,1,345,0
256,Economy,1,4,0,0,10424,0,1513,1
60,Business,0,4,0,0,12023,1,1172,1
206,Economy,1,1,1,1,8398,0,4774,0
280,Business,1,3,1,0,3772,1,3480,1
131,Business,0,4,0,1,13336,0,2381,1
364,Business,0,2,1,1,12905,0,2932,0
363,Business,0,1,1,0,1013,1,1005,1
0,Business,1,2,1,0,13476,0,3665,1
39,Economy,1,1,1,1,7622,1,2323,0
276,Business,0,3,0,1,1754,0,1965,1
246,Economy,1,0,1,1,12548,0,4825,0
137,Economy,0,1,1,1,5636,1,3694,0
321,Business,1,0,1,0,6115,1,3669,0
16,Business,0,1,1,1,4507,1,3865,0
123,Business,0,3,1,0,2854,1,977,1
90,Economy,1,2,0,0,4965,1,3655,0
245,First,1,0,1,1,1995,1,1496,0
112,First,1,2,1,1,6080,0,4768,0
125,Economy,0,1,1,1,6671,1,1951,0
265,Business,0,1,1,1,5485,0,2463,1
240,Business,1,3,0,1,4129,0,3722,1
137,Economy,0,1,1,1,7282,0,4907,0
245,Business,0,3,1,0,13405,1,4828,1
237,Economy,1,1,0,0,12225,0,341,1
302,Business,1,2,1,1,8906,1,1550,1
8,Business,1,1,0,1,7513,1,1290,1
45,Economy,0,0,1,1,4132,0,4918,0
358,First,0,4,1,1,12164,0,3753,1
123,First,0,0,0,1,4273,1,1021,1
67,First,0,0,0,0,5886,0,2373,1
364,Business,0,3,0,0,6112,1,4832,1
323,First,1,1,1,0,12959,0,4558,0
131,First,0,2,1,1,6495,0,4085,1
360,First,0,1,1,1,2254,1,1837,0
236,First,1,4,0,1,6640,0,2704,1
212,First,0,1,0,0,9495,1,3512,0
58,First,0,4,1,1,13103,0,927,1
152,Economy,1,4,1,1,13258,0,3368,1
280,First,1,0,0,0,10324,0,4799,0
81,Business,0,4,0,1,7689,1,1085,1
237,Economy,1,4,1,0,6849,0,2889,1
311,Business,0,2,1,0,5696,0,1190,1
48,First,1,3,1,1,11977,0,369,1
64,First,0,1,1,1,10170,0,991,0
188,First,1,2,0,1,2073,0,1460,0
8,Business,1,3,1,0,2100,0,1727,1
95,First,0,0,0,0,10196,1,4116,1
84,First,0,2,1,0,9545,1,3904,1
35,First,1,2,1,1,11122,0,4089,0
82,First,0,0,1,0,6794,1,1371,0
162,First,0,4,0,1,4959,0,3092,1
213,First,0,0,1,0,2882,0,1702,1
220,Economy,1,1,0,0,2834,1,4759,1
317,First,0,0,1,0,3471,0,4154,0
318,Economy,1,2,1,1,13110,1,1842,1
118,First,0,0,0,1,7069,0,3279,0
75,Economy,0,1,1,0,1300,1,2207,0
68,Business,0,4,0,1,5002,1,4259,1
93,Business,1,4,0,1,2895,0,1517,1
318,Economy,1,3,0,1,13608,1,3969,1
316,First,0,3,1,0,6787,0,2630,1
354,Business,1,1,1,0,920,0,2650,1
292,Business,0,3,0,1,6008,1,436,1
253,First,1,4,1,0,6878,0,240,1
3,Business,0,4,1,1,1150,0,3146,0
55,Economy,1,3,1,0,5375,0,2002,0
42,First,0,0,0,1,6920,0,1600,0
276,Economy,1,4,0,1,7045,1,3395,1
57,Economy,0,3,1,0,3860,0,643,1
249,First,0,3,0,1,3208,0,3340,1
143,Business,0,1,1,1,10125,1,4071,0
308,Economy,1,1,1,1,3035,1,89,0
17,Business,0,4,1,1,3606,1,761,0
312,Economy,1,2,1,1,5682,1,606,1
350,First,0,3,1,1,5733,0,756,1
165,First,1,0,1,0,2920,0,272,0
31,First,0,2,0,0,9578,0,3207,0
111,Business,1,3,1,0,9863,0,567,1
224,Economy,0,2,0,1,6962,0,365,1
274,First,0,3,0,0,12469,1,1347,1
339,Economy,0,3,1,1,5212,1,914,1
303,Economy,1,2,0,1,11506,0,1379,1
73,First,0,1,1,1,742,0,1202,1
153,Economy,1,3,0,0,1407,1,3661,1
109,Economy,1,4,1,1,1043,1,3291,1
337,First,1,2,1,0,7262,0,2236,0
172,Economy,0,1,0,1,12884,0,2370,1
270,First,1,0,1,0,803,0,1144,0
145,Business,1,3,1,1,13778,0,3871,0
286,Economy,1,3,0,1,10708,0,2178,1
101,First,1,4,1,0,7921,1,1456,0
14,Business,0,1,0,1,8043,1,2207,1
248,Economy,0,3,1,0,9902,1,426,1
64,First,1,1,1,0,5895,1,1838,0
360,Economy,1,3,0,1,9560,0,1418,1
173,Business,1,0,1,0,7448,0,4775,0
330,Economy,1,4,0,0,2075,1,2776,1
357,First,1,0,0,1,618,0,4147,1
29,Economy,1,0,0,1,5552,1,533,0
40,Economy,1,2,1,0,10283,1,1389,0
66,Economy,1,0,0,1,11927,1,169,0
272,Business,0,4,0,1,703,1,1399,1
25,Business,1,4,1,1,3065,0,1622,1
117,Economy,1,3,0,1,1057,0,2583,1
328,Business,1,0,1,0,4202,1,3082,0
208,Business,0,1,0,1,11145,0,1242,0
356,First,0,2,1,1,9046,0,2003,1
247,Business,1,2,1,0,3654,1,1868,0
94,Business,1,2,1,0,1674,1,4849,1
313,Business,0,4,1,0,2661,1,524,1
94,Economy,1,4,1,0,10291,1,2560,1
101,Economy,1,3,1,0,9299,1,4220,1
213,Business,0,0,0,0,5791,1,3972,0
130,First,0,4,0,0,8702,0,2074,1
131,Business,0,2,1,0,10295,0,2830,1
101,First,1,4,0,1,9008,1,4508,1
56,First,1,0,1,1,3135,1,1436,0
192,Business,0,4,0,1,4139,1,4143,1
254,First,1,0,1,1,5286,0,4374,0
161,First,1,3,0,0,4658,0,3535,1
31,First,1,4,0,0,4605,1,590,1
171,Business,0,0,1,0,13286,1,4303,1
96,First,0,0,0,1,3531,1,1145,0
138,Business,0,1,1,0,11658,0,2640,0
291,Economy,0,3,1,0,4471,1,2711,1
140,Business,1,4,0,1,10911,0,3678,1
312,Economy,0,1,0,1,4832,1,2964,1
152,Economy,0,4,0,0,1640,1,2533,1
197,Business,1,2,1,1,4406,1,3555,1
345,Economy,1,2,0,1,8931,1,585,1
131,Business,0,0,0,1,2933,1,3964,0
364,Business,0,1,0,0,2140,0,3240,1
25,First,0,0,0,0,13357,1,3743,1
268,Economy,1,0,0,1,12537,0,3754,0
71,Business,0,0,0,0,669,1,654,0
302,Business,0,2,1,1,2308,0,4059,0
207,Economy,0,0,0,0,9112,0,4391,0
169,Economy,1,0,1,1,10655,0,2617,0
230,Economy,0,0,1,1,1546,1,2992,0
286,Economy,1,0,0,0,11035,0,3962,1
167,Business,1,1,1,1,3784,1,1813,0
214,Economy,1,4,0,0,12447,1,4865,1
115,Business,1,1,1,0,3730,0,669,0
143,Economy,0,3,0,1,10960,1,4056,1
311,First,1,1,1,0,2781,0,2945,0
329,Economy,0,3,0,1,13696,0,3247,1
35,Economy,1,2,0,0,9165,0,2572,0
222,Business,1,4,0,0,5076,0,4206,1
235,Business,1,0,1,1,13909,0,4736,0
351,First,1,3,0,1,12450,0,762,1
335,First,0,2,1,0,5373,1,2428,1
183,Economy,0,4,0,1,10932,0,2339,1
241,Business,1,3,0,0,7463,1,1305,1
303,Economy,1,2,1,0,4914,0,4821,1
207,Business,0,0,0,1,2985,1,1320,0
57,Business,1,2,1,1,1137,1,3969,0
270,Business,0,2,0,0,12873,0,533,1
148,Business,0,0,1,0,7205,0,2763,0
63,First,1,3,1,0,6196,0,1248,0
134,Business,1,2,0,1,7711,0,4518,1
307,First,0,0,0,0,10988,0,783,0
18,First,1,3,1,0,13564,0,2738,0
85,Economy,0,0,0,0,12810,1,711,0
173,Economy,1,1,1,1,7407,0,2028,0
37,First,1,3,1,1,6855,1,3414,0
140,First,0,1,0,1,3477,1,462,0
299,First,0,2,1,0,10243,1,596,1
198,Business,0,2,1,0,12010,1,2517,0
34,Business,1,2,1,1,1201,1,2099,0
130,First,0,3,0,0,3571,0,2810,1
226,First,1,4,0,0,9418,0,1034,1
143,First,0,3,0,0,3124,1,1976,1
143,Economy,1,3,0,1,8641,0,3340,1
193,Economy,0,4,1,1,3172,1,1249,1
357,Business,0,3,0,0,3609,1,2269,1
336,Business,0,1,0,1,1389,0,2020,1
165,Economy,1,4,0,1,12699,1,3062,1
23,Business,0,4,0,1,9467,1,4081,1
214,Business,1,1,0,1,4371,1,1262,1
363,First,1,4,1,0,2075,0,160,1
312,First,0,4,0,0,10421,0,1238,1
235,Economy,0,1,0,0,13219,0,1174,1
122,First,0,0,0,0,12032,0,3792,1
55,Business,1,0,0,1,2670,1,2469,1
85,First,1,0,1,0,7694,1,3238,0
321,Business,0,1,0,1,2209,0,171,0
77,Economy,1,2,1,0,11322,0,270,0
91,First,0,3,0,1,8694,1,1335,1
332,Economy,1,4,1,0,13640,1,3709,1
247,First,0,1,0,1,7984,0,4744,1
101,First,1,3,1,0,13883,1,2300,1
336,First,1,1,1,0,4532,1,3865,1
72,Economy,0,4,0,1,4740,1,1084,1
317,First,1,2,1,1,8077,1,543,1
231,Business,1,1,1,0,1808,0,1628,0
13,First,0,3,0,0,10811,1,1598,1
193,First,1,3,1,1,10649,1,1709,0
233,Business,1,4,0,0,7846,0,3113,1
187,Economy,1,0,1,1,5662,0,1245,0
276,Economy,0,4,0,1,9915,1,4468,1
29,Business,1,4,1,1,11515,0,426,0
24,First,0,0,1,0,13196,0,529,0
186,Business,1,2,1,0,13149,0,785,1
230,Business,0,1,1,1,5743,0,4848,1
354,First,0,3,1,0,11050,1,3025,1
133,Business,1,1,0,1,10912,0,3121,1
130,Economy,1,1,0,1,11214,1,3407,0
111,Economy,1,3,1,1,7478,0,1610,0
128,Economy,1,0,1,1,7468,0,2300,0
64,Business,0,3,1,0,9769,0,3331,0
25,First,0,0,1,1,8610,0,2981,0
17,Economy,0,0,1,0,9817,0,4814,0
133,First,0,4,1,1,5131,1,3838,0
202,First,0,2,1,1,10516,1,4822,0
253,Economy,1,4,0,0,7254,0,1244,1
39,Business,1,2,1,1,5403,1,4034,0
29,Economy,1,0,1,0,4752,1,2795,0
77,Business,1,4,0,0,7675,1,4604,1
329,First,0,1,0,1,7102,1,3847,1
248,Economy,1,3,0,0,1795,0,3627,1
286,Economy,1,3,0,1,2414,1,4686,1
163,Business,1,3,1,1,5012,0,4050,0
334,Business,0,2,1,1,6963,0,357,1
47,First,0,3,0,0,1778,1,4685,1
77,Economy,1,2,1,1,1680,0,3364,0
110,Economy,0,2,1,0,5924,1,4660,1
342,Economy,1,2,0,1,11872,0,4455,0
272,Business,0,1,1,1,11445,1,3973,0
282,Business,1,0,1,0,2552,0,992,1
363,Economy,0,1,1,1,7371,0,3849,0
253,Business,0,0,1,0,10152,0,3484,1
125,First,1,1,0,0,2079,1,270,1
170,Economy,0,2,0,1,13946,1,1467,1
202,Economy,0,0,1,0,13778,1,1474,0
128,First,1,3,1,0,3059,1,3575,0
279,Economy,1,1,1,0,5177,1,3226,1
7,Economy,0,0,1,1,11330,1,4404,0
285,Economy,1,3,0,1,7054,0,427,1
17,Economy,0,4,1,1,4182,1,3781,0
332,Business,0,2,0,1,9257,1,4638,1
121,First,1,1,1,0,9916,1,1255,0
125,Economy,1,1,1,0,7025,1,919,0
227,Business,0,4,1,1,7434,0,4885,1
82,Economy,1,0,0,1,11949,1,3119,0
187,Business,1,1,0,0,12420,1,514,1
153,Business,1,1,1,0,10314,1,1067,0
123,First,1,1,1,0,1825,0,1993,0
353,Business,1,1,0,0,7258,0,3405,1
308,Economy,1,4,1,1,7970,0,3088,1
94,First,0,2,1,0,2000,1,365,0
121,First,0,1,0,0,6958,0,4119,0
361,Economy,1,4,0,1,12378,0,1655,1
70,Economy,1,3,0,0,12192,0,708,0
103,First,0,1,1,1,13153,0,3677,0
153,Business,0,0,1,1,11825,1,4731,0
243,First,1,4,1,1,13609,0,4907,1
160,First,1,0,1,0,10864,0,4849,1
160,Economy,1,2,1,0,13440,1,246,1
179,Economy,1,3,0,1,2037,1,2771,1
167,Economy,1,0,0,1,6685,0,1514,0
53,First,0,1,1,0,13993,1,4473,0
238,First,0,4,1,0,3582,0,3290,0
353,Economy,0,3,1,0,13156,1,3013,1
48,First,1,4,1,0,12353,1,3457,1
359,Economy,1,3,0,1,712,1,644,1
133,First,0,0,1,0,10848,1,1747,0
288,Business,0,2,1,0,676,1,1430,0
132,Economy,0,4,0,0,2584,0,669,1
145,Business,1,1,1,1,3532,1,3020,0
130,Economy,0,4,1,0,6308,1,2972,1
353,Economy,0,2,1,1,13357,1,533,0
121,First,0,0,1,1,7926,1,3786,0
1,Economy,1,1,0,1,9653,1,3672,1
64,Business,0,1,1,0,1486,1,2317,0
290,Business,1,0,1,1,4756,1,1074,0
323,First,0,4,1,1,4594,1,962,0
34,Economy,0,1,1,1,3461,0,639,0
327,Economy,0,4,0,0,10659,0,4521,1
284,First,0,4,0,1,12862,0,659,1
333,Economy,1,0,1,1,1722,0,939,0
297,Economy,0,2,1,0,7191,1,1514,0
112,Business,1,2,0,1,4489,0,3010,1
93,Business,1,4,1,1,7954,0,2454,0
113,Business,0,0,0,1,11177,1,1416,1
6,Business,1,2,1,0,6451,0,4529,0
21,Economy,1,4,0,0,13497,1,1094,1
56,Economy,1,1,1,1,1896,0,775,0
172,Business,0,1,1,0,2344,0,4697,1
181,Economy,1,3,1,0,12585,0,3095,1
1,First,1,3,0,1,7593,0,4431,1
312,First,1,3,1,1,6868,0,3830,1
117,Economy,0,2,1,1,6586,1,3894,1
83,Economy,0,1,0,1,12665,0,4960,1
330,Business,0,1,1,1,3379,0,4257,0
289,Business,1,2,0,1,13481,1,1329,1
43,First,1,1,1,1,7073,0,1074,0
68,Economy,0,1,1,0,10713,0,1426,0
52,Economy,1,4,0,1,2717,0,923,1
349,Business,0,1,1,1,12787,1,755,1
288,Economy,0,4,0,0,12880,0,242,1
331,Business,0,3,0,1,12350,1,4293,1
324,Business,0,0,0,1,13611,1,2751,1
128,Economy,1,4,0,1,12802,1,938,1
162,Business,0,1,0,1,2833,1,491,0
250,First,1,3,0,1,3594,0,1929,1
24,Business,1,0,1,1,5375,1,2594,0
131,First,0,0,1,0,11242,0,650,0
328,Economy,1,3,0,0,9295,1,3188,1
117,Economy,1,3,0,0,9554,1,3255,1
235,Economy,1,0,0,0,12433,0,3899,1
114,Economy,1,0,1,1,8814,1,3701,0
124,Economy,1,1,1,0,7258,0,1073,0
194,Business,0,4,0,1,1795,1,4190,1
93,Economy,1,4,0,1,9873,0,1247,1
211,Economy,0,0,0,0,3127,0,902,0
126,Economy,1,0,0,0,7956,1,4425,0
137,First,1,2,1,1,13228,0,467,1
147,Business,0,0,0,1,1364,1,2878,0
295,Economy,1,4,1,0,2242,1,3446,1
74,Economy,0,1,1,1,6157,0,126,1
14,Business,1,2,0,1,8304,0,683,1
155,First,0,4,0,1,5121,1,3840,1
363,Economy,1,1,0,1,6316,1,1141,0
34,First,0,2,0,1,6274,0,1165,0
6,Business,0,2,1,1,10421,0,4748,0
181,Economy,0,2,1,0,2563,0,560,0
169,Business,0,2,1,1,2840,1,1111,1
293,Economy,0,2,0,1,13566,1,3957,1
210,Economy,0,2,1,0,4756,0,1209,0
319,Economy,1,3,0,1,3829,1,4467,1
56,Economy,1,1,0,1,8212,0,2084,1
363,Business,0,4,0,0,11826,0,2695,1
123,Economy,0,0,1,0,6518,1,3708,0
193,First,1,4,0,0,9031,1,611,1
82,Economy,1,3,0,1,11028,1,4110,1
200,Business,1,3,0,1,9700,1,1978,1
251,First,0,2,1,0,1301,0,283,0
336,Economy,0,3,1,1,3649,1,1816,1
1,Business,0,4,0,1,8103,1,414,1
269,Business,1,3,1,0,13648,0,3153,0
240,Economy,0,4,1,0,1461,1,1315,1
145,First,0,2,1,0,8933,1,4061,0
325,Business,0,2,0,0,11707,1,4318,1
75,Business,1,3,1,0,2446,1,2220,1
229,First,1,0,0,0,1979,0,4297,1
333,Economy,1,2,1,0,13626,0,804,0
268,Economy,0,1,1,1,2919,0,473,0
72,Economy,1,1,1,1,9297,0,1543,0
105,Economy,1,2,0,1,5796,1,2052,0
223,First,0,3,0,1,10018,0,2377,1
9,Business,1,2,1,0,2440,1,2953,1
282,Economy,0,3,0,0,3770,1,3381,1
269,Business,0,4,1,1,9927,1,4644,1
264,Business,0,0,1,0,12080,0,1970,0
136,First,0,0,1,0,8036,1,4667,1
217,Business,1,4,1,0,12518,0,4640,1
223,Economy,0,4,0,1,10625,1,1865,1
360,Business,1,4,0,1,7559,0,2235,1
290,Economy,1,0,0,1,10232,0,1165,0
153,Economy,1,2,0,1,4754,0,2184,1
168,Economy,0,1,1,0,5163,0,1038,0
364,Business,0,3,0,0,693,1,2259,1
105,First,0,1,0,1,11277,0,1181,1
120,Business,1,3,0,1,5687,0,4042,0
66,First,0,0,0,0,2005,0,1075,0
285,First,0,2,1,1,5895,1,1265,1
284,First,0,1,0,1,11445,1,1911,1
83,Business,1,4,0,1,10336,0,606,1
323,First,0,4,1,1,12098,0,2946,1
13,First,1,4,1,0,7462,1,1123,0
364,First,0,1,1,1,1251,1,1764,1
179,Economy,0,2,1,1,13057,0,1319,1
38,First,1,2,0,0,3479,1,2137,1
276,Economy,1,4,1,0,12644,1,179,1
326,First,0,1,1,0,1320,0,1496,1
5,Business,1,4,1,0,6313,0,2853,1
182,Economy,1,3,0,0,9705,1,2041,1
39,First,0,3,0,0,11186,0,180,0
197,Business,1,1,0,0,3281,0,3155,0
152,Economy,1,3,0,0,4575,1,4326,1
251,Business,1,0,0,0,13229,1,2169,0
228,First,0,0,1,0,5774,1,4133,0
88,First,0,0,0,1,9205,0,1041,0
21,First,0,3,0,0,13889,0,3780,0
311,First,0,2,0,0,8270,1,3043,1
301,Economy,0,0,1,0,8136,1,4025,0
119,Economy,0,4,1,1,12042,0,3687,1
183,Economy,0,2,1,0,7318,0,3387,1
205,First,0,1,1,0,9009,1,4299,1
89,First,0,3,0,1,11875,1,2640,1
115,Business,0,4,1,0,4923,0,1498,1
162,Business,1,1,1,0,2606,0,2798,0
103,Economy,1,3,1,1,10687,1,4705,0
147,First,0,3,0,0,8371,0,265,1
270,First,1,4,0,0,4431,1,4678,1
109,Business,0,3,0,0,1436,0,2912,1
199,Economy,1,3,1,0,11668,0,4287,1
279,First,0,3,0,0,13012,1,3163,1
224,Business,0,2,0,0,4977,0,3489,1
79,Economy,1,0,1,0,2882,1,2107,0
250,Economy,1,4,0,1,4413,1,2531,1
219,Economy,1,2,0,1,10020,0,2645,1
299,Business,0,4,1,0,13557,1,431,1
141,First,0,2,0,0,12918,0,2073,0
72,Business,1,3,0,0,12426,1,1227,1
204,First,0,3,0,0,1286,1,3000,1
221,First,1,2,0,1,5340,1,2654,1
159,First,0,3,1,0,8965,0,2990,1
79,Economy,1,0,1,1,9366,1,3559,0
114,First,0,4,0,1,9948,0,4460,1
24,Economy,0,3,0,1,12713,1,1953,1
176,Business,0,1,1,0,1518,1,1571,0
278,First,1,2,0,0,8111,1,4268,1
292,Business,1,2,0,0,13436,0,4724,1
219,Business,1,3,1,1,1746,1,1807,1
2,First,1,2,0,0,3800,0,2222,1
315,First,0,1,0,0,6567,1,4578,1
314,Economy,1,2,0,0,9637,1,838,0
32,First,1,1,1,0,6655,0,434,0
181,Economy,0,2,0,0,4100,0,646,1
38,Economy,0,2,1,0,8910,0,4982,0
152,First,1,1,0,1,1352,1,177,1
62,First,1,4,0,1,4900,1,3234,1
88,First,1,0,1,0,6307,1,401,0
102,Economy,0,1,0,1,4329,0,3025,1
340,Economy,0,0,1,1,13033,1,2525,1
186,Economy,1,2,1,0,4481,0,769,0
158,Economy,1,4,1,0,682,1,3697,1
48,Economy,1,1,0,1,5084,0,3398,1
221,First,1,4,1,1,7273,0,4085,1
358,Economy,0,1,0,1,8064,1,4395,1
187,First,0,3,1,1,13302,0,2789,1
252,Economy,1,1,1,1,4531,1,4985,0
364,Economy,1,0,1,1,13003,0,1584,0
191,First,0,3,0,1,1747,0,821,0
243,Business,0,2,0,1,13912,1,1347,1
70,Business,1,1,1,1,1387,1,3118,1
346,Economy,0,0,1,0,2107,0,520,0
76,First,0,2,1,1,9354,1,2845,1
220,Business,0,0,0,1,2243,0,1368,0
342,Business,0,2,0,0,8535,1,1870,1
263,First,1,1,0,1,2236,0,2156,1
268,Business,0,4,0,0,13613,1,1044,1
281,Economy,1,2,0,1,13317,0,505,1
220,Economy,0,4,0,1,1124,1,907,1
90,Economy,0,2,1,0,6825,0,2550,0
55,Business,1,4,1,0,7442,0,2583,1
105,First,0,1,1,1,9177,1,3789,0
286,First,1,0,1,0,11059,1,1947,1
272,Economy,1,1,0,1,4381,0,4281,0
292,Economy,0,2,1,1,5656,1,4324,0
46,Economy,1,3,0,0,5730,1,1406,1
306,Economy,1,0,1,0,6370,1,4952,1
113,Business,0,4,1,0,7260,1,2950,1
57,Economy,1,0,1,1,6457,0,170,0
43,Business,0,0,1,1,3415,0,474,0
353,Economy,1,1,1,0,705,0,4619,0
230,First,1,2,1,0,5980,1,2158,0
266,Business,0,1,1,1,1867,1,1063,0
11,First,1,2,0,0,852,0,3981,1
204,First,0,3,1,1,3430,1,978,1
53,First,0,1,1,1,6429,0,1033,1
33,Economy,1,3,1,0,9573,0,3219,1
247,First,1,2,1,1,8646,0,1170,1
135,First,0,0,1,0,10256,0,3731,0
229,First,0,3,0,1,872,1,265,1
355,Business,1,3,1,0,8310,0,2653,1
277,Economy,1,2,0,1,10885,1,217,1
260,First,0,2,0,0,4424,0,1565,1
19,Economy,1,1,0,0,6544,1,2080,1
214,Business,0,1,0,1,11303,1,782,0
231,Economy,1,2,1,0,9757,0,652,0
117,First,0,3,1,0,7975,1,253,1
48,Economy,1,4,1,1,3991,1,372,0
118,Economy,1,1,0,0,4475,1,868,0
146,Economy,1,2,1,0,2249,1,4136,0
217,Economy,0,4,1,1,11890,0,3538,1
227,Economy,1,4,1,0,2549,0,1506,1
262,Business,0,4,1,1,1062,0,286,1
335,First,0,4,1,0,1410,0,2381,1
9,Economy,1,0,0,1,10075,0,2919,1
362,Economy,1,1,0,0,10368,1,4599,1
149,First,1,4,0,0,2729,0,1238,1
217,First,1,4,1,1,9075,1,2685,0
132,First,1,2,1,0,7894,0,2497,1
203,First,0,2,0,0,12477,1,205,1
23,Economy,1,0,1,1,6752,0,1502,0
142,First,0,4,1,1,13374,1,3643,0
343,Business,1,0,1,1,10644,0,804,0
215,Economy,0,2,1,0,9281,0,3225,1
233,Business,1,1,1,0,2133,0,166,1
54,First,0,3,0,1,7817,0,3668,0
353,Business,1,3,0,0,3999,0,3850,1
170,Economy,1,0,1,1,1143,1,2837,1
172,Economy,1,2,1,1,13151,0,4203,1
280,Economy,1,3,1,1,9869,0,4194,1
143,Economy,0,4,0,0,6260,1,3327,1
246,Business,1,1,0,0,7677,0,4382,1
28,Economy,1,2,0,0,12789,1,1007,0
319,Economy,1,0,0,1,2064,1,741,0
123,Economy,1,2,1,0,11660,1,4477,1
172,First,0,1,0,0,12234,0,2850,1
233,Business,0,2,0,1,6633,1,2638,1
364,First,1,0,1,0,13168,0,732,1
25,Economy,0,4,0,1,1489,1,2405,1
84,First,1,2,1,1,13615,1,4157,1
49,Economy,1,0,0,1,7756,0,445,1
154,First,0,4,1,0,9472,1,2632,1
99,Economy,1,3,0,0,4251,0,4621,1
79,Economy,1,2,1,1,7317,0,1175,1
28,Economy,0,4,1,1,12566,1,535,1
134,First,0,3,1,1,5105,1,2240,0
61,Economy,1,2,0,0,6210,1,3846,1
70,First,1,2,0,0,3098,0,4608,1
289,Economy,1,1,1,0,11293,0,4406,1
132,Business,1,2,0,0,7623,0,2689,1
116,Economy,1,2,0,1,3806,0,2361,0
7,Business,1,4,1,1,5833,1,2697,1
199,Economy,1,0,0,1,2316,1,3760,0
42,Economy,1,1,1,1,12778,0,3839,0
179,Economy,0,2,1,0,8006,1,1967,0
329,Economy,0,4,0,1,5217,0,151,1
256,Economy,1,4,1,0,5193,0,2991,1
37,First,1,0,0,0,9930,1,3035,0
262,First,1,3,1,1,4340,0,105,1
336,First,1,2,1,0,1008,0,953,0
183,Business,1,3,1,1,9114,0,2097,1
279,Economy,0,0,0,0,12561,0,3722,1
290,Economy,0,4,0,1,6264,1,2979,1
200,Economy,0,3,1,1,2257,0,2499,1
41,Business,1,0,1,0,954,0,996,0
299,Business,0,3,0,1,6065,0,3592,1
3,Business,1,4,1,0,2800,0,3634,1
363,Business,1,2,1,1,4288,0,3397,1
118,First,0,1,0,0,658,1,1657,1
76,Business,0,4,1,1,11898,0,2445,1
279,Business,1,3,1,0,11890,1,4922,1
326,Business,0,2,0,0,1257,1,4205,1
122,Business,1,1,0,1,784,0,140,0
346,First,0,0,1,0,9766,1,1907,1
349,Economy,0,2,0,1,9408,1,646,1
155,Business,1,4,1,1,3811,1,2387,0
328,First,1,3,0,0,10600,1,2910,1
102,First,0,1,1,1,9708,0,1302,0
358,First,1,2,1,0,10818,0,4271,0
340,Economy,0,1,1,1,2385,0,3760,0
101,Business,0,1,0,0,9658,1,1928,1
44,Economy,0,2,0,0,13624,0,924,1
344,First,0,3,0,1,593,0,3319,1
69,Economy,1,0,1,0,13834,1,2869,0
48,First,1,2,0,0,11083,0,149,1
118,First,1,0,0,1,8222,0,2634,1
339,Business,0,1,0,0,7211,0,1153,1
295,First,1,1,0,1,11870,0,2885,1
17,Economy,1,3,1,0,13713,1,1574,0
46,Economy,0,2,0,1,11496,0,1511,1
0,First,1,2,0,0,13152,1,4695,1
160,Business,0,4,1,1,7067,0,4616,1
294,Economy,1,3,1,1,593,1,4117,0
111,Business,0,2,0,1,3673,0,2033,1
22,Business,0,1,0,0,10249,0,3169,0
243,Business,1,3,1,0,4981,0,1176,1
269,Business,1,4,1,0,1418,1,2096,1
252,First,1,4,0,1,10333,0,3677,1
292,First,1,1,0,0,11978,1,1206,1
70,First,0,2,0,1,3017,0,2345,0
75,Business,0,1,0,0,10929,1,1907,1
164,Economy,1,4,1,0,12942,1,1139,1
262,Economy,0,3,1,0,6613,0,1306,1
108,First,1,2,1,1,6078,0,737,1
179,Economy,0,1,1,0,5328,1,2142,0
144,First,1,2,0,0,8728,0,847,1
189,Business,1,3,1,0,11065,1,3117,1
164,First,0,4,1,0,3075,1,4447,1
13,Economy,0,1,0,0,11887,1,2203,0
243,First,0,4,1,1,6663,0,93,1
310,First,0,1,1,0,3389,0,1797,0
56,Economy,1,2,0,1,9633,1,137,0
3,First,1,0,1,1,11992,1,1101,0
213,First,0,1,1,1,5949,1,4659,0
48,Economy,0,1,0,1,10463,1,3453,0
80,First,0,4,0,0,3980,0,3679,1
34,Business,1,0,0,0,7369,1,3280,1
180,First,1,0,1,1,10387,1,2808,0
159,Economy,0,0,1,1,11396,0,1836,1
357,Business,1,0,1,0,5837,1,874,1
216,Business,0,3,0,1,9155,1,2189,1
265,Economy,1,2,1,1,11133,0,134,0
250,Economy,1,1,1,1,5764,1,386,1
112,First,0,2,0,0,11637,0,708,0
189,Business,0,2,0,0,3600,1,1959,1
1,Business,1,2,1,1,10977,0,4376,0
62,Business,0,2,0,0,2414,0,4272,0
119,Economy,1,3,0,0,5239,0,2545,1
244,First,1,4,0,0,12049,0,4925,1
271,Economy,0,3,0,0,9904,1,490,1
130,Business,0,1,1,0,3501,0,692,1
216,First,1,0,1,0,2751,1,688,0
17,First,0,4,0,1,661,0,2421,1
230,Economy,1,1,1,1,1857,0,4978,0
297,Business,0,0,0,0,1675,0,1379,1
231,Business,1,3,0,0,9547,1,2408,0
123,Business,0,2,0,0,7918,0,4780,1
49,First,1,1,0,0,6213,0,2050,1
176,Business,0,2,0,1,6156,0,273,1
2,Economy,1,2,0,1,4940,0,2684,0
71,First,0,2,1,0,8796,1,1877,1
124,Economy,1,4,1,0,6924,0,777,0
4,First,0,0,0,1,12495,1,3992,0
184,Economy,1,2,1,1,12945,1,4218,0
83,Business,0,1,0,0,1450,1,1887,1
152,First,0,4,1,1,13388,0,93,0
197,Economy,1,0,1,0,1419,1,4194,0
219,First,0,1,1,0,7661,1,4226,0
22,First,0,4,0,0,10971,0,3543,1
137,Business,1,4,1,0,8562,1,2431,1
160,First,1,0,0,0,922,0,4466,1
72,Economy,0,2,0,1,4800,1,1301,1
194,First,0,1,0,1,9461,1,4530,1
96,Economy,0,3,1,1,8341,0,4442,0
73,Business,0,2,0,1,11267,1,1003,1
26,First,1,3,1,1,7843,1,1687,1
162,Economy,0,1,1,1,10891,1,4264,0
61,First,1,3,1,0,8613,0,2057,1
262,First,0,3,0,1,7797,0,1641,1
198,Business,0,0,0,0,5072,0,4091,1
213,First,0,0,1,0,7706,1,1886,0
265,First,1,0,0,1,4954,0,1928,0
26,Business,0,3,1,1,1732,0,2076,0
67,First,0,3,0,0,8330,1,2618,1
194,Business,0,4,1,1,13311,1,1744,0
303,First,0,4,0,0,11840,0,218,1
362,Economy,0,0,1,0,7224,0,4451,1
322,Economy,1,4,0,0,6786,1,1646,1
344,Economy,0,2,0,0,10216,0,3899,1
326,Business,0,4,1,1,8751,0,690,1
301,Business,1,4,0,0,6963,1,3318,1
97,Business,1,2,1,0,5493,1,4622,1
201,Business,1,2,0,0,13753,1,4530,1
247,Business,1,1,1,0,6807,1,2923,1
347,Business,0,3,1,1,6912,1,1026,0
10,First,1,3,0,0,11509,0,1219,1
31,Economy,1,0,1,0,9579,0,1080,0
327,Business,1,1,1,0,6392,0,3216,1
147,First,0,1,0,0,7707,1,1311,0
132,First,0,1,1,0,12739,1,188,1
268,Business,1,1,0,0,6067,0,1883,1
202,Economy,0,4,1,1,13850,0,2283,1
121,Business,0,1,0,1,9366,1,3919,1
97,Economy,0,0,1,1,2476,1,1092,0
235,Economy,1,3,1,0,6172,0,663,0
130,Business,0,1,0,1,6816,1,1838,0
251,Economy,0,3,1,1,8853,0,2888,0
251,Economy,0,2,1,1,13169,1,1213,1
352,Economy,1,0,1,1,6349,0,4205,0
55,Business,0,2,1,1,13597,1,3142,0
248,Economy,1,1,1,1,10590,0,1522,1
201,Economy,0,4,1,0,10756,1,4533,1
248,First,1,4,1,0,13924,1,4772,1
301,Business,0,0,1,1,2582,0,1484,0
175,Economy,0,1,1,0,9919,1,855,1
104,Business,1,1,1,1,5782,1,810,0
244,Business,1,1,0,1,4952,0,368,1
224,First,0,1,0,0,13049,1,1179,1
352,First,0,0,0,1,10151,1,378,1
150,Economy,0,0,0,1,2621,0,1660,1
310,Economy,0,0,0,0,7454,0,825,0
53,Economy,1,4,1,0,5002,1,4101,1
320,Business,0,1,1,0,12486,1,3638,1
218,First,0,2,1,0,6759,1,4290,0
306,First,1,3,0,1,1694,1,4054,1
235,Economy,1,0,0,1,6056,1,243,0
346,First,0,0,1,0,12347,1,2920,0
163,Business,1,4,1,0,2108,1,2340,1
287,Economy,1,4,1,1,9909,0,372,1
358,First,0,3,1,1,13205,1,475,0
56,Economy,1,4,0,1,8598,1,2048,1
28,Business,1,0,0,1,1989,0,2549,0
86,Business,1,1,0,0,2190,0,1671,1
78,Economy,1,1,0,1,12260,1,3231,0
362,Economy,0,4,1,0,5343,0,2064,1
307,First,1,3,1,1,4238,0,1484,1
88,Business,1,1,1,0,12761,1,519,1
178,Business,1,0,1,1,9139,0,4472,0
286,Economy,1,1,0,0,7450,0,1554,1
83,First,0,3,1,0,9903,1,4676,1
222,Economy,0,4,1,0,4804,1,603,1
143,Economy,1,2,0,0,9788,1,176,1
163,Economy,1,1,1,0,595,1,3072,0
294,Business,0,0,1,1,7647,1,2113,0
138,Economy,1,3,0,1,11585,0,1724,1
147,Economy,0,1,0,1,4646,1,2786,1
311,First,0,2,1,1,7961,1,1809,1
240,Economy,1,4,0,1,5158,0,521,1
242,First,1,1,1,1,2083,0,4518,0
169,Economy,1,3,1,1,8643,0,3388,1
46,Business,0,1,1,0,12567,0,2711,1
5,Economy,0,4,0,0,12044,1,4301,1
364,Business,1,3,1,1,12920,1,1363,0
34,Economy,1,2,1,0,1341,0,4714,0
70,Business,0,0,1,0,8248,1,1641,0
292,Business,1,4,1,0,10053,1,2480,1
177,Economy,0,1,1,0,13674,0,3004,0
122,First,1,2,1,1,5642,1,2111,0
244,Business,0,3,0,1,5081,0,2167,1
8,Business,0,3,0,1,4263,0,2840,1
330,Economy,1,3,0,1,8778,0,4377,1
212,First,1,1,0,0,9763,0,2668,0
315,Business,1,4,1,1,2390,1,3492,1
50,Economy,0,2,1,0,6444,1,1350,1
301,Business,1,3,0,1,5268,1,2509,1
326,Economy,0,0,0,0,4377,1,2041,0
63,Economy,0,4,0,0,2996,0,321,1
231,First,0,2,0,0,5113,1,3488,1
20,Economy,0,2,1,0,10376,0,4165,1
4,First,1,3,0,1,3598,1,3812,0
5,Economy,0,0,1,1,13262,0,1514,0
42,Economy,1,3,1,0,6125,1,175,0
281,Business,1,4,1,1,13279,1,185,1
348,First,0,1,0,1,1145,0,4396,1
53,Business,0,4,0,1,9499,0,3032,1
130,First,0,0,0,0,4748,1,1482,0
138,First,0,1,1,0,3046,0,475,0
214,Business,1,2,0,0,11576,0,607,1
24,First,0,3,1,0,13489,0,3207,0
64,First,0,4,1,0,578,0,2690,1
259,Business,0,3,1,0,11809,1,4662,1
197,First,0,4,1,0,1955,1,3434,1
108,Business,0,3,0,0,2969,0,3608,1
15,Economy,1,1,1,0,4164,1,2193,0
202,Business,0,3,1,1,7940,0,150,1
141,First,0,0,1,0,5125,1,3031,0
357,Economy,1,0,1,1,7703,0,3829,0
112,Economy,1,3,0,0,8489,1,1890,0
73,Economy,0,2,1,0,2422,0,2055,1
52,Business,1,0,1,1,5708,0,3307,0
117,Business,1,4,1,0,10582,0,2093,1
185,Economy,1,3,0,0,5472,0,4138,0
62,First,0,3,0,0,8327,1,2832,1
140,First,0,0,0,0,9566,0,2305,0
300,Economy,1,2,1,0,2163,0,2543,1
225,First,0,4,0,1,2904,0,2271,1
224,First,0,0,1,1,7957,0,4625,0
182,Business,1,0,0,1,3289,1,2957,0
160,First,0,1,0,1,1708,1,4921,1
61,Business,0,0,1,1,7320,1,2449,0
80,Economy,0,4,0,1,11508,1,3810,1
328,First,0,1,0,1,8236,1,851,1
15,First,0,2,1,1,9002,1,3105,0
228,Business,0,2,1,1,8338,0,2301,1
96,Business,0,0,1,0,7178,1,4028,0
359,Economy,0,4,0,0,4185,1,4989,1
319,Economy,1,2,1,1,11108,1,1718,1
325,First,0,4,1,1,13118,1,3309,1
139,Business,1,4,0,1,5594,0,1656,1
129,Business,1,1,1,1,3363,0,4576,0
142,First,0,0,0,0,12167,1,2202,0
336,Business,0,4,1,0,13144,0,4149,1
179,Business,1,4,1,1,4474,0,4047,0
162,Business,1,4,1,0,6742,0,541,1
350,Business,1,0,0,0,11381,0,1653,1
122,First,0,1,1,0,4846,1,1801,0
37,Economy,1,4,1,0,795,0,3933,0
297,Economy,1,3,0,1,7002,1,4700,1
364,First,0,1,1,0,11361,1,2823,0
231,Economy,0,0,1,1,9724,0,147,0
336,Business,1,2,0,0,13421,0,4874,1
251,First,0,4,0,0,11038,1,2890,1
6,Economy,0,3,1,0,2388,1,3840,1
55,Business,0,2,1,1,8230,1,1056,0
167,Economy,1,2,0,0,13512,1,3354,1
316,First,0,4,0,1,9665,0,82,1
218,Economy,1,4,0,0,5157,1,3358,1
64,Economy,0,2,1,1,13961,1,648,0
193,Economy,0,3,1,1,7247,0,1428,1
92,First,0,1,0,1,5198,0,3927,1
340,Business,1,4,0,1,9725,1,3673,1
169,First,0,4,1,0,9925,0,82,0
225,Economy,1,0,1,1,6603,1,2745,0
230,First,1,4,0,0,11446,0,3501,1
280,Economy,0,0,0,0,12151,1,866,0
5,Business,0,2,0,1,13841,1,996,1
263,Business,0,3,0,1,10184,1,1312,1
52,Economy,0,0,1,1,10889,1,3254,0
18,First,1,0,0,1,6735,0,1858,0
264,Economy,1,1,1,0,13500,0,410,0
160,First,1,2,0,0,13151,1,620,1
263,First,1,0,0,1,8988,0,4438,1
293,Economy,1,0,1,1,2012,1,2176,0
159,Business,0,2,0,1,12419,0,568,1
22,Business,0,4,0,0,7128,1,4573,0
161,First,1,3,1,0,9272,1,3762,1
342,Economy,0,2,0,1,9345,0,1759,1
6,Economy,1,1,1,0,12199,1,1956,0
362,Economy,0,1,1,0,1537,0,548,1
23,Business,0,3,1,1,9378,1,920,0
129,Business,0,1,1,0,11523,0,3529,0
254,First,1,2,0,0,2103,0,4236,1
255,Business,0,4,1,1,11506,1,1012,1
249,Business,1,1,1,0,5528,1,2912,1
338,Economy,0,2,1,1,7297,1,3150,1
105,Economy,1,1,0,1,13852,1,3722,1
355,Business,0,0,1,1,8778,0,1703,0
311,First,1,0,1,1,9532,1,4030,1
347,Economy,0,4,0,0,8075,0,879,1
31,First,1,0,1,1,5694,0,3553,0
76,Business,0,0,0,1,8655,0,965,0
325,Business,1,1,1,0,6598,1,3391,1
92,Economy,1,1,0,0,8447,0,3160,0
9,Economy,0,3,1,0,6434,0,4813,1
329,Economy,1,4,0,1,12373,1,3124,1
33,Economy,0,0,0,1,6783,0,2710,0
339,Business,1,3,1,0,4726,0,3561,1
110,Business,1,1,0,0,5521,1,988,1
288,Economy,1,3,0,0,7853,1,1777,1
343,First,1,0,1,1,10082,0,378,1
96,Economy,1,3,0,0,3745,0,3824,1
312,Economy,0,2,0,1,13654,1,4500,1
149,Economy,1,4,0,1,12290,0,1779,1
203,First,0,0,0,0,9502,1,3784,0
221,Economy,0,2,0,1,7049,0,3353,1
31,Business,0,3,0,0,9980,1,1939,1
124,First,1,0,1,1,6991,1,1078,0
107,Business,0,3,0,1,11600,0,437,1
210,First,0,4,0,0,11802,1,1831,1
1,First,1,4,0,0,730,1,2467,1
182,Economy,1,1,1,0,11226,0,1023,0
58,Business,1,2,1,0,5572,0,120,0
288,First,1,4,0,1,5943,1,1013,1
95,Business,0,2,1,1,4652,1,4152,0
249,First,1,3,0,0,5882,0,1306,1
104,Economy,0,2,1,0,2601,1,1370,0
210,First,0,0,1,1,11160,1,3768,0
269,Business,1,1,1,1,4541,1,4240,0
58,Business,1,2,1,1,10693,1,1584,1
270,Business,1,2,0,1,12175,1,4886,1
28,Business,0,4,0,0,4654,1,918,1
202,First,1,0,0,0,11169,0,592,0
111,First,1,4,1,0,11186,0,2582,1
364,First,1,2,0,1,10134,0,3155,1
122,First,1,3,1,0,5462,1,4420,0
200,Economy,0,4,0,0,10598,0,2676,1
302,First,0,4,1,0,7761,0,1501,1
184,Economy,1,0,0,1,3784,1,1950,1
57,First,1,4,0,0,4141,0,1896,1
348,First,1,4,0,1,8396,0,1953,1
254,First,1,1,0,1,3200,0,4113,1
228,Economy,0,2,0,0,12665,0,3322,1
340,First,1,0,1,1,3360,1,2153,1
52,First,1,4,1,1,8824,1,3363,1
341,First,1,2,0,0,7833,1,4830,1
319,Business,0,0,1,0,2572,0,4053,1
243,Business,0,4,0,1,8066,0,2292,1
337,Business,1,3,1,1,13499,1,3932,0
257,Economy,1,1,0,0,4416,0,2783,1
59,First,0,0,0,0,5530,1,633,0
228,Economy,1,3,0,1,547,1,1808,1
339,First,1,0,0,1,6695,1,2772,0
303,Economy,1,0,1,1,2607,0,4782,0
117,Business,1,1,1,1,7116,1,3578,0
25,First,0,3,1,0,9482,1,3602,1
339,Business,0,4,1,1,6072,0,2425,0
149,Business,0,2,0,1,2377,1,461,1
170,First,1,3,1,1,4361,1,2644,1
252,Economy,0,0,1,1,6826,0,3634,0
19,Business,0,3,0,0,10803,1,687,0
348,Business,0,2,1,0,9320,1,1382,1
303,First,0,3,0,0,12301,1,2357,1
350,First,0,2,1,0,5207,1,3663,1
60,Economy,0,1,1,1,10434,1,3513,0
150,Business,0,0,0,0,4569,0,2519,0
235,Business,1,4,0,0,7374,1,1429,1
316,Economy,1,3,1,1,3989,0,4906,1
229,First,0,1,0,1,5167,1,3257,0
335,First,1,3,0,1,2188,0,2988,1
190,First,0,1,1,1,3113,1,1909,1
274,Economy,1,2,1,1,7410,0,3067,0
202,First,0,1,1,0,11150,0,4565,0
203,First,0,2,1,0,8712,1,2386,1
227,Economy,0,1,1,0,13334,0,4143,0
268,Business,1,3,1,1,12455,1,1599,0
178,Business,1,4,1,1,13241,0,3743,1
330,Economy,0,0,0,0,6102,0,3917,1
256,First,1,4,1,0,9869,0,2544,0
168,First,0,1,1,1,13802,1,3919,0
2,Business,1,2,1,1,12418,0,657,0
7,First,0,3,1,0,6648,1,2122,0
335,Business,0,0,0,1,6605,1,3002,0
106,Business,1,0,1,0,3220,0,3561,0
39,First,0,3,0,0,11660,0,690,0
187,Business,0,1,1,0,7276,0,3435,1
263,Business,0,0,1,0,12484,0,250,1
329,Economy,0,3,0,0,5543,1,2855,1
242,First,1,1,0,1,3231,1,607,0
164,Economy,0,3,0,0,5383,1,1192,1
282,First,1,0,0,0,13533,0,4966,0
94,First,1,4,1,1,9003,0,4534,1
130,First,0,0,1,1,10037,1,2418,0
261,First,0,0,0,1,3178,0,1320,1
208,Business,0,4,1,1,9211,1,3788,1
9,Economy,1,1,1,0,7494,0,4548,0
28,Economy,0,3,1,0,12851,1,566,1
147,Business,1,1,0,0,10384,0,485,1
334,Economy,0,1,1,0,12195,0,3737,1
65,Economy,0,3,1,1,11388,1,3536,1
11,First,1,1,1,1,3131,0,2121,0
12,First,0,2,1,1,8706,0,4021,1
363,First,0,0,0,0,4053,0,4453,1
101,First,0,2,1,1,1842,1,3439,1
172,Business,1,3,0,0,10830,1,806,1
212,Business,1,4,1,0,11673,0,2214,1
168,Business,0,4,0,1,12032,0,4169,1
207,Economy,1,3,0,1,2003,0,2139,1
346,First,1,3,1,0,3670,0,418,1
61,Economy,0,1,1,1,10727,0,4630,0
8,First,1,0,0,0,5987,0,2538,0
124,First,0,2,1,1,10017,1,1001,1
161,Economy,1,3,1,0,3351,1,4321,1
18,Economy,0,4,1,0,6653,0,4267,0
345,Economy,1,0,0,1,6058,0,1946,0
86,Business,1,0,1,0,12298,1,765,0
17,Economy,0,1,0,1,6922,1,1644,1
236,Business,0,4,1,1,4511,1,3905,1
173,Economy,1,0,1,1,4728,1,2782,0
103,Business,0,4,0,1,1015,1,3851,1
236,Economy,0,2,1,1,9105,0,2337,1
125,Business,0,4,0,1,11868,0,1918,1
48,Economy,0,0,0,1,13012,0,1403,0
101,First,0,4,1,0,9955,1,4583,1
73,Economy,1,4,0,0,8411,1,2761,1
170,Economy,1,4,1,0,5504,1,3953,1
137,First,1,0,1,1,5737,0,99,0
84,First,0,2,1,0,8197,1,4408,0
165,Business,1,4,1,1,5011,0,872,1
37,First,0,2,0,1,5012,0,4416,0
248,Business,1,0,0,1,7469,0,3369,0
267,Economy,0,3,1,0,7281,0,2554,1
307,First,1,4,0,0,6330,1,2052,1
104,Business,1,2,0,1,4481,0,4900,1
347,Economy,1,4,0,0,2139,1,1793,1
23,Business,0,1,1,0,13825,0,4230,0
286,Economy,0,1,0,0,12541,1,988,1
81,Business,1,0,1,0,2140,0,1280,0
254,Economy,0,2,1,1,10670,0,3632,1
22,Economy,1,2,0,0,12263,0,2987,0
326,Business,1,4,1,1,2330,0,2394,1
71,Economy,1,1,0,0,8353,0,3529,1
117,Business,1,4,1,0,9094,0,2758,1
37,Economy,1,4,1,0,2523,0,4381,0
155,First,1,0,0,1,10717,0,2723,1
346,First,0,3,0,0,12894,1,4195,1
126,Business,0,0,0,1,8472,1,2199,1
276,First,1,0,1,0,1526,0,3227,1
26,First,0,0,1,0,4331,0,3440,0
55,Economy,0,4,0,0,1146,1,322,1
124,First,1,4,0,1,826,0,509,1
361,Business,1,4,1,1,8691,0,4789,1
20,Business,1,4,1,0,11496,1,3074,1
13,Economy,0,1,0,0,12327,1,4295,0
240,First,1,2,1,1,5033,0,327,0
106,Economy,0,1,0,1,13849,0,4962,0
69,First,1,2,0,1,5170,1,397,1
203,First,0,4,0,0,6633,0,796,1
27,First,1,1,0,1,3379,1,4496,0
220,Economy,0,2,0,1,12782,0,3418,1
101,Economy,0,3,1,1,8697,0,362,0
66,First,0,0,1,0,12477,1,4660,0
123,Business,0,2,1,0,1139,1,4745,1
288,First,0,1,1,1,8999,0,1296,0
241,Business,1,1,0,1,8301,0,2654,0
11,First,0,3,0,1,1943,1,4001,1
202,First,1,2,1,1,1432,1,3496,1
219,Business,0,0,1,1,10035,0,3408,0
178,Business,1,1,0,1,12010,0,3855,0
225,Economy,0,4,1,1,5539,0,1905,1
213,Business,0,4,0,0,4366,0,3727,1
358,First,1,2,1,0,8288,0,4172,1
267,Economy,0,3,1,1,2420,0,1169,1
18,First,0,0,0,0,931,0,367,0
350,Economy,0,2,1,0,8520,0,1154,0
314,First,1,2,1,1,12952,1,2211,1
268,Business,0,0,0,0,10063,1,2310,0
274,First,1,1,0,0,6692,0,1877,1
163,First,0,4,1,1,3882,0,4678,1
213,Economy,0,1,0,0,5658,1,2646,1
221,Business,0,3,0,1,9909,0,4113,1
268,Business,0,0,1,1,6069,1,2464,0
83,First,0,1,0,0,12533,0,3305,1
230,First,0,2,0,1,7476,1,4293,1
43,Economy,1,2,0,0,10331,1,4526,1
75,Economy,1,3,1,0,773,1,4806,1
364,Business,1,3,1,0,3228,0,3505,1
336,Business,0,0,0,0,1365,0,289,0
160,Economy,1,1,1,1,8398,0,4299,0
235,Economy,0,2,1,1,3694,0,669,1
307,First,1,0,0,0,13527,1,212,1
358,First,1,0,1,1,11242,1,4390,0
116,Economy,1,2,1,1,9882,0,3919,0
89,Economy,0,1,0,1,10174,1,419,0
338,Economy,0,4,0,1,11355,0,3386,1
268,First,0,3,1,1,2038,1,2764,1
253,Business,0,1,0,1,5284,0,1716,1
137,Economy,1,4,1,0,13839,0,1881,1
94,First,1,4,0,0,12759,1,3398,1
154,Business,0,2,1,1,2691,1,4353,0
194,Economy,1,4,0,0,13270,0,1545,1
324,Business,0,3,0,1,9838,1,2707,1
4,First,0,0,0,1,6759,1,4967,1
70,First,1,1,1,1,2883,0,3775,0
103,Economy,0,3,1,0,4180,0,554,1
55,Business,1,4,1,0,832,0,2439,1
306,Business,0,0,0,0,7716,0,3529,1
311,Business,0,0,1,0,6128,0,2355,1
169,Business,0,4,0,0,6927,0,1907,1
140,First,0,3,0,1,3807,0,2080,1
33,Business,0,4,0,0,6019,0,859,1
355,Economy,0,1,0,0,563,0,2523,1
52,First,1,0,1,0,5807,0,2199,0
2,Economy,1,2,1,1,3765,1,3609,0
329,Business,0,0,1,0,7693,1,1165,0
249,Business,1,4,0,0,1693,1,1551,1
106,First,0,4,1,1,2511,0,1090,1
98,Business,0,2,1,0,6006,1,2643,0
292,Economy,0,2,1,0,2143,0,2591,0
179,First,1,0,0,1,2323,0,4924,0
133,Business,1,4,1,1,3564,1,3000,0
148,Economy,0,0,0,0,12473,0,3049,1
300,Business,0,3,0,1,8888,0,187,1
132,Business,1,4,1,0,523,0,1461,1
258,Business,1,0,0,0,3826,0,3501,0
275,Business,1,4,0,0,1076,0,2869,1
203,Economy,1,4,0,0,5386,1,3123,1
60,First,0,1,0,0,9283,1,1770,1
159,Economy,1,0,1,0,2555,1,4919,1
146,Economy,1,4,1,0,13344,1,2608,1
142,First,0,2,0,0,11212,1,3568,1
329,First,0,2,1,0,9057,1,4002,0
312,Business,1,1,0,0,6188,1,2720,1
153,Business,0,4,0,1,13823,1,2160,1
325,Economy,0,0,0,1,12768,1,1655,1
110,Business,0,0,1,1,3643,0,1353,0
89,First,1,2,0,0,3453,0,638,1
48,First,0,3,0,1,12850,1,4046,1
130,Business,0,4,1,0,13974,0,2812,1
210,Economy,0,1,1,1,3097,0,2410,0
227,Business,0,1,0,0,3848,0,2262,1
252,First,1,4,1,1,2086,1,605,1
93,First,1,4,0,1,5509,1,1729,1
164,Economy,1,1,0,0,12269,0,3873,1
108,First,1,1,0,1,8557,0,3520,0
59,Economy,1,0,0,1,9357,0,1951,0
97,Economy,1,1,0,0,8199,0,4597,1
186,Business,0,2,1,0,9484,1,2019,1
235,Business,1,1,1,0,11973,0,3151,0
80,Economy,1,1,0,1,11203,1,226,0
41,Business,0,2,0,1,2792,0,3792,1
150,First,1,2,1,1,11168,1,2573,0
72,Economy,0,4,0,0,7915,1,3775,1
26,Economy,0,1,0,0,13741,1,3435,0
80,Business,1,2,0,0,2526,1,1955,1
232,Economy,1,0,1,1,8739,1,1951,0
173,Economy,0,3,0,1,10753,0,3870,1
272,Economy,0,2,0,1,2938,0,607,1
112,Business,0,3,0,1,3225,0,206,1
249,Economy,0,1,0,0,3684,0,4072,0
250,Economy,0,0,0,1,13875,0,3700,0
14,Economy,0,0,1,1,5904,0,2284,0
168,Business,0,4,1,1,1610,1,244,0
72,Economy,1,4,1,0,994,0,2446,0
269,Economy,0,1,1,1,4844,1,2634,0
263,Business,1,2,1,1,10340,0,3777,1
331,Economy,1,0,0,0,3797,0,2832,1
66,Economy,1,1,1,0,11946,1,765,1
258,Economy,0,1,0,1,12868,0,2849,0
131,Economy,1,2,1,0,10656,1,2852,0
123,Economy,0,0,1,1,12550,0,1165,0
223,First,0,0,0,0,11856,1,2050,0
173,Economy,1,0,0,1,10421,0,3708,1
269,First,0,4,0,0,7109,0,1304,1
140,First,1,0,1,1,13274,0,3864,0
135,First,0,3,0,0,6749,1,1719,1
229,First,1,2,1,0,12375,0,1916,1
101,First,1,0,1,1,9387,1,3638,0
301,Business,1,2,0,0,4308,1,777,1
286,Business,0,2,0,1,13362,0,3246,1
90,Business,0,3,1,0,13173,1,3857,0
208,First,0,0,1,1,12146,1,1346,0
34,Economy,0,2,0,0,3202,0,4420,0
61,Economy,1,0,0,1,2993,1,304,0
151,Economy,1,3,0,1,1791,0,3846,1
64,Economy,1,4,1,1,13046,1,2240,1
220,Business,1,4,0,1,753,0,2818,1
345,First,1,4,1,1,1788,0,279,1
299,Business,0,4,1,1,929,1,1918,1
354,Economy,0,1,0,1,2077,0,1399,1
50,First,0,2,0,1,5309,0,2770,1
107,Economy,1,1,0,1,7698,0,1197,0
343,Business,0,0,1,0,9880,0,2330,0
173,Business,1,4,1,0,5374,0,1919,0
288,Business,1,0,1,1,4272,0,201,0
191,Economy,1,3,1,1,13070,0,2748,1
356,First,1,2,1,0,13729,1,3399,1
166,First,0,3,0,0,8761,1,4579,1
243,Business,1,2,0,1,11857,0,1922,1
254,First,0,3,0,0,2846,0,1569,1
57,Economy,0,3,0,0,2518,0,3377,0
25,First,1,2,0,1,3360,1,1815,1
116,Economy,1,0,1,0,10629,1,2297,0
241,Business,0,3,0,1,5413,0,4809,1
229,Business,1,2,1,0,3833,1,4127,0
330,Business,1,2,1,0,2546,0,3378,1
252,First,1,3,1,0,10880,0,203,1
92,Economy,0,0,1,1,1753,0,4395,0
220,Business,0,4,1,1,5375,0,4878,1
194,Economy,1,1,0,0,2236,1,3641,1
200,Business,0,4,1,0,13910,1,3028,1
226,Economy,0,3,0,0,8994,1,210,1
56,Business,0,3,0,1,12026,1,3174,0
69,Economy,1,2,0,0,9242,1,4981,1
247,Economy,0,0,0,0,10411,0,3591,0
72,Economy,0,0,1,0,4808,0,2389,0
254,First,0,3,0,0,9094,1,3477,1
263,Business,0,0,0,0,6254,0,1783,0
90,Economy,0,1,0,0,3854,1,1138,1
125,First,0,0,1,0,7728,0,4572,0
289,First,1,0,1,0,12341,1,4125,1
239,First,0,2,0,1,9511,1,3474,1
324,Economy,0,3,0,1,13807,1,2707,1
9,Economy,1,0,1,1,7083,0,946,0
211,First,0,3,0,0,13697,0,2046,1
21,Business,1,0,1,1,9048,0,762,0
156,Economy,1,0,1,1,607,0,2641,0
158,Economy,0,0,1,0,6783,0,1148,0
261,Business,1,2,1,1,6886,1,1165,0
109,Economy,1,0,0,0,12104,0,1013,0
262,Business,0,4,1,0,9297,1,3710,1
352,Business,0,1,0,0,2357,0,2827,1
12,Economy,0,0,0,0,11728,0,1854,0
62,First,1,4,0,0,6283,0,1179,1
23,Economy,1,3,1,1,2771,1,1076,0
349,First,1,2,1,1,5792,0,4987,0
352,Economy,1,3,0,1,9407,0,3896,1
339,First,1,2,1,0,11498,0,1392,0
18,Business,1,3,1,1,13994,1,1329,1
338,First,1,3,0,1,7666,0,3375,1
229,First,1,1,0,1,10606,0,1962,1
87,Economy,1,1,0,1,10170,1,4535,1
68,Business,0,1,1,1,8232,0,3131,0
149,First,1,3,1,1,1461,1,1657,1
315,First,0,2,1,1,13659,1,3906,0
277,Economy,0,1,0,0,4358,0,1147,1
91,Business,0,2,1,1,13478,1,4115,1
144,First,0,2,1,0,4421,1,2568,1
350,Economy,1,0,1,0,5717,0,4211,0
174,Business,1,4,0,1,6257,0,4810,1
144,First,0,3,0,1,9909,0,1799,1
190,First,0,4,1,0,1056,0,4547,0
134,First,1,3,0,0,883,1,2642,0
28,First,1,2,0,1,5019,1,2497,1
236,First,0,4,1,1,4985,1,3591,1
199,Business,1,0,0,0,7590,1,4112,1
259,First,0,4,0,1,12444,1,3958,1
359,First,1,4,0,1,3490,0,3050,1
117,First,1,0,1,0,5764,0,699,0
271,First,0,0,0,0,1418,0,2194,1
79,Economy,0,1,0,0,7195,1,2733,0
341,Business,1,3,1,0,12604,0,1424,0
74,Business,0,2,0,1,8177,0,4121,1
186,Business,1,4,0,1,13208,0,3666,1
40,First,1,4,0,0,6489,1,1486,1
245,Business,1,2,0,1,7752,1,2869,1
315,First,1,0,1,0,13485,0,4212,0
57,First,0,0,0,1,3464,1,1091,0
229,Economy,1,4,0,1,11662,0,4017,1
111,First,0,4,1,1,5502,1,2115,0
203,Business,0,2,1,0,4122,1,1498,0
39,First,0,2,1,0,2257,0,930,1
57,Business,1,3,0,0,8370,0,1834,1
188,First,1,0,1,0,3599,1,144,0
172,Economy,0,1,0,1,1351,0,418,1
76,First,0,1,1,0,2722,0,3481,1
47,Business,0,2,1,1,1058,1,4155,0
89,Economy,0,3,0,0,5081,0,1263,1
10,First,0,4,0,0,12151,0,4102,1
55,Economy,0,2,1,1,3760,1,4671,0
278,First,0,2,0,1,7941,0,3764,1
32,Economy,0,2,1,0,12271,0,2705,0
179,First,1,1,1,1,11344,0,2548,1
115,Business,1,2,0,0,8599,1,3933,0
27,First,1,3,1,1,4174,1,3591,0
114,Business,1,1,1,0,11252,0,1932,1
219,First,1,3,0,0,2582,1,4557,1
225,First,1,1,0,0,2539,1,3021,1
242,Business,1,3,1,1,8295,1,4485,1
178,Business,1,0,1,0,599,0,4444,0
307,Business,1,0,1,1,2168,0,1128,0
199,Business,0,1,1,0,11999,0,1447,0
264,First,1,0,1,0,13459,0,2111,0
273,First,0,4,1,0,10650,1,3251,1
193,First,0,3,1,0,13536,1,2534,0
81,Business,1,1,1,0,11346,0,2687,0
167,First,0,0,0,0,2587,0,1779,0
65,First,1,1,0,0,1759,0,4565,0
21,Economy,0,4,1,0,5405,1,799,1
335,Economy,1,1,0,1,573,1,3225,1
100,Business,1,1,0,1,7378,1,170,1
351,Business,1,2,1,1,11643,1,273,1
329,Economy,1,2,0,1,5454,1,3647,1
360,First,0,2,0,1,10768,0,4375,1
175,First,1,2,0,1,6063,1,1948,1
271,Business,1,3,0,0,7489,0,2711,1
48,First,0,4,0,0,3594,0,1898,1
353,First,0,1,1,1,13303,1,125,0
100,Economy,1,4,1,1,10983,0,2041,1
62,Economy,1,1,0,0,13333,1,1316,0
311,Business,1,2,1,0,9308,1,2545,1
353,Business,1,3,0,1,12441,0,4333,1
363,Economy,0,1,0,0,10544,1,3835,1
332,First,1,1,1,0,4622,0,1360,0
36,Economy,1,0,0,1,9798,0,1836,1
206,Economy,1,3,0,1,12946,1,2361,1
221,Business,1,3,0,1,4470,1,94,1
222,First,0,3,1,0,10192,0,1006,0
348,Business,0,4,1,1,2368,0,776,1
353,Business,1,2,1,0,1166,0,1312,0
31,Economy,1,0,1,1,7838,1,2123,0
363,Economy,1,4,0,1,11695,1,4210,1
150,Business,0,2,1,1,8481,0,1342,1
73,Economy,1,1,1,1,8677,1,260,1
71,Economy,1,0,0,0,7448,0,4206,0
276,First,0,4,1,1,13420,1,2011,1
202,First,0,0,0,1,2742,1,260,1
102,Business,1,2,0,1,1145,1,1799,1
174,First,0,4,0,1,13942,0,1549,1
210,Business,1,4,1,1,1518,0,3209,1
252,First,0,0,0,1,7143,1,732,1
353,Economy,1,1,1,0,5056,0,1420,1
317,Economy,0,1,1,1,5502,1,3330,0
293,Business,0,1,1,1,10766,1,2108,0
353,First,1,2,0,1,10984,1,3071,1
153,Economy,0,0,0,0,8821,0,2199,1
295,Business,0,2,1,0,10035,0,4039,1
143,First,0,2,1,0,3803,1,1922,0
18,Economy,1,1,0,1,9887,1,3319,0
28,First,0,1,0,1,2111,1,748,0
364,Business,1,1,0,1,11306,0,2456,1
188,Business,0,0,0,0,12002,0,2784,0
163,Business,1,0,0,1,4204,1,175,1
340,Economy,0,1,1,0,3978,1,3363,1
265,Business,0,2,1,1,10419,0,835,0
174,First,1,0,1,0,2476,1,2795,0
171,Economy,0,4,0,1,3069,0,1593,1
115,Business,1,2,0,0,1512,0,2212,1
363,Business,1,2,1,1,11030,0,2779,0
250,Economy,1,3,1,0,3193,0,4775,1
6,Business,0,0,0,1,3538,0,2626,1
196,First,1,4,0,1,5362,1,1078,1
274,Economy,1,0,1,0,6825,1,3394,1
32,First,1,2,1,0,13521,1,4682,0
151,First,0,0,1,1,1903,1,1712,1
22,Business,0,2,0,0,4290,1,2143,0
254,Economy,0,4,0,0,13793,1,2282,1
85,Business,1,2,1,1,4677,1,939,0
355,First,1,1,0,1,4584,0,2291,0
180,Business,0,2,1,0,1131,0,369,0
148,Business,0,1,1,0,12587,0,2960,0
337,First,0,4,0,0,8004,1,595,1
101,Business,1,4,1,1,12847,1,3269,1
90,First,0,2,1,1,1281,0,1129,1
36,Economy,0,1,1,1,4257,0,227,0
48,First,0,2,1,1,1283,1,3014,1
38,Economy,0,4,0,1,8038,1,514,0
29,First,1,1,0,1,7950,0,4892,0
42,First,0,3,1,0,9112,0,1202,0
205,Business,0,3,1,0,7636,1,2777,1
225,Economy,0,4,0,0,11824,1,855,1
31,First,0,1,0,1,4457,1,3220,0
125,Business,1,2,1,0,3975,1,365,1
94,Business,0,4,1,1,5388,0,3758,1
1,Economy,1,4,1,0,7213,1,140,0
302,Business,1,0,0,1,9281,0,3523,1
98,Business,1,2,0,0,11160,0,1696,1
22,First,1,2,0,1,6776,1,2372,1
340,Economy,0,3,0,1,7465,1,1329,1
217,Economy,1,0,0,1,2328,0,4794,1
221,Economy,1,2,0,0,1853,0,4126,1
296,Economy,1,2,0,0,1788,0,3340,1
297,Business,0,3,0,0,12609,0,4634,1
71,Economy,1,0,0,0,7956,1,4958,0
166,Business,1,0,0,1,1931,1,371,1
224,Business,0,1,1,1,9785,0,3273,1
137,Business,0,4,0,0,6126,0,3828,1
209,Business,1,1,0,1,7724,1,653,1
111,Economy,1,0,1,1,9229,1,911,0
227,Business,0,3,1,0,4767,0,4086,0
232,First,0,1,1,1,6963,1,4393,1
49,First,0,3,0,0,10210,1,433,1
330,First,1,0,0,0,11171,0,2842,1
235,First,1,3,0,0,3619,0,859,1
256,Business,1,1,1,1,12315,0,4175,0
199,First,0,0,1,0,673,0,4503,0
196,First,1,0,0,0,11091,0,888,0
0,Business,1,1,1,0,7629,1,4244,0
282,Economy,1,4,0,1,6390,0,3260,1
364,Economy,1,1,1,1,897,0,4730,1
188,Economy,0,1,1,1,1264,1,2548,0
124,Economy,0,2,0,1,7366,1,3592,1
175,Business,0,0,0,1,2807,1,3432,1
278,Business,1,2,0,1,2290,1,2643,1
364,Economy,1,2,1,0,5247,0,3700,0
138,First,0,2,0,1,3542,0,4653,1
355,Business,0,3,0,1,12274,0,531,1
101,First,1,1,1,0,9065,1,2911,1
286,First,1,2,1,0,2286,0,2632,1
310,First,1,3,0,1,2442,1,1787,1
317,Economy,1,3,1,1,7286,0,1117,1
146,Economy,0,0,0,1,1526,1,4906,1
351,Economy,1,1,0,0,1136,0,205,1
295,First,0,4,1,0,797,1,3689,0
357,First,0,1,1,0,3011,1,3127,1
272,Business,0,3,0,0,9664,0,1536,1
354,Business,1,1,1,0,3718,1,4378,0
11,Economy,1,0,0,1,10895,1,4781,0
142,Business,0,1,1,1,12904,0,4675,1
166,First,1,3,1,1,6123,0,302,1
268,First,0,3,0,1,4220,1,4113,1
93,First,0,2,0,1,12459,0,3811,1
105,Economy,1,3,0,0,10849,1,4045,1
274,Business,1,0,1,0,9604,1,2286,0
200,First,0,3,1,0,11352,1,723,0
312,Economy,1,1,0,0,7786,0,4431,1
91,Economy,0,4,1,1,5311,1,3050,1
235,Business,1,3,0,1,553,0,1806,1
59,First,1,0,0,0,3087,0,4398,0
234,Economy,1,0,0,1,4021,1,4706,1
183,Economy,1,0,1,0,4835,1,4497,1
359,First,0,0,0,1,2803,0,3997,0
232,Economy,0,1,1,1,5775,0,4019,0
126,Economy,0,2,0,1,12812,1,4114,1
100,Business,1,4,0,0,2646,0,2284,1
134,Business,1,2,0,1,9410,1,3911,1
232,Business,0,2,1,1,11428,0,2382,1
67,Business,0,2,1,0,2927,1,4863,0
86,Business,0,1,1,1,11682,0,4099,0
235,First,1,4,1,0,5169,0,3144,1
107,Economy,0,3,1,1,916,1,268,0
136,First,0,3,1,1,13279,0,530,1
264,First,0,4,1,0,8861,0,1879,1
332,Business,1,4,1,1,9290,1,3877,1
62,First,1,0,0,0,7182,0,167,1
229,Economy,0,2,1,0,2777,0,3532,0
237,First,1,0,0,1,10747,0,1885,1
348,First,1,1,1,1,13159,0,1549,0
246,Business,0,1,1,0,3481,0,497,1
158,First,1,4,1,1,3575,0,2926,1
37,First,1,1,0,0,5673,1,554,1
243,Business,0,4,0,0,9891,0,4220,1
6,Economy,0,3,1,0,3000,1,2284,0
359,Business,0,2,0,1,12675,0,198,1
76,Business,1,1,1,1,12592,1,3052,0
256,First,0,0,0,0,6789,1,4797,0
36,Business,0,1,1,1,5868,0,1294,1
349,Business,1,2,0,0,2144,1,2113,1
65,Economy,1,1,0,0,13728,0,3711,0
99,First,1,4,0,0,9477,0,1499,1
331,Economy,1,1,0,1,13691,1,3613,1
260,Economy,1,3,0,1,11792,1,4586,1
311,Business,1,3,1,0,5768,1,205,1
41,Economy,1,1,1,0,10318,1,3662,1
48,Economy,1,0,1,0,6178,1,3480,0
301,Business,1,1,1,0,11957,0,1900,0
70,Business,0,4,0,1,5431,0,2439,1
245,First,1,4,0,0,11683,1,3171,1
1,Business,0,4,0,0,5311,1,2868,1
322,Business,1,0,1,1,9795,1,4076,0
61,Business,0,3,0,1,3660,0,2517,1
335,First,1,4,0,0,9476,1,4920,1
26,Economy,0,4,1,1,5104,0,4585,1
341,Business,1,1,1,0,10919,0,4364,1
66,First,1,3,0,0,13341,1,709,1
144,Business,0,4,0,0,4134,0,2298,1
213,Economy,0,4,1,1,10465,0,766,1
326,Economy,1,1,1,1,6516,1,4661,0
56,Business,1,1,1,1,8072,1,544,0
285,Business,1,2,0,0,11948,0,4304,1
210,First,1,1,1,0,5911,1,3886,0
192,Economy,1,1,0,0,11530,0,2665,1
113,Business,1,2,0,1,11439,0,1805,0
121,Business,1,4,1,1,7131,1,4673,1
359,Business,1,1,1,0,10414,0,341,0
102,Business,0,0,0,1,2990,0,1864,0
154,First,0,2,1,1,2749,0,3261,1
73,First,0,2,0,0,4190,0,4493,0
353,Economy,1,4,0,1,9788,0,3729,1
174,Economy,1,1,1,1,2768,1,4714,1
13,First,0,0,1,1,10317,1,3233,0
166,Economy,0,4,0,0,3179,0,689,1
54,First,1,1,0,0,13615,1,2852,1
25,Business,1,4,0,1,12496,1,4752,1
43,Business,1,2,0,0,887,1,1775,1
68,First,0,2,1,1,10324,1,442,0
37,Business,0,1,0,1,13778,1,4337,0
335,Business,0,4,1,1,4458,1,3582,1
11,First,1,1,1,0,12631,1,2909,0
104,Business,1,3,0,1,2935,0,1620,1
243,Economy,0,1,0,1,8852,1,1651,1
363,Business,1,3,1,0,3201,1,4813,1
272,Economy,0,2,1,1,995,0,325,1
280,First,0,0,0,0,3452,1,2991,1
191,Economy,1,2,0,0,3659,0,1368,0
87,Business,1,0,0,1,11571,1,242,0
138,Economy,1,4,1,0,10929,0,1000,0
145,Business,1,0,1,0,8780,0,1661,0
163,Business,0,4,0,0,1658,0,972,1
258,Economy,0,3,1,1,13281,1,1208,0
338,Business,0,4,1,0,8655,1,140,1
325,Economy,0,1,0,0,760,0,1953,1
86,Business,1,1,1,0,5473,0,3975,0
326,First,0,1,1,1,8426,0,2322,1
363,First,0,2,0,1,8941,0,3606,1
238,Economy,0,1,0,0,6122,0,3974,1
264,Economy,0,4,0,0,1095,1,1751,1
193,First,1,4,1,0,4200,0,1033,1
127,First,0,4,1,0,8782,0,4719,0
121,First,1,1,1,1,5882,0,2452,0
243,First,1,3,0,1,8328,1,1990,1
46,Business,0,3,0,1,8367,1,3414,1
319,Economy,1,2,1,0,6469,1,867,1
364,Economy,1,4,1,0,2941,1,2957,1
111,First,0,4,1,0,2969,0,683,0
302,Economy,0,2,1,1,685,0,4629,1
74,Economy,1,4,0,1,12250,0,2677,1
297,Business,0,0,0,1,1736,1,4792,1
304,Business,1,2,0,0,9667,0,3538,0
29,Economy,1,4,1,0,11399,1,4704,1
7,Business,0,2,0,0,12581,1,1776,1
340,First,0,0,0,1,4393,1,4697,0
7,Economy,0,0,1,0,4513,0,2854,0
238,Business,0,1,1,0,539,1,2297,0
190,Business,1,4,1,1,2699,0,3783,0
127,Economy,1,0,0,1,12780,1,445,1
10,Economy,1,0,0,1,10312,0,3839,0
255,First,1,0,0,1,9005,1,3649,0
232,Business,0,1,0,0,6418,1,4610,1
185,Economy,1,4,1,1,4078,1,1469,1
120,Business,1,2,1,0,1129,1,4399,0
166,Business,1,1,0,0,4773,1,3584,1
143,Business,1,4,0,1,5757,1,1980,1
326,Business,0,0,1,1,7751,1,3752,0
351,Economy,0,1,0,0,7425,0,948,1
100,Economy,0,3,0,1,12806,0,3806,1
21,First,1,3,1,1,8963,0,4703,1
198,Economy,1,0,0,1,9799,0,4384,1
268,Business,0,4,0,0,1337,1,1130,1
81,First,0,4,1,0,3168,0,4734,1
169,Economy,1,1,0,1,13726,0,2552,1
12,Economy,1,3,0,1,2260,1,2488,1
196,First,1,4,0,0,9180,0,1754,1
94,Economy,1,1,1,1,902,1,4266,0
266,Economy,1,1,0,1,5112,0,2309,1
318,Economy,0,3,0,0,3130,1,2646,1
357,Business,0,0,0,0,8149,1,3691,1
50,First,0,1,0,0,7943,0,3117,1
187,First,0,0,0,0,2946,0,1030,1
302,Business,1,3,0,1,10736,1,3827,1
3,First,1,1,0,0,6169,1,2754,0
262,Economy,1,2,1,0,7796,1,782,1
342,Business,0,3,0,0,9321,1,1369,1
30,Business,0,3,0,1,10197,1,4046,0
117,Business,1,2,1,0,13225,0,4929,0
208,First,0,3,1,1,8264,0,1018,0
201,Business,1,2,0,0,13104,0,1770,0
85,Business,1,2,1,1,12676,0,1381,1
29,Business,0,3,0,1,6768,0,2747,0
156,First,0,2,0,0,5489,1,2583,0
208,First,1,2,1,0,8767,0,3625,1
42,First,0,3,1,0,1806,0,3332,0
84,Business,0,2,0,0,13753,0,2010,0
175,Economy,0,0,1,0,12259,1,1358,1
230,First,0,3,1,0,9484,0,3500,0
359,Economy,0,3,1,0,846,1,436,1
149,Economy,0,0,1,0,5536,0,202,0
318,First,0,4,1,1,2677,1,393,1
259,First,0,1,1,0,9353,0,2398,1
345,Economy,0,2,1,0,10067,1,2829,0
2,First,1,2,0,0,12585,0,2184,1
336,Economy,0,1,0,0,1668,1,719,0
234,Economy,1,2,0,1,1515,0,3230,1
338,Business,1,2,1,0,984,1,3657,0
81,Economy,1,0,0,0,7221,1,1520,0
251,Business,0,0,0,1,12008,0,637,0
306,Business,0,0,0,1,9959,1,4173,1
153,First,0,0,1,1,9834,0,945,0
290,First,1,3,1,0,1165,1,164,0
335,Economy,0,2,1,0,3099,0,598,1
270,First,1,1,1,0,1694,0,2619,0
173,First,0,2,1,0,799,1,3436,0
23,First,0,3,1,1,9905,0,2973,0
1,First,0,3,0,1,1451,0,4525,0
186,Economy,1,2,1,1,5580,1,4657,0
163,Business,1,2,0,1,13696,1,3462,1
44,Business,0,0,1,1,2330,0,1483,0
350,Business,0,3,1,1,10353,0,4657,1
93,First,1,2,0,0,7639,1,2723,1
203,First,1,1,1,0,5375,0,606,1
122,Economy,0,1,0,0,1032,0,3842,0
36,Business,1,0,0,0,2634,0,4756,0
117,Economy,1,0,0,0,6021,0,3836,0
340,Business,0,2,0,1,5376,0,4846,1
139,Economy,0,1,0,1,8454,0,3973,1
121,Economy,0,3,0,1,5153,1,4325,1
231,Economy,0,4,1,0,5219,0,1343,1
228,Business,1,1,1,1,13996,0,4367,0
227,First,0,3,0,0,6549,1,907,1
327,Business,1,1,1,0,10215,1,363,1
218,First,0,2,1,1,9905,0,4068,0
154,Economy,1,4,0,1,10283,0,3482,1
355,Business,0,4,0,0,1652,1,4409,1
6,First,1,2,0,0,2988,1,412,1
2,Business,0,2,0,1,3681,0,4218,1
3,Business,0,0,0,0,10569,1,1514,0
215,Business,0,3,0,0,10383,1,870,1
263,Economy,0,3,0,1,8823,0,4930,1
44,First,0,0,0,0,6104,1,2224,1
204,Economy,0,3,0,1,11962,0,4548,1
200,First,0,4,0,1,5694,1,4777,1
249,Economy,0,1,1,1,3483,0,2362,1
211,Business,1,4,0,0,8744,0,3571,1
132,Economy,0,0,1,0,6682,0,2224,0
173,Business,1,3,0,0,7958,1,3445,1
68,First,0,3,1,0,2005,0,4166,1
290,First,0,1,1,0,4933,0,3935,1
142,Business,0,1,1,1,7037,0,3066,1
16,Business,1,1,0,0,5615,0,2379,0
331,Economy,1,4,0,0,10790,0,4216,1
247,Economy,1,0,0,1,11625,0,1403,0
227,Economy,1,0,1,1,6958,0,4960,0
170,First,1,0,0,1,12557,1,4176,0
334,Business,0,4,0,0,10854,0,2220,1
205,First,1,2,1,0,12629,0,360,0
90,Business,1,3,1,0,12514,0,3669,1
113,Business,1,4,0,1,3380,0,2585,1
21,First,1,0,0,1,7873,0,4663,0
136,Economy,1,4,1,0,4852,0,925,1
302,Economy,1,4,0,0,3884,0,486,1
212,First,1,2,0,1,8559,0,1378,1
2,Business,0,1,1,0,13310,0,566,0
286,First,1,0,1,1,7222,1,885,0
12,Economy,1,4,0,0,1322,1,1506,1
1,Business,0,1,0,1,7753,0,3258,1
262,First,0,3,1,1,11804,1,3536,0
284,Economy,0,3,1,0,9308,0,2357,0
131,Business,0,3,0,0,12718,0,3356,1
343,First,1,4,0,1,4113,0,1480,1
233,First,1,4,1,0,11020,0,2305,1
242,Economy,1,2,0,1,4851,0,4273,1
172,First,1,0,1,0,10035,1,416,0
263,First,0,1,0,0,8908,0,2304,1
41,First,1,3,1,1,13914,1,4785,0
144,First,1,1,1,0,6028,0,816,0
339,Economy,1,2,1,0,9141,1,2875,1
324,Business,1,3,1,1,8341,0,3243,1
354,Business,1,1,1,0,10413,0,330,0
296,First,1,0,1,0,9971,1,2343,0
53,Economy,0,0,0,1,9801,1,2559,0
159,First,0,2,1,1,4265,0,3999,1
222,First,1,1,0,1,12010,0,3868,1
222,First,0,2,0,0,9349,1,617,1
42,First,0,2,1,1,9475,1,3286,0
68,Business,1,2,1,1,7851,0,2179,0
99,First,0,4,0,1,9874,1,4847,1
203,First,0,0,1,0,5098,0,154,0
207,First,0,4,1,0,10275,1,931,0
271,Business,1,4,0,0,12399,0,3336,1
160,Economy,1,0,1,0,2368,0,131,0
153,Economy,0,2,1,1,13461,0,4801,1
278,Economy,1,1,1,1,6293,1,1804,0
88,Economy,1,2,1,1,11997,1,1165,0
181,Economy,1,2,1,0,9067,1,4933,0
339,First,1,4,0,1,8751,0,2853,1
46,First,1,1,1,0,7231,1,1062,0
243,Economy,0,0,0,1,8088,0,2459,0
248,Business,1,3,1,0,13339,1,2286,0
240,First,0,0,0,0,1156,1,4462,0
117,Economy,1,1,1,1,11932,1,4699,0
163,Business,1,0,1,1,9515,0,1081,1
290,Economy,0,4,1,0,8642,0,3142,1
170,Business,0,1,1,0,7841,1,2440,0
4,Economy,0,3,0,1,11835,1,106,0
259,First,0,3,0,1,4484,1,4062,1
57,Economy,1,1,1,0,3710,0,1581,0
199,Economy,0,0,0,1,5793,1,2966,1
362,Economy,1,3,0,0,13876,0,1469,1
137,Economy,1,1,0,0,5651,0,2465,0
317,Economy,0,1,0,1,8287,1,4583,1
236,Business,0,1,0,1,4263,0,4143,0
147,First,0,2,0,1,3935,1,1179,1
287,First,1,0,0,1,2150,1,4250,1
303,First,0,1,1,0,8110,1,4434,1
218,Business,1,1,1,0,11894,1,4532,1
176,Economy,0,2,0,1,749,1,1618,0
281,First,0,4,0,1,9852,1,3567,1
162,Business,1,2,0,0,12274,1,3205,0
283,Economy,1,1,1,0,573,1,1525,0
320,First,0,0,0,0,5999,0,3591,0
185,Business,1,2,1,1,13307,1,4916,1
5,Business,0,1,1,0,9475,0,1656,0
49,First,0,0,0,0,5374,1,3723,1
304,Economy,1,2,0,1,11018,1,1034,0
45,Business,0,3,1,0,9643,1,4633,1
216,Business,1,0,1,1,7467,1,262,0
208,Economy,1,1,1,1,11757,0,2386,0
345,Business,0,0,0,0,10377,1,4159,0
95,Economy,0,0,0,1,4443,0,349,0
24,First,1,1,1,0,1925,0,4988,0
351,Economy,1,3,0,1,5402,0,700,1
124,Business,0,0,1,0,3195,1,2478,0
360,Economy,0,1,1,0,3192,1,1842,0
62,Economy,0,0,1,0,8014,0,2629,0
338,Economy,0,4,0,0,5368,0,917,1
321,Economy,0,3,1,0,5126,1,3645,1
162,Business,1,4,1,1,2500,1,1860,1
335,First,1,0,0,0,880,0,259,0
288,First,1,3,1,1,4656,1,1637,1
242,Economy,1,1,1,1,6433,0,4433,0
305,First,1,4,1,1,2480,0,4715,1
151,Business,1,3,1,0,2735,1,2375,1
94,Business,0,3,1,0,2933,1,1556,0
336,First,1,0,1,1,11242,1,544,0
96,First,0,4,1,0,12965,0,1178,0
292,Business,1,1,1,0,6641,0,181,0
355,Economy,1,2,1,0,5554,0,590,0
62,Economy,1,0,0,1,5946,0,3710,0
247,Business,0,3,0,1,11940,0,1651,1
318,First,1,4,1,0,613,1,2250,1
274,First,1,2,0,0,8899,0,4605,1
38,First,0,3,0,1,10730,0,1224,1
103,First,0,4,0,0,954,0,541,1
82,First,1,4,0,1,7519,1,3818,1
199,First,1,2,0,0,9293,1,2716,1
104,First,0,3,1,1,10448,1,4903,1
178,First,1,2,1,1,7811,0,4784,1
59,Economy,0,1,1,0,2081,1,3008,0
255,Economy,0,0,0,1,1626,0,278,1
337,First,0,0,0,1,8273,0,3521,1
205,First,0,1,0,1,9595,0,100,0
209,Economy,1,3,0,0,7731,0,239,1
228,Business,1,2,0,0,9345,0,2449,1
347,Economy,1,0,1,0,10599,0,379,0
121,First,1,1,1,1,8769,0,4808,0
123,Economy,0,4,0,0,7246,0,3624,1
352,First,0,0,0,1,4630,0,2832,0
134,Economy,1,0,0,0,7259,0,2586,0
187,Economy,0,1,0,0,6566,0,1439,1
132,Economy,0,2,0,1,9279,0,2854,1
90,First,1,0,0,0,9118,0,4830,0
101,Business,1,2,1,1,6600,0,2794,1
160,First,1,1,1,0,10870,0,2143,0
356,Business,0,4,1,1,11196,0,2429,1
124,Business,0,0,1,0,11870,0,1584,0
292,Business,1,2,1,0,6058,0,1462,1
142,Business,1,2,0,1,3504,0,1815,1
272,Business,0,3,1,0,2826,0,3728,0
36,Business,0,2,0,1,12483,1,2146,1
258,First,1,2,1,0,1107,1,2729,1
153,First,1,1,1,0,12724,1,1652,0
103,Economy,0,2,1,0,1527,1,1542,1
120,Business,0,3,0,1,7854,1,4306,1
300,First,0,4,0,1,10957,1,2215,1
133,First,1,3,1,0,7502,0,4517,1
98,First,0,4,1,1,2158,1,4214,1
215,First,0,0,1,1,2395,1,4966,0
242,Economy,0,4,1,1,7491,0,3825,1
230,First,0,4,0,0,8977,1,1024,1
225,Economy,0,3,0,0,3929,0,3456,1
12,Business,0,1,0,0,1684,0,473,1
312,Economy,0,1,1,0,1940,1,431,0
234,First,1,4,1,0,4103,0,1063,1
328,Business,1,3,0,1,2514,0,3986,1
82,Economy,1,1,1,0,6158,1,3611,0
242,Economy,1,1,0,0,7113,1,118,1
223,Economy,1,3,0,0,13966,0,3065,1
340,First,1,4,0,0,10805,0,1203,1
223,Business,1,0,0,0,8673,0,1578,1
184,Economy,1,3,1,0,4825,1,592,1
173,First,1,3,0,0,11978,1,3837,1
267,Business,0,3,0,1,11495,0,4851,1
96,Economy,0,4,1,1,511,1,2095,1
320,Business,1,4,1,1,11352,0,1646,1
304,First,0,3,0,1,9377,0,701,1
126,Business,0,1,0,1,9944,0,4873,0
214,Business,0,0,1,1,741,1,3539,1
27,Business,1,2,1,0,4387,1,1156,1
49,Economy,1,3,1,1,712,0,1718,1
267,Economy,1,3,1,0,11613,1,4360,1
82,Economy,0,4,0,1,13128,1,4376,1
243,Economy,0,4,1,0,3608,0,2375,1
224,Economy,0,2,1,1,13901,1,1537,1
17,Economy,1,4,0,1,6343,1,4995,1
225,Economy,1,4,1,0,11184,1,992,1
362,First,1,1,0,1,7769,1,3797,1
110,First,0,0,1,1,12706,1,2580,0
323,Business,1,1,1,0,5070,0,1609,0
75,Business,0,3,0,1,12395,0,2508,1
22,First,0,1,0,0,3076,1,1963,0
155,First,1,2,0,0,2323,0,3084,1
202,Business,0,1,0,1,9597,1,960,1
219,First,0,4,1,1,1701,0,396,1
39,First,0,2,0,1,9662,1,4834,1
97,First,0,2,0,1,7598,0,3069,1
303,Business,0,3,0,0,1285,0,751,1
161,Business,0,3,1,1,9397,0,4003,1
212,Economy,1,4,0,1,5014,1,4749,1
91,Business,0,0,1,1,4089,0,3461,0
189,Economy,1,2,0,1,7158,1,4967,0
161,First,0,4,0,1,13498,1,4705,1
56,Economy,0,3,1,0,7702,0,832,0
232,First,1,3,1,0,12002,0,1711,1
28,Economy,1,0,1,1,11328,0,2687,0
345,First,1,2,0,0,9305,0,639,1
204,Business,1,2,0,1,7093,0,1343,1
123,Economy,1,4,0,0,9269,0,2349,1
353,Economy,0,0,1,1,6694,0,4917,1
7,First,1,1,1,1,13499,0,1770,1
348,First,0,4,0,0,9788,1,3725,1
106,Business,1,2,1,0,666,0,2508,0
359,Economy,1,4,1,0,6608,1,437,1
91,Business,0,4,0,0,4388,1,1437,1
157,Business,0,4,0,1,6818,1,912,1
342,Business,1,4,0,0,5911,0,80,1
348,First,0,2,0,0,13770,0,2679,1
83,Business,0,0,0,1,11584,0,663,0
336,Business,1,0,0,0,2262,1,224,0
38,First,0,3,0,0,3743,1,3152,1
32,First,1,3,0,1,7856,0,2844,1
333,Business,1,1,0,0,10984,0,1005,1
286,Economy,1,0,0,0,6780,1,3654,0
207,Economy,1,4,1,1,2851,0,3954,1
276,First,1,3,0,1,7941,1,2951,1
177,Business,1,4,0,1,6733,1,2509,1
187,Economy,1,1,0,1,9073,0,3383,1
214,Economy,0,0,1,0,3728,0,1660,1
345,Business,1,2,1,0,6563,1,368,1
200,Economy,0,1,0,1,12415,0,999,0
313,Economy,0,2,0,1,666,0,1032,1
171,First,1,0,0,0,6026,0,942,1
206,Economy,0,2,1,0,7691,0,4972,0
287,Economy,0,0,1,0,3551,1,3884,1
58,First,0,4,0,1,10590,1,4147,1
358,Economy,0,1,0,1,12063,1,902,1
235,First,0,4,0,1,1361,1,941,1
80,Business,1,0,1,1,12882,1,2277,0
176,Economy,1,0,1,1,4040,0,696,0
316,Economy,0,4,1,1,8484,1,2523,1
39,First,1,4,0,1,6242,0,4392,1
81,Economy,1,4,1,1,5053,0,4055,1
161,Economy,0,1,0,1,4087,0,560,1
112,First,0,1,1,0,8241,1,247,0
88,Economy,0,0,0,0,9221,1,2703,0
11,First,1,3,0,0,12207,0,1806,1
362,Economy,0,4,0,1,3168,1,2364,1
264,Business,0,2,0,0,1395,0,1113,1
231,First,1,2,1,1,10353,0,3272,1
88,Business,0,2,0,1,819,1,3094,0
215,Business,1,4,1,0,2136,0,3324,1
48,First,1,3,1,0,12167,0,2980,1
269,Business,1,3,1,0,1191,1,1688,0
303,Economy,0,1,1,0,6935,1,3875,0
312,First,0,3,0,1,2851,0,92,1
348,Economy,0,2,0,0,4435,0,3778,1
59,Business,0,2,1,1,1768,1,4903,0
336,First,1,4,0,1,743,0,2797,1
245,Business,1,1,0,1,5454,1,3777,1
298,Economy,1,0,0,0,2972,0,645,0
213,First,1,1,1,1,8651,0,2952,1
81,Business,0,0,1,1,5328,1,4868,0
346,First,1,1,0,1,4392,1,3674,1
63,Business,0,3,0,1,10827,1,4657,0
257,Economy,0,1,0,1,13873,1,1705,0
256,First,1,4,1,1,11152,1,2214,1
117,Business,1,0,1,1,3098,1,3577,0
319,Business,0,3,1,1,1093,1,4862,1
327,Economy,1,3,1,1,12797,1,1159,0
340,First,1,1,0,0,2530,1,2928,1
23,Business,0,3,1,0,8112,0,2856,0
235,Economy,1,2,0,0,5675,0,689,1
314,First,0,2,1,1,3836,0,4022,1
101,Business,0,2,1,1,2213,1,1428,0
311,Business,0,1,0,1,2494,1,3004,0
4,First,1,0,0,0,767,1,2443,0
108,First,0,1,1,0,9077,0,2090,0
182,Business,1,4,1,0,10189,1,3060,0
118,Economy,1,3,0,0,3588,0,1604,1
291,Economy,1,2,1,1,10774,1,1787,1
327,Economy,0,1,1,1,11449,0,2545,0
349,First,0,1,1,0,7646,0,428,0
182,Business,1,3,0,1,3350,0,630,1
137,Economy,0,1,1,0,7106,1,3298,0
84,First,0,2,0,1,4795,0,1762,1
173,Business,0,3,1,1,4563,1,108,0
51,Business,0,0,1,0,4885,1,3857,0
225,First,1,2,1,1,3582,1,4777,0
225,First,0,4,0,0,12662,1,4668,1
131,Economy,0,4,0,0,8400,1,3007,1
183,Business,0,3,0,0,3653,0,834,1
266,Business,1,2,0,0,10053,0,1329,1
104,Business,1,2,1,1,8447,0,3483,1
177,Business,0,2,0,1,3433,0,4104,1
188,Economy,0,4,1,0,678,1,1880,1
150,Business,1,3,0,1,4166,1,4689,1
112,First,1,4,1,1,12508,0,356,0
285,Economy,1,1,1,0,9804,1,1442,1
122,Business,1,0,1,0,5215,1,4893,0
87,Economy,0,4,0,0,7854,1,2464,1
24,Economy,0,3,1,1,1013,0,519,1
29,Economy,1,4,0,1,13557,0,1492,1
166,First,0,1,0,0,4728,1,3492,1
73,Economy,1,1,1,0,8329,1,2917,0
72,Business,1,1,0,1,3476,1,2826,1
111,Business,0,1,0,0,8159,0,1007,0
210,Business,1,0,1,0,10383,0,380,0
179,Economy,0,2,0,1,6273,1,1442,1
4,Business,0,1,0,1,8283,1,811,0
331,Economy,0,0,0,0,5726,0,2598,1
201,Economy,0,4,1,0,13349,0,1136,1
255,Economy,0,1,0,1,6333,0,4641,1
141,Business,1,4,1,0,668,0,2418,1
19,Economy,0,4,1,0,8322,1,4477,1
99,First,1,3,0,0,11709,1,4660,0
280,First,0,0,1,0,12087,0,755,0
168,Economy,0,0,1,0,7454,0,443,1
324,Business,1,1,0,0,6570,1,2490,1
232,Economy,0,1,0,1,9508,1,726,1
90,Economy,0,1,0,0,7152,0,2470,0
257,First,0,0,1,1,2693,1,3796,1
27,Business,1,4,0,1,3396,1,2099,1
43,Business,0,4,0,0,13780,1,3055,1
140,Economy,0,1,1,0,2956,0,1184,1
84,Business,1,4,0,1,3967,1,4515,1
298,Economy,1,1,0,1,11554,0,1032,1
310,Economy,1,2,0,0,3528,0,1823,1
319,First,0,4,1,0,12359,1,3020,1
267,Business,0,0,0,0,3152,0,2862,1
296,Business,0,3,1,1,2614,0,2249,1
43,First,0,0,1,0,5306,1,4509,0
10,Business,0,0,0,0,13747,1,1086,0
274,Economy,0,3,0,0,2095,0,2201,1
315,Business,0,1,0,1,2388,1,816,1
199,Business,0,4,0,1,7885,0,1400,1
198,Business,0,0,1,1,11975,1,4261,0
120,Economy,0,4,0,0,1438,0,1807,1
13,Business,0,3,1,0,11160,1,4950,0
63,Economy,0,3,0,0,5779,0,2627,1
219,First,0,4,0,1,4054,1,2040,1
151,Economy,1,4,1,0,9032,1,2250,0
245,First,0,3,1,1,2727,1,4814,1
94,First,1,1,1,0,1777,0,4091,0
267,Economy,0,4,0,0,9711,0,3693,1
192,Economy,1,2,0,0,7851,0,4085,0
57,First,1,2,0,1,1339,0,4342,0
93,First,1,4,1,0,7029,0,1762,1
297,Business,0,0,1,0,2790,1,1869,0
0,Economy,1,3,1,1,8526,0,4606,1
361,First,1,1,1,1,2455,0,4213,0
327,Economy,1,2,0,1,4733,1,480,1
205,Economy,1,2,1,1,3919,0,670,1
192,First,0,0,0,1,7236,0,3092,1
223,First,1,4,1,0,8817,0,2881,1
37,Economy,0,0,0,0,8012,0,1594,0
331,Business,0,1,0,0,7874,0,4018,1
307,First,1,4,0,1,12165,1,851,1
110,Economy,0,2,0,1,4431,1,1778,0
251,Business,1,2,0,1,4338,1,1725,1
335,Economy,0,3,0,0,757,1,1509,1
83,Economy,0,1,0,1,5747,1,3339,1
363,First,0,2,1,0,9245,1,3187,1
159,Business,1,0,1,1,5842,0,4056,0
154,Economy,0,2,1,0,5202,0,3517,1
97,Business,0,0,1,0,6260,1,392,0
188,Business,0,0,1,1,10437,1,953,0
85,First,1,4,1,1,12291,1,169,1
61,Economy,1,4,0,1,6813,0,1747,1
258,Economy,1,2,0,0,7320,0,2434,1
