origin,destination,distance_km,avg_passengers,avg_revenue_usd,avg_delay_min,fuel_cost_usd,competition_score,demand_score,profitability_score
FRA,JFK,6929,442,79784,111,98908,0.35,0.24,0.0
BOM,SIN,8514,435,341415,31,57001,0.58,0.84,0.5378
BOM,CDG,4454,264,284957,110,84627,0.85,0.93,0.2907
NRT,SYD,7836,107,420760,114,81738,0.23,0.5,0.564
FRA,LHR,11495,141,152357,58,18138,0.26,0.41,0.2104
DXB,JFK,11865,290,124123,47,31973,0.55,0.86,0.1373
CDG,JFK,13299,242,336675,106,95359,0.73,0.24,0.3766
FRA,CDG,13082,398,196989,88,29076,0.73,0.78,0.2478
LAX,CDG,6064,54,118709,78,46464,0.59,0.33,0.0665
DXB,CDG,3885,91,322457,34,18910,0.13,0.37,0.5731
DXB,CDG,13977,111,440611,111,93746,0.87,0.63,0.5827
FRA,BOM,10555,475,361365,37,25374,0.91,0.4,0.635
DXB,DXB,7933,258,47326,91,65552,0.77,0.36,0.0
LAX,CDG,2125,262,331465,84,16570,0.46,0.4,0.5458
JFK,NRT,7769,298,75234,22,79647,0.52,0.46,0.0
LAX,SIN,2613,348,100159,111,53921,0.07,0.69,0.0
NRT,FRA,6967,294,266404,6,54243,0.93,0.73,0.4183
NRT,FRA,3341,280,179395,3,71158,0.89,0.33,0.2135
CDG,NRT,570,225,259372,31,96074,0.86,0.05,0.2956
LAX,SYD,3823,493,422976,54,36171,0.56,0.45,0.7196
LHR,LHR,12117,414,378882,63,66864,0.47,0.19,0.561
CDG,DXB,6134,165,361059,12,54056,0.59,0.43,0.602
LHR,LAX,10228,260,99418,99,50421,0.09,0.37,0.0
SIN,SIN,2554,384,409888,80,28241,0.36,0.08,0.6833
NRT,DXB,5290,255,341261,38,48525,0.19,0.05,0.5475
JFK,NRT,8795,274,270699,0,26393,0.81,0.73,0.4886
JFK,DXB,5741,281,403560,43,12254,0.19,0.06,0.7396
JFK,LHR,1730,332,117880,76,42516,0.99,0.86,0.0747
CDG,BOM,4159,394,226872,103,72935,0.73,0.35,0.2049
LHR,LHR,6024,155,398871,16,7936,0.03,0.65,0.7659
JFK,LAX,6154,270,442251,40,42318,0.56,0.79,0.7599
DXB,LAX,9757,56,383506,51,78409,0.26,0.82,0.5592
LAX,BOM,8025,109,406087,110,68084,0.46,0.14,0.566
NRT,LAX,10590,260,251499,6,21808,0.23,0.44,0.4534
LHR,JFK,3113,397,34219,16,87152,0.97,0.5,0.0
DXB,LHR,7237,300,100451,1,77666,0.43,0.29,0.0446
JFK,LAX,1743,386,429999,102,33578,0.92,0.12,0.6908
LAX,LAX,2455,231,442658,26,73928,0.31,0.84,0.7115
LAX,NRT,4723,383,476406,50,95908,0.33,0.36,0.711
FRA,CDG,11123,299,43687,109,71064,0.48,0.31,0.0
BOM,FRA,746,264,208325,65,60204,0.8,0.7,0.2312
FRA,DXB,1919,352,12865,49,91375,0.98,0.13,0.0
JFK,LAX,9218,333,350238,81,21701,0.7,0.52,0.5761
NRT,SIN,1412,428,489390,6,25248,0.69,0.86,0.9223
DXB,DXB,7868,105,204642,119,77402,0.07,0.5,0.1355
SYD,FRA,7725,340,76725,28,28973,0.15,0.95,0.0675
LHR,CDG,7826,119,487497,108,88244,0.02,0.37,0.6905
SIN,SYD,1441,215,388625,48,36341,0.52,0.96,0.6566
LAX,JFK,13130,106,499245,33,95111,0.51,0.04,0.7753
LHR,NRT,3160,89,479681,71,21286,0.47,0.83,0.8458
LAX,SIN,3106,69,239452,33,54208,0.34,0.67,0.3375
DXB,LAX,12157,142,24328,16,61716,0.35,0.18,0.0
FRA,LHR,2606,236,215200,18,24797,0.99,0.08,0.3628
JFK,FRA,5447,50,125691,50,34722,0.09,0.07,0.1319
DXB,LAX,2114,427,137625,29,82742,0.71,0.68,0.0808
LHR,JFK,11337,151,184335,76,11314,0.95,0.38,0.27
LAX,LAX,3119,216,289053,115,59445,0.62,0.93,0.3442
BOM,JFK,6045,258,468483,113,26779,0.81,0.33,0.7704
SYD,NRT,8274,383,332960,82,94285,0.17,0.91,0.3954
LHR,LHR,12613,135,15915,26,10127,0.33,0.95,0.0
NRT,CDG,10107,344,354822,66,69615,0.26,0.55,0.5044
JFK,CDG,7240,163,88719,114,59718,0.74,0.43,0.0
LAX,BOM,7763,238,234397,95,66716,0.8,0.41,0.2404
DXB,DXB,6301,54,221784,64,94708,0.99,0.26,0.1902
SYD,DXB,10795,461,200016,34,50259,0.58,0.22,0.2655
JFK,LHR,8562,57,83063,27,62384,0.61,0.14,0.0144
JFK,LHR,2168,449,332607,12,7707,0.73,0.58,0.6378
LAX,BOM,4505,270,453354,68,44971,0.93,0.92,0.7488
DXB,LAX,8990,412,85604,104,59892,0.82,0.22,0.0
LAX,LHR,586,391,325201,98,51786,0.46,0.38,0.4488
CDG,SYD,12940,270,12216,66,86630,0.85,0.75,0.0
SYD,DXB,2386,244,13222,49,86502,0.36,0.13,0.0
BOM,NRT,11048,255,233334,74,26418,0.31,0.68,0.3398
SYD,SYD,2131,105,337776,15,50094,0.71,0.37,0.5604
LHR,SYD,3948,319,351662,57,69491,0.74,0.53,0.5073
SYD,SIN,8297,78,349132,2,98198,0.64,0.26,0.4999
FRA,CDG,2721,229,394563,10,69177,0.72,0.88,0.6408
DXB,BOM,9856,482,464387,89,87022,0.79,0.42,0.6657
SYD,LHR,4257,151,444980,20,29881,0.57,0.92,0.8102
BOM,LHR,6808,236,18417,11,40433,0.1,0.23,0.0
CDG,LHR,12902,302,394711,79,99795,0.69,0.68,0.5108
NRT,SIN,3822,487,18119,52,94431,0.78,0.11,0.0
SYD,JFK,8138,146,250439,99,70388,0.5,0.15,0.2611
DXB,LHR,12980,209,126424,14,31180,0.13,0.47,0.1765
LHR,CDG,2753,221,252233,80,97194,0.08,0.21,0.2301
SIN,NRT,5944,421,455254,20,6326,0.06,0.82,0.8779
SIN,LAX,8180,338,487593,91,91074,0.4,0.96,0.702
LAX,CDG,10959,203,151486,103,19072,0.3,0.38,0.1618
LAX,SIN,2334,355,25663,72,70982,0.73,0.77,0.0
LAX,LAX,1332,468,51375,85,8460,0.79,0.99,0.0008
BOM,SIN,3033,335,65892,15,46105,0.98,0.2,0.0246
JFK,BOM,5637,91,426991,75,34745,0.9,0.37,0.7095
CDG,DXB,10541,140,316483,56,45302,0.12,0.49,0.4864
LAX,JFK,877,165,89914,9,14367,0.72,0.7,0.1421
NRT,LAX,2171,382,101602,78,83014,0.63,0.88,0.0
BOM,DXB,12254,154,251208,69,51018,0.45,0.42,0.3314
JFK,LAX,2887,311,382658,59,43215,0.24,0.66,0.6199
LHR,SIN,7215,370,255723,105,83666,0.84,0.76,0.2391
BOM,LAX,9111,397,287369,43,80925,0.78,0.35,0.3699
JFK,CDG,3173,230,261927,99,61065,0.02,0.92,0.3027
NRT,JFK,4108,168,339571,4,51079,0.27,0.48,0.573
SIN,BOM,1265,319,40622,35,28716,0.69,0.38,0.0
LHR,CDG,3248,52,33383,102,51710,0.89,0.42,0.0
DXB,BOM,9925,277,249579,62,27253,0.11,0.43,0.3827
FRA,SIN,8443,100,143861,5,15359,0.32,0.3,0.252
LAX,SYD,9256,121,236382,86,14602,0.45,0.65,0.3576
SYD,LAX,11469,465,273671,118,28116,0.92,0.93,0.3731
LAX,NRT,13915,184,322239,72,34859,0.03,0.47,0.5028
DXB,JFK,12608,78,317870,16,69848,0.46,0.6,0.48
LAX,DXB,12962,283,226184,19,60332,0.65,0.5,0.3127
LAX,LHR,7475,376,130090,35,65993,0.55,0.84,0.0932
LHR,SIN,12730,489,232229,25,55857,0.15,0.23,0.3277
FRA,BOM,9211,491,367364,36,48470,0.84,0.48,0.6018
NRT,SIN,6804,451,321890,4,82585,0.65,0.55,0.4746
BOM,LAX,853,241,425569,12,99496,0.59,0.57,0.6401
NRT,JFK,7554,358,152897,72,97395,0.98,0.89,0.039
SYD,JFK,2564,415,308355,48,99756,0.59,0.93,0.3692
LAX,JFK,4399,393,94115,43,86772,0.05,0.64,0.0
LAX,SIN,13420,186,498907,2,58221,0.39,0.78,0.8794
FRA,CDG,7669,115,323875,86,90265,0.79,0.55,0.3812
CDG,NRT,4101,218,102161,95,55688,0.35,0.37,0.0
JFK,SYD,10005,76,406097,10,64318,0.08,0.94,0.6736
BOM,FRA,4526,113,284211,105,16850,0.09,0.48,0.4297
SIN,SYD,12287,299,119941,102,43395,0.48,0.88,0.0511
SYD,NRT,2127,203,340553,33,19397,0.08,0.13,0.6093
SIN,BOM,4435,139,365864,66,40990,0.46,0.66,0.5837
FRA,NRT,7092,417,98417,81,26056,0.61,0.7,0.0637
LAX,FRA,12911,286,14383,76,33877,0.04,0.77,0.0
BOM,BOM,8989,280,232014,56,52158,0.33,0.86,0.3037
NRT,LHR,12023,244,221553,5,60077,0.14,0.1,0.318
CDG,DXB,10680,86,43304,28,56520,0.23,0.41,0.0
LHR,JFK,7589,460,428322,72,95638,0.26,0.31,0.5934
SIN,FRA,9275,74,32193,6,84633,0.83,0.49,0.0
DXB,LAX,6122,461,31253,29,20591,0.49,0.46,0.0
DXB,NRT,11623,173,79701,2,63105,0.32,0.14,0.0312
CDG,LAX,13120,300,33707,114,51588,0.15,0.05,0.0
FRA,NRT,11877,157,25715,89,62704,0.54,0.06,0.0
NRT,BOM,2811,364,414396,20,88023,0.47,0.47,0.6327
JFK,SYD,11074,394,112442,98,26472,0.43,0.46,0.0739
FRA,SYD,1611,83,247292,103,84340,0.31,0.85,0.2229
CDG,LHR,4873,102,161985,118,93011,0.77,0.03,0.0199
SIN,JFK,7340,453,15411,12,47161,0.62,0.45,0.0
BOM,LAX,2859,68,78514,24,28485,0.91,0.19,0.0761
SIN,LHR,696,116,242554,42,42151,0.33,0.39,0.3588
SIN,SIN,1595,314,324063,52,90510,0.54,0.94,0.4151
CDG,BOM,12430,490,163081,59,84199,0.13,0.08,0.0988
FRA,LAX,8509,436,170510,87,8979,0.82,0.07,0.2361
LAX,DXB,1020,408,190811,68,8570,0.44,0.63,0.2965
CDG,SYD,2927,268,150938,38,26211,0.9,0.22,0.2115
LAX,FRA,2924,461,206314,23,13349,0.8,0.44,0.3629
CDG,NRT,5936,368,75043,91,86265,0.93,0.59,0.0
BOM,SIN,11317,178,363532,103,85682,0.62,0.53,0.4527
LAX,FRA,6141,489,304416,67,68380,0.63,0.17,0.4051
DXB,LHR,3164,330,404035,72,87708,0.1,0.49,0.5607
DXB,SIN,6373,292,348814,110,69727,0.02,0.62,0.4482
JFK,DXB,12927,482,224340,8,82257,0.23,0.98,0.2762
FRA,LAX,6326,394,440531,50,88403,0.06,0.79,0.6543
LAX,JFK,6967,487,120687,87,78149,0.91,0.26,0.0
LHR,SIN,3492,334,477431,114,50083,0.37,0.64,0.7407
SIN,SYD,9220,273,423744,108,59609,0.18,0.72,0.6203
SYD,LHR,4515,226,324504,87,25434,0.41,0.02,0.5111
SIN,DXB,10318,129,230557,28,34358,0.46,0.73,0.3644
SYD,JFK,12587,106,177004,18,57472,0.24,0.68,0.2211
CDG,NRT,9489,78,47702,110,96536,0.79,0.28,0.0
DXB,DXB,9439,328,430529,36,96233,0.11,0.41,0.6326
LAX,LHR,8860,213,60560,78,69406,0.82,0.44,0.0
DXB,SYD,7629,465,460529,4,99044,0.91,0.71,0.719
JFK,SYD,4532,176,450667,103,14290,0.14,0.09,0.7698
LHR,CDG,13668,292,108203,68,63923,0.01,0.92,0.0206
LHR,LHR,3317,148,147253,41,46477,0.61,0.01,0.1606
LAX,LHR,12527,162,402417,68,31113,0.54,0.41,0.6746
LHR,LAX,2468,296,140005,78,45737,0.43,0.06,0.1105
SIN,LAX,5976,95,106027,77,79393,0.39,0.28,0.0
LHR,DXB,2971,187,108408,54,96445,0.43,0.06,0.0
BOM,BOM,884,303,443374,83,7898,0.2,0.53,0.788
NRT,LHR,1818,138,55649,60,92482,0.41,0.9,0.0
LHR,SYD,3852,383,312608,28,16061,0.91,0.29,0.5651
JFK,FRA,5831,443,233206,82,24831,0.26,0.97,0.3348
SYD,JFK,11260,238,294693,53,84859,0.84,0.44,0.3667
LAX,SIN,5518,241,88354,62,11858,0.14,0.85,0.091
LAX,NRT,9737,161,390502,70,6412,0.52,0.66,0.6982
LHR,DXB,3443,174,468295,89,31603,0.78,0.2,0.7844
SIN,SYD,11119,208,11332,67,6509,0.21,0.58,0.0
DXB,LHR,3398,116,327110,85,86964,0.5,0.8,0.3953
LAX,LHR,4863,339,157154,105,47629,0.74,0.23,0.114
LHR,LAX,1314,244,478231,111,12934,0.18,0.56,0.8196
NRT,SYD,5578,236,120661,97,18508,0.65,0.73,0.1073
LAX,SIN,1071,397,39543,33,46242,0.53,0.16,0.0
NRT,LAX,12829,274,336358,53,20184,0.25,0.59,0.5793
DXB,JFK,9516,210,184193,55,92085,0.21,0.63,0.1292
FRA,FRA,1871,224,181740,8,37126,1.0,0.13,0.2812
BOM,LHR,13392,139,393787,84,41844,0.47,0.55,0.6199
LAX,CDG,9344,263,178196,44,64444,0.77,0.46,0.1835
JFK,FRA,13417,182,476047,69,38919,0.69,0.57,0.8053
SIN,FRA,8195,147,392562,32,96054,0.55,0.7,0.561
DXB,CDG,1616,92,39337,99,79905,0.97,0.65,0.0
JFK,CDG,9180,385,123513,14,68468,0.14,0.54,0.0961
CDG,NRT,6966,342,295197,18,26734,0.94,0.53,0.5189
LHR,DXB,1375,252,469589,71,30511,0.57,0.79,0.8072
BOM,CDG,3398,92,93407,81,76209,0.99,0.86,0.0
DXB,JFK,1076,359,346012,46,78193,0.36,0.6,0.4896
NRT,SIN,9672,116,64226,7,39339,0.12,0.31,0.0428
CDG,CDG,8285,212,121880,5,87519,0.22,0.0,0.0637
SYD,JFK,2667,75,304828,102,39774,0.38,0.59,0.4281
SIN,FRA,934,66,225257,62,81903,0.77,0.91,0.2247
FRA,SIN,5191,128,297290,111,75523,0.23,0.44,0.3325
JFK,FRA,11514,462,112694,78,34785,0.94,0.59,0.0778
SYD,LAX,10425,68,441239,46,23974,0.38,0.88,0.7885
BOM,CDG,12412,403,494344,32,64540,0.59,0.57,0.8276
JFK,LAX,11187,230,264530,43,27563,0.07,0.45,0.4309
LHR,DXB,7228,366,261527,61,91186,0.53,0.3,0.2797
LAX,JFK,9135,366,61406,5,6145,0.77,0.09,0.1055
JFK,LHR,9815,176,213284,80,20642,0.65,0.36,0.3053
LAX,LHR,1224,218,28659,38,63380,0.66,0.87,0.0
SIN,FRA,7372,273,434987,9,47070,0.59,0.08,0.7668
JFK,CDG,12328,311,192801,72,77214,1.0,0.15,0.1592
LHR,LAX,4781,170,338097,97,53783,0.4,0.04,0.4716
LAX,LHR,6553,145,331289,66,92212,0.49,0.49,0.4122
SYD,DXB,2952,109,479067,22,70227,0.46,0.66,0.7957
BOM,BOM,761,337,196629,91,41905,0.26,0.93,0.2184
CDG,SYD,3033,280,137090,20,73968,0.38,0.93,0.1062
SIN,SYD,7985,312,11098,64,39266,0.53,0.98,0.0
LHR,DXB,12007,287,223501,4,18898,0.64,0.97,0.4052
CDG,DXB,11467,351,231202,94,56097,0.36,0.7,0.2562
JFK,DXB,9663,309,330235,50,82876,0.43,0.56,0.4447
BOM,JFK,1078,218,182591,23,29325,0.55,0.65,0.2835
JFK,JFK,6959,50,96209,101,54759,0.95,0.04,0.0
FRA,FRA,13298,432,482391,47,68444,0.58,0.39,0.7809
NRT,SYD,11301,325,427742,56,41030,0.46,0.4,0.7174
BOM,LAX,4006,295,225296,97,15779,0.4,0.54,0.322
JFK,LAX,11629,332,84786,73,36586,1.0,0.34,0.0234
DXB,BOM,7322,368,80357,13,84096,1.0,0.32,0.0
JFK,SYD,5334,341,421125,104,19643,0.91,0.95,0.699
NRT,LAX,3120,454,112831,81,96557,0.11,0.26,0.0
LHR,SIN,5048,262,466134,99,34248,0.3,0.43,0.7648
CDG,BOM,8184,121,19878,34,44687,0.58,0.3,0.0
BOM,SYD,13621,142,267331,70,69485,0.73,0.41,0.3257
BOM,NRT,674,486,291243,25,43522,0.86,0.3,0.4704
CDG,CDG,1280,220,225073,40,18585,0.46,0.75,0.373
LHR,FRA,7410,55,352376,56,76507,0.91,0.64,0.4957
SIN,DXB,9175,415,437021,91,92100,0.91,0.8,0.5988
DXB,DXB,9043,267,92666,19,60509,0.09,0.46,0.0453
DXB,JFK,12938,160,470157,69,6517,0.98,0.93,0.8583
CDG,JFK,3580,378,219976,72,50526,0.94,0.18,0.2669
CDG,LHR,6794,135,421297,87,49614,0.49,0.72,0.6564
DXB,BOM,7880,74,304128,47,19468,0.24,0.48,0.5223
JFK,NRT,8268,249,178749,78,66535,0.32,0.12,0.1464
LAX,LAX,7701,191,242768,110,27079,0.2,0.56,0.3214
LHR,CDG,13254,372,173895,57,22260,0.92,0.99,0.2463
LAX,BOM,3086,125,69332,32,77634,0.64,0.74,0.0
DXB,NRT,9689,203,200347,8,6873,0.36,0.04,0.3789
LHR,SIN,8057,456,125834,43,78619,0.25,0.78,0.0514
BOM,LHR,1254,268,392777,114,35976,0.05,0.05,0.5996
DXB,DXB,4984,110,40327,59,52242,0.47,0.5,0.0
SYD,FRA,3257,384,383503,62,99826,0.23,0.07,0.5054
CDG,NRT,2168,398,281282,79,48951,0.01,0.36,0.3857
LAX,SIN,9817,396,335194,83,84735,0.28,0.8,0.4179
BOM,BOM,12009,309,280799,23,12941,0.27,0.75,0.5127
LHR,DXB,783,334,364286,76,60854,0.6,0.35,0.5309
NRT,LHR,12330,254,84956,118,23130,0.36,0.3,0.0057
SYD,LHR,10827,459,133127,46,36674,0.01,0.58,0.1469
LAX,JFK,11969,334,182787,53,22865,0.72,0.85,0.2668
JFK,LAX,6461,64,79943,81,39118,0.61,0.3,0.0006
LAX,DXB,4375,368,364253,15,6509,0.03,0.16,0.7005
BOM,LHR,12508,318,350972,82,30969,0.9,0.9,0.558
BOM,CDG,4216,206,492831,52,23325,0.55,0.38,0.887
LHR,LHR,10130,115,132819,113,87293,0.9,0.67,0.0
NRT,SYD,9412,285,299406,29,41415,0.43,0.25,0.487
LHR,LHR,12499,104,460168,42,63704,0.11,0.19,0.7509
FRA,NRT,13973,134,102956,32,37799,0.24,0.66,0.0983
JFK,FRA,4304,476,327189,40,32904,0.75,0.37,0.5486
LHR,SIN,11975,473,19525,6,83138,0.98,0.16,0.0
JFK,FRA,9364,219,72581,40,20085,0.23,0.11,0.065
LHR,SYD,11623,210,434511,25,54833,0.34,0.24,0.7344
DXB,CDG,2620,462,423502,69,66760,0.12,0.3,0.6445
LAX,JFK,6891,112,10425,84,14257,0.1,0.47,0.0
BOM,SIN,11529,82,198828,45,47782,0.64,0.85,0.2571
DXB,DXB,8354,443,410831,21,27875,0.45,0.62,0.7449
DXB,FRA,7191,288,472255,90,71916,0.64,0.1,0.7107
CDG,BOM,7453,186,76882,16,18206,0.54,0.79,0.1014
NRT,FRA,2643,484,405554,43,24965,0.46,0.01,0.7182
JFK,SYD,4505,83,432135,41,12714,0.87,0.3,0.7978
LAX,FRA,5927,247,336055,104,94792,0.22,0.53,0.3785
LAX,SYD,3381,442,232027,115,79405,0.86,0.73,0.1902
DXB,LAX,1711,118,383087,67,98656,0.91,0.11,0.5019
NRT,LHR,5323,181,496131,33,32156,0.02,0.12,0.895
NRT,LAX,2507,110,344846,94,9157,0.56,0.95,0.5774
BOM,CDG,8467,409,425652,51,23855,0.62,0.82,0.7526
DXB,DXB,11856,274,74560,72,93008,0.87,0.11,0.0
DXB,SYD,6857,335,247359,49,66620,0.69,0.63,0.3125
BOM,FRA,7899,173,390697,99,70995,0.93,0.95,0.5404
LAX,SIN,4428,132,34782,51,19156,0.24,0.76,0.0
NRT,LAX,10102,95,106597,1,86212,0.6,0.19,0.0398
SYD,LHR,6438,201,54592,67,75266,0.85,0.95,0.0
CDG,NRT,4678,435,40084,62,38591,0.54,0.98,0.0
SYD,LAX,4078,430,282131,72,51967,0.21,0.64,0.3883
FRA,DXB,10840,220,46508,56,69682,0.82,0.74,0.0
BOM,JFK,9069,295,450138,4,33921,0.6,0.29,0.8284
JFK,SYD,2152,73,258770,2,11536,0.59,0.74,0.4925
BOM,LHR,2212,293,167394,108,79287,0.79,0.31,0.0682
SIN,JFK,11554,118,271678,117,92154,0.18,0.05,0.242
LAX,DXB,10571,425,182225,47,17674,0.97,0.71,0.2821
NRT,CDG,6800,217,479962,25,77046,0.77,0.45,0.7808
CDG,BOM,13289,168,58844,20,93382,0.54,0.05,0.0
JFK,LHR,9942,274,483287,46,12396,0.63,0.11,0.8958
SYD,LAX,3320,488,117887,73,36077,0.23,0.24,0.0906
SYD,NRT,12588,476,302769,36,54496,0.01,0.18,0.4605
DXB,DXB,12751,367,147831,50,19328,0.68,0.84,0.207
JFK,DXB,12804,220,266161,38,57784,0.92,0.37,0.3788
SYD,SIN,3099,89,134532,6,50352,0.66,0.08,0.1624
SYD,BOM,7108,465,222964,109,59587,0.37,0.49,0.2178
DXB,CDG,3233,272,137358,65,55030,0.82,0.17,0.0997
CDG,CDG,9580,334,145631,40,79158,0.1,0.14,0.0929
SYD,DXB,5441,243,348240,69,15170,0.98,0.52,0.5971
LHR,NRT,7510,156,97959,10,46552,0.44,0.22,0.0928
JFK,DXB,7513,269,192561,29,92144,0.81,0.23,0.1718
SIN,NRT,10543,249,214164,61,86024,0.9,0.54,0.1953
LHR,CDG,5308,298,356189,109,94794,0.4,0.99,0.4138
BOM,LHR,10205,243,266391,47,64448,0.83,0.99,0.3569
JFK,DXB,12013,180,384405,28,92951,0.38,1.0,0.5549
NRT,CDG,7095,395,141123,52,6324,0.24,0.06,0.2176
LHR,CDG,11297,236,480897,80,82050,0.82,0.88,0.7177
NRT,LHR,4309,143,489670,27,86007,0.21,0.56,0.7803
FRA,FRA,2549,77,118623,115,11332,0.32,0.9,0.0996
DXB,CDG,12744,261,52841,13,23550,0.46,0.88,0.0456
LHR,DXB,12216,431,185270,5,99029,0.4,0.66,0.1675
LAX,SIN,9429,282,243895,2,29453,0.3,0.11,0.4269
FRA,DXB,3288,182,132423,94,27397,0.12,0.95,0.1161
SYD,FRA,11846,67,440520,106,61754,0.28,0.74,0.6515
DXB,LHR,879,190,491559,64,16708,0.51,0.6,0.8857
DXB,DXB,2114,461,183349,54,98201,0.04,0.59,0.1163
JFK,LAX,5626,53,368806,43,32302,0.24,0.73,0.63
BOM,DXB,2415,305,221373,76,66838,0.56,0.6,0.2331
SYD,NRT,7845,353,234081,74,39524,0.54,0.31,0.3151
DXB,SYD,9563,373,287978,80,15427,0.89,0.62,0.4651
DXB,NRT,11018,77,245078,70,22349,0.31,0.99,0.3755
NRT,SIN,3784,296,478948,14,28943,0.29,0.58,0.886
LHR,LHR,3405,221,47389,105,8118,0.38,0.24,0.0
CDG,CDG,805,87,327890,32,75349,0.72,0.62,0.4731
JFK,BOM,7696,379,143731,46,19293,0.18,0.97,0.2029
CDG,FRA,11588,181,317422,73,41737,0.13,0.85,0.4784
SYD,DXB,1575,269,168901,99,78166,0.27,0.22,0.0825
CDG,BOM,5182,209,52689,81,74785,0.58,0.54,0.0
SIN,BOM,10044,52,138588,88,29741,0.03,0.24,0.1297
JFK,CDG,4446,475,436451,1,66444,0.82,0.63,0.739
LAX,JFK,9372,81,86122,31,64958,0.33,0.38,0.0113
JFK,JFK,11587,372,498588,95,71521,0.19,0.3,0.7591
CDG,SYD,12664,78,220949,109,52753,0.83,0.27,0.2274
NRT,LAX,8235,233,186707,53,40646,0.95,0.32,0.2391
NRT,JFK,913,132,53485,67,98394,0.02,0.82,0.0
SIN,LAX,11953,286,488216,12,94119,0.68,0.84,0.7762
CDG,FRA,2484,448,256819,45,83903,0.36,0.88,0.3008
SIN,SYD,5445,248,465593,26,75037,0.58,0.09,0.7551
CDG,LHR,12866,424,368919,81,69379,0.58,0.15,0.5181
FRA,NRT,12581,167,254023,13,17687,0.95,0.17,0.4597
BOM,BOM,7333,349,324013,89,75433,0.75,0.52,0.4082
LHR,SYD,12591,298,310377,118,62920,0.46,0.25,0.3769
LAX,SYD,4419,434,35995,11,16756,0.76,0.76,0.0275
DXB,DXB,4523,297,235425,29,31159,0.4,0.91,0.3795
SIN,DXB,10940,89,174236,113,10889,0.03,0.81,0.2137
CDG,SYD,13667,210,146997,119,16110,0.19,0.41,0.1428
DXB,SIN,1239,421,173031,15,17133,0.33,0.46,0.2968
SYD,SYD,12627,70,407806,74,29138,0.44,0.04,0.6833
CDG,FRA,12882,68,28380,39,40609,0.25,0.1,0.0
JFK,JFK,1664,255,63778,32,75917,0.7,0.64,0.0
CDG,SIN,9247,369,300191,15,37732,0.01,0.13,0.5099
LHR,SYD,2749,137,189728,88,66670,0.76,0.65,0.1581
NRT,SYD,6872,195,270862,68,65445,0.66,0.29,0.3428
NRT,BOM,10349,52,71123,114,67935,0.49,0.91,0.0
DXB,SIN,796,52,376798,19,21434,0.89,0.52,0.6917
DXB,BOM,8786,385,257793,117,16852,0.03,0.45,0.3649
BOM,SYD,3810,292,372074,82,77283,0.05,0.2,0.5076
JFK,JFK,6833,400,88858,46,24055,0.25,0.94,0.0836
JFK,BOM,2079,211,201227,105,19319,0.41,0.84,0.2588
NRT,FRA,2837,59,467029,35,10246,0.74,0.37,0.8786
JFK,FRA,10027,303,228021,28,79254,0.97,0.57,0.2695
BOM,DXB,13834,123,130645,87,37005,0.11,0.5,0.1003
SYD,JFK,11859,495,198351,42,17485,0.8,0.94,0.3197
NRT,FRA,13465,167,74758,118,77001,0.06,0.91,0.0
CDG,LHR,8455,172,232914,15,30393,0.8,0.13,0.39
LHR,SYD,9845,114,431127,98,87203,0.33,0.92,0.5898
SYD,CDG,9879,487,488074,26,62793,0.93,0.2,0.8246
JFK,DXB,9656,75,141264,29,55340,0.52,0.92,0.1428
FRA,LAX,13675,298,413932,18,52234,0.63,0.91,0.7054
CDG,LAX,7555,295,485889,6,38732,0.78,0.17,0.8883
SIN,LHR,6605,421,376925,26,84077,0.78,0.67,0.5597
LAX,CDG,8930,198,69247,78,52435,0.34,0.29,0.0
NRT,LAX,13059,149,428071,15,97319,0.34,0.17,0.6465
CDG,LHR,4374,301,317643,66,89706,0.88,0.68,0.3899
BOM,JFK,2120,285,275109,26,62028,0.53,0.69,0.4002
CDG,JFK,3478,456,77561,3,16255,0.0,0.33,0.1196
LHR,SIN,829,339,235342,23,45008,0.51,0.61,0.3577
DXB,BOM,10926,96,95762,28,94771,0.6,0.27,0.0
SYD,BOM,12249,481,431254,83,98222,0.15,0.69,0.5831
CDG,NRT,9218,406,419178,25,79012,0.81,0.76,0.6553
LHR,NRT,8306,132,143701,71,54892,0.16,0.39,0.1066
LAX,BOM,7983,383,440024,85,32214,0.33,0.28,0.7306
NRT,BOM,1480,145,125735,108,65285,0.07,0.15,0.0129
LAX,LHR,3450,195,416311,64,85914,0.86,0.98,0.5968
JFK,SIN,13977,435,421918,2,51443,0.71,0.69,0.739
SIN,BOM,6271,384,463128,62,86729,0.67,0.29,0.6908
JFK,SYD,4517,142,41808,28,17925,0.67,0.22,0.0198
DXB,SIN,5983,399,323500,11,73589,0.78,0.77,0.4888
LHR,JFK,11935,154,365003,12,52995,0.97,0.71,0.612
BOM,NRT,2765,402,429625,41,33114,0.68,0.34,0.752
NRT,CDG,6590,248,104738,113,33672,0.62,0.77,0.0291
BOM,SYD,2700,136,66728,12,23145,0.58,0.55,0.0752
LHR,SIN,13833,274,173737,112,9205,0.06,0.67,0.2171
CDG,SYD,2541,395,53472,70,6886,0.83,0.0,0.0232
CDG,DXB,11105,123,236074,20,90381,0.81,0.1,0.2714
BOM,DXB,13703,419,128489,51,35784,0.98,0.89,0.1344
SYD,FRA,10084,207,427602,71,34724,0.7,0.22,0.7148
CDG,LHR,13306,90,468033,98,61920,0.67,0.16,0.7142
DXB,SYD,10630,71,145883,83,36763,0.08,0.16,0.1352
LAX,BOM,8101,472,116326,76,90007,0.17,0.88,0.0
CDG,SYD,10138,72,353872,8,41050,0.77,0.92,0.6176
BOM,BOM,12583,361,204639,6,30700,0.72,0.4,0.3419
DXB,SIN,4912,203,141950,118,15049,0.9,0.68,0.1358
SIN,FRA,7945,382,411347,14,43509,0.04,0.82,0.7217
JFK,LAX,3554,138,23402,30,76786,0.27,0.99,0.0
DXB,LAX,2143,453,358584,107,39574,0.83,0.74,0.531
FRA,CDG,3325,319,291440,85,54469,0.34,0.94,0.3889
LAX,JFK,9512,418,39917,62,96159,0.17,0.65,0.0
BOM,LHR,8237,169,465828,40,38231,0.33,0.03,0.8152
LAX,SYD,4441,487,475296,45,15408,0.67,0.65,0.8748
CDG,LHR,1574,429,438027,103,79245,0.32,0.56,0.6146
CDG,SIN,9365,312,437207,79,8827,0.72,0.59,0.7778
LAX,LAX,9541,50,195604,17,92917,0.95,0.04,0.1884
LAX,DXB,3183,309,350502,94,19764,0.69,0.25,0.5675
LAX,FRA,6366,331,286880,74,54227,0.9,0.39,0.3913
SYD,NRT,2583,413,65180,81,82418,0.46,0.93,0.0
CDG,FRA,9465,207,68958,66,65443,0.93,0.5,0.0
CDG,LHR,12019,172,332022,92,59847,0.72,0.15,0.4524
SIN,FRA,2898,276,488225,63,14988,0.08,0.65,0.8835
JFK,SIN,11724,80,430683,97,99618,0.2,0.2,0.5651
FRA,JFK,11740,131,100261,85,56722,0.4,0.87,0.0021
DXB,JFK,5186,325,118952,7,93531,0.47,0.73,0.0438
SYD,FRA,7813,143,97368,16,66874,0.62,0.22,0.045
DXB,SYD,13611,105,380358,73,74194,0.73,0.65,0.5393
CDG,SIN,11921,140,132267,52,36860,0.03,0.86,0.1388
LAX,BOM,5799,72,177251,54,10927,0.22,0.67,0.2786
NRT,DXB,11360,326,31080,100,33742,0.01,0.37,0.0
SYD,FRA,11824,252,301216,115,73689,0.53,0.96,0.3401
LAX,CDG,1019,102,498028,107,93010,0.92,0.01,0.703
LHR,SYD,4870,178,213435,35,95277,0.16,0.08,0.2013
NRT,FRA,9347,434,363128,28,42834,0.03,0.3,0.6126
DXB,JFK,3991,231,44085,33,90435,0.06,0.35,0.0
NRT,BOM,9395,370,370798,46,70747,0.49,0.63,0.5541
LHR,LAX,10825,104,205200,56,97763,0.92,0.38,0.1589
SYD,CDG,12229,128,198624,74,87142,0.29,0.75,0.149
JFK,LAX,4199,145,123135,26,92616,0.13,0.26,0.035
CDG,DXB,11737,175,425869,4,87379,0.38,0.15,0.673
DXB,SYD,1086,348,147837,30,41286,0.89,0.62,0.1831
BOM,NRT,7057,475,482754,74,8212,0.12,0.21,0.8751
BOM,CDG,10516,55,380969,1,44342,0.12,0.34,0.6723
LHR,SIN,13048,386,492769,68,5916,0.18,0.1,0.9057
SYD,BOM,13738,366,447406,67,53135,0.04,0.89,0.7215
JFK,LAX,10636,169,353318,103,49514,0.21,0.14,0.5046
LHR,NRT,2261,186,430285,36,30032,0.98,0.81,0.7645
JFK,FRA,5050,273,18607,63,60741,0.79,0.16,0.0
FRA,NRT,2060,267,181743,108,48205,0.75,0.47,0.1591
LAX,DXB,4262,203,248912,118,21479,0.68,0.46,0.3369
LAX,LHR,3412,105,423595,11,75276,0.87,0.57,0.6856
NRT,LAX,2281,382,431919,97,46964,0.09,0.09,0.6729
LAX,JFK,11396,51,79364,9,36481,0.33,0.57,0.0768
LAX,LHR,13136,408,173538,53,82976,0.7,0.04,0.1281
NRT,LHR,8547,270,66146,32,74504,0.8,0.98,0.0
LHR,NRT,1645,431,209097,6,90286,0.83,0.74,0.2316
BOM,SYD,8915,190,359443,108,46170,0.98,0.75,0.5185
JFK,BOM,3179,274,106080,25,7832,0.56,0.23,0.1715
SIN,DXB,7995,395,208145,23,26648,0.22,0.74,0.34
LHR,BOM,13872,246,352965,22,34055,0.22,0.08,0.6158
NRT,LAX,668,374,219204,71,25603,0.59,0.26,0.3162
BOM,LAX,1660,102,337561,116,29114,0.7,0.04,0.5009
NRT,FRA,685,316,77077,110,82031,0.58,0.32,0.0
LHR,DXB,3946,380,294805,111,83404,0.72,0.11,0.3118
LAX,SYD,10959,287,302798,32,35409,0.31,0.16,0.5028
SIN,SYD,11137,483,324326,71,79199,0.46,0.49,0.4193
FRA,SIN,9774,438,408570,84,17497,0.38,0.23,0.6981
DXB,SIN,11540,491,27335,84,69409,0.52,0.13,0.0
CDG,CDG,1627,69,28562,2,51491,0.57,0.1,0.0
JFK,SIN,9859,440,47428,87,32965,0.69,0.3,0.0
SIN,LAX,2412,137,113707,6,29429,0.04,0.05,0.1626
DXB,SYD,1014,398,22700,103,31099,0.77,0.39,0.0
CDG,SYD,2526,323,416018,108,85142,0.89,0.43,0.5538
LAX,SYD,13886,261,282974,73,67378,0.9,0.26,0.3582
NRT,DXB,12403,205,210219,44,41202,0.57,0.4,0.294
LAX,LAX,12202,279,280879,95,63398,0.64,0.08,0.34
SIN,FRA,8290,59,230613,34,16487,0.56,0.12,0.3943
BOM,NRT,7021,158,345044,11,65046,0.43,0.65,0.549
CDG,CDG,13940,212,348823,93,88705,0.1,0.17,0.4272
NRT,LHR,7900,459,445242,28,16227,0.16,0.2,0.83
BOM,CDG,12767,105,203008,69,11076,0.2,0.75,0.3149
JFK,LAX,9323,433,142239,54,42949,0.24,0.32,0.1446
CDG,SIN,7263,310,196852,56,43451,0.77,0.49,0.2508
SYD,FRA,7534,361,91677,52,92323,0.39,0.97,0.0
NRT,SIN,9560,66,177041,78,39011,0.14,0.5,0.1981
JFK,FRA,9122,497,285722,19,74532,0.65,0.39,0.4034
FRA,BOM,980,99,286362,107,22351,0.32,0.42,0.421
FRA,FRA,5603,183,468932,8,59455,0.65,0.56,0.811
JFK,JFK,12493,342,412451,27,8713,0.09,0.7,0.7805
LHR,FRA,9806,122,389337,41,97274,0.02,0.66,0.5431
SIN,DXB,9045,178,268423,102,18382,0.96,0.66,0.3981
DXB,NRT,10143,70,469319,103,11771,0.12,0.33,0.8121
LHR,JFK,11159,176,115296,39,20988,0.01,0.98,0.1496
JFK,LHR,2123,326,304869,37,27602,0.89,0.32,0.5175
LAX,JFK,5938,439,181002,34,21208,0.79,0.45,0.2856
BOM,CDG,12750,304,423805,91,47943,0.16,0.05,0.6607
NRT,DXB,1653,57,350979,79,17950,0.29,0.98,0.5871
DXB,SIN,1846,355,366147,2,66532,0.93,0.61,0.5972
LHR,NRT,10555,74,432535,38,81908,0.78,0.39,0.6633
NRT,SYD,3886,164,441066,88,34409,0.96,0.82,0.7253
LAX,SIN,4183,382,25951,67,21569,0.87,0.05,0.0
CDG,LAX,8484,443,35500,21,89025,0.17,0.83,0.0
JFK,LHR,4200,427,48943,77,12860,0.66,0.22,0.0
SIN,LAX,8920,169,68505,18,39622,0.96,0.78,0.0398
SIN,BOM,3902,140,494719,8,79399,0.18,0.42,0.8226
LAX,SYD,13469,259,55945,76,82047,0.11,0.81,0.0
CDG,CDG,5673,302,250646,44,43225,0.57,0.08,0.3708
JFK,SIN,2175,393,328638,87,12914,0.96,0.31,0.5444
LAX,LHR,7862,451,449065,9,16488,0.56,0.5,0.8562
DXB,SIN,11174,289,233347,99,91638,0.44,0.47,0.1844
NRT,FRA,7240,481,255534,10,79324,0.36,0.35,0.3424
BOM,LAX,11320,230,75626,72,48650,0.87,0.31,0.0
LHR,NRT,4258,294,260499,86,5871,0.46,0.36,0.4233
SYD,BOM,11330,87,328740,118,67041,0.24,0.13,0.4054
FRA,BOM,1425,405,189273,82,10875,0.43,0.6,0.2748
DXB,SYD,13018,152,482545,51,72467,0.36,0.08,0.7692
SIN,CDG,4986,179,17870,49,9871,0.41,0.8,0.0
LAX,SIN,7315,498,237379,16,38848,0.12,0.7,0.3811
DXB,BOM,7744,126,359113,43,14917,0.56,0.31,0.6454
LHR,SIN,12535,347,460415,22,55384,0.55,0.12,0.7881
SYD,LAX,13716,347,69103,69,97715,0.79,0.74,0.0
FRA,LAX,1944,296,454218,113,80592,0.0,0.96,0.6343
BOM,SYD,11709,256,147529,74,26613,0.03,0.68,0.1678
LAX,BOM,3030,465,273111,70,35159,0.75,0.17,0.4059
SYD,SIN,2551,449,498203,32,79643,0.36,0.2,0.8051
SIN,BOM,514,199,356923,108,80013,0.09,0.48,0.4458
JFK,SYD,11146,290,381992,50,79468,0.72,0.71,0.555
DXB,LHR,8082,398,344742,38,86556,0.88,0.42,0.4784
FRA,SYD,2644,236,98859,34,35951,0.5,0.82,0.0918
CDG,SIN,13084,192,249401,13,28196,0.38,0.06,0.4294
DXB,BOM,1152,267,376386,80,23552,0.15,0.6,0.6257
LHR,FRA,7948,208,424296,32,43846,0.15,1.0,0.7289
LHR,LHR,1054,166,358244,84,29305,0.66,0.35,0.5739
CDG,LAX,9205,317,306950,115,32137,0.34,0.38,0.4346
LAX,CDG,10826,453,149820,92,19177,0.92,0.01,0.1693
LAX,DXB,7178,93,126266,111,57179,0.06,0.88,0.0272
CDG,BOM,504,289,440907,9,50904,0.06,0.19,0.771
SIN,BOM,6720,115,298322,112,31832,0.98,0.55,0.421
SIN,NRT,3047,483,464971,73,72843,0.95,0.62,0.7113
FRA,SYD,4973,95,310593,34,21677,0.18,0.3,0.5438
BOM,CDG,12329,259,41049,110,81124,0.86,0.63,0.0
BOM,LAX,12570,113,237411,57,27682,0.88,0.22,0.3625
FRA,FRA,772,105,291380,94,42266,0.92,0.39,0.4042
SYD,BOM,8284,314,161601,70,67420,0.15,0.38,0.1184
LHR,JFK,1804,436,425926,18,84372,0.05,0.74,0.6651
CDG,NRT,596,494,267974,37,53824,0.09,0.04,0.3913
NRT,JFK,1585,273,85807,44,89868,0.91,0.35,0.0
DXB,LHR,11472,323,59673,10,7609,0.8,0.55,0.0941
DXB,NRT,12027,342,183781,117,6311,0.38,0.3,0.2379
DXB,LHR,13429,362,191498,11,89700,0.86,0.23,0.1926
DXB,FRA,2386,183,68330,116,42609,0.91,0.62,0.0
NRT,JFK,8653,50,304433,64,23506,0.51,0.72,0.4979
FRA,CDG,6914,175,264233,114,53438,0.21,0.74,0.3076
JFK,CDG,765,141,248339,6,78376,0.96,0.84,0.3339
LHR,SIN,10841,319,495740,86,69026,0.14,0.92,0.7674
SYD,FRA,12105,237,196753,5,74178,0.75,0.12,0.2402
BOM,DXB,12894,363,343559,90,82526,0.71,0.02,0.4321
FRA,BOM,5619,196,340929,118,63712,0.03,0.15,0.4364
LAX,SIN,13376,388,131734,33,36494,0.63,0.3,0.1575
BOM,NRT,8658,453,101351,29,79616,0.78,0.78,0.0145
BOM,SYD,11866,66,474913,86,29795,0.19,0.92,0.8042
DXB,LHR,2224,72,134230,8,36356,0.65,0.06,0.1877
CDG,SIN,10545,116,318356,70,58136,0.1,0.08,0.4504
CDG,SYD,12022,285,470148,99,33140,0.71,0.01,0.775
LHR,FRA,3459,51,53895,59,64297,0.98,0.53,0.0
BOM,NRT,558,466,82676,114,20957,0.75,0.28,0.0094
BOM,LAX,1489,364,327847,101,8263,0.21,0.62,0.5382
SYD,NRT,1832,251,169262,76,70203,0.6,0.7,0.1221
LAX,LHR,13035,80,381576,116,65169,0.55,0.31,0.5168
BOM,SYD,8463,489,194099,5,5961,0.12,0.89,0.3713
DXB,SYD,4635,128,287337,36,80339,0.6,0.97,0.378
BOM,SIN,10654,251,200491,106,91981,0.55,0.47,0.111
LHR,LHR,6613,199,359094,84,52249,0.12,0.88,0.5297
SYD,SYD,13673,280,458991,85,87405,0.31,0.31,0.6582
FRA,FRA,5858,302,389124,34,23902,0.83,0.35,0.6964
FRA,FRA,5964,293,374623,77,27184,0.78,0.12,0.6179
NRT,SIN,13141,156,170184,94,31129,0.04,0.45,0.1841
LAX,CDG,2200,379,427657,55,93269,0.46,0.2,0.6138
DXB,SYD,12655,462,258229,69,14396,0.95,0.11,0.4187
DXB,BOM,4341,158,273715,88,6459,0.75,0.11,0.4465
BOM,DXB,9825,451,172559,54,27399,0.12,0.81,0.2363
SIN,DXB,13437,168,253203,23,21873,0.88,0.89,0.4397
JFK,BOM,13408,295,256649,82,82739,0.09,0.96,0.2658
LAX,SYD,8417,64,374370,113,47308,0.45,0.29,0.5411
SYD,SYD,2114,191,223456,49,64790,0.79,0.87,0.2683
LHR,JFK,578,464,87556,108,5232,0.41,0.48,0.0566
NRT,SIN,2969,140,224881,14,85599,0.48,0.83,0.2646
DXB,NRT,3187,291,441217,99,52053,0.71,0.66,0.6793
NRT,BOM,8408,178,122696,21,87408,0.17,0.67,0.0496
SYD,LHR,2729,296,432812,118,49132,0.77,0.44,0.6494
FRA,SYD,1279,332,142459,65,48880,0.52,0.01,0.1222
LAX,SYD,12652,190,452562,16,18761,0.36,0.89,0.8516
LAX,SYD,3150,244,431209,38,48466,0.09,0.27,0.7275
DXB,FRA,7086,303,67173,99,90046,0.49,0.46,0.0
BOM,LAX,4883,451,431373,92,48595,0.99,0.98,0.6736
NRT,NRT,4828,277,95622,83,44265,0.39,0.77,0.0197
NRT,SYD,4637,412,84958,44,72961,0.57,0.08,0.0
NRT,BOM,12290,489,285823,117,11150,0.55,1.0,0.4323
SYD,CDG,10267,289,113018,40,54538,0.62,0.98,0.077
SIN,DXB,5499,235,128815,102,65803,0.0,0.66,0.024
SYD,DXB,9182,95,134337,45,7643,0.23,0.75,0.2084
BOM,CDG,8641,419,48026,39,15993,0.71,0.42,0.0251
DXB,NRT,7697,327,251808,115,67453,0.61,0.81,0.2537
LHR,NRT,10331,173,293055,110,79596,0.17,0.23,0.3169
LAX,CDG,5250,252,61607,98,41589,0.24,0.31,0.0
CDG,FRA,5268,77,150288,98,93558,0.53,0.71,0.0155
FRA,CDG,12079,110,324107,104,53208,0.62,0.06,0.4378
SYD,NRT,9624,456,134273,52,11775,0.22,0.05,0.193
NRT,LHR,3038,59,452683,12,8745,0.07,0.96,0.8759
JFK,LAX,5748,238,90919,30,11645,0.85,0.08,0.1285
NRT,JFK,13788,178,370084,116,19938,0.16,0.73,0.5843
BOM,LHR,5580,202,203580,47,80098,0.13,0.09,0.2
LAX,JFK,4793,490,133897,25,56808,0.68,0.27,0.1292
SIN,SYD,2808,474,109486,99,96122,0.29,0.53,0.0
BOM,DXB,11587,238,442709,86,66400,0.1,0.74,0.6666
FRA,DXB,6873,168,185442,119,50535,0.94,0.36,0.1508
LAX,NRT,7905,323,201635,0,56045,0.18,0.4,0.2912
BOM,LHR,12411,423,409431,116,94845,0.66,0.06,0.5132
SYD,JFK,4576,460,74791,33,54328,0.47,0.85,0.0079
FRA,LAX,2866,454,177901,37,80489,0.08,0.66,0.1578
CDG,LHR,8960,476,240442,56,51343,0.22,0.09,0.3222
NRT,NRT,9523,417,155705,52,23654,0.53,0.17,0.2121
BOM,CDG,6524,474,199925,56,27427,0.22,0.27,0.289
JFK,LHR,8624,386,158302,50,46656,0.42,0.02,0.1733
DXB,CDG,6744,111,109219,34,52529,0.32,0.26,0.0794
LAX,CDG,10118,310,396624,37,92850,0.82,0.93,0.5705
LAX,NRT,5271,200,87666,1,57440,0.89,0.38,0.0595
DXB,BOM,10532,225,333839,37,49889,0.45,0.49,0.5309
NRT,SYD,9095,300,376283,4,36769,0.71,0.89,0.675
CDG,CDG,5377,355,443906,73,15102,0.23,0.33,0.7846
JFK,JFK,2766,321,147560,10,79549,0.47,0.79,0.126
BOM,LAX,5022,186,452929,9,50286,0.17,0.1,0.7963
JFK,SIN,10336,127,132123,13,20798,0.36,0.2,0.2096
SIN,SYD,9260,90,39869,65,54433,0.08,0.08,0.0
LHR,SYD,12181,417,103916,103,44143,0.49,0.73,0.0165
SIN,NRT,10491,84,167786,0,74726,0.31,0.06,0.1861
SIN,CDG,11770,185,456611,100,30232,0.09,0.41,0.7528
LHR,JFK,1716,315,112658,47,9761,0.81,0.87,0.1588
DXB,BOM,11113,93,461427,41,77170,0.76,0.56,0.7275
LAX,FRA,2614,377,479882,5,91303,0.73,0.58,0.7722
LHR,SIN,12019,318,73578,111,71110,0.95,0.1,0.0
LAX,NRT,649,224,177575,83,95154,0.81,0.29,0.0818
NRT,LAX,7627,82,457598,67,9627,0.65,0.16,0.8289
FRA,BOM,1154,207,87239,51,35757,0.22,0.5,0.052
FRA,LHR,10787,64,125401,110,86166,0.08,0.75,0.0
SYD,BOM,9729,129,88175,102,12585,0.01,0.24,0.0492
LAX,FRA,12929,69,414775,66,75638,0.09,0.84,0.6123
NRT,SIN,12142,341,309619,10,9439,0.01,0.28,0.5904
NRT,BOM,4355,154,274702,42,44183,0.09,0.46,0.419
NRT,LHR,5994,372,36696,72,60320,0.57,0.02,0.0
BOM,CDG,3599,352,86840,0,70882,0.07,0.15,0.0319
NRT,CDG,2281,257,289695,7,63225,0.32,0.87,0.4459
NRT,CDG,776,105,97177,5,62520,0.88,0.43,0.0643
SYD,SIN,7188,110,228164,65,47069,0.95,0.03,0.2972
NRT,FRA,4110,381,285660,99,5422,0.71,0.56,0.4615
JFK,BOM,9020,229,181236,30,7847,0.79,0.27,0.3168
LAX,DXB,2534,65,458610,43,99751,0.6,0.68,0.6747
JFK,SIN,5590,440,193309,102,27068,0.94,0.28,0.2305
LAX,JFK,6117,339,290564,7,66411,0.57,0.7,0.4413
SIN,SIN,8398,98,345108,36,71057,0.71,0.53,0.5121
LHR,NRT,13648,290,231072,78,26660,0.47,0.1,0.3308
CDG,NRT,12461,358,293744,80,69501,0.21,0.25,0.3685
DXB,SYD,8731,205,463198,52,44821,0.71,0.82,0.7848
SYD,LAX,3778,278,432742,0,20507,0.24,0.56,0.8245
DXB,FRA,12610,147,170962,7,73858,0.12,0.52,0.1872
LHR,BOM,10250,414,321948,111,33788,0.85,0.1,0.4653
NRT,DXB,8925,462,336220,10,31726,0.47,0.65,0.599
JFK,CDG,5882,51,398123,41,5252,0.26,0.66,0.7447
FRA,CDG,5462,310,390492,6,60856,0.61,0.78,0.6533
LHR,FRA,3890,264,230441,55,41695,0.91,0.41,0.3225
LHR,FRA,8538,422,298775,37,57777,0.27,0.81,0.445
CDG,SIN,11970,310,213010,75,32377,0.9,0.51,0.2863
FRA,LAX,1812,99,135121,71,14732,0.34,0.68,0.1698
SYD,SYD,12628,94,375225,78,18641,0.26,0.31,0.6352
LHR,SYD,1425,151,374366,113,30098,0.07,0.01,0.5755
LHR,LAX,8947,486,403806,43,23644,0.85,0.26,0.7173
BOM,LAX,7210,428,274110,31,49873,0.22,0.09,0.4175
JFK,CDG,1186,167,111622,79,14183,0.26,0.3,0.1159
FRA,JFK,3579,174,221869,52,45828,0.78,0.01,0.3001
JFK,LAX,4545,406,454873,0,47118,0.88,0.57,0.8155
CDG,LHR,4446,220,188868,117,87519,0.93,0.14,0.0857
LHR,DXB,756,73,190182,26,88284,0.65,0.04,0.1778
SIN,NRT,7324,144,68140,90,61424,0.89,0.57,0.0
SYD,FRA,11608,331,55830,32,5858,0.42,0.67,0.0679
DXB,FRA,2710,450,250622,8,54743,0.86,0.46,0.3838
LHR,SYD,11304,463,268729,86,41177,0.89,0.25,0.3691
JFK,FRA,13094,394,141064,71,25258,0.6,0.5,0.1606
FRA,LHR,11242,428,17616,22,51221,0.42,0.61,0.0
NRT,JFK,6005,390,195221,34,52119,0.08,0.31,0.2522
LAX,SIN,6592,445,390306,54,47225,0.9,0.11,0.6322
FRA,FRA,6497,386,343459,84,87222,0.85,0.87,0.4285
JFK,DXB,6470,64,52103,65,13358,0.4,0.44,0.0125
DXB,FRA,1900,459,256821,93,86338,0.39,0.91,0.248
FRA,LAX,11947,361,417100,33,73619,0.36,0.88,0.654
LAX,DXB,8911,139,156755,25,39923,0.14,0.33,0.2087
LHR,FRA,11418,199,203231,93,87984,0.81,0.19,0.1375
FRA,SYD,2520,421,302540,102,29182,0.41,0.23,0.4447
JFK,DXB,5147,147,262068,117,56033,0.34,0.73,0.2951
SYD,SYD,7834,489,121554,48,74410,0.75,0.29,0.0463
LAX,NRT,12962,208,63699,18,93423,0.94,0.72,0.0
LHR,SIN,8060,103,154874,38,77415,0.41,0.7,0.1169
DXB,JFK,6161,382,273751,108,31305,0.68,0.59,0.3769
BOM,SIN,12729,219,453531,93,7734,0.09,0.61,0.7986
SIN,JFK,7022,70,130104,72,86884,0.88,0.99,0.0144
LHR,LHR,7797,320,47608,2,73245,0.94,0.55,0.0
FRA,LAX,844,145,410335,53,79570,0.13,0.44,0.6085
LHR,BOM,8647,78,319467,29,43242,0.61,0.24,0.5234
LHR,CDG,13285,352,488556,15,97190,0.48,0.93,0.7677
NRT,NRT,13374,327,22048,105,13185,0.65,0.86,0.0
LHR,LHR,11141,384,301254,52,83897,0.15,0.01,0.3827
SYD,LHR,1454,388,235161,0,53834,0.72,0.48,0.3627
LHR,LAX,13218,340,40968,74,79278,0.35,0.45,0.0
LAX,JFK,12191,132,133616,52,28568,0.62,0.9,0.1581
DXB,LHR,9596,464,307633,51,59640,0.56,0.05,0.445
DXB,SIN,9419,211,128461,115,39279,0.89,0.88,0.0634
SYD,FRA,936,404,84290,76,53809,0.48,0.46,0.0
DXB,FRA,5296,72,229073,70,43562,0.95,0.14,0.301
CDG,BOM,5737,54,417290,19,86225,0.03,0.08,0.6431
SIN,DXB,632,214,304210,57,38211,0.36,0.93,0.475
LHR,DXB,11471,82,268307,38,71168,0.51,0.04,0.3563
SIN,LHR,5493,382,169465,23,32348,0.04,0.82,0.2512
CDG,SYD,8654,236,37149,38,8297,0.69,0.6,0.0197
FRA,JFK,4654,307,55634,99,95994,0.24,0.03,0.0
SIN,CDG,9418,168,425839,112,27445,0.01,0.74,0.6848
LAX,SYD,13952,111,357541,54,96277,0.38,0.08,0.4685
BOM,DXB,8949,297,49376,12,67445,0.44,0.81,0.0
FRA,FRA,2002,189,43871,55,60144,0.97,0.76,0.0
CDG,LHR,3840,446,165429,67,46518,0.13,0.09,0.1708
CDG,LHR,2752,367,427919,69,61284,0.26,0.07,0.6643
CDG,SYD,521,131,336495,71,39571,0.97,0.05,0.5228
NRT,JFK,11643,430,306695,24,66178,0.76,0.4,0.457
LHR,DXB,846,352,266676,45,84958,0.33,0.0,0.3184
CDG,SYD,5639,351,390760,67,83914,0.49,0.29,0.5467
LAX,SYD,3931,190,420037,74,68047,0.88,0.35,0.63
SIN,DXB,5086,359,159723,74,47580,0.81,0.71,0.1503
BOM,FRA,1909,379,292164,16,63777,0.39,0.36,0.4408
NRT,FRA,10859,498,109404,23,11452,0.08,0.55,0.1729
FRA,BOM,13476,470,112812,13,70991,0.15,0.35,0.0706
SIN,NRT,10596,396,310448,15,99301,0.51,0.26,0.4073
SYD,CDG,7001,279,485054,88,36906,0.74,0.91,0.8083
SYD,SYD,5772,367,239879,67,58269,0.44,0.27,0.2962
FRA,SIN,12469,165,42894,13,51116,0.65,0.86,0.0
LHR,LHR,2730,383,145428,86,5118,0.66,0.84,0.1946
FRA,DXB,7112,261,230997,98,99600,0.58,0.66,0.1648
SIN,SYD,10407,212,331824,83,61300,0.52,0.56,0.458
FRA,JFK,8989,454,106015,111,12335,0.23,0.91,0.0764
DXB,NRT,8264,74,435405,95,76880,0.15,0.0,0.622
NRT,FRA,2161,467,117188,24,47392,0.91,0.46,0.1156
BOM,BOM,10115,181,301298,77,70275,0.41,0.59,0.385
NRT,CDG,6115,492,29853,79,66671,0.79,0.21,0.0
DXB,NRT,13902,112,14629,85,36033,0.3,0.42,0.0
SIN,JFK,13769,290,280781,110,25943,0.59,0.78,0.3997
FRA,FRA,5965,329,220470,50,45477,0.15,0.97,0.3
CDG,BOM,1441,166,166747,67,12752,0.49,0.89,0.241
DXB,SIN,7497,414,472710,72,30912,0.36,0.14,0.8116
CDG,JFK,7468,338,188454,2,76704,0.29,0.31,0.2215
JFK,DXB,5246,95,257864,86,74913,0.14,0.78,0.2799
FRA,LAX,13318,72,292806,97,38990,0.86,0.57,0.4106
CDG,SIN,3034,381,49158,20,16237,0.99,0.86,0.0458
JFK,FRA,3568,479,112126,37,94810,0.75,0.79,0.0
SIN,SYD,1001,456,172267,48,46186,0.79,0.67,0.2042
JFK,LAX,9988,410,442699,42,77709,0.28,0.35,0.688
LHR,BOM,9896,443,136171,47,80952,0.66,0.53,0.0634
FRA,BOM,5471,341,451341,35,84643,0.07,0.06,0.6984
SIN,LHR,3875,142,378485,59,74487,0.63,0.79,0.549
NRT,LAX,8908,446,493221,69,57110,0.77,0.72,0.8032
BOM,CDG,1035,230,420615,13,27437,0.04,0.36,0.7734
BOM,SYD,3204,226,235416,37,89235,0.25,0.87,0.2554
BOM,SYD,8214,291,391744,3,36090,0.57,0.68,0.7083
DXB,JFK,8335,302,336430,1,81407,0.39,0.74,0.509
BOM,DXB,6630,144,397700,104,23595,0.55,0.48,0.6442
SYD,FRA,5184,408,370708,106,66213,0.67,0.57,0.503
CDG,LHR,5854,362,480858,30,64308,0.83,0.7,0.8031
JFK,SYD,13450,321,409669,93,68710,0.1,0.05,0.5889
BOM,FRA,11521,161,122003,89,92815,0.97,0.71,0.0
JFK,SYD,4111,380,76268,52,62267,0.57,0.58,0.0
NRT,SYD,1718,205,311016,88,95345,0.07,0.01,0.3433
CDG,BOM,12761,103,254339,99,58165,0.31,0.66,0.2933
LAX,JFK,12048,412,26612,89,57736,0.16,0.88,0.0
SIN,DXB,2048,176,377719,100,93941,0.33,0.61,0.4676
FRA,SYD,5525,238,285739,46,25699,0.18,0.29,0.4741
JFK,BOM,3053,95,174383,116,23555,0.2,0.24,0.1857
JFK,FRA,10579,462,138646,2,95341,0.11,0.31,0.0846
LHR,LHR,10421,451,27819,1,10847,0.27,0.71,0.0329
FRA,JFK,9563,415,184524,68,91513,0.5,0.5,0.118
LAX,LHR,8806,337,369077,46,42067,0.06,0.62,0.608
LAX,CDG,3175,446,424645,105,80371,0.85,0.66,0.5835
SIN,LHR,8873,490,199963,57,98250,0.29,0.62,0.1464
JFK,DXB,5048,297,85305,100,32480,0.37,0.27,0.0056
LHR,SYD,12700,411,34147,20,52100,0.5,0.12,0.0
LAX,SIN,10111,340,250118,33,61142,0.64,0.25,0.345
DXB,LHR,5890,283,483470,55,97441,0.81,0.05,0.7171
FRA,NRT,6405,433,74708,35,68120,0.56,0.83,0.0
JFK,NRT,4144,463,169934,66,61107,0.68,0.82,0.1517
NRT,CDG,4682,159,32650,49,41956,0.58,0.93,0.0
NRT,LAX,4201,259,207234,15,76287,0.73,0.07,0.2469
FRA,BOM,4343,150,495255,101,22376,0.48,0.91,0.8448
LAX,NRT,10102,93,421300,78,56527,0.09,0.41,0.6515
BOM,SYD,595,281,250515,38,56981,0.66,0.46,0.3491
DXB,NRT,5432,107,455061,99,96544,0.28,0.46,0.618
FRA,FRA,13039,206,446054,56,87142,0.36,0.98,0.6618
FRA,SIN,10958,414,120532,42,17054,0.53,0.02,0.165
LHR,LAX,6368,405,45285,29,24954,0.43,0.61,0.0117
DXB,FRA,8517,231,420696,80,37031,0.67,0.26,0.6873
LAX,NRT,4108,272,321891,11,25238,0.48,0.99,0.5823
SYD,JFK,11150,440,464773,12,78151,0.05,0.62,0.7612
JFK,NRT,5819,73,474628,83,24767,0.52,0.02,0.8167
SYD,CDG,859,485,25815,24,27213,0.86,0.69,0.0
DXB,LHR,9408,377,121981,107,49752,0.4,0.51,0.0375
FRA,DXB,11312,116,268780,108,77527,0.67,0.9,0.2745
SIN,JFK,13696,289,427798,90,12348,0.07,0.78,0.7409
LAX,FRA,7356,71,307481,34,42351,0.55,0.73,0.4963
CDG,LAX,534,342,305968,16,20935,0.88,0.22,0.5541
BOM,SYD,1538,361,273851,30,23861,0.96,0.84,0.47
CDG,NRT,8572,261,238093,63,13232,0.19,0.98,0.3867
BOM,SYD,1742,228,191293,36,5363,0.82,0.59,0.3359
SYD,CDG,7698,109,94036,0,28461,0.99,0.18,0.1312
DXB,FRA,7735,131,83031,101,87535,0.31,0.65,0.0
SYD,FRA,2128,177,37495,41,29167,0.72,0.72,0.0
NRT,SIN,4960,271,135224,70,47849,0.09,0.16,0.1048
NRT,FRA,9631,187,406145,107,14560,0.3,0.22,0.6762
BOM,NRT,8335,478,497532,56,19950,0.75,0.47,0.8992
SYD,FRA,2155,100,445960,65,8727,1.0,0.81,0.8095
SYD,CDG,2492,302,235777,110,93007,0.49,0.85,0.1755
LAX,SIN,7523,287,163026,25,65761,0.39,0.73,0.1695
LAX,JFK,12974,178,405102,117,19999,0.57,0.02,0.6532
SIN,LAX,7193,367,161310,89,9114,0.85,0.54,0.2154
CDG,BOM,1841,444,492443,2,22530,0.32,0.22,0.9378
NRT,CDG,6481,53,376960,13,15560,0.08,0.87,0.7098
BOM,JFK,10254,329,99084,107,66866,0.68,0.7,0.0
BOM,BOM,6575,210,47885,35,61769,0.14,0.93,0.0
SIN,DXB,6601,236,175205,17,94175,0.97,0.79,0.1451
DXB,BOM,13162,266,149268,104,8004,0.86,0.54,0.1785
LAX,DXB,11503,144,467229,86,42317,0.11,0.62,0.7638
NRT,FRA,9989,243,339204,57,54228,0.46,0.07,0.513
SYD,CDG,7048,382,101452,4,74415,0.75,0.63,0.0501
LAX,NRT,4749,475,249316,116,51384,0.06,0.06,0.2799
NRT,LAX,1154,253,250937,29,82513,0.79,0.51,0.3078
SIN,FRA,10926,125,247269,77,67286,0.47,0.86,0.283
LAX,SYD,4037,487,385078,101,78102,0.9,0.23,0.513
LHR,NRT,7139,309,268467,5,60620,0.39,0.48,0.4107
FRA,LAX,11721,374,42520,24,46698,0.33,0.08,0.0
DXB,NRT,700,483,363083,102,21280,0.15,0.29,0.5816
LHR,LAX,12630,98,66618,117,70805,0.69,0.89,0.0
SIN,BOM,10027,246,349621,92,41979,0.09,0.11,0.5233
CDG,FRA,3675,284,433812,14,9243,0.63,0.41,0.8351
BOM,FRA,9209,206,385057,70,38291,0.7,0.22,0.6235
LAX,LAX,1132,53,441273,21,85908,0.51,0.92,0.6897
JFK,LHR,538,91,209128,78,13676,0.84,0.67,0.3129
FRA,LHR,8346,151,146728,27,77837,1.0,0.53,0.1108
CDG,SIN,6601,322,134754,68,96065,0.89,0.75,0.0094
FRA,LHR,11102,264,117371,45,69704,0.76,0.48,0.0503
SIN,NRT,3170,254,396831,72,74124,0.31,0.6,0.5734
SIN,CDG,6548,251,223958,42,82738,0.45,0.7,0.2404
LAX,SYD,1912,147,187131,101,71360,0.03,0.45,0.1305
JFK,JFK,728,210,233614,0,90376,0.28,0.4,0.2865
LHR,SYD,1805,269,351532,85,14120,0.89,0.1,0.5898
BOM,LHR,5651,454,475780,57,5571,0.6,0.99,0.8834
SYD,BOM,12427,208,157782,5,28714,0.61,0.42,0.2531
CDG,NRT,3699,221,162540,50,39059,0.02,0.61,0.197
LHR,SIN,9674,292,371768,111,79916,0.36,0.09,0.4727
SYD,SIN,4645,105,453439,112,19724,0.59,0.62,0.7554
LHR,CDG,4104,297,318400,51,12639,0.86,0.72,0.5605
SIN,SYD,3107,357,390017,33,85232,0.86,0.75,0.5766
BOM,SIN,2638,220,293650,56,61172,0.34,0.87,0.409
SIN,NRT,12852,311,132859,31,36164,0.59,0.41,0.1624
JFK,NRT,10977,418,92090,72,33614,0.02,0.36,0.045
CDG,SIN,9780,287,272152,72,69241,0.23,0.48,0.3338
FRA,SIN,6054,123,276657,72,7001,0.95,0.8,0.4673
JFK,LHR,4100,251,326437,6,22095,0.75,0.57,0.6027
SYD,CDG,9540,476,25419,57,96655,0.15,0.93,0.0
BOM,NRT,7119,145,218514,105,31770,0.73,0.54,0.2685
FRA,FRA,10925,146,413765,61,8212,0.2,0.18,0.7501
NRT,JFK,9209,275,144493,47,7241,0.1,0.93,0.2275
FRA,CDG,8862,252,466140,117,73447,0.08,0.58,0.6684
FRA,NRT,2530,196,294730,5,7854,0.56,0.57,0.5688
DXB,NRT,4993,463,92104,33,42250,0.42,0.59,0.0667
SIN,FRA,10224,473,396243,97,38569,0.58,0.4,0.6183
DXB,LAX,2512,156,14065,60,72465,0.1,0.97,0.0
FRA,DXB,8999,108,82911,89,72325,0.73,0.07,0.0
LHR,NRT,9128,281,419516,39,39959,0.82,0.35,0.7201
SIN,SIN,7507,383,408541,3,65944,0.2,0.54,0.6822
SIN,LHR,6174,140,454026,45,79925,0.24,0.53,0.7032
SIN,SIN,4484,400,419852,15,39124,0.44,0.56,0.7465
CDG,JFK,1232,64,461381,95,52416,0.33,0.82,0.7229
LHR,FRA,5443,269,437399,73,91927,0.62,0.12,0.6179
FRA,BOM,12928,435,363230,75,35633,0.18,0.92,0.5802
BOM,SIN,6846,97,146319,87,56818,0.74,0.61,0.092
LAX,LAX,3232,86,35369,70,88892,0.78,0.01,0.0
SYD,LAX,11001,160,252870,90,35719,0.75,0.4,0.3443
LAX,DXB,3395,173,467241,59,18460,0.2,0.18,0.8386
SYD,CDG,8146,263,347441,94,66107,0.27,0.41,0.4687
DXB,NRT,13841,251,478145,57,83280,0.49,0.72,0.7327
FRA,JFK,13473,389,448075,110,5140,0.55,0.29,0.7759
SIN,FRA,12168,147,213047,26,42578,0.3,0.26,0.3149
SIN,JFK,7232,120,32495,31,36737,0.32,0.39,0.0
LHR,BOM,5164,376,163290,20,65451,0.54,0.13,0.1757
SYD,NRT,12693,51,488654,94,78425,0.38,0.98,0.7265
SYD,LAX,3171,111,130053,24,42242,0.35,0.66,0.1516
CDG,SIN,11153,481,154419,14,19220,0.37,0.99,0.2564
JFK,JFK,4397,236,76627,50,21570,0.84,0.5,0.0601
JFK,CDG,8143,321,424509,8,24276,0.51,0.92,0.7925
LAX,SIN,2755,136,245394,35,14821,0.59,0.74,0.4261
LAX,BOM,10322,270,365029,51,93493,0.05,0.91,0.4921
BOM,FRA,1415,238,39260,67,83990,0.11,0.79,0.0
FRA,FRA,13183,184,128433,34,41783,0.36,0.05,0.1393
NRT,LHR,11321,319,102234,8,53887,0.43,0.39,0.0887
FRA,JFK,11707,369,222671,99,39398,0.95,0.49,0.2675
SIN,NRT,7612,290,297206,82,86159,0.58,0.58,0.3401
JFK,FRA,3497,171,76061,33,5556,0.02,0.67,0.108
BOM,CDG,13914,89,27285,36,36327,0.73,0.02,0.0
LHR,FRA,3005,65,130970,44,71998,0.68,0.24,0.0739
LAX,NRT,927,163,331189,21,82773,0.32,0.93,0.4758
SIN,CDG,4041,230,199059,81,60289,0.56,0.52,0.1965
DXB,DXB,7753,378,86899,0,81780,0.39,0.73,0.0102
SIN,SIN,11681,287,12745,102,63499,0.99,0.11,0.0
DXB,FRA,5398,114,274213,47,21976,0.23,0.17,0.4575
FRA,LAX,12938,409,277824,73,59507,0.26,0.48,0.3636
BOM,JFK,12022,478,71241,11,79372,0.55,0.81,0.0
BOM,DXB,7660,280,487321,59,38892,0.77,0.72,0.8379
FRA,NRT,5916,309,403170,94,71070,0.54,0.29,0.5702
CDG,DXB,2058,290,374475,50,62067,0.77,0.71,0.5748
DXB,NRT,7650,266,122002,89,69314,0.47,0.39,0.0164
LAX,DXB,2797,474,52747,115,23270,0.47,0.47,0.0
NRT,FRA,11847,481,279691,64,24908,0.43,0.02,0.4456
CDG,DXB,3158,477,475937,119,8021,0.49,0.07,0.8168
DXB,BOM,1270,498,65146,14,60794,0.08,0.46,0.0
CDG,SIN,9292,201,48881,22,60103,1.0,0.74,0.0
BOM,BOM,8157,248,150338,109,53927,0.97,0.04,0.0838
CDG,LAX,3406,271,433642,114,28467,0.8,0.91,0.6964
CDG,SIN,2900,138,262752,76,56915,0.53,0.98,0.3357
NRT,SYD,2821,472,420879,117,28188,0.47,0.49,0.6684
SYD,JFK,8719,422,307043,87,67787,0.88,0.68,0.3915
FRA,FRA,9923,483,148574,10,94900,0.62,0.61,0.0973
BOM,BOM,555,112,42364,114,78766,0.97,0.28,0.0
NRT,JFK,6975,149,230329,11,53677,0.4,0.46,0.3423
LAX,SYD,5536,445,284809,9,9978,0.61,0.24,0.5407
FRA,FRA,1699,355,176601,35,95343,0.68,0.85,0.1275
LAX,FRA,6672,69,245622,106,42768,0.82,0.07,0.2997
BOM,DXB,2291,431,12223,117,74394,0.42,0.51,0.0
FRA,SYD,1099,368,131281,58,23073,0.41,0.1,0.1584
LAX,JFK,3129,213,283410,36,29222,0.47,0.07,0.4724
JFK,CDG,7086,211,107225,21,90148,0.96,0.25,0.0132
BOM,SIN,7034,293,353429,20,18501,0.91,0.55,0.6499
LHR,JFK,4708,246,43564,47,63595,0.94,0.72,0.0
DXB,DXB,7283,268,266479,61,89554,0.33,0.36,0.2928
CDG,LHR,1061,404,96577,2,86388,0.69,0.36,0.0184
BOM,CDG,9039,403,261697,73,84304,0.84,0.8,0.2818
LAX,LAX,10143,203,210767,74,5126,0.22,0.71,0.3373
BOM,LHR,5448,378,471803,1,82843,0.25,0.92,0.7769
SYD,FRA,7993,77,416419,40,28233,0.4,0.85,0.7364
SIN,SIN,3425,451,58316,51,91879,0.88,0.17,0.0
SYD,NRT,9664,320,477408,11,68850,0.16,0.93,0.8061
CDG,NRT,10494,57,25935,76,79408,0.99,0.81,0.0
DXB,BOM,2686,221,255307,59,30610,0.01,0.26,0.3904
FRA,SIN,6004,183,204385,2,67371,0.23,0.63,0.272
SYD,JFK,2390,377,11846,14,95853,0.29,0.24,0.0
BOM,FRA,10792,165,35693,83,15473,0.9,0.68,0.0
SYD,LHR,5169,366,125074,34,24668,0.27,0.71,0.1668
BOM,LAX,2254,303,20461,87,35939,0.91,1.0,0.0
SYD,BOM,3611,342,443055,76,18741,0.23,0.8,0.7726
JFK,SIN,13098,217,88432,25,10827,0.91,0.01,0.1302
SYD,DXB,545,160,441265,45,25169,0.04,0.84,0.7872
JFK,BOM,13843,66,159791,80,70266,0.46,0.32,0.099
SIN,DXB,10304,264,468830,105,47887,0.72,0.57,0.7369
BOM,LAX,10576,156,448178,6,31222,0.94,0.26,0.8279
SIN,SYD,13515,491,459954,49,57146,0.14,0.11,0.7566
DXB,LHR,896,247,391225,110,57929,0.66,0.17,0.5566
FRA,SIN,2533,379,54624,94,75911,0.27,0.4,0.0
CDG,CDG,4618,405,411162,2,12895,0.87,1.0,0.7945
DXB,JFK,12293,271,471976,110,64018,0.86,0.66,0.7059
CDG,LAX,7358,355,210176,23,98716,0.13,0.97,0.1999
SIN,JFK,3390,200,201027,49,77839,0.27,0.06,0.1974
FRA,CDG,2434,235,164066,81,58627,0.24,0.47,0.1299
CDG,CDG,10963,268,127205,52,12144,0.72,0.58,0.1781
LAX,JFK,7166,439,488965,98,85033,0.05,0.35,0.7099
BOM,SIN,8095,386,351982,66,33442,0.51,0.22,0.5711
SIN,SYD,3615,85,195148,100,72543,0.91,0.45,0.1452
JFK,JFK,13838,462,221348,79,9588,0.17,0.83,0.3445
CDG,CDG,531,273,302670,45,76845,0.7,0.41,0.4066
LHR,CDG,5635,133,291302,2,51692,0.42,0.75,0.4772
FRA,FRA,7507,452,407382,45,25720,0.47,0.97,0.7183
SYD,DXB,5048,272,149238,102,24223,0.27,0.49,0.148
JFK,CDG,2236,458,53258,119,69649,0.35,0.28,0.0
LHR,LAX,13097,279,191399,95,23696,0.65,0.3,0.2404
JFK,CDG,7103,303,355464,84,58150,0.31,0.37,0.5106
CDG,JFK,10691,93,470106,74,91165,0.24,0.6,0.6839
DXB,SYD,4346,476,478885,90,8588,0.13,0.95,0.8506
LHR,BOM,2581,127,344459,30,72717,0.97,0.22,0.5135
CDG,FRA,9647,419,364385,65,43452,0.92,0.17,0.5769
DXB,BOM,3528,55,215263,46,48362,0.21,0.98,0.2878
NRT,CDG,7692,353,395722,52,19033,0.22,0.05,0.7014
FRA,NRT,13189,279,390925,13,28810,0.7,0.96,0.7112
LAX,CDG,12203,407,342484,5,71804,0.29,0.77,0.5364
LHR,BOM,9382,347,34321,79,58461,0.45,0.24,0.0
LHR,LAX,7470,219,215286,108,34656,0.91,0.31,0.2533
SYD,FRA,11623,367,97062,98,81022,0.77,0.02,0.0
SIN,JFK,3279,176,245618,22,22474,0.47,0.59,0.4243
SYD,LAX,1182,389,425836,89,87422,0.89,0.9,0.5878
LAX,SIN,11079,132,417313,51,11298,0.39,0.06,0.761
SYD,LHR,12174,297,422015,64,91914,0.58,0.19,0.5962
DXB,FRA,5460,480,82201,85,95861,0.8,0.63,0.0
SIN,CDG,621,204,366386,43,81888,0.17,0.48,0.526
BOM,LAX,6447,172,347113,9,42449,0.27,0.74,0.6003
SIN,FRA,7196,497,199134,76,24325,0.02,0.58,0.2736
BOM,CDG,6602,54,350834,43,88396,0.22,0.17,0.4819
SYD,SIN,13010,315,470526,16,16748,0.28,0.82,0.8916
FRA,LAX,10381,294,244017,64,50130,0.57,0.08,0.3238
CDG,LAX,2494,458,337302,52,26833,0.14,0.9,0.5689
LHR,BOM,2036,100,457693,49,93013,0.78,0.38,0.6804
CDG,JFK,2174,149,257782,88,49816,0.85,0.65,0.3279
JFK,DXB,12763,380,230333,13,57406,0.11,0.8,0.3329
CDG,FRA,2096,68,140086,89,82036,0.05,0.17,0.0271
LHR,NRT,4950,324,386337,108,83247,0.87,0.25,0.4982
DXB,SYD,9823,270,145704,24,15641,0.17,0.68,0.2361
BOM,CDG,5319,307,454389,44,16343,0.43,0.28,0.8321
DXB,FRA,6098,67,475766,60,51577,0.64,0.2,0.7884
FRA,NRT,11495,167,303402,42,92789,0.75,0.21,0.3792
NRT,NRT,7356,320,360904,82,36404,0.14,0.5,0.567
JFK,SIN,11518,463,135399,95,63416,0.31,0.28,0.049
CDG,CDG,11593,87,272949,23,21144,0.12,0.37,0.4806
NRT,NRT,8225,344,179299,91,67288,0.9,0.5,0.133
FRA,BOM,7595,352,347019,60,13052,0.56,0.09,0.6079
NRT,DXB,11412,261,369413,44,69711,0.83,0.7,0.5554
JFK,CDG,13213,407,137881,96,16403,0.54,0.46,0.147
FRA,NRT,9719,153,266688,61,17338,0.57,0.96,0.4377
SIN,LHR,6260,264,52776,66,12632,0.22,0.65,0.0143
SYD,JFK,11662,76,227629,91,13335,0.42,0.18,0.3376
SIN,SYD,11115,71,198175,78,79479,0.44,0.81,0.1594
BOM,FRA,1490,198,112271,7,7029,0.88,0.39,0.2035
CDG,JFK,13803,85,490862,38,77966,0.22,0.83,0.7878
JFK,CDG,10716,153,259061,9,6883,0.05,0.49,0.4954
FRA,DXB,7366,272,417880,91,79380,0.66,0.57,0.586
BOM,LHR,8272,242,182285,113,42329,0.1,0.79,0.1669
SIN,LHR,1919,416,209861,106,90150,0.22,0.04,0.1334
NRT,FRA,10530,281,54804,77,79422,0.33,0.16,0.0
BOM,SYD,5573,492,280106,88,78720,0.42,0.01,0.3148
NRT,DXB,11687,230,201854,45,74304,0.22,0.74,0.2101
BOM,JFK,10361,373,255658,0,63129,0.06,0.03,0.3851
BOM,FRA,7387,458,457549,68,91323,0.09,0.57,0.6645
FRA,CDG,1015,244,165001,57,10081,0.91,0.94,0.2528
BOM,JFK,9063,334,197812,75,53654,0.04,0.34,0.2133
CDG,BOM,13719,126,27381,79,92760,0.12,0.41,0.0
SYD,FRA,12983,261,455612,102,61733,0.39,0.77,0.6858
DXB,LAX,2711,367,43203,50,66283,0.03,0.53,0.0
SYD,NRT,2120,315,493808,88,17570,0.38,0.73,0.8645
LAX,SIN,9785,309,356571,95,6359,0.96,0.67,0.6054
LAX,SIN,10132,442,166123,45,20215,0.49,0.39,0.2468
SYD,CDG,8261,382,89312,116,93759,0.56,0.01,0.0
SYD,SIN,8008,333,456930,106,47181,0.15,0.81,0.7135
LHR,FRA,6272,129,264657,89,22560,0.32,0.76,0.3952
SIN,SYD,763,292,29435,22,50219,0.95,0.28,0.0
NRT,DXB,11798,59,104121,17,48941,0.67,0.35,0.0934
SIN,FRA,8350,115,173814,119,94441,0.61,0.32,0.0397
FRA,SYD,2560,337,214316,60,90500,0.62,0.4,0.1876
BOM,FRA,10517,161,373689,11,84035,0.86,0.91,0.5683
NRT,LAX,3058,91,172194,56,46359,0.37,0.9,0.1957
LHR,FRA,7105,372,63965,50,36323,0.69,0.99,0.0053
SYD,BOM,12734,387,158106,111,74060,0.05,0.41,0.0571
LAX,JFK,13931,494,32976,84,57023,0.7,0.81,0.0
NRT,FRA,1287,158,429119,20,70246,0.32,0.41,0.6977
BOM,NRT,9248,305,442097,16,50984,0.3,0.91,0.7662
SIN,BOM,2871,300,83487,110,45108,0.97,0.83,0.0
SYD,LHR,1683,382,363099,75,46790,0.34,0.24,0.5576
SYD,DXB,1003,463,36682,47,78494,0.23,0.46,0.0
SIN,LAX,6445,66,91915,12,80606,0.74,0.21,0.0106
DXB,JFK,9956,436,384184,89,61146,0.21,0.47,0.5571
BOM,SIN,2204,290,321849,17,85448,0.29,0.76,0.4558
SIN,LHR,10664,202,137847,3,33645,0.4,0.12,0.2054
LHR,LAX,3455,301,421477,23,70028,0.48,0.16,0.6799
SYD,CDG,10371,59,335277,106,8867,0.79,0.82,0.5468
LHR,LAX,9131,59,312571,62,78070,0.52,0.08,0.407
LAX,LAX,10496,242,419968,43,70163,0.81,0.4,0.6566
DXB,CDG,13320,172,274122,95,32128,0.91,0.94,0.389
FRA,SYD,1018,424,76343,69,88345,0.93,0.37,0.0
SYD,JFK,13191,345,211209,45,95239,0.38,0.16,0.1869
DXB,BOM,11283,154,246549,74,57766,0.43,0.77,0.3036
DXB,NRT,8440,274,469367,114,66782,0.54,0.9,0.6912
JFK,DXB,1449,448,352639,58,28027,0.76,0.48,0.5912
DXB,JFK,4296,86,180449,65,6137,0.44,0.05,0.2836
BOM,SIN,2101,450,412212,52,92429,0.72,0.83,0.5876
SIN,DXB,13289,103,179267,71,60091,0.32,0.39,0.1674
LAX,BOM,4260,388,326022,14,99085,0.25,0.91,0.4399
JFK,JFK,8179,63,370520,66,35511,0.74,0.09,0.604
BOM,LHR,2501,123,212129,111,13621,0.04,0.13,0.286
SYD,LAX,6511,271,52010,81,96229,0.11,0.97,0.0
BOM,CDG,1059,298,207326,17,17556,0.02,0.37,0.3625
JFK,DXB,5956,457,37422,24,18648,0.49,0.9,0.0135
LHR,SIN,10776,211,226019,11,12208,0.99,0.64,0.4166
CDG,FRA,10036,463,366121,60,81616,0.07,0.56,0.509
NRT,BOM,6993,387,277197,42,40726,1.0,0.87,0.4309
JFK,FRA,5078,168,367096,52,60390,0.01,0.55,0.5614
LHR,DXB,4585,360,433287,27,88908,0.52,0.77,0.6618
SYD,LAX,945,398,140582,35,61453,0.32,0.16,0.1233
FRA,CDG,8190,484,453983,90,84553,0.94,0.91,0.6489
SYD,LHR,13254,267,87473,40,99899,0.41,0.06,0.0
SYD,DXB,8166,314,231855,95,55036,0.91,0.82,0.2586
LHR,DXB,7662,467,141642,38,60525,1.0,0.6,0.1242
NRT,LHR,1346,64,393590,14,41077,0.6,0.16,0.691
NRT,CDG,2427,165,229474,29,10017,0.88,0.59,0.4099
JFK,CDG,7639,205,146876,53,10645,0.14,0.98,0.2195
LAX,CDG,10457,368,211146,22,44750,0.85,0.19,0.3108
CDG,BOM,13357,55,123544,34,19991,0.64,0.69,0.1731
NRT,LHR,2575,181,64559,106,62394,0.17,0.12,0.0
JFK,LAX,11620,255,266062,34,45865,0.82,0.31,0.4064
SIN,SYD,8687,421,203053,48,20725,0.98,0.27,0.3167
NRT,DXB,13348,221,174044,25,48349,0.51,0.72,0.2264
FRA,LHR,10292,54,102143,97,26470,0.28,0.16,0.0543
NRT,LAX,5992,327,51765,3,76345,0.13,0.85,0.0
LAX,JFK,7113,237,139147,38,43276,0.05,0.08,0.1537
SIN,LHR,3470,499,453917,68,76032,0.68,0.14,0.6878
LHR,JFK,10933,493,200404,50,87489,0.49,0.79,0.1758
CDG,BOM,10843,113,124445,46,69337,0.53,0.4,0.0642
JFK,FRA,1955,258,314408,83,49339,0.3,0.99,0.4471
SYD,JFK,9862,238,179228,100,24505,0.17,0.23,0.2094
JFK,SYD,9008,51,44594,94,60311,0.62,0.48,0.0
JFK,JFK,10294,475,409926,100,48600,0.75,0.62,0.6227
DXB,CDG,6816,160,62748,112,36184,0.72,0.69,0.0
BOM,LAX,10493,479,102541,107,98573,0.95,0.2,0.0
DXB,NRT,11724,135,245041,90,96286,0.11,0.61,0.2075
SYD,CDG,7985,377,117071,110,68095,0.47,0.24,0.0
JFK,SYD,10802,346,479962,86,46530,0.95,0.52,0.7809
FRA,LHR,12444,379,337567,5,54277,0.41,0.69,0.5616
BOM,JFK,3836,297,76208,69,33929,0.13,0.63,0.0156
SIN,DXB,8525,86,460856,38,80838,0.28,0.56,0.722
LHR,SIN,7080,283,250624,87,43194,0.18,0.98,0.3279
DXB,NRT,9623,167,458240,15,78148,0.49,0.67,0.7452
FRA,SIN,11611,293,101261,76,15173,0.49,0.48,0.0962
FRA,CDG,11648,305,44361,119,14354,0.45,0.98,0.0
FRA,SYD,11588,452,215828,41,72557,0.46,0.08,0.2455
NRT,LAX,12532,183,33779,6,14428,0.51,0.32,0.0327
BOM,JFK,12914,206,339541,48,31593,0.68,0.25,0.5679
LAX,SIN,4730,336,106733,6,69437,0.46,0.21,0.0686
LHR,NRT,12435,441,225467,48,59071,0.33,0.63,0.2848
NRT,JFK,3285,240,391985,25,38653,0.33,0.04,0.6817
FRA,LHR,3376,444,481704,1,21484,0.42,0.21,0.9194
DXB,CDG,13283,419,228618,112,10492,0.61,0.2,0.3243
LAX,CDG,1621,93,352294,109,22799,0.53,0.73,0.55
CDG,LAX,4990,371,303436,51,65815,0.01,0.29,0.4242
CDG,JFK,12750,428,321052,64,88575,0.98,0.54,0.401
BOM,JFK,2596,446,54054,109,36671,0.39,0.08,0.0
NRT,SYD,5092,58,138911,98,24191,0.18,0.74,0.1314
JFK,DXB,1868,311,309443,0,59230,0.82,0.46,0.5004
NRT,DXB,6531,84,212185,73,95875,0.89,0.83,0.1596
SIN,BOM,13151,109,226768,56,10684,0.7,0.86,0.3762
JFK,CDG,12962,233,308650,29,64217,0.0,0.25,0.4599
SIN,SYD,2476,438,244579,61,16277,0.21,0.04,0.3956
BOM,JFK,4121,163,347967,53,69432,0.77,0.63,0.5041
SYD,CDG,8616,79,30032,74,18256,0.39,0.55,0.0
NRT,FRA,4233,447,159100,17,58553,0.33,0.2,0.1841
SIN,FRA,13244,140,45761,9,87418,0.57,0.48,0.0
CDG,BOM,11388,326,140708,4,64399,0.18,0.27,0.1486
BOM,NRT,1454,395,220669,102,49895,0.64,0.17,0.2395
BOM,JFK,2799,223,453116,119,22024,0.26,0.25,0.7432
JFK,DXB,9703,277,248379,71,89303,0.41,0.28,0.2472
DXB,CDG,13375,209,158193,94,76173,0.53,0.73,0.07
JFK,SIN,9979,474,462371,102,12671,0.77,0.75,0.7974
LHR,CDG,4638,104,276456,104,18644,0.93,0.99,0.4116
LAX,CDG,9607,179,369484,1,45426,0.76,0.32,0.6471
LAX,CDG,535,282,308204,61,21450,0.33,0.28,0.5125
BOM,JFK,7710,262,356784,64,12487,0.65,0.67,0.6246
SIN,DXB,7679,400,193091,1,89052,0.96,0.87,0.2071
SYD,NRT,11893,171,479624,87,64731,0.39,0.8,0.7428
LAX,SIN,5126,364,38315,57,24887,0.03,0.31,0.0
FRA,DXB,5610,222,48026,67,12223,0.97,0.14,0.0046
LHR,LHR,1216,264,403105,33,81134,0.81,0.24,0.6109
LAX,NRT,10413,151,388196,98,33576,0.11,0.24,0.6112
LHR,JFK,8444,346,347965,59,99201,0.42,0.43,0.4385
JFK,CDG,9306,117,463992,61,14486,0.18,0.41,0.838
BOM,DXB,7159,469,380838,100,57911,0.02,0.03,0.5459
SYD,LHR,1760,354,233608,67,10214,0.38,0.59,0.3798
BOM,DXB,13716,142,147597,27,17534,0.6,0.13,0.2331
NRT,BOM,4957,135,17431,95,47331,0.07,0.91,0.0
CDG,BOM,5577,119,160767,37,33578,0.45,0.79,0.2174
NRT,JFK,10309,56,268027,94,98389,0.6,0.03,0.2453
CDG,SYD,13831,446,496422,98,39116,0.1,0.59,0.8166
DXB,BOM,2447,146,159392,81,97820,0.13,0.6,0.0421
NRT,SIN,11053,245,131323,106,5197,0.65,0.62,0.1463
LHR,LHR,10042,207,228206,81,57127,0.37,0.57,0.2612
SYD,JFK,13921,330,232318,70,38061,0.92,0.21,0.3185
NRT,SIN,1475,104,250167,77,76258,0.13,0.65,0.2708
JFK,NRT,1577,167,325232,13,41999,0.9,0.86,0.5535
SYD,NRT,3403,179,267191,60,62875,0.38,0.28,0.3486
NRT,JFK,10186,460,348379,113,79252,0.32,1.0,0.4253
NRT,SYD,3650,51,374952,31,43636,0.97,0.25,0.6316
NRT,LAX,8987,66,303203,90,5854,0.32,1.0,0.5047
JFK,LHR,5194,137,259219,46,28482,0.5,0.34,0.4155
SYD,DXB,10100,368,290103,88,51879,0.21,0.4,0.3884
JFK,SIN,8661,158,411134,13,24282,0.69,0.93,0.7607
SIN,LHR,11163,196,248372,74,59956,0.05,0.32,0.3028
SYD,NRT,6151,199,274378,118,25045,0.95,0.62,0.3807
NRT,SYD,2835,307,310900,95,71256,0.19,0.15,0.3843
SIN,DXB,9001,464,352089,41,75202,0.75,0.48,0.5128
DXB,SYD,2340,337,198748,8,96506,0.24,0.1,0.1965
LAX,JFK,11197,172,41604,44,10542,0.19,0.64,0.0181
LHR,LAX,11471,158,361427,94,47100,0.71,0.85,0.5347
LHR,FRA,12595,315,134430,29,84552,0.67,0.39,0.0708
BOM,DXB,11403,295,235279,74,58839,0.42,0.45,0.2789
FRA,JFK,13288,52,104600,45,6196,0.7,0.5,0.1518
BOM,BOM,1336,367,103964,3,91994,0.19,0.6,0.0209
NRT,NRT,6903,398,168854,105,47977,0.99,0.16,0.1368
NRT,LAX,11247,149,365893,28,53662,0.08,0.01,0.5965
DXB,DXB,3841,179,115991,23,47904,0.66,0.26,0.1132
CDG,NRT,3339,202,287206,81,85378,0.64,0.51,0.3227
FRA,JFK,9159,191,79554,19,16261,0.2,0.64,0.1076
DXB,FRA,7446,380,42513,58,24549,0.13,0.23,0.0
SYD,DXB,3494,429,278520,77,92106,0.69,0.2,0.2958
SYD,SYD,7077,360,90252,15,67809,0.85,0.79,0.0299
NRT,BOM,5138,452,200170,79,15447,0.15,0.01,0.2904
BOM,CDG,8459,465,473249,38,63532,0.93,0.82,0.7814
CDG,SIN,10184,249,489689,15,87900,0.53,0.29,0.7886
LAX,NRT,2531,77,235863,40,5702,0.32,0.99,0.4203
SYD,BOM,672,419,63653,114,60076,0.08,0.08,0.0
SYD,DXB,7697,107,392949,13,69884,0.48,0.33,0.6331
BOM,NRT,5571,254,137262,73,78385,0.68,0.18,0.0448
JFK,DXB,3247,401,267006,26,24833,0.36,0.85,0.4583
LAX,LAX,8387,313,185648,14,79473,0.24,0.63,0.1984
NRT,FRA,12558,319,330926,119,31425,0.31,0.23,0.48
LHR,SIN,3884,119,198717,24,90787,0.09,0.91,0.1919
SYD,LHR,5990,243,111008,11,79550,0.64,0.34,0.0519
CDG,SYD,5758,477,385415,71,73455,0.38,0.35,0.5529
LHR,SYD,10778,169,419958,26,40479,0.06,0.35,0.733
SIN,SIN,13237,165,100581,27,83687,0.12,0.8,0.0068
LHR,SIN,2706,289,237692,73,68368,0.7,0.48,0.2656
DXB,LHR,9512,420,162920,107,22253,0.71,0.76,0.1743
DXB,BOM,11594,316,423700,34,14593,0.28,0.34,0.7842
JFK,SYD,10949,391,28637,50,61037,0.01,0.59,0.0
SYD,NRT,6660,171,92145,5,68292,0.47,0.18,0.0427
NRT,BOM,2649,70,120698,36,23074,0.93,0.29,0.1592
FRA,JFK,2988,269,489261,4,48403,0.41,0.84,0.8777
LAX,FRA,2240,337,88760,55,98696,0.7,0.1,0.0
BOM,SIN,5463,227,205435,58,47527,0.67,0.64,0.2578
DXB,SIN,7236,313,449205,38,80211,0.89,0.71,0.7
DXB,JFK,3417,75,203586,100,8581,0.34,0.56,0.29
LAX,FRA,5273,391,370607,50,28289,0.22,0.17,0.6346
DXB,NRT,7636,450,372856,116,93483,0.87,0.59,0.4427
FRA,DXB,1220,484,258862,75,6711,0.59,0.17,0.4293
BOM,FRA,10311,175,254127,40,86110,0.53,0.54,0.296
CDG,SYD,11309,79,194733,22,74575,0.74,0.55,0.2183
LHR,NRT,3038,456,145892,43,9748,0.64,0.31,0.2293
JFK,LHR,12022,314,152309,71,27629,0.37,0.29,0.1784
SIN,CDG,13098,302,172958,93,28379,1.0,0.56,0.1962
LAX,NRT,6386,63,303550,93,68030,0.57,0.49,0.378
CDG,SIN,944,151,251252,1,73437,0.42,0.09,0.3546
SIN,LHR,7999,236,456445,30,25080,0.09,0.54,0.8327
CDG,NRT,7224,106,474081,33,11383,0.78,0.74,0.8924
JFK,DXB,10445,491,223967,44,12606,0.83,0.24,0.3787
JFK,NRT,563,342,147015,10,47849,0.65,0.23,0.1883
LHR,JFK,3929,224,299106,13,98180,0.07,0.66,0.3889
LAX,LAX,2114,231,305953,52,54761,0.71,0.17,0.4504
LHR,DXB,1874,136,73461,24,72647,0.48,0.98,0.0
CDG,SYD,13754,450,19389,71,99352,0.15,0.24,0.0
NRT,DXB,6847,299,253119,19,9534,0.06,0.48,0.4682
LAX,LHR,13350,140,294396,115,37618,0.36,0.29,0.3986
CDG,FRA,6083,325,14008,48,19149,0.7,0.44,0.0
LAX,SIN,4075,166,344230,85,6082,0.59,0.7,0.5913
SIN,SYD,9132,367,167187,54,24996,0.24,0.11,0.2304
CDG,NRT,13881,443,337523,14,31436,0.35,0.68,0.5982
JFK,LAX,8141,412,435860,55,82134,0.83,0.76,0.6525
JFK,JFK,10511,477,372787,9,95141,0.84,0.75,0.5463
LAX,BOM,13201,350,341541,47,30542,0.83,0.56,0.575
BOM,SIN,5510,172,163438,4,66861,0.59,0.9,0.1892
BOM,NRT,8513,115,432489,107,54858,0.39,0.33,0.6483
JFK,DXB,10068,152,212496,89,40717,0.83,0.8,0.2546
JFK,SIN,1010,474,157649,27,20339,0.76,0.69,0.2476
SYD,CDG,8028,232,20209,53,55192,0.39,0.33,0.0
SYD,BOM,12563,296,152764,36,26443,0.49,0.2,0.2166
CDG,SIN,12440,498,269057,66,90795,0.7,0.91,0.2905
LAX,DXB,9354,207,176488,2,28380,0.88,0.97,0.2942
SYD,LAX,12754,241,60263,8,74506,0.61,0.9,0.0
FRA,JFK,3081,408,34252,52,6411,0.15,0.5,0.0037
JFK,LHR,12990,246,58262,55,54367,0.83,0.27,0.0
JFK,FRA,13839,205,33236,9,94989,0.08,0.52,0.0
BOM,SYD,8508,497,185503,85,61671,0.11,0.3,0.1627
SIN,DXB,13805,214,51680,64,18646,0.47,0.79,0.0021
LHR,CDG,9494,161,91188,46,32035,0.91,0.92,0.0723
LAX,DXB,5259,87,349663,72,95438,0.32,0.64,0.4364
LAX,CDG,12462,377,337841,16,88286,0.93,0.44,0.4831
SIN,NRT,13461,283,285577,119,47264,0.26,0.46,0.3576
DXB,DXB,8295,239,214637,71,19426,0.81,0.9,0.3194
BOM,SYD,1098,439,305866,96,38672,0.48,0.42,0.4384
SYD,SYD,7534,182,263747,76,79668,0.37,0.02,0.2922
CDG,LAX,9608,370,281863,75,85929,0.35,0.58,0.3169
FRA,FRA,10599,353,262305,45,9287,0.87,0.73,0.461
SIN,LHR,6265,397,213373,48,75226,0.09,0.61,0.2283
LHR,LHR,2504,408,77150,63,60633,0.47,0.09,0.0
NRT,DXB,8574,72,120141,66,37993,0.72,0.17,0.0983
SIN,FRA,9551,493,247280,68,40892,0.6,0.03,0.3448
BOM,SYD,2378,270,429728,76,16654,0.21,0.97,0.7501
SYD,SYD,7936,369,425149,79,21810,0.59,0.76,0.7277
DXB,FRA,8621,94,441250,114,48956,0.13,0.54,0.6706
FRA,CDG,7949,110,358931,28,65909,0.55,0.38,0.558
FRA,LHR,8798,289,32460,96,75230,0.48,0.44,0.0
NRT,BOM,3815,377,347861,66,5817,0.92,0.66,0.6181
BOM,LHR,12317,326,260928,88,75316,0.75,0.25,0.2832
DXB,LAX,1365,170,353190,5,90428,0.16,0.64,0.5205
SYD,CDG,555,280,258833,0,16232,0.38,0.1,0.4852
SYD,JFK,11420,465,11198,60,30762,0.66,0.98,0.0
LHR,CDG,5012,103,360702,27,54742,0.84,0.44,0.5849
BOM,LAX,6111,471,480546,54,45559,0.16,0.45,0.816
BOM,LHR,10865,84,494399,93,83143,0.9,0.85,0.7295
CDG,DXB,9828,257,162532,10,98620,0.64,0.75,0.1178
JFK,JFK,12343,161,488551,6,68830,0.6,0.95,0.8334
DXB,JFK,3035,475,295309,89,65447,0.85,0.36,0.3707
JFK,CDG,12128,56,279924,108,37493,0.5,0.62,0.3769
JFK,BOM,1875,183,202281,58,60847,0.42,0.25,0.2249
SYD,SYD,11144,239,182189,57,58626,0.4,0.02,0.1901
NRT,FRA,8739,402,261055,103,59624,0.82,0.67,0.2999
SYD,NRT,4213,192,303370,116,74404,0.04,0.51,0.3419
LAX,CDG,576,370,239523,24,32023,0.13,0.67,0.391
SIN,LHR,2951,267,126564,79,73568,0.64,0.77,0.027
LAX,LAX,11372,232,459188,51,80483,0.0,0.9,0.7064
FRA,SYD,13003,82,58736,55,21665,0.33,0.28,0.0191
CDG,CDG,13700,355,174272,88,60226,0.71,1.0,0.1401
SYD,CDG,3569,230,51244,5,61775,0.68,0.9,0.0
JFK,JFK,2778,247,136658,23,70176,0.9,0.46,0.11
LHR,BOM,8903,354,12639,118,86854,0.69,0.88,0.0
CDG,BOM,5303,374,94558,16,80565,0.93,0.5,0.012
DXB,DXB,11274,314,254733,98,94343,0.23,0.79,0.2228
JFK,JFK,13074,427,434447,78,38227,0.14,0.74,0.7144
SYD,SYD,11230,476,173619,111,72589,0.31,0.64,0.0911
LHR,LAX,7993,457,104530,47,9909,0.2,0.66,0.1422
DXB,FRA,667,392,268759,12,20302,0.43,0.4,0.4849
SIN,SIN,11084,440,67482,28,63850,0.22,0.28,0.0
LAX,LHR,1030,229,436146,99,74328,0.46,0.49,0.6246
DXB,NRT,5542,449,13822,55,66308,0.35,0.3,0.0
SYD,CDG,6435,345,444040,26,12284,0.41,0.65,0.8375
SYD,FRA,1997,189,297193,114,86988,0.6,0.4,0.3064
SIN,FRA,11686,87,201433,73,5357,0.72,0.59,0.3192
JFK,SYD,1370,243,141587,71,16246,0.04,0.39,0.1797
SIN,NRT,1165,108,315205,62,69343,0.03,0.33,0.4297
BOM,FRA,9254,490,407185,109,49646,0.68,0.45,0.6061
LAX,JFK,6947,136,444850,31,77982,0.74,0.08,0.7027
JFK,NRT,8695,167,128614,115,55722,0.36,0.51,0.0308
LHR,FRA,3636,434,482443,102,24936,0.63,0.35,0.813
LAX,SYD,8666,63,447780,71,73208,0.11,0.2,0.6781
LAX,CDG,7115,61,230157,102,78891,0.5,0.38,0.2005
SIN,BOM,8336,303,446794,52,78761,0.81,0.78,0.6841
SYD,DXB,10324,465,60325,40,29878,0.21,0.53,0.0209
DXB,FRA,8196,65,129462,73,64403,0.5,0.57,0.0571
SIN,SYD,9461,416,27688,61,9638,0.92,0.8,0.0
CDG,LAX,6867,362,45808,95,85648,0.24,0.2,0.0
JFK,NRT,3599,268,160038,5,70227,0.54,0.41,0.1746
LHR,BOM,5568,263,480153,104,12423,0.44,0.04,0.8315
DXB,JFK,3744,292,293200,62,19374,0.04,0.8,0.4857
SYD,CDG,13589,132,294795,85,57407,0.38,0.65,0.3898
NRT,JFK,12226,409,293540,0,80715,0.37,0.38,0.4256
FRA,SIN,9931,464,377440,55,98716,0.3,0.42,0.5024
LAX,CDG,6236,100,163197,16,17493,0.98,0.97,0.2754
JFK,BOM,2552,271,123639,23,87633,0.84,0.2,0.049
BOM,LAX,1302,339,381131,95,70615,0.0,0.56,0.526
CDG,CDG,5783,304,295881,44,41067,0.46,0.95,0.4656
SYD,SIN,8232,327,397389,118,57987,0.9,0.22,0.5608
LAX,BOM,13217,230,467706,81,64824,0.65,0.18,0.7248
FRA,FRA,2420,141,232565,6,31202,0.51,0.82,0.3967
FRA,FRA,2100,475,311985,0,69277,0.88,0.4,0.4854
LHR,BOM,6348,61,21484,115,14351,0.8,0.19,0.0
LHR,DXB,3546,420,84114,12,58972,0.72,0.45,0.0383
DXB,JFK,2629,487,407316,21,84283,0.46,0.99,0.6251
SIN,SYD,596,470,47386,76,50594,0.57,0.28,0.0
DXB,LAX,9979,369,36262,36,62776,0.1,0.74,0.0
FRA,JFK,4530,150,429725,116,38149,0.06,0.08,0.6672
JFK,JFK,853,337,352926,66,57784,0.21,0.69,0.5243
DXB,JFK,1167,483,409083,46,8285,0.99,0.81,0.7556
LHR,LAX,7650,97,184471,77,55693,0.33,0.45,0.1806
NRT,BOM,9867,237,432037,75,42351,0.66,0.76,0.7044
JFK,CDG,3217,86,337086,110,30692,0.13,0.82,0.5028
SIN,LAX,4617,259,75489,43,84208,0.4,0.41,0.0
BOM,SIN,2387,132,498584,27,40138,0.32,0.62,0.8899
BOM,LHR,948,375,258174,108,73645,0.7,0.18,0.2611
SYD,LHR,5498,438,128442,89,86239,0.57,0.97,0.0
NRT,LHR,8950,441,83542,82,47402,0.74,0.1,0.0
SYD,NRT,5217,462,235560,40,20517,0.63,0.6,0.3901
SYD,SIN,8363,485,225879,13,8982,0.43,0.49,0.4208
JFK,FRA,12499,299,318872,86,42163,0.17,0.36,0.4674
JFK,FRA,7273,263,497803,79,53392,0.1,0.28,0.8098
FRA,JFK,7922,369,312087,65,11102,0.59,0.6,0.537
DXB,NRT,4191,461,225933,3,8862,0.92,0.94,0.4311
CDG,CDG,11547,79,300412,117,68572,0.14,0.58,0.3467
FRA,SIN,13691,160,55141,72,17309,0.11,0.23,0.0037
FRA,JFK,1705,169,95474,117,67254,0.68,0.43,0.0
SIN,NRT,2827,240,309948,40,63140,0.77,0.4,0.4536
DXB,FRA,7822,164,240675,19,93379,0.27,0.58,0.2756
SYD,SIN,13822,75,248105,45,79017,0.7,0.18,0.2932
SIN,DXB,4366,298,263060,108,26708,0.9,0.98,0.3647
CDG,FRA,10347,333,211527,26,91762,0.93,0.3,0.2135
NRT,NRT,9798,366,273116,63,63977,0.61,0.01,0.3553
JFK,DXB,1631,360,350953,89,31928,0.95,0.2,0.549
SYD,JFK,9928,83,482889,0,64560,0.4,0.5,0.8367
BOM,CDG,10000,203,229685,52,40247,0.78,0.69,0.3269
JFK,NRT,3780,323,121177,19,66762,0.35,0.72,0.0898
NRT,DXB,3931,303,30222,108,18918,0.79,0.83,0.0
NRT,SYD,4925,499,43009,11,46839,0.74,0.91,0.0
JFK,DXB,12213,112,51186,49,15518,0.04,0.06,0.0223
LAX,FRA,9455,370,466825,59,27465,0.21,0.54,0.8197
NRT,LAX,1699,389,266970,103,43637,0.17,0.53,0.3437
DXB,FRA,8384,366,228919,38,21042,0.03,0.82,0.3778
CDG,JFK,11743,66,393345,36,28287,0.79,0.56,0.6941
SIN,DXB,8558,330,30844,36,91614,0.24,0.18,0.0
BOM,NRT,5584,361,262226,29,45466,0.35,0.28,0.4045
LAX,SIN,4589,365,227841,89,37232,0.63,0.33,0.2922
CDG,LAX,8095,328,241346,95,79692,0.9,0.69,0.2283
DXB,JFK,7851,261,212875,116,73900,0.82,0.3,0.162
SIN,SYD,11619,458,462994,114,60829,0.19,0.31,0.6903
SYD,NRT,1053,337,12927,28,53377,0.15,0.38,0.0
JFK,LHR,3023,307,270871,118,38010,0.01,0.6,0.3477
JFK,SYD,9935,142,278787,91,92138,0.51,0.48,0.2823
SIN,BOM,7075,447,320919,73,79725,0.4,0.85,0.4094
FRA,NRT,12945,88,350803,70,87000,0.84,0.57,0.4576
NRT,DXB,991,456,79875,76,45515,0.42,0.65,0.0
LHR,SIN,6130,154,483950,1,53972,0.76,0.63,0.859
FRA,CDG,8817,329,377818,56,75936,0.85,0.73,0.5478
LAX,LHR,6803,485,172657,113,29151,0.67,0.84,0.174
JFK,LHR,6632,447,170978,21,73858,0.39,0.51,0.1732
CDG,BOM,13005,398,296906,21,84549,0.7,0.05,0.4037
LAX,SYD,13563,376,58149,26,23447,0.65,0.1,0.0434
JFK,LAX,915,292,67213,110,71349,0.02,0.25,0.0
DXB,JFK,10559,232,482849,105,25637,0.91,0.92,0.8094
SIN,SIN,2277,251,100231,50,49477,1.0,0.69,0.0515
FRA,FRA,10815,392,126265,93,59277,0.07,0.17,0.041
DXB,NRT,9794,102,376979,25,84635,0.29,0.43,0.5597
LAX,SIN,1502,209,358012,53,46955,0.21,0.87,0.5691
CDG,JFK,1697,471,259754,62,43539,0.6,0.83,0.3704
SIN,CDG,4400,432,23401,93,16664,0.99,0.93,0.0
NRT,LAX,10636,266,142070,71,81513,0.3,0.39,0.0501
LHR,LAX,4160,221,458998,88,95279,0.88,0.95,0.6394
NRT,FRA,6816,424,70469,14,30765,0.21,0.23,0.0654
CDG,SIN,3143,342,385402,14,63177,0.94,0.43,0.6304
LHR,DXB,10248,278,193067,33,34745,0.53,0.77,0.2836
CDG,SYD,13818,358,40591,54,59491,0.81,0.77,0.0
FRA,DXB,12690,290,106351,64,60201,0.44,0.65,0.0283
BOM,CDG,12807,381,310437,118,69475,0.71,0.85,0.3639
LHR,CDG,6767,243,119406,0,75059,0.38,0.62,0.0887
NRT,CDG,11814,373,201702,81,77050,0.48,0.47,0.1683
LAX,BOM,1913,186,251885,36,16675,0.65,0.12,0.4344
SIN,DXB,6356,466,205730,70,34369,0.32,0.06,0.2727
CDG,SYD,1199,274,86759,98,42342,0.3,0.45,0.0
CDG,LAX,2411,284,11605,48,73585,0.83,0.89,0.0
CDG,LHR,4625,93,19987,47,24051,0.02,0.62,0.0
LHR,BOM,7411,434,132117,41,77063,0.42,0.08,0.0691
NRT,LAX,13251,99,491206,52,59312,0.17,0.54,0.8118
NRT,LHR,3784,176,262074,60,45724,0.48,0.48,0.3727
JFK,JFK,4325,274,393282,2,77572,0.76,0.82,0.6294
JFK,LHR,3302,224,444806,2,99180,0.8,0.42,0.6893
NRT,FRA,5797,168,498893,28,56987,0.18,0.16,0.8558
SIN,NRT,12865,246,177694,96,39298,0.13,1.0,0.1808
SIN,BOM,2490,326,193700,107,74991,0.78,0.78,0.1304
LHR,CDG,5643,183,290108,19,20397,0.27,0.01,0.5204
NRT,BOM,11451,143,381359,80,26274,0.04,0.97,0.6302
SYD,SYD,994,264,399790,69,37934,0.1,0.58,0.6547
NRT,JFK,9596,498,490679,68,12585,0.1,0.11,0.8882
LAX,SYD,13795,241,288693,117,74729,0.86,0.39,0.3109
SYD,FRA,2270,92,97836,89,89848,0.17,0.02,0.0
LHR,DXB,1431,63,362028,90,52982,0.18,0.46,0.5281
JFK,CDG,12837,188,67725,50,70098,0.8,0.16,0.0
SYD,SYD,3348,129,382908,114,8207,0.64,0.06,0.6354
LHR,LHR,6082,106,115946,20,70092,0.65,0.81,0.0717
CDG,FRA,10011,68,80070,46,19094,0.17,0.05,0.076
SIN,CDG,12452,138,345778,113,14696,0.69,0.54,0.5492
JFK,SIN,6282,167,389943,34,43809,0.47,0.76,0.6583
SYD,LAX,2741,407,229878,91,44531,0.47,0.83,0.2797
SIN,DXB,3077,74,136313,50,52189,0.79,0.83,0.1182
BOM,FRA,7384,205,457939,15,45849,0.79,0.42,0.8092
JFK,DXB,3995,305,229611,23,40802,0.83,0.14,0.3546
BOM,BOM,8336,466,487316,28,99927,0.05,0.41,0.7468
LHR,DXB,4332,341,324148,43,9604,0.35,0.09,0.5861
NRT,SYD,2851,417,387777,47,13973,0.64,0.77,0.7006
SIN,LAX,6554,50,353207,97,79292,0.19,0.55,0.4508
FRA,SYD,7127,224,425321,52,63741,0.24,0.85,0.6712
LAX,BOM,5087,407,193831,66,46985,0.93,0.49,0.2277
SIN,DXB,8540,123,255870,9,36074,0.6,0.79,0.4306
SIN,DXB,9567,410,155503,83,87830,0.62,0.32,0.0523
SYD,SIN,8602,232,377717,111,7618,0.93,0.1,0.6292
FRA,BOM,9309,194,482826,61,74947,0.95,0.79,0.7548
NRT,SIN,10591,425,460466,103,71421,0.15,0.0,0.6751
LAX,SIN,4773,479,251757,114,52345,0.51,0.56,0.2848
CDG,JFK,2801,431,382840,115,69237,0.43,0.76,0.5122
LAX,LAX,1184,201,99792,51,81057,0.92,0.22,0.0
NRT,NRT,4532,98,398466,37,30798,0.55,0.13,0.6983
SYD,SYD,13840,367,298666,13,46651,0.01,0.29,0.491
NRT,NRT,9878,170,253772,98,16158,0.8,0.23,0.3772
CDG,SYD,3482,58,48337,49,61976,0.41,0.17,0.0
JFK,SIN,12703,242,297002,79,81730,0.53,0.54,0.3515
JFK,SYD,13242,325,237421,4,27669,0.96,0.51,0.4155
SYD,DXB,6754,54,92809,60,34287,0.3,0.6,0.057
NRT,SYD,2228,397,195281,6,46587,0.34,0.66,0.2914
BOM,SIN,6712,349,446368,20,40753,0.51,0.86,0.7912
LAX,BOM,2867,347,425365,103,74041,0.84,0.25,0.5996
DXB,DXB,12269,69,207311,77,44431,0.08,0.99,0.2488
BOM,LHR,11834,82,440695,18,35201,0.85,0.72,0.793
BOM,SYD,761,366,21364,28,77500,0.11,0.49,0.0
LAX,NRT,3154,310,468682,10,46211,0.47,0.2,0.8349
SIN,BOM,2633,441,489045,88,6146,0.56,0.09,0.8778
CDG,SIN,9734,83,174143,60,15871,0.56,0.66,0.2565
BOM,FRA,4860,337,375101,63,59352,0.91,0.08,0.5685
LHR,DXB,9701,247,221080,43,35223,0.21,0.79,0.3287
SYD,FRA,1631,321,350584,33,37522,0.67,0.5,0.5931
LAX,LHR,6262,411,445599,66,67012,0.85,0.62,0.6912
DXB,SYD,8755,455,295025,0,89133,0.53,0.69,0.4118
SYD,DXB,814,249,221285,44,70853,0.17,0.78,0.2569
SYD,LHR,9804,401,296952,66,25429,0.24,0.99,0.477
FRA,SYD,1998,320,82555,4,14221,0.83,0.79,0.1327
LAX,BOM,5325,226,167782,48,89185,0.5,0.93,0.1092
DXB,NRT,7710,153,195829,52,21717,0.79,0.77,0.2962
JFK,FRA,4133,135,79725,42,69244,0.73,0.59,0.0
BOM,NRT,9387,216,101720,51,44049,0.2,0.86,0.0643
LAX,SIN,2421,462,138032,59,64518,0.83,0.9,0.088
JFK,NRT,13353,456,159946,55,82791,0.26,0.07,0.0993
FRA,DXB,3482,391,27273,58,36198,0.15,0.02,0.0
LHR,LHR,2556,492,192894,5,99651,0.07,0.78,0.1815
CDG,BOM,10268,180,166779,108,74311,0.95,0.48,0.0769
NRT,NRT,7951,442,335276,95,93767,0.55,0.55,0.388
LAX,JFK,8714,304,391531,27,89727,0.08,0.81,0.5766
JFK,LHR,4313,166,73244,50,92849,0.25,0.18,0.0
SIN,NRT,10875,461,138231,2,98785,0.15,0.8,0.0769
JFK,NRT,10699,73,442981,28,15581,1.0,0.89,0.8268
BOM,FRA,732,81,206851,115,20471,0.82,0.25,0.2578
LHR,SIN,4716,223,120362,79,93217,0.21,0.65,0.0
NRT,DXB,12093,170,469736,29,41895,0.75,0.93,0.8267
FRA,LHR,2128,171,10212,54,33424,0.52,0.66,0.0
JFK,NRT,3772,248,374460,18,82882,0.65,0.21,0.5652
JFK,NRT,12621,326,479013,103,91475,0.21,0.56,0.6721
SIN,LHR,2278,216,331169,19,34211,0.48,0.97,0.5749
FRA,BOM,8528,434,478119,112,58201,0.61,0.91,0.7278
JFK,LAX,4495,407,103902,35,35955,0.53,0.15,0.1009
JFK,JFK,13029,74,403197,59,68180,0.75,0.34,0.611
BOM,DXB,2195,331,77901,104,58749,0.35,0.05,0.0
LHR,DXB,10470,337,471077,29,18956,0.24,0.48,0.8752
FRA,JFK,3303,108,332480,104,59633,0.66,0.62,0.4417
SYD,SYD,4338,127,57706,95,84455,0.66,0.1,0.0
JFK,JFK,11150,356,266140,79,45262,0.57,0.25,0.3628
LAX,NRT,12105,377,301965,39,30195,0.51,0.75,0.5045
NRT,NRT,10516,138,465301,53,70689,0.58,0.77,0.7362
LAX,SYD,13948,432,177099,114,85470,0.72,0.81,0.0693
FRA,LHR,11455,160,381984,54,41523,0.02,0.11,0.6269
LHR,DXB,5357,395,317193,22,18018,0.39,0.55,0.5764
LHR,SIN,9277,56,257990,11,73798,0.03,0.22,0.3574
SYD,BOM,4692,74,385030,105,77284,0.86,0.88,0.5105
LHR,JFK,5268,322,329243,15,61002,0.64,0.24,0.5215
FRA,DXB,5782,371,208532,42,48276,0.98,0.94,0.2785
BOM,BOM,1831,440,20901,20,67584,0.65,0.81,0.0
SIN,SIN,12560,352,443228,99,33266,0.25,0.46,0.7209
JFK,BOM,1159,270,100403,11,66446,0.51,0.38,0.0569
SYD,LHR,13615,116,388890,36,28850,0.96,0.29,0.6841
LAX,CDG,9777,277,57770,9,5303,0.32,0.92,0.0959
LHR,CDG,10466,410,407512,19,25035,0.66,0.21,0.746
SIN,DXB,8649,361,140060,54,36531,0.06,0.62,0.1531
LHR,CDG,749,366,306420,60,75099,0.21,0.42,0.4026
CDG,SIN,7986,369,447693,50,32923,0.32,0.04,0.7795
SIN,SIN,2217,234,379271,92,84683,0.77,0.46,0.4972
BOM,FRA,11063,58,396392,44,17812,0.4,0.71,0.7132
SIN,SYD,8126,97,460673,17,56527,0.73,0.77,0.7913
BOM,LAX,12946,250,69646,32,33112,0.63,0.8,0.0411
FRA,BOM,8488,83,273745,70,47861,0.1,0.24,0.3818
DXB,SYD,5866,240,439501,9,77633,0.06,0.93,0.7147
NRT,SYD,820,465,462618,48,56976,0.39,0.63,0.7633
JFK,BOM,6640,444,78333,17,76251,0.07,0.31,0.0
FRA,SYD,843,175,86364,51,76012,0.66,0.43,0.0
BOM,SYD,4593,412,139392,99,15375,0.1,0.58,0.149
CDG,NRT,3416,414,155051,53,58336,0.49,0.21,0.1404
JFK,LHR,8514,261,418867,36,88264,0.32,0.96,0.6252
BOM,CDG,777,447,424852,58,11825,0.57,0.18,0.7681
SIN,DXB,1090,270,450682,50,33070,0.11,0.37,0.7852
SIN,NRT,5027,92,346631,87,10519,0.2,0.68,0.5852
NRT,SYD,10539,322,157166,57,92133,0.93,0.56,0.0731
DXB,CDG,2576,335,134859,71,86528,0.24,0.29,0.0257
LAX,CDG,4382,441,396407,27,19498,0.66,0.64,0.7268
CDG,LAX,12382,494,288278,83,91379,0.66,0.74,0.3108
LAX,LAX,13633,344,385127,84,23103,0.3,0.01,0.64
SIN,SYD,8381,305,132266,96,16901,0.97,0.0,0.1347
DXB,FRA,5866,240,37036,19,10684,0.66,0.26,0.0337
BOM,BOM,12101,268,115148,30,15050,0.61,0.68,0.1702
SIN,LAX,2734,238,198501,2,8561,0.94,0.59,0.3779
JFK,SIN,2394,482,329562,80,82917,0.51,0.58,0.4133
CDG,JFK,7645,220,408140,106,70463,0.13,0.24,0.5694
BOM,JFK,1954,365,370593,31,93904,0.63,0.73,0.5224
SIN,NRT,2553,278,213868,23,12394,0.04,0.97,0.3799
NRT,SYD,12824,115,430996,35,44648,0.92,0.43,0.7377
JFK,JFK,4076,377,236023,45,39587,0.34,0.49,0.3479
LAX,NRT,12633,70,118523,102,50597,0.82,0.77,0.0339
SIN,NRT,7129,373,131457,14,27412,0.71,0.68,0.1941
FRA,NRT,10247,61,358511,43,88277,0.79,0.68,0.4975
NRT,LAX,8090,447,462893,11,96140,0.74,0.37,0.7225
JFK,CDG,11120,163,142933,72,72758,0.84,0.54,0.0683
SIN,DXB,5178,60,413028,94,55962,0.94,0.51,0.6201
LHR,LAX,11941,120,416122,2,7234,0.77,0.16,0.8158
DXB,LAX,7924,248,219682,119,90452,0.81,0.43,0.1395
SYD,NRT,1767,150,113301,12,67437,0.94,0.08,0.0797
NRT,JFK,11744,324,369830,20,95765,0.07,0.24,0.5281
SYD,CDG,6713,215,125631,95,90907,0.91,0.32,0.0
FRA,SIN,2236,392,221870,19,22645,0.87,0.24,0.3794
NRT,JFK,11696,154,226490,69,59116,0.18,0.31,0.2657
FRA,SYD,13513,364,239976,94,43009,0.56,0.9,0.2999
SYD,NRT,7509,172,52893,108,15667,0.62,0.05,0.0
LHR,SIN,8066,233,371214,28,20246,0.1,0.19,0.6739
SIN,FRA,8106,183,130872,28,35738,0.75,0.46,0.1623
DXB,SIN,9788,302,54280,46,81906,0.09,0.39,0.0
LHR,LAX,8032,485,156748,60,11668,0.25,0.85,0.2302
LAX,JFK,1455,224,70161,59,59134,0.73,0.02,0.0
SYD,NRT,3537,278,74077,94,45364,0.98,0.24,0.0
NRT,LAX,12934,434,290300,44,51993,0.09,0.68,0.4326
JFK,LHR,6652,441,222239,108,21223,0.04,0.22,0.294
FRA,SYD,7739,191,356724,0,10309,0.09,0.65,0.6928
SIN,DXB,4948,252,201776,107,11662,0.41,0.74,0.2732
FRA,SIN,2869,225,117006,4,42672,0.9,0.82,0.1447
DXB,SYD,2877,210,157437,83,40532,0.69,0.28,0.1508
DXB,DXB,11390,191,421948,108,24772,0.48,0.29,0.6864
LAX,NRT,1067,260,169163,66,48768,0.54,0.37,0.1748
SIN,BOM,6588,225,323828,53,24956,0.38,0.65,0.5447
JFK,BOM,9230,474,268702,6,83677,0.6,0.56,0.364
LAX,DXB,7603,310,466730,47,38441,0.7,0.17,0.8096
JFK,SIN,10690,146,25261,105,9658,0.07,0.3,0.0
BOM,FRA,5703,98,463963,70,57004,0.94,0.83,0.7439
FRA,DXB,8443,104,45619,61,98909,0.16,0.22,0.0
BOM,FRA,12581,284,138090,53,18607,0.32,0.09,0.186
SYD,LHR,1281,413,310636,106,44954,0.46,0.76,0.4254
LHR,LAX,11786,240,267233,110,87342,0.02,0.09,0.2498
DXB,FRA,13661,381,416246,115,5998,0.58,0.58,0.7055
LHR,LAX,6824,389,230486,23,69788,0.39,0.66,0.2984
FRA,SIN,9900,380,162447,68,74163,0.27,0.96,0.1086
NRT,DXB,11548,368,321341,8,63405,0.31,0.84,0.5079
LHR,NRT,11350,464,91007,52,7184,0.9,0.09,0.1156
FRA,BOM,3513,442,135258,45,73826,0.46,0.28,0.0779
FRA,CDG,7426,173,401088,38,73696,0.23,0.84,0.6168
SYD,LAX,7773,385,242577,95,92546,0.0,0.63,0.2051
JFK,FRA,8464,204,346634,20,64789,0.74,0.85,0.5437
CDG,LHR,12680,187,41586,78,86021,0.53,0.41,0.0
LAX,SIN,8635,86,493660,26,70272,0.63,0.71,0.8208
LAX,FRA,2437,239,75225,85,94145,0.78,0.13,0.0
FRA,DXB,3478,432,461065,111,39581,0.0,0.46,0.732
CDG,SIN,5516,273,111889,35,62934,0.74,0.09,0.0629
DXB,SIN,5660,336,94361,36,28716,0.13,0.38,0.0953
JFK,FRA,12561,431,475913,83,94509,0.36,0.87,0.6798
LHR,BOM,5066,427,336867,27,22197,0.97,0.74,0.6023
SYD,SIN,8472,258,96809,113,43657,0.39,0.09,0.0
DXB,SIN,4093,245,446418,93,84587,0.31,0.49,0.6307
LHR,LAX,10250,277,300508,35,91923,0.93,1.0,0.3822
SYD,FRA,10031,174,51504,1,9246,0.06,0.92,0.0835
BOM,JFK,5121,133,341891,118,65182,0.36,0.06,0.4354
LAX,SYD,6209,360,286709,113,27842,0.76,0.8,0.4047
BOM,LHR,13968,441,122099,105,67930,0.85,0.49,0.0033
FRA,DXB,6788,125,42920,77,94731,0.87,0.14,0.0
LHR,LAX,4844,129,35083,103,29649,0.55,0.03,0.0
FRA,NRT,11900,207,170791,58,57725,0.49,0.75,0.1681
CDG,LHR,7014,168,443364,57,82079,0.54,0.21,0.6656
DXB,FRA,11045,319,82742,49,47700,0.4,0.28,0.0211
DXB,SYD,7263,206,438584,2,44590,0.55,0.8,0.786
LHR,CDG,6882,348,323232,75,5911,0.3,0.72,0.5596
LAX,DXB,9320,188,305726,86,88585,0.26,0.66,0.3483
SIN,DXB,1099,490,417997,113,92156,0.93,0.1,0.5387
JFK,NRT,2218,249,444495,28,5908,0.31,0.05,0.8492
LAX,FRA,5787,399,345016,24,65600,0.78,0.26,0.5348
JFK,NRT,4344,346,455129,4,95890,0.03,0.38,0.7145
CDG,BOM,11013,489,487882,29,45180,0.28,0.19,0.8564
DXB,SYD,1460,79,311516,55,62820,0.51,0.96,0.4424
SIN,LHR,7393,93,218460,97,57703,0.62,0.15,0.2245
DXB,BOM,3064,495,91304,87,52161,0.88,0.83,0.0
NRT,LAX,11229,51,87962,59,81966,0.53,0.37,0.0
FRA,FRA,6982,261,372727,17,17739,0.08,0.56,0.693
LAX,BOM,8370,253,324642,61,52863,0.2,0.49,0.4826
NRT,SYD,8696,145,199500,33,51632,0.52,0.51,0.2627
JFK,SYD,993,320,22744,114,61549,0.05,0.04,0.0
BOM,NRT,6996,351,273489,54,13547,0.85,0.17,0.4659
CDG,BOM,3972,117,47638,111,61854,0.81,0.61,0.0
DXB,CDG,7334,381,209361,45,51170,0.14,0.13,0.2714
NRT,LAX,4399,270,429625,16,74771,0.57,0.08,0.6937
SIN,DXB,2027,406,72745,38,63636,0.13,0.58,0.0
LHR,CDG,1038,392,299483,0,9640,0.98,0.38,0.5797
FRA,JFK,12595,499,81631,27,44560,0.42,0.65,0.0471
LHR,CDG,3390,108,342559,14,49924,0.0,0.39,0.5713
NRT,JFK,12135,57,479508,28,69225,0.98,0.86,0.7926
LHR,DXB,3725,267,367912,19,51621,0.16,0.61,0.6136
LHR,BOM,3052,284,291017,13,77462,0.47,0.03,0.4141
LAX,JFK,6093,71,28576,95,50699,0.61,0.22,0.0
CDG,DXB,5961,299,264024,72,24988,0.37,0.68,0.4061
LAX,JFK,7588,70,309461,99,67356,0.28,0.13,0.3852
BOM,JFK,9867,252,78149,41,57583,0.74,0.5,0.0001
LHR,FRA,6547,110,458458,1,21757,0.58,0.57,0.8724
NRT,LHR,6330,364,390867,42,7138,0.85,0.77,0.7255
BOM,JFK,10685,218,370413,88,43813,0.63,0.99,0.5652
SIN,LAX,12828,174,271144,36,75999,0.62,0.14,0.3543
LHR,LHR,9683,188,356248,13,64123,0.16,0.47,0.5712
LAX,CDG,7049,414,46306,97,76142,0.61,0.5,0.0
CDG,NRT,10542,283,368813,37,80683,0.89,0.1,0.5393
DXB,SYD,7337,330,336789,116,52263,0.89,0.33,0.4531
CDG,BOM,7672,325,201939,3,12561,0.92,0.95,0.3758
SYD,CDG,2152,74,167559,25,6965,0.84,0.9,0.2962
NRT,JFK,4968,377,156115,88,87462,0.45,0.38,0.0493
JFK,DXB,3837,349,201903,42,16138,0.6,0.92,0.3295
BOM,DXB,6320,245,30494,111,29699,0.84,0.36,0.0
DXB,BOM,3136,127,319807,47,50844,0.26,0.61,0.4909
FRA,JFK,12328,387,285839,48,13825,0.96,0.86,0.496
FRA,BOM,10213,230,462049,68,33802,0.77,0.18,0.7885
CDG,SIN,6600,86,349004,46,33575,0.96,0.71,0.5849
JFK,FRA,7530,58,283376,101,80012,0.91,0.72,0.3057
DXB,LHR,7227,71,228014,21,21756,0.83,0.22,0.3915
CDG,LAX,1605,342,273908,83,61306,0.35,0.72,0.3422
BOM,CDG,8032,431,257062,71,98110,0.07,0.57,0.2469
NRT,SYD,7387,336,29561,6,46436,0.36,0.27,0.0
CDG,NRT,10975,322,12330,44,81430,0.44,0.58,0.0
CDG,NRT,5815,293,334213,6,89537,0.72,0.5,0.4834
SYD,FRA,11238,412,232695,91,7111,0.59,0.96,0.3602
SIN,SIN,10914,163,275096,91,83358,0.19,0.93,0.2925
SIN,DXB,9387,270,290023,28,90276,0.69,0.3,0.3715
BOM,LHR,4531,336,127858,104,56844,0.07,0.38,0.038
BOM,CDG,2214,266,197748,23,78939,0.84,0.53,0.2146
NRT,JFK,12334,274,25737,6,8417,0.05,0.91,0.0286
SYD,FRA,1974,337,19794,17,77900,0.8,0.25,0.0
SYD,JFK,3532,105,234992,77,62628,0.57,0.43,0.2677
NRT,LHR,1485,473,476389,88,25986,0.92,0.15,0.8128
SYD,FRA,11775,216,338487,36,91842,0.93,0.22,0.4573
SYD,LHR,12946,428,428941,34,55571,0.12,0.66,0.7127
CDG,DXB,10680,117,37851,107,79564,0.32,0.78,0.0
BOM,NRT,13962,317,174566,10,25070,0.24,0.95,0.289
SYD,LHR,1083,155,91178,2,6048,0.38,0.87,0.1683
SYD,CDG,1427,86,118498,34,64101,0.28,0.84,0.0748
JFK,FRA,13489,446,17137,108,61912,0.7,0.67,0.0
NRT,BOM,11247,276,53207,24,11913,0.21,0.87,0.0586
LAX,SYD,4714,186,176275,51,71287,0.29,0.83,0.159
FRA,DXB,12330,259,182886,3,76651,0.03,0.17,0.2095
CDG,SIN,9918,441,398467,52,41923,0.91,0.31,0.6611
DXB,JFK,4560,307,179533,0,59333,0.12,0.75,0.2404
CDG,SYD,12597,168,25279,38,23866,0.14,0.59,0.0
JFK,JFK,10401,424,371182,11,22844,0.81,0.38,0.6857
SYD,BOM,8326,240,442930,28,47673,0.23,0.03,0.7625
LAX,LHR,6811,408,188219,68,32606,0.68,0.9,0.2432
SYD,LHR,5003,379,260075,96,82445,0.55,0.6,0.2593
NRT,CDG,2352,105,439231,17,10618,0.36,0.73,0.8402
LHR,LAX,11553,458,361407,8,77997,0.46,0.77,0.5588
DXB,CDG,11132,433,170602,77,34122,0.25,0.48,0.196
LAX,JFK,11530,400,157367,26,27853,0.47,0.86,0.233
NRT,DXB,10647,313,65027,81,99564,0.31,0.2,0.0
CDG,FRA,3904,95,490167,22,63581,0.9,0.72,0.8312
FRA,LAX,3943,98,69271,37,13203,1.0,0.43,0.0751
SIN,FRA,3256,248,489865,87,55405,0.19,0.42,0.7819
LAX,CDG,5193,315,177996,115,62696,0.13,0.63,0.1156
LHR,SIN,3468,483,400339,86,42867,0.05,0.31,0.6289
JFK,JFK,569,341,279843,51,99046,0.77,0.3,0.3106
LHR,SYD,12529,156,99548,60,87113,0.26,0.64,0.0
DXB,BOM,12992,171,229570,24,8651,0.74,0.49,0.4178
SIN,JFK,2999,393,18685,94,41712,0.69,0.72,0.0
SYD,SYD,3504,99,174592,106,94505,0.23,0.32,0.0542
SIN,LHR,4102,55,67466,68,38377,0.64,0.19,0.0
SIN,FRA,3741,220,448778,55,7956,0.65,0.66,0.8266
LHR,CDG,11859,156,489990,52,36230,0.27,0.03,0.8555
JFK,BOM,9523,288,455263,85,24521,0.8,0.44,0.7765
DXB,SYD,10911,83,482054,35,94447,0.44,0.1,0.7402
NRT,SIN,8503,289,380228,57,62460,0.93,0.8,0.5785
DXB,LAX,960,142,343775,10,71161,0.39,0.52,0.5352
NRT,DXB,867,269,333655,70,40312,0.88,0.91,0.5167
JFK,NRT,6291,72,89155,80,37039,0.84,0.06,0.0242
CDG,BOM,9305,84,412816,1,42321,0.6,0.44,0.74
JFK,SIN,5336,141,196081,83,89997,0.07,0.82,0.1292
DXB,LHR,12368,186,100679,69,21153,0.1,0.59,0.0901
DXB,FRA,3327,485,378100,111,28252,0.35,0.86,0.5887
CDG,JFK,12880,155,84308,86,37084,0.68,0.09,0.0084
SIN,FRA,5419,89,479946,63,98820,0.52,0.56,0.6993
LAX,SIN,12893,497,408575,94,95813,0.61,0.93,0.5315
JFK,SIN,2456,152,340171,18,98852,0.56,0.02,0.4646
LHR,SIN,12086,156,487768,73,57656,0.09,0.75,0.7872
SYD,SIN,3230,283,214777,66,43485,0.18,0.79,0.2766
NRT,DXB,2426,261,386076,41,27174,0.61,0.41,0.6768
CDG,SIN,964,117,438656,76,72139,0.35,0.26,0.657
SYD,NRT,4327,378,395870,118,95260,0.33,0.18,0.4832
LHR,BOM,2100,72,422243,68,96821,0.1,0.77,0.5828
LHR,DXB,7176,263,407146,65,78502,0.81,0.4,0.5923
FRA,JFK,9549,178,349353,83,52780,0.31,0.66,0.5101
NRT,NRT,999,488,168128,15,18681,0.32,0.02,0.2839
DXB,JFK,10287,380,46544,99,16621,0.99,0.07,0.0
SIN,CDG,7375,160,58987,115,32226,0.17,0.68,0.0
DXB,NRT,1434,246,125526,10,74835,0.83,0.23,0.0914
NRT,FRA,12051,223,257615,100,67330,0.61,0.13,0.2806
BOM,DXB,12801,133,344787,65,52124,0.24,0.34,0.5203
JFK,LAX,7336,238,300156,26,52434,0.33,0.93,0.4694
FRA,FRA,8796,462,43624,110,94943,0.88,0.4,0.0
JFK,DXB,5600,156,468787,21,84401,0.73,0.58,0.7478
LAX,SIN,3638,368,165606,96,65731,0.64,0.67,0.1038
DXB,BOM,8343,420,337933,49,18125,0.31,0.53,0.5906
BOM,SYD,8660,396,463386,64,14765,0.89,0.81,0.8332
NRT,LAX,2818,101,77047,43,14296,0.86,0.85,0.0825
NRT,BOM,5814,269,358925,86,68378,0.14,0.63,0.4951
LAX,BOM,13117,171,366986,89,35826,0.78,0.76,0.5733
FRA,CDG,10667,241,148520,101,47322,0.79,0.7,0.1014
BOM,SYD,5401,487,266480,110,74663,0.95,0.14,0.2736
FRA,CDG,6553,332,479889,48,75717,0.15,0.5,0.7603
JFK,BOM,11050,393,318994,19,32013,0.13,0.47,0.555
JFK,DXB,11003,483,205942,34,10390,0.92,0.15,0.3571
LHR,JFK,13874,325,224288,116,61258,0.14,0.11,0.2101
SYD,NRT,4697,101,353344,79,35596,0.85,0.05,0.5565
SIN,FRA,7590,305,40814,113,46228,0.75,0.07,0.0
DXB,NRT,2725,113,38409,19,75081,0.35,0.09,0.0
SYD,LAX,7276,164,121648,52,64603,0.34,0.46,0.0621
LHR,DXB,10593,250,430588,77,23475,0.12,0.2,0.7372
CDG,SIN,4503,283,349270,7,74108,0.17,0.76,0.5433
SYD,CDG,12951,493,273986,53,19965,0.44,0.12,0.455
CDG,LHR,1867,211,126342,102,47046,0.73,0.47,0.0566
BOM,LHR,10622,90,126254,53,30234,0.58,0.61,0.139
CDG,SIN,7589,487,178698,118,62566,0.53,0.14,0.1143
SYD,DXB,13507,146,372031,40,76278,0.42,0.18,0.5515
SYD,NRT,5657,133,198222,51,85596,0.41,0.24,0.1743
DXB,NRT,10164,395,255471,6,62521,0.61,0.49,0.3799
JFK,CDG,13169,373,204322,52,34977,0.15,0.26,0.2867
FRA,JFK,7664,314,319448,12,45504,0.8,0.98,0.5359
SYD,BOM,12747,91,441065,106,24575,0.15,0.64,0.727
DXB,LHR,6174,100,271026,69,93315,0.34,0.5,0.2864
SYD,CDG,5281,411,196458,80,80875,0.64,0.04,0.1512
JFK,LAX,2971,90,107121,19,57787,0.72,1.0,0.0797
NRT,CDG,12673,358,450162,57,84480,0.25,0.51,0.6744
LAX,SIN,3292,144,408822,14,14957,0.27,0.67,0.7737
LHR,SIN,11073,405,33637,100,93096,0.55,0.48,0.0
NRT,LAX,8740,345,311674,30,48940,0.36,0.88,0.4955
LHR,JFK,12604,396,14617,66,47611,0.81,0.91,0.0
LHR,SIN,3355,190,119707,41,18592,0.79,0.54,0.1612
NRT,JFK,9851,416,171324,59,58504,0.62,0.77,0.1666
SIN,SYD,3259,171,179468,107,23870,0.3,0.48,0.2042
FRA,LAX,13738,282,82911,111,20809,0.22,0.43,0.0132
BOM,SYD,11540,354,99040,47,81465,0.43,0.33,0.0
NRT,SYD,3655,295,381884,25,48836,0.6,0.22,0.6411
SIN,DXB,13427,464,193394,58,22376,0.15,0.61,0.284
JFK,SIN,11236,111,174167,98,23766,0.29,0.49,0.2028
NRT,LHR,3065,434,109565,108,44031,0.72,0.11,0.0231
FRA,SYD,1243,129,22776,34,64431,0.11,0.45,0.0
LAX,SIN,12145,437,141741,19,15239,0.92,0.43,0.234
DXB,FRA,12484,158,398052,83,52034,0.44,0.53,0.609
SIN,LHR,13396,234,399621,51,40660,0.32,0.2,0.6669
NRT,JFK,7987,345,225867,90,88015,0.11,0.57,0.1857
SYD,LHR,13010,290,309528,23,47647,0.6,0.05,0.5008
LHR,DXB,11127,148,406999,90,80705,0.52,0.86,0.5626
LHR,FRA,11435,62,403556,107,99839,0.47,0.42,0.5004
LAX,FRA,10683,326,422198,34,74185,0.68,0.63,0.662
DXB,JFK,1274,167,150480,84,85954,0.62,0.18,0.0451
SIN,SIN,2856,303,347128,46,59083,0.81,0.53,0.5301
LHR,FRA,10440,59,400402,97,50874,0.76,0.05,0.6021
SIN,SIN,5964,436,308430,62,20039,0.11,0.45,0.5148
NRT,JFK,9726,259,256311,37,92629,0.07,0.43,0.2904
NRT,JFK,3163,364,143919,57,68705,0.04,0.82,0.0934
SIN,CDG,4602,465,66589,84,85208,0.06,1.0,0.0
LHR,SIN,13478,71,338405,32,38985,0.53,0.95,0.5668
LHR,BOM,13923,237,93901,64,7161,0.01,0.45,0.1095
LHR,CDG,6316,82,26245,33,58661,0.74,0.47,0.0
LHR,BOM,10542,59,414178,46,72070,0.65,0.41,0.6382
LAX,FRA,13225,315,299223,100,92383,0.42,1.0,0.3137
LAX,SIN,9727,235,343912,7,32602,0.03,0.91,0.6156
DXB,NRT,7001,377,138932,16,64777,0.52,0.85,0.1323
JFK,FRA,7059,439,308129,33,95263,0.37,0.9,0.3927
DXB,CDG,12571,160,14180,72,25856,0.65,0.47,0.0
NRT,JFK,11612,300,14279,95,94188,0.39,0.13,0.0
LAX,CDG,5681,92,114854,12,22714,0.13,0.54,0.1723
SYD,SYD,5570,321,387093,64,21907,0.66,0.84,0.6664
CDG,NRT,8168,437,277658,63,10891,0.33,0.0,0.4705
LAX,LAX,5296,213,25703,100,54096,0.55,0.21,0.0
LAX,BOM,8318,225,343770,11,8014,0.01,0.11,0.6605
LAX,JFK,5933,185,78701,72,13884,0.99,0.37,0.0576
FRA,SYD,4456,122,272974,95,65862,0.76,0.64,0.3192
DXB,CDG,12187,448,439150,113,70658,0.43,0.51,0.624
CDG,DXB,9452,419,442667,19,65855,0.72,0.34,0.7346
BOM,SYD,7750,448,43908,68,92329,0.14,0.93,0.0
CDG,SYD,5732,52,97888,43,88619,0.02,0.59,0.0
FRA,LHR,1625,375,266245,113,31317,0.38,0.4,0.3569
SIN,BOM,12389,240,239902,94,68501,0.7,0.17,0.2488
LHR,LHR,7842,352,432517,52,13994,0.47,0.97,0.785
NRT,SYD,2891,101,114961,67,34800,0.3,0.02,0.0933
LAX,DXB,13055,156,181218,92,66415,0.05,0.85,0.1376
CDG,SYD,4767,341,314157,9,12776,0.2,0.7,0.5938
DXB,CDG,8492,283,210969,72,37503,0.64,0.88,0.2749
BOM,BOM,2087,389,113587,25,28623,0.6,0.67,0.1449
LAX,LHR,5395,136,118967,1,17904,0.02,0.59,0.2011
NRT,BOM,6807,166,330900,66,84881,0.79,0.73,0.426
CDG,NRT,980,309,61407,103,56816,0.53,0.19,0.0
SIN,SIN,7455,115,22522,2,43845,0.02,0.38,0.0
LHR,FRA,8039,206,335616,52,57181,0.59,0.83,0.5049
LHR,FRA,8657,472,405408,84,36220,0.77,0.2,0.6544
LHR,FRA,12051,398,26327,31,74507,0.95,0.75,0.0
SYD,LAX,6406,206,115079,8,77456,0.74,0.99,0.0672
FRA,SYD,11404,127,438480,73,60356,0.14,0.42,0.6832
JFK,NRT,2032,123,417944,21,67894,0.2,0.18,0.6791
FRA,SYD,7686,166,98679,88,10199,0.92,0.33,0.089
DXB,BOM,5166,215,299465,66,83659,0.42,0.06,0.3656
SIN,DXB,3423,52,112776,88,50535,0.15,0.2,0.0365
FRA,LAX,4643,114,95491,22,48582,0.04,0.03,0.0718
SYD,CDG,8325,334,69590,92,49959,0.02,0.33,0.0
BOM,DXB,10498,357,182052,81,84451,0.65,0.0,0.1142
BOM,NRT,9836,285,104488,46,10214,0.17,0.31,0.1425
CDG,CDG,1358,380,277535,29,26018,0.9,0.83,0.474
DXB,SYD,10848,250,378453,25,65491,0.45,0.44,0.6009
FRA,NRT,13615,75,126770,70,80789,0.67,0.78,0.022
CDG,BOM,5666,465,256886,29,64208,0.16,0.59,0.3564
LAX,LAX,5174,126,39224,9,72934,0.1,0.51,0.0
SIN,SIN,13342,264,376757,36,66609,0.02,0.32,0.5843
SYD,SYD,12396,399,288315,49,25107,0.59,0.98,0.4774
FRA,SYD,11126,226,76201,43,24009,0.12,0.24,0.0614
LAX,LHR,4912,476,29663,114,46216,0.01,0.17,0.0
JFK,LAX,2280,104,129553,38,13754,0.96,0.31,0.1936
LHR,CDG,9352,190,253711,98,5871,0.96,0.61,0.3977
SIN,JFK,8765,300,345455,2,99680,0.53,0.23,0.4896
FRA,LHR,5588,309,454995,3,77895,0.04,0.51,0.7512
DXB,DXB,9904,438,107773,36,13703,0.69,0.14,0.1521
SIN,LAX,4138,391,311864,42,65055,0.25,0.85,0.4516
LAX,JFK,12913,278,441423,46,60351,0.09,0.83,0.7161
NRT,CDG,1501,372,80275,110,23707,0.41,0.83,0.0031
CDG,LAX,1455,167,360299,84,10584,0.74,0.41,0.6154
SYD,FRA,4780,213,394655,106,12574,0.37,0.56,0.6582
CDG,DXB,3789,439,57211,10,96915,0.21,0.64,0.0
JFK,CDG,2020,290,235930,103,27691,0.99,0.67,0.3135
JFK,SYD,12051,439,417211,113,89803,0.33,0.2,0.5418
CDG,FRA,2886,360,133232,99,56876,0.62,0.01,0.0537
NRT,BOM,2463,174,150934,56,71229,0.33,0.63,0.1034
SYD,FRA,6999,252,119679,57,38812,0.8,0.85,0.1047
BOM,DXB,13114,470,198401,98,24361,0.15,0.43,0.2501
BOM,BOM,8209,226,67774,42,59930,0.95,0.62,0.0
LHR,SYD,5123,427,89447,82,54747,0.62,0.49,0.0
NRT,SIN,8628,342,91049,2,34720,0.44,0.84,0.1107
SIN,LAX,7381,463,30575,82,75744,0.19,0.51,0.0
FRA,SIN,3233,304,251945,55,30590,0.81,0.26,0.3877
LHR,JFK,5185,111,448987,83,17457,0.72,0.44,0.7801
FRA,NRT,9713,189,387029,11,38925,0.67,0.71,0.6852
FRA,FRA,4131,194,351401,84,57673,0.55,0.03,0.5035
JFK,DXB,5008,439,395523,61,36861,0.8,0.7,0.6563
JFK,DXB,8016,82,75121,3,70220,0.83,0.16,0.0068
DXB,FRA,3730,60,158958,55,97928,0.62,0.44,0.0671
BOM,CDG,10668,59,10338,13,6884,0.77,0.75,0.0
SIN,CDG,2567,157,68995,5,57185,0.44,0.62,0.0186
SYD,SIN,5265,305,336835,66,90354,0.85,0.25,0.427
JFK,JFK,9452,385,433085,5,7780,0.58,0.56,0.8456
SIN,LAX,6554,73,268757,103,22123,0.29,0.42,0.3903
SYD,CDG,795,215,476342,82,44493,0.1,0.79,0.7817
SYD,CDG,594,95,388868,44,75130,0.95,0.3,0.5835
DXB,LHR,5165,441,169208,38,75210,0.93,0.1,0.15
NRT,DXB,1662,60,32203,92,76192,0.4,0.34,0.0
CDG,FRA,4692,248,262474,54,92496,0.65,0.94,0.286
CDG,JFK,6745,485,90636,94,87080,0.16,0.85,0.0
LHR,LAX,13751,421,363982,111,71505,0.01,0.88,0.474
FRA,CDG,787,384,62222,66,13560,0.99,0.36,0.0313
CDG,SIN,6557,237,337486,13,72842,0.96,0.94,0.5163
NRT,SIN,5542,276,197478,40,66906,0.38,0.03,0.2211
LAX,CDG,11414,456,371228,64,38984,0.55,0.62,0.6005
FRA,LAX,13712,99,368054,7,55459,0.12,0.82,0.6182
CDG,DXB,11871,445,159404,85,27768,0.37,0.82,0.1783
LHR,SIN,1614,189,284333,44,9968,0.71,0.7,0.5047
CDG,LHR,888,498,111519,37,9948,0.12,0.53,0.1661
NRT,NRT,8461,278,152132,65,21355,0.54,0.4,0.1966
SIN,SIN,9616,468,456009,29,64676,0.91,0.41,0.7537
CDG,SYD,8814,196,97643,45,18987,0.79,0.11,0.1123
LAX,JFK,2202,135,213803,54,34822,0.19,0.39,0.304
SIN,SIN,6805,429,79542,33,79446,0.32,0.19,0.0
DXB,JFK,10026,389,251369,61,96422,0.71,0.06,0.2489
BOM,SIN,4351,442,205050,80,7720,0.31,0.96,0.3147
DXB,DXB,6806,333,232021,3,87656,0.47,0.98,0.2857
JFK,NRT,12314,374,359279,7,85334,0.35,0.57,0.5409
JFK,SYD,3366,99,449783,16,24352,0.5,0.41,0.8349
SYD,LAX,4444,278,318413,26,30172,0.22,0.98,0.5505
SYD,NRT,9063,149,335271,89,49152,0.86,0.9,0.4832
SYD,DXB,4268,392,467518,111,40736,0.85,0.71,0.7426
SYD,SYD,7022,397,238294,79,71153,0.35,0.16,0.2553
SIN,BOM,3938,456,345806,89,64251,0.12,0.83,0.4741
SIN,LHR,9278,127,384844,111,57496,0.56,0.5,0.5437
BOM,FRA,1906,223,209684,97,62353,0.65,0.01,0.1977
JFK,NRT,4013,236,493280,37,85347,0.09,0.47,0.7789
CDG,SIN,10649,331,146658,115,66054,0.24,0.55,0.0462
SIN,BOM,4126,195,352730,87,39768,0.88,0.57,0.5389
CDG,LAX,6186,86,58286,44,33407,0.87,0.99,0.0058
SIN,JFK,3020,335,252306,87,56484,0.19,0.26,0.3046
LAX,NRT,11514,487,54443,76,56923,0.02,0.47,0.0
FRA,SIN,9412,471,358063,40,71491,0.03,0.65,0.5331
NRT,BOM,11163,379,145458,28,77545,0.98,0.58,0.1078
FRA,CDG,7041,141,366650,10,23430,0.73,0.3,0.6764
BOM,SYD,11543,470,87399,3,66310,0.15,0.74,0.0392
LHR,LHR,5430,236,34033,19,67938,0.0,0.73,0.0
SIN,SIN,6868,362,177716,49,10395,0.65,0.27,0.2856
FRA,LHR,7939,467,124147,75,37177,0.89,0.15,0.0989
JFK,CDG,12368,178,25615,18,26897,0.07,0.48,0.0
SYD,LHR,8769,161,161076,1,71703,0.79,0.36,0.1777
BOM,DXB,1912,281,423190,13,91722,0.33,0.79,0.6499
LAX,JFK,11509,363,271166,4,30030,0.29,0.74,0.4783
NRT,SIN,2512,266,452133,97,79180,0.06,0.54,0.6489
JFK,CDG,4711,129,175711,77,21439,0.34,0.38,0.2315
NRT,DXB,1586,127,134166,67,45335,0.98,0.49,0.1107
LHR,LHR,3140,393,442399,40,49056,0.97,0.43,0.7467
SIN,DXB,2744,208,442809,94,48349,0.46,0.35,0.6949
BOM,BOM,13772,252,469266,61,51247,0.74,0.31,0.775
SIN,NRT,7914,451,118466,29,35486,0.95,0.12,0.137
BOM,SIN,12281,310,273905,80,11684,0.77,0.9,0.4444
LHR,BOM,9379,404,484810,9,33818,0.58,0.02,0.893
FRA,CDG,12061,148,152344,4,79672,0.45,0.99,0.1413
SYD,LHR,13214,480,393203,44,8810,0.34,0.15,0.7248
BOM,JFK,1396,78,485692,68,17525,0.21,0.7,0.8683
SIN,NRT,601,113,456384,108,59156,0.95,0.53,0.6865
LAX,LAX,7781,143,404871,27,98893,0.43,0.94,0.585
FRA,DXB,8905,384,40722,91,15116,0.98,0.59,0.0
LHR,LAX,5131,486,470911,9,31515,0.78,0.17,0.8698
LAX,JFK,4228,422,132823,119,58980,0.83,0.6,0.0287
FRA,SYD,9990,292,201577,76,80250,0.91,0.22,0.1667
LHR,LAX,1105,378,312256,63,9206,0.9,0.49,0.5431
CDG,DXB,11240,428,287455,57,7024,0.92,0.78,0.5039
BOM,DXB,10950,352,300773,64,79399,0.75,0.06,0.3787
BOM,LAX,7364,295,499837,6,46445,0.87,0.48,0.9008
FRA,DXB,13524,280,96618,71,23879,0.75,0.01,0.0745
BOM,BOM,3471,466,365921,117,16825,0.17,0.93,0.5812
SYD,JFK,1195,324,102447,69,38199,0.77,0.49,0.0595
LHR,DXB,13089,57,411366,60,48328,0.91,0.9,0.6661
NRT,DXB,1097,395,65164,20,51735,0.01,0.03,0.0069
SYD,SYD,11920,432,414139,111,79218,0.14,0.41,0.5588
LAX,NRT,2013,473,396022,10,89771,0.74,0.65,0.6025
SIN,DXB,13017,493,462639,5,87447,0.16,0.24,0.7454
SIN,DXB,3085,347,114224,29,82007,0.06,0.24,0.0354
SIN,JFK,1484,353,342729,2,51644,0.09,0.94,0.5802
NRT,BOM,964,221,339584,80,8136,0.64,0.61,0.5829
CDG,LHR,2902,304,405667,111,30559,0.6,0.41,0.6392
SIN,CDG,13782,149,413287,77,61038,0.84,0.65,0.6275
BOM,DXB,8176,294,454734,38,77133,0.31,0.31,0.7172
NRT,LAX,3834,140,120007,9,99681,0.75,0.98,0.0317
JFK,LHR,1583,224,210376,8,36674,0.2,0.38,0.3394
FRA,SYD,6622,407,121357,64,53803,0.47,0.17,0.0711
SYD,LAX,11202,345,222689,22,79904,0.58,0.52,0.2636
BOM,CDG,13665,406,354885,47,62445,0.13,0.88,0.5379
SYD,FRA,7856,238,324630,76,21238,0.81,0.34,0.5308
DXB,FRA,8791,443,344290,104,80073,0.99,0.73,0.4244
BOM,BOM,9599,63,76936,23,34492,0.9,0.13,0.0619
BOM,SIN,2914,412,188632,17,19279,0.72,0.45,0.3217
CDG,SYD,5182,66,80462,55,77351,0.13,0.12,0.0
LHR,FRA,5337,293,208033,46,78326,0.92,0.29,0.2134
DXB,DXB,1782,289,397425,84,27461,0.04,0.61,0.6559
FRA,SYD,1442,344,177544,117,95358,0.44,0.2,0.0474
FRA,NRT,2815,60,116283,78,81578,0.21,0.47,0.0
CDG,NRT,5379,174,430164,60,86441,0.96,0.71,0.6274
BOM,JFK,12779,272,196772,48,5057,0.51,0.12,0.3354
SIN,LAX,6284,157,273102,35,67292,0.28,0.06,0.3766
NRT,LHR,12664,371,476265,18,78482,0.1,0.41,0.7776
FRA,SYD,1974,468,179845,105,24787,0.39,0.32,0.2051
LAX,BOM,1437,241,87672,11,19223,0.65,0.86,0.1259
JFK,SYD,5380,124,437636,95,8284,0.75,0.89,0.7637
LAX,CDG,7969,332,399972,68,91752,0.9,0.06,0.5484
LAX,FRA,10240,157,285806,41,66791,0.96,0.28,0.397
LAX,SYD,3540,247,39260,58,57162,0.16,0.29,0.0
JFK,SYD,8201,260,196811,5,18951,0.2,0.63,0.3507
BOM,LAX,13655,450,240451,71,29989,0.89,0.13,0.3499
JFK,LAX,12867,273,15536,48,46662,0.61,0.57,0.0
FRA,JFK,6461,130,41626,109,10418,0.36,0.22,0.0
NRT,NRT,4296,430,359007,95,6837,0.28,0.26,0.6093
NRT,DXB,8784,356,188919,65,67152,0.2,0.82,0.1785
JFK,LAX,7552,193,427048,39,14395,0.68,0.35,0.7863
FRA,JFK,1279,215,301255,98,76770,0.24,0.63,0.351
SYD,LHR,9697,462,103231,46,7178,0.74,0.99,0.1461
DXB,BOM,9606,294,141114,83,62348,0.4,0.92,0.0745
SYD,LAX,4188,72,120364,63,83010,0.96,0.45,0.0117
DXB,LHR,1964,297,10572,68,7869,0.47,0.27,0.0
CDG,SYD,7640,106,190591,99,42090,0.94,0.23,0.198
FRA,LAX,9312,217,120435,70,32940,0.31,0.64,0.105
NRT,FRA,4990,218,18998,89,13057,0.22,0.42,0.0
LAX,FRA,10461,279,76858,84,25128,0.86,0.48,0.0195
FRA,CDG,7622,65,185935,100,33842,0.24,0.79,0.2042
NRT,DXB,10364,493,329402,17,24065,0.18,0.8,0.5937
FRA,DXB,775,419,40046,75,13545,0.37,0.66,0.0
FRA,DXB,9726,71,253363,18,40923,0.32,0.43,0.4069
SIN,FRA,11390,423,315662,38,62737,0.54,0.56,0.4678
SYD,LAX,13023,345,85721,43,44241,0.37,0.53,0.04
LAX,LAX,2005,289,180691,20,40961,0.64,0.77,0.2595
LAX,JFK,8475,66,27357,88,5059,0.88,0.14,0.0
CDG,BOM,6382,170,456583,63,21825,0.34,0.37,0.8065
SIN,SYD,9291,242,248091,116,5998,0.12,0.78,0.3682
LHR,NRT,12642,139,261638,38,22597,0.16,0.56,0.4401
LHR,CDG,6632,112,484585,28,9863,0.01,0.14,0.9214
NRT,BOM,2484,76,95649,4,29819,0.1,0.06,0.1277
SIN,SIN,11167,341,55953,50,53076,0.78,0.68,0.0
BOM,FRA,4522,381,340149,115,80040,0.88,0.15,0.4052
SYD,NRT,10221,419,369435,34,99320,0.62,0.78,0.5062
LAX,CDG,4113,90,19794,29,74789,0.68,0.56,0.0
SIN,FRA,8398,438,230970,29,62573,0.55,0.1,0.3078
SIN,NRT,12542,411,407704,80,31985,0.9,0.77,0.6714
DXB,NRT,3449,237,434140,37,95620,0.46,0.2,0.64
SIN,LHR,13287,415,149133,85,70550,0.33,0.27,0.0722
DXB,BOM,10208,240,262788,49,61620,0.07,0.94,0.3533
NRT,LAX,7219,168,214276,113,52950,0.68,0.12,0.2097
SYD,SIN,6432,400,301260,118,92445,0.87,0.43,0.2996
CDG,FRA,3931,236,469073,35,96069,0.5,0.41,0.711
JFK,DXB,1613,308,350589,70,7998,0.95,0.48,0.6152
DXB,FRA,13405,58,473217,110,77208,0.42,0.21,0.682
DXB,BOM,5664,296,12738,50,94109,0.4,0.24,0.0
BOM,BOM,13182,109,145804,72,49181,0.07,0.91,0.1212
SIN,BOM,11636,245,257446,0,48307,0.46,0.36,0.4183
LAX,NRT,9188,379,298040,62,71306,0.31,0.46,0.3915
BOM,CDG,13123,477,450984,13,37953,0.41,0.01,0.8131
SYD,CDG,8085,235,335402,49,31576,0.07,0.18,0.5587
LAX,BOM,4454,311,106225,6,54847,0.48,0.85,0.0968
SIN,NRT,9038,470,239503,90,76166,0.9,0.9,0.2367
SIN,LHR,1062,155,410190,119,60868,0.3,0.92,0.5796
NRT,JFK,9829,54,425273,51,62972,0.7,0.65,0.6736
SYD,SIN,2385,239,128039,21,34768,0.52,0.73,0.1655
FRA,SIN,6358,205,11885,55,34352,0.01,0.16,0.0
JFK,LAX,3168,282,211505,74,72938,0.17,0.76,0.2031
NRT,LHR,3401,430,311949,80,17142,0.06,0.94,0.5096
BOM,NRT,6032,219,208692,66,87054,0.06,0.18,0.1773
NRT,SYD,9810,203,214148,58,56579,0.08,0.22,0.2571
FRA,FRA,6669,476,155476,91,29520,0.12,0.93,0.1609
LHR,CDG,3374,224,192861,92,59784,0.16,0.06,0.1742
DXB,NRT,4044,424,328561,98,54257,0.5,0.44,0.4506
LAX,BOM,5916,352,201048,101,44159,0.7,0.46,0.2128
JFK,DXB,9223,434,438351,87,5518,0.24,0.31,0.7787
DXB,NRT,10944,281,380653,14,44350,0.41,0.28,0.6586
BOM,FRA,4615,229,226579,119,94780,0.86,0.72,0.1446
NRT,NRT,10263,197,493901,5,32119,0.53,0.87,0.9186
JFK,LHR,6010,341,167144,5,18285,0.95,0.27,0.2927
LAX,SYD,11975,483,343384,59,43758,0.0,0.57,0.5403
NRT,BOM,7400,262,218968,60,80778,0.15,0.16,0.2164
LHR,SIN,2105,137,463028,95,35221,0.64,0.03,0.7606
SYD,CDG,4018,175,494045,10,41830,0.39,0.06,0.8944
DXB,SYD,9241,405,347255,82,91707,0.15,0.51,0.4291
SIN,CDG,9653,104,382922,116,23836,0.37,0.34,0.6022
LHR,LAX,11234,275,499681,24,80284,0.22,0.86,0.8148
DXB,SIN,714,140,40712,92,71860,0.09,0.38,0.0
NRT,SYD,12451,420,354243,42,62899,0.07,0.6,0.5407
SIN,BOM,11130,220,409721,61,35336,0.02,0.16,0.6878
CDG,SIN,1722,404,476825,50,70458,0.84,0.32,0.7627
BOM,SIN,7127,356,95259,106,28825,0.77,0.39,0.0269
SIN,NRT,12699,80,412222,19,39433,0.93,0.57,0.7266
JFK,NRT,9010,128,191458,119,57338,0.56,0.47,0.1492
FRA,JFK,13226,161,27418,24,40938,0.98,0.24,0.0
SIN,SYD,1639,402,195840,59,17706,0.26,0.09,0.2973
NRT,BOM,4342,241,268630,35,99520,0.19,0.64,0.3032
LHR,NRT,10114,489,356715,17,22970,0.06,0.87,0.6505
SIN,SIN,11884,428,443671,107,31563,0.2,0.26,0.7172
DXB,FRA,11164,248,20177,63,61394,0.16,0.02,0.0
NRT,SIN,10213,180,149404,61,55690,0.33,0.48,0.1264
CDG,NRT,2957,391,305292,63,39685,0.33,0.24,0.4682
FRA,LAX,13793,268,96711,9,46527,0.46,0.53,0.0914
JFK,JFK,12875,117,250083,62,57076,0.43,0.21,0.324
BOM,JFK,11115,302,127971,105,52251,0.86,0.65,0.0464
SIN,SYD,1921,425,304715,68,43724,0.72,0.97,0.454
JFK,FRA,11887,176,217692,83,12822,0.62,0.66,0.3267
JFK,LHR,13446,276,329414,60,35622,0.9,0.31,0.5276
NRT,JFK,4264,350,224511,97,50524,0.62,0.88,0.251
LAX,CDG,12752,113,446052,79,67906,0.5,0.84,0.6773
LAX,BOM,7861,144,261680,92,41649,0.67,0.42,0.3481
SYD,SYD,6958,327,408597,47,65928,0.77,0.85,0.6383
BOM,LHR,3848,212,175954,115,37871,0.79,0.57,0.1612
DXB,SIN,4159,97,17912,114,14065,0.98,0.59,0.0
JFK,SYD,716,285,100437,34,55984,0.32,0.44,0.0549
SYD,DXB,8922,63,393929,93,47496,0.7,0.85,0.5999
FRA,NRT,3145,293,468520,15,88675,0.29,0.6,0.7447
FRA,SIN,774,479,230430,14,94673,0.52,0.08,0.2575
LHR,LAX,4831,255,151036,48,74672,0.47,0.49,0.1047
LHR,JFK,6815,303,482796,63,79899,0.69,0.45,0.7428
BOM,DXB,10440,135,111552,94,38808,0.31,0.77,0.0515
SIN,SYD,8746,436,379870,106,33722,0.08,0.98,0.5863
NRT,NRT,10914,78,286975,39,62577,0.33,0.41,0.4098
LHR,FRA,13596,179,87700,94,19046,0.69,0.6,0.0433
LHR,JFK,13891,352,281777,31,22124,0.19,0.78,0.4883
LAX,BOM,8374,485,253548,95,70226,0.4,0.82,0.2716
CDG,CDG,11187,441,471201,97,59105,0.79,0.5,0.7272
FRA,CDG,8882,287,339666,10,48561,0.91,0.54,0.5722
LAX,FRA,10326,185,448430,99,31194,0.61,0.24,0.7355
FRA,NRT,5479,291,175494,112,61005,0.94,0.99,0.117
SIN,NRT,4126,108,400188,51,63720,0.18,0.22,0.6219
JFK,DXB,13338,305,97650,89,84512,0.97,0.3,0.0
DXB,CDG,10821,198,432294,29,45770,0.73,0.4,0.744
SYD,DXB,11739,306,255743,87,70383,0.14,0.35,0.2837
DXB,SYD,11650,470,368693,40,9418,0.83,0.57,0.6786
BOM,DXB,5727,129,467359,63,33054,0.35,0.94,0.8056
LAX,BOM,7188,486,450148,48,95206,0.49,0.07,0.6619
BOM,FRA,3308,312,342378,19,14827,0.87,0.36,0.6361
BOM,FRA,4534,87,216573,56,56140,0.32,0.46,0.2649
CDG,NRT,3886,312,261889,1,87608,0.52,0.41,0.3476
LHR,LAX,1713,386,330923,94,25201,0.9,0.18,0.5174
DXB,LHR,13321,224,386892,98,92168,0.73,1.0,0.4914
DXB,DXB,897,174,275350,31,29327,0.71,0.28,0.461
BOM,DXB,4993,112,200015,93,51185,0.04,0.82,0.2047
LHR,BOM,5286,247,276879,116,92404,0.11,0.33,0.253
FRA,SYD,10089,82,246933,8,69025,0.75,0.01,0.3478
SIN,CDG,5808,128,314342,117,84565,0.91,0.15,0.3426
JFK,SIN,13690,155,315537,86,60471,0.9,0.49,0.4241
SYD,NRT,2069,451,314899,4,89416,0.19,0.52,0.447
FRA,CDG,10120,293,467523,99,55107,0.55,0.22,0.7258
JFK,SYD,9099,183,161109,89,66899,0.33,0.25,0.0994
FRA,BOM,6551,93,401628,78,67664,0.5,0.76,0.5899
LHR,NRT,5252,165,366366,34,27439,0.39,0.39,0.6439
SIN,LAX,9052,454,252975,97,28069,0.88,0.95,0.3528
SIN,JFK,10183,260,228744,14,25868,0.58,0.5,0.3918
NRT,SIN,3798,473,315867,118,79999,0.06,0.37,0.3537
LHR,LAX,5412,452,209717,6,85249,0.87,0.44,0.2429
NRT,DXB,8314,226,134288,117,91038,0.34,0.86,0.0
LHR,SIN,1624,452,239162,43,9235,0.49,0.1,0.4169
LAX,FRA,4647,321,37556,37,77596,0.03,0.61,0.0
LAX,DXB,9340,64,271414,35,14519,0.21,0.58,0.4788
SYD,SIN,7510,409,480332,83,6691,0.1,0.9,0.8643
DXB,NRT,4080,346,128464,83,53798,0.85,0.44,0.0663
NRT,BOM,3446,115,131839,48,16549,0.77,0.79,0.1826
LHR,SIN,2885,183,458096,66,99331,0.35,0.74,0.6515
FRA,DXB,9908,322,442042,59,84291,0.35,0.69,0.6565
CDG,JFK,10728,121,374223,112,48581,0.26,0.42,0.5393
DXB,JFK,4756,426,304583,74,17071,0.0,0.97,0.501
DXB,BOM,5125,359,210661,55,22220,0.33,0.55,0.3219
SYD,BOM,1487,147,364089,62,26035,0.62,0.05,0.6141
CDG,LAX,4749,148,282823,10,92553,0.57,0.48,0.3705
SIN,LAX,765,259,458314,95,77865,0.9,0.57,0.6659
JFK,FRA,10848,122,96625,92,18653,0.2,0.49,0.0639
LHR,SIN,13127,362,106114,55,28578,0.26,0.82,0.1001
CDG,LHR,13068,63,216847,48,33058,0.03,0.14,0.3196
LAX,FRA,7926,455,466913,88,6244,0.85,0.74,0.8333
LAX,SIN,2673,332,22329,4,5621,0.45,0.05,0.0294
JFK,NRT,3997,264,18419,34,93306,0.46,0.83,0.0
DXB,NRT,1164,219,417347,25,75212,0.5,0.2,0.6593
DXB,LAX,8224,292,15800,20,62852,0.99,0.36,0.0
LAX,LHR,2197,384,308911,64,14590,0.13,0.94,0.5246
SIN,SIN,5370,390,200946,104,40428,0.83,0.58,0.217
JFK,CDG,13697,171,456923,58,89048,0.09,0.27,0.6778
JFK,BOM,10492,310,51499,16,35940,0.99,0.37,0.0151
LHR,JFK,5261,147,81277,58,70530,0.53,0.8,0.0
JFK,FRA,9379,485,436748,104,73753,0.26,0.25,0.622
SYD,NRT,5403,437,421770,66,53577,0.23,0.48,0.6704
SIN,FRA,1240,476,388761,61,35799,0.82,0.36,0.6449
DXB,JFK,7589,208,391659,26,47834,0.48,0.36,0.6616
SIN,CDG,4875,497,179599,25,21636,0.11,0.24,0.2909
JFK,LAX,2223,314,133752,39,90685,0.43,0.08,0.0471
SIN,LHR,9176,429,463404,15,35957,0.59,0.21,0.8399
LAX,SYD,1947,488,328771,28,84246,0.52,0.36,0.461
CDG,SYD,5325,271,367924,20,34589,0.95,0.1,0.6467
FRA,LHR,8291,486,406056,67,37668,0.55,1.0,0.6698
LAX,CDG,9690,205,418737,20,41737,0.41,0.33,0.734
SIN,NRT,11599,266,368329,37,21741,0.83,0.33,0.6562
BOM,LAX,7724,437,208047,104,85724,0.8,0.9,0.1406
NRT,NRT,5373,136,23780,92,50800,0.47,0.16,0.0
FRA,NRT,9081,290,114598,34,75178,0.22,0.09,0.0448
LHR,JFK,5885,126,83065,78,8834,0.14,0.33,0.0705
LHR,DXB,9849,389,448187,106,61379,0.04,0.89,0.6676
CDG,SYD,12858,453,68769,53,13143,0.2,0.39,0.0583
FRA,LHR,10795,279,48269,67,92592,0.32,0.53,0.0
SIN,BOM,12219,261,392929,53,80596,0.34,0.99,0.5717
LHR,LHR,9054,387,422860,88,18187,0.73,0.38,0.7213
LHR,LAX,2147,234,39917,48,32019,0.68,0.79,0.0
LAX,DXB,10011,455,132071,42,26365,0.39,0.69,0.1694
CDG,NRT,3487,98,10439,19,35358,0.11,0.92,0.0
LAX,SYD,12234,437,452462,14,93453,0.24,0.51,0.704
SYD,JFK,7356,113,195481,23,89456,0.68,0.82,0.189
FRA,NRT,1934,392,66256,12,69809,0.59,0.36,0.0
NRT,JFK,4465,159,143895,73,45270,0.67,0.59,0.1242
FRA,LAX,3605,473,403556,105,97035,0.36,0.04,0.508
SYD,BOM,10080,173,327969,74,29401,0.09,0.46,0.5231
NRT,CDG,10583,256,296960,116,40572,0.32,0.46,0.3968
CDG,NRT,1615,182,247224,48,84425,0.09,0.87,0.2776
CDG,LAX,9206,217,54902,27,11722,0.2,0.16,0.0594
NRT,LHR,512,470,68210,118,65576,0.21,0.08,0.0
LHR,JFK,2540,99,67081,51,20662,0.85,0.47,0.0418
SIN,LAX,713,237,285483,14,10992,0.52,0.11,0.535
NRT,JFK,4250,406,309356,19,26558,0.73,0.99,0.5466
BOM,CDG,4166,298,487859,107,66700,0.16,0.58,0.7353
SIN,LHR,3399,114,169022,33,75448,0.4,0.14,0.1541
NRT,CDG,5513,289,118764,12,87217,0.78,0.95,0.0511
SIN,SYD,6878,85,263839,111,17798,0.39,0.23,0.3811
JFK,DXB,13075,449,311399,38,39902,0.6,0.34,0.505
CDG,LHR,11218,257,49062,13,16084,0.09,0.81,0.053
LAX,SYD,3399,273,70706,0,83643,0.83,0.76,0.0
SYD,BOM,3981,232,499779,11,12245,0.76,0.3,0.9641
JFK,LAX,12799,231,28627,21,94432,0.39,0.06,0.0
CDG,SIN,8263,351,285657,77,9803,0.98,0.83,0.4747
LHR,CDG,3198,111,399147,30,7847,0.44,0.58,0.7526
SIN,LAX,13987,347,139415,42,21636,0.61,0.21,0.1936
DXB,CDG,7872,292,201974,36,95271,0.51,0.05,0.1774
SIN,NRT,13225,75,342082,95,75599,0.28,0.36,0.438
CDG,LHR,6385,191,173536,117,54514,0.45,0.08,0.121
JFK,BOM,12696,256,222302,36,58616,0.5,0.23,0.2914
SYD,LHR,3579,353,77730,90,90899,0.38,0.76,0.0
DXB,JFK,1512,385,15680,67,86359,0.3,0.07,0.0
NRT,BOM,2080,377,256935,72,40531,0.74,0.1,0.3608
CDG,CDG,10398,224,51033,70,11265,0.16,0.75,0.0095
LHR,SYD,9420,113,140328,19,25032,0.72,0.92,0.2116
NRT,FRA,12260,475,271061,12,54830,0.9,0.66,0.4205
CDG,SYD,11217,160,215566,119,5181,0.88,0.96,0.3018
FRA,CDG,1289,415,125685,16,6008,0.4,0.86,0.2234
CDG,SIN,3813,318,119349,37,70184,0.22,0.28,0.0613
SIN,SYD,2524,113,136572,26,70439,0.86,0.67,0.1063
JFK,NRT,12178,103,255172,85,40888,0.45,0.22,0.3436
SIN,SYD,2648,87,180739,15,21462,0.34,0.46,0.3036
SIN,SYD,6977,497,438665,100,65416,0.9,0.21,0.6465
SIN,BOM,13235,360,284869,56,59638,0.11,0.66,0.3945
CDG,BOM,2326,221,422535,75,78383,0.18,0.64,0.6133
CDG,SYD,5997,366,185665,46,98538,0.45,0.68,0.1283
LAX,SIN,8213,211,224711,14,39743,0.44,0.82,0.3559
DXB,LHR,5706,82,174731,34,42208,0.14,0.09,0.231
BOM,LHR,13643,490,88691,67,35487,0.29,0.57,0.0394
BOM,SIN,9296,381,310929,18,65643,0.37,0.58,0.4726
JFK,DXB,12541,203,79146,7,16879,0.73,0.82,0.1175
FRA,BOM,1662,87,416813,72,44598,0.99,0.5,0.6724
SYD,SYD,8088,68,68105,29,75105,0.96,0.53,0.0
LAX,DXB,3795,208,169669,61,39793,0.67,0.1,0.1988
JFK,SIN,4861,86,178762,89,97033,0.3,0.07,0.0745
LHR,DXB,2123,222,119520,84,98146,0.55,0.94,0.0
SYD,SYD,1141,277,226936,110,88986,0.42,0.18,0.1659
BOM,BOM,8068,65,263542,45,35473,0.01,0.6,0.4111
NRT,BOM,2380,246,77129,116,79843,0.33,0.68,0.0
DXB,SYD,9179,345,19225,67,97317,0.37,0.89,0.0
LAX,CDG,8959,319,377874,86,29633,0.18,0.56,0.6105
FRA,DXB,6986,317,285608,34,83916,0.03,0.0,0.3694
SIN,SYD,6319,244,162341,5,52203,0.45,0.47,0.2153
LAX,JFK,7173,119,267646,15,86764,0.01,0.82,0.3468
NRT,SIN,6367,261,357834,76,5672,0.89,0.7,0.6283
CDG,DXB,7294,254,12818,119,62670,0.11,0.63,0.0
NRT,LAX,3882,310,310681,83,64562,0.72,0.07,0.4092
CDG,LHR,7202,301,189130,119,11318,0.53,0.49,0.2366
DXB,LAX,1131,92,105863,69,94776,0.87,0.13,0.0
SYD,DXB,4732,394,257388,9,70740,0.28,0.39,0.3643
SIN,SYD,5752,419,479929,107,93023,0.83,0.04,0.6668
BOM,DXB,7482,148,370798,98,39370,0.94,0.27,0.5649
JFK,SYD,12767,357,384197,54,40622,0.33,0.33,0.6332
DXB,FRA,2035,153,39509,63,30531,0.03,0.68,0.0
SIN,SYD,6418,158,181567,44,17820,0.85,0.66,0.2835
SYD,FRA,3388,272,59226,114,26235,0.23,0.29,0.0
LAX,NRT,12348,193,478951,80,88163,0.49,0.47,0.7016
FRA,SIN,8345,156,406648,3,33692,0.57,0.65,0.7429
SIN,FRA,11524,204,430235,65,91987,0.74,0.08,0.6115
LHR,FRA,3154,219,477251,93,98833,0.43,0.38,0.6638
LHR,JFK,4586,396,244276,15,24571,0.7,0.66,0.4244
BOM,JFK,716,219,296678,74,28444,0.6,0.24,0.4625
CDG,CDG,7375,83,334178,79,75744,0.3,0.31,0.4379
LAX,LAX,1206,348,368461,34,83910,0.42,0.22,0.5351
JFK,FRA,4281,201,341108,34,31822,0.63,0.86,0.5846
DXB,CDG,13558,291,12189,117,75081,0.77,0.12,0.0
FRA,JFK,10231,456,428331,91,10884,0.23,0.87,0.7439
BOM,LAX,12716,418,370211,110,42020,0.06,0.46,0.5464
CDG,SIN,9403,355,464243,2,72819,0.73,0.23,0.7808
LHR,DXB,13119,368,259363,11,42283,0.2,0.88,0.4232
LAX,SYD,9358,406,125357,103,60897,0.88,0.95,0.0259
SYD,CDG,3705,256,46424,98,81351,0.38,0.98,0.0
LHR,FRA,12281,392,327485,82,33451,0.77,0.06,0.5061
JFK,LAX,7387,466,358092,87,53833,0.27,0.89,0.5215
SIN,JFK,1603,126,186997,33,30834,0.61,0.22,0.2793
LAX,JFK,11289,83,466431,73,51503,0.21,0.12,0.7569
CDG,SIN,6015,233,272294,22,81874,0.43,0.46,0.3588
SIN,LHR,12818,344,458706,91,46050,0.72,0.23,0.7343
DXB,LAX,3375,416,185144,46,74392,0.81,0.21,0.1755
JFK,DXB,4637,179,249735,29,17400,0.62,0.19,0.4357
SYD,BOM,7967,145,232526,106,85388,0.59,0.56,0.1883
SYD,JFK,6541,367,333977,28,47092,0.2,0.58,0.5458
DXB,SYD,4553,466,401729,62,12266,0.01,0.44,0.7169
DXB,LHR,8324,256,264430,81,92757,0.21,0.06,0.2623
NRT,DXB,7079,389,92586,25,11554,0.19,0.25,0.1371
SIN,FRA,1755,218,284197,72,7153,0.78,0.68,0.4821
LAX,BOM,6654,496,126955,9,10179,0.03,0.96,0.2246
SYD,SYD,7525,93,354577,66,30613,0.5,0.52,0.5819
FRA,JFK,11306,368,303209,88,45024,0.34,0.36,0.4284
JFK,FRA,12789,132,364741,110,35913,0.24,0.89,0.5477
DXB,LAX,1197,440,403387,76,5805,0.74,0.57,0.7192
CDG,FRA,13205,304,329948,85,58692,0.26,0.98,0.4575
CDG,LHR,537,315,299124,46,81652,0.26,0.09,0.3889
NRT,LHR,12946,344,23100,13,87968,0.82,0.26,0.0
JFK,DXB,2790,167,64019,61,78007,0.46,0.95,0.0
BOM,DXB,1979,241,491344,119,46924,0.68,0.82,0.7698
BOM,SIN,713,445,392828,45,96256,1.0,0.67,0.5481
JFK,JFK,13735,89,49339,67,59312,0.71,0.17,0.0
DXB,SIN,692,95,251397,46,93479,0.61,0.68,0.2698
NRT,LHR,9530,382,98644,64,80690,0.36,0.02,0.0
LHR,CDG,12175,255,202085,76,8111,0.24,0.44,0.3119
LHR,LAX,726,487,254981,95,10446,0.15,0.7,0.3941
CDG,BOM,9501,430,495556,54,88860,0.68,0.78,0.7594
JFK,CDG,11056,453,476236,23,60756,0.96,0.82,0.808
SYD,JFK,8155,358,138874,58,49475,0.54,0.73,0.1208
SIN,FRA,9066,153,358738,112,53326,0.42,0.91,0.4988
DXB,JFK,8965,350,430733,39,5463,0.95,0.47,0.8115
BOM,LHR,13046,368,183688,95,52888,0.28,0.4,0.1666
SYD,SYD,12200,383,353158,85,92769,0.31,0.95,0.4358
LHR,NRT,1686,368,14181,112,46813,0.74,0.32,0.0
FRA,CDG,7161,164,248695,36,7570,0.38,0.13,0.4462
BOM,SYD,2326,347,446127,53,22208,0.62,0.2,0.7948
NRT,LHR,7943,347,44322,83,92975,0.61,0.69,0.0
JFK,DXB,6081,253,43553,75,42824,0.36,0.96,0.0
DXB,CDG,2529,448,240186,18,40092,0.48,0.04,0.3822
LHR,FRA,3830,102,66034,28,39315,1.0,0.01,0.0254
LHR,DXB,9146,170,354044,77,38468,0.92,0.97,0.5542
DXB,DXB,4402,62,80265,61,39504,0.08,0.44,0.0205
SYD,JFK,10347,113,200608,66,57650,0.33,0.69,0.2199
FRA,JFK,11644,135,140188,78,24694,0.81,0.35,0.153
NRT,LAX,7396,102,74116,46,35386,0.06,0.12,0.0315
CDG,BOM,7862,396,164970,68,85479,0.69,0.32,0.091
JFK,JFK,12743,399,428207,108,11987,0.64,0.67,0.7244
NRT,CDG,5939,396,191861,117,30253,0.45,0.63,0.2062
FRA,JFK,10998,247,341599,18,84675,0.24,0.68,0.4958
LHR,JFK,1754,336,231150,66,65979,0.03,0.57,0.2643
LAX,CDG,8958,163,403133,79,26113,0.04,0.69,0.675
FRA,JFK,1842,117,273727,13,7115,0.96,0.27,0.5202
CDG,JFK,4089,371,329655,13,82103,0.9,0.54,0.4821
FRA,FRA,1053,61,133496,86,82039,0.41,0.67,0.0169
SIN,SIN,12608,175,255983,69,95226,0.73,0.0,0.2525
SYD,SYD,6373,71,77323,39,13070,0.9,0.17,0.0895
LAX,SYD,11814,434,473075,61,82120,0.56,0.54,0.7209
JFK,NRT,12735,187,408359,74,10588,0.05,0.44,0.7215
JFK,FRA,12124,228,477331,15,72211,0.82,0.89,0.7952
LHR,SIN,12426,177,356926,104,21188,0.73,0.59,0.5675
SYD,BOM,5664,383,217215,63,81283,0.83,0.2,0.2089
JFK,SYD,5106,64,266896,41,45934,0.88,0.29,0.4009
SYD,JFK,10032,429,180748,62,56114,0.3,0.97,0.1873
DXB,LHR,8866,452,471701,6,26105,0.85,0.84,0.8852
NRT,LHR,13702,428,418763,9,15802,0.95,0.38,0.7969
LAX,LHR,5196,86,298036,16,20219,0.86,0.99,0.5396
SYD,LHR,3126,91,341904,64,49423,0.98,0.92,0.521
FRA,NRT,536,51,347805,90,63433,0.64,0.25,0.4787
LHR,LHR,10300,108,185812,16,80825,0.41,0.45,0.194
FRA,FRA,13718,492,241471,98,22356,0.32,0.43,0.3402
FRA,LAX,12538,212,437430,75,21483,0.91,0.05,0.7569
CDG,FRA,13701,357,246811,79,57861,0.19,0.72,0.2989
SYD,JFK,4705,218,434486,84,96791,0.48,0.03,0.5914
FRA,LAX,12123,171,71803,95,56874,0.24,0.53,0.0
DXB,FRA,6205,238,438727,91,20478,0.9,0.84,0.7455
LAX,SYD,10214,475,66888,41,54263,0.57,0.52,0.0
NRT,BOM,6978,228,375378,31,19406,0.83,0.01,0.6809
SIN,LAX,7401,220,458546,89,5980,0.28,0.63,0.8161
NRT,NRT,10432,124,287923,62,88160,0.97,0.75,0.3375
SIN,DXB,11426,107,435700,42,96640,0.83,0.69,0.6361
JFK,JFK,6980,85,26080,56,27619,0.46,0.81,0.0
LAX,LHR,9279,295,414949,0,28904,0.97,0.23,0.7721
SIN,FRA,5890,147,419136,77,77655,0.64,0.08,0.606
JFK,NRT,13619,492,346379,119,45625,0.21,0.98,0.4825
FRA,SIN,2014,422,405603,81,32705,0.09,0.44,0.6648
SIN,LHR,9278,76,418383,64,78428,0.09,0.26,0.6159
CDG,NRT,697,351,99584,81,88062,0.28,0.06,0.0
BOM,JFK,10872,497,331185,104,20709,0.67,0.41,0.517
DXB,JFK,9837,330,268433,99,42802,0.05,0.46,0.3523
SIN,BOM,10041,300,168519,105,84824,0.48,0.42,0.0624
LAX,JFK,12144,266,204141,111,12073,0.63,0.18,0.2731
CDG,NRT,10218,145,338005,66,61065,0.33,0.08,0.4879
LHR,SYD,13673,210,366981,55,89511,0.06,0.74,0.4999
NRT,CDG,11472,364,101865,42,97075,0.06,0.49,0.0
SIN,CDG,1236,344,28322,106,58967,0.8,0.75,0.0
SIN,SIN,10446,94,294087,16,84170,0.26,0.45,0.4038
CDG,FRA,10809,55,390106,23,15327,0.84,0.32,0.7266
SYD,BOM,4454,214,395357,98,73776,0.32,0.99,0.5452
LHR,SIN,9064,492,64758,47,99413,0.93,0.29,0.0
SIN,NRT,10272,163,435549,89,32479,1.0,0.71,0.7171
BOM,DXB,11498,376,412964,43,89978,0.8,0.76,0.603
DXB,DXB,4494,289,301385,5,40038,0.6,0.58,0.5177
BOM,FRA,11388,426,135405,5,13190,0.04,0.48,0.2394
DXB,JFK,13274,78,290756,115,81639,0.57,0.92,0.3032
LAX,SIN,7976,109,317989,115,65877,0.05,0.31,0.3892
LHR,SYD,12850,61,161083,46,24910,0.89,0.5,0.2263
CDG,LAX,7717,133,123824,7,12026,0.23,0.78,0.2166
SIN,BOM,1526,182,157830,57,76607,0.64,0.07,0.1054
LAX,BOM,9227,337,271342,55,37992,0.47,0.25,0.4117
SYD,FRA,11841,208,259963,26,85222,0.55,0.53,0.3235
SIN,SIN,9756,127,71632,111,45380,0.39,0.97,0.0
CDG,SIN,7693,154,86491,23,67234,0.26,0.08,0.0155
JFK,LAX,8470,481,133605,87,87037,0.04,0.93,0.0061
BOM,SYD,653,98,235232,102,76750,0.52,0.64,0.215
SYD,CDG,7415,303,190684,72,76633,0.05,0.18,0.1561
LAX,BOM,11016,142,308240,98,64417,0.92,0.54,0.3896
CDG,BOM,9535,257,62628,15,17941,0.83,0.05,0.0744
SYD,LHR,10924,335,475384,95,22138,0.95,0.85,0.8115
FRA,SYD,10718,451,137715,107,71477,0.63,0.11,0.0255
FRA,CDG,12395,255,39307,82,37664,0.89,0.97,0.0
DXB,LAX,2589,72,498507,79,32843,0.09,0.1,0.8523
DXB,LHR,12366,239,345318,4,54459,0.34,0.45,0.5777
BOM,NRT,10423,410,418990,119,98400,0.84,0.92,0.5222
CDG,SYD,673,337,28283,87,23758,0.13,0.8,0.0
FRA,SYD,9819,429,440898,69,10760,0.34,0.42,0.7913
CDG,NRT,12649,367,125850,79,37950,0.38,0.11,0.0968
SYD,SYD,9972,304,54566,68,22143,0.68,0.09,0.0
JFK,BOM,2310,207,198432,29,27657,0.23,0.78,0.3126
DXB,FRA,10492,482,176618,95,23681,0.71,0.29,0.2109
SYD,DXB,4450,268,269839,3,26518,0.15,0.11,0.4836
DXB,DXB,9045,107,392954,115,35076,0.54,0.75,0.6008
BOM,BOM,13850,398,253019,116,32878,0.62,0.86,0.3243
NRT,JFK,1119,357,39574,114,42569,0.43,0.84,0.0
FRA,JFK,2244,140,469228,44,16454,0.23,0.97,0.8615
LAX,SYD,7217,128,474109,17,90051,0.94,0.24,0.7511
LHR,LHR,2280,370,34033,73,64559,0.28,0.64,0.0
LAX,SIN,9941,227,28542,54,79560,0.87,0.55,0.0
SIN,DXB,1002,176,364905,18,53295,0.69,0.09,0.6052
SIN,SIN,1851,355,58366,101,42769,0.65,0.12,0.0
SYD,NRT,5935,130,16066,76,82933,0.96,0.2,0.0
FRA,LAX,5333,312,173645,82,28189,0.18,0.78,0.2089
BOM,LHR,3425,140,84721,66,62202,0.45,0.76,0.0
JFK,NRT,6417,497,246631,17,39544,0.86,0.42,0.3972
SIN,SYD,4508,400,91427,57,78704,0.78,0.5,0.0
SYD,DXB,2695,304,235602,46,36859,0.17,0.46,0.3515
BOM,CDG,10241,144,481211,42,57998,0.24,0.23,0.8044
JFK,SIN,12731,65,376839,108,55107,0.26,0.53,0.5355
JFK,CDG,11115,325,314823,109,86152,0.37,0.06,0.3483
NRT,BOM,10535,346,362913,109,71207,0.6,0.61,0.4744
FRA,LAX,4719,196,339472,33,99915,0.47,0.87,0.4461
DXB,JFK,12934,467,186244,13,66278,0.72,0.57,0.2269
NRT,DXB,11783,428,287307,87,78661,0.59,0.85,0.3303
DXB,CDG,10455,165,466387,49,78532,0.82,0.12,0.7267
NRT,LAX,2834,194,424147,1,36746,0.87,0.59,0.7738
JFK,FRA,4101,198,448497,42,98373,0.74,0.1,0.6582
LAX,NRT,7025,425,239720,69,53395,0.8,0.84,0.3036
BOM,NRT,7541,419,27569,78,72130,0.12,0.21,0.0
BOM,SIN,12158,123,423594,51,94669,0.75,0.17,0.6068
FRA,SYD,8519,257,97981,63,90759,0.34,0.22,0.0
LAX,LAX,5327,256,482284,55,68980,0.65,0.89,0.7716
CDG,BOM,9316,367,384293,108,67057,0.36,0.31,0.5265
LHR,BOM,6365,165,347336,110,64992,0.05,0.75,0.4547
LAX,SYD,4371,256,258982,112,42639,0.0,0.58,0.3207
NRT,SIN,2337,227,365125,97,47276,0.68,0.98,0.5387
BOM,CDG,8540,280,186983,70,55305,0.45,0.57,0.1934
SIN,SYD,5129,84,19563,89,99696,0.39,0.16,0.0
JFK,CDG,2826,363,95770,35,70524,0.87,0.56,0.0155
LHR,LAX,4066,476,116234,18,32469,0.19,0.78,0.1495
FRA,CDG,10622,153,338373,99,55975,0.34,0.68,0.4658
LAX,JFK,5367,380,197731,16,18753,0.71,0.41,0.342
SYD,LHR,6975,388,367121,33,25138,0.57,0.96,0.651
DXB,LHR,7788,307,263589,6,76753,0.26,0.14,0.3677
FRA,LAX,13366,267,395750,97,72218,0.36,0.99,0.5501
BOM,BOM,11731,395,318552,98,21376,0.67,0.62,0.4964
SYD,DXB,12185,447,485711,66,9182,0.82,0.8,0.8871
SYD,JFK,3442,72,172818,6,49834,0.36,0.54,0.24
CDG,LAX,2654,185,358539,98,63897,0.9,0.7,0.4913
NRT,NRT,5744,385,131973,86,37158,0.39,0.81,0.1036
SYD,BOM,9493,474,171238,62,8271,0.58,0.06,0.2639
BOM,DXB,6578,260,297428,40,83291,0.76,0.89,0.3883
NRT,LAX,1179,126,44355,90,48034,0.85,0.61,0.0
JFK,SIN,9049,330,347016,82,78936,0.27,0.51,0.4542
LHR,SIN,7540,434,330593,96,81341,0.52,0.78,0.4025
JFK,BOM,1498,492,345899,119,37848,0.76,1.0,0.4971
CDG,CDG,1595,99,371440,4,95098,0.62,0.17,0.5487
NRT,BOM,4551,121,42137,99,72012,0.86,0.94,0.0
JFK,LAX,12849,302,207303,72,25302,0.19,0.35,0.292
JFK,BOM,12471,223,372084,3,90116,0.88,0.89,0.5609
LAX,JFK,11428,344,327020,62,62917,0.58,0.71,0.4662
SIN,LAX,11780,306,86478,62,29090,0.98,0.3,0.0528
CDG,CDG,7275,427,126049,36,11050,0.06,0.32,0.194
SYD,BOM,8254,111,172246,73,48357,0.64,0.36,0.1748
SIN,FRA,7027,432,168662,92,99872,0.03,0.37,0.0456
NRT,CDG,571,305,52149,33,49935,0.33,0.62,0.0
LHR,LHR,8570,192,67656,45,45714,0.02,0.55,0.0
LHR,FRA,790,130,241166,57,31546,0.0,0.29,0.3622
CDG,JFK,8252,80,82960,28,46860,0.61,0.26,0.0442
LAX,CDG,8430,214,477837,117,12333,0.35,0.85,0.814
FRA,LAX,3100,71,113361,115,46273,0.38,0.04,0.0192
SIN,SIN,13070,328,18616,32,29073,0.31,0.98,0.0
NRT,LHR,2932,168,479200,18,49942,0.98,0.13,0.8405
CDG,SIN,11871,239,474242,44,91985,0.17,0.62,0.7205
NRT,CDG,10075,78,228455,22,97001,0.31,0.73,0.2409
SIN,SYD,12818,142,106376,102,47710,0.22,0.22,0.0153
LAX,SIN,4023,332,488578,58,6135,0.59,0.01,0.9069
SIN,FRA,12044,414,400379,2,49088,0.68,0.18,0.7006
LHR,CDG,10653,68,28473,34,92924,0.76,0.28,0.0
SIN,DXB,7259,279,259508,36,27798,0.46,0.34,0.4274
JFK,SIN,3198,459,127056,77,6121,0.7,0.64,0.1649
BOM,SYD,1619,291,472137,112,26864,0.8,0.95,0.7785
FRA,LHR,3496,265,192300,42,66419,0.63,0.56,0.2098
DXB,SIN,11726,239,89467,91,50873,0.55,0.01,0.0
JFK,SYD,4590,304,174747,101,66700,0.87,0.96,0.1151
LHR,NRT,3916,489,451335,82,27217,0.63,0.02,0.7662
CDG,BOM,10077,235,380351,54,99865,0.53,0.62,0.507
NRT,SIN,2238,246,263906,15,29957,0.58,0.91,0.4529
SIN,LAX,13060,482,267650,106,53282,0.36,0.58,0.3227
FRA,FRA,10061,266,494532,94,65434,0.55,0.38,0.7642
LHR,SIN,899,388,158749,4,88176,0.42,0.62,0.1371
BOM,BOM,12723,455,175211,36,70472,0.91,0.76,0.1735
SIN,LAX,7456,98,234409,19,76947,0.93,0.42,0.2959
JFK,NRT,6757,397,27159,42,69797,0.47,0.61,0.0
LAX,SYD,8340,343,151183,9,68045,0.71,0.7,0.1573
LHR,JFK,7250,403,56837,10,77115,0.64,0.29,0.0
LAX,SIN,9565,374,84856,97,61400,0.72,0.25,0.0
BOM,LHR,7223,164,436515,97,47544,0.56,0.98,0.6809
NRT,NRT,9510,375,86829,77,69213,0.68,0.54,0.0
FRA,LAX,4258,337,130710,64,37660,0.58,0.24,0.1221
DXB,DXB,7536,256,174835,40,27019,0.71,0.62,0.2556
SYD,LAX,9423,449,236120,36,95199,0.92,0.61,0.2458
DXB,LHR,2670,416,368564,42,71640,0.56,0.94,0.5518
BOM,LAX,7009,154,260617,10,79335,0.78,0.96,0.3526
SYD,FRA,1260,410,288978,14,35525,0.36,0.58,0.4929
FRA,JFK,3803,207,334270,22,43923,0.16,0.09,0.5587
CDG,CDG,9269,130,297027,45,24973,0.89,0.58,0.4991
NRT,LHR,11480,370,240064,103,42351,0.71,0.34,0.2924
JFK,DXB,10678,191,298909,34,41300,0.18,0.65,0.4812
LAX,NRT,754,361,175569,78,74355,0.36,0.43,0.1244
FRA,FRA,3670,78,123376,90,63031,0.37,0.5,0.0307
JFK,LHR,11995,185,196225,76,32494,0.16,0.84,0.2515
SIN,SIN,8915,265,79109,25,36093,0.08,0.78,0.061
CDG,NRT,13816,360,354011,55,79504,0.3,0.42,0.494
BOM,BOM,12490,70,316585,97,47303,0.59,0.07,0.4416
LAX,CDG,12909,437,231824,16,35457,0.47,0.12,0.3767
CDG,LAX,5175,137,20887,112,89389,0.5,0.91,0.0
SIN,LHR,12758,160,135820,86,44932,0.3,0.32,0.0958
DXB,NRT,5656,335,34846,85,90270,0.74,0.84,0.0
DXB,JFK,8189,248,359120,8,30800,0.8,0.89,0.6486
NRT,LAX,13378,365,83153,88,53672,0.85,0.17,0.0
DXB,CDG,10474,188,266246,1,73829,0.59,0.43,0.3838
NRT,JFK,13301,296,325532,83,6895,0.9,0.44,0.5543
DXB,DXB,11528,145,90475,28,26763,0.14,0.61,0.0994
FRA,CDG,4124,154,259681,46,82760,0.62,0.44,0.3078
LAX,CDG,7105,72,15285,2,55095,0.56,0.67,0.0
LAX,LAX,13866,287,424854,85,14534,0.44,0.97,0.7356
JFK,BOM,12258,446,239310,86,39630,0.55,0.33,0.3134
FRA,SIN,1773,290,385504,117,11764,0.07,0.7,0.6305
JFK,FRA,9446,447,115854,74,9398,0.71,0.82,0.1389
BOM,FRA,9904,130,306692,83,77533,0.46,0.12,0.3753
LHR,LHR,7244,193,217742,93,90145,0.83,0.62,0.1622
LHR,CDG,6778,481,486853,61,80670,0.76,0.3,0.7514
SIN,LHR,12235,244,325244,29,66827,0.76,0.38,0.4878
DXB,LHR,914,175,179729,111,72834,0.29,0.15,0.1028
SYD,SYD,12849,489,258503,45,33437,0.65,0.91,0.4051
NRT,SIN,10500,139,296399,63,97254,0.8,0.74,0.3353
JFK,JFK,3541,410,357473,12,47999,0.56,0.38,0.6069
JFK,LAX,10330,497,395929,27,70420,0.14,0.13,0.624
CDG,SYD,13184,190,213180,101,68175,0.75,0.33,0.189
DXB,DXB,6645,339,59769,24,88363,0.84,0.53,0.0
NRT,SYD,9924,313,260167,118,47882,0.12,0.81,0.3066
LAX,SIN,4186,312,122730,5,97531,0.46,0.46,0.0454
CDG,DXB,6108,160,57385,62,27948,0.17,0.14,0.0
SIN,SYD,4521,112,136768,89,25142,0.57,0.68,0.1343
JFK,LAX,10744,169,63627,99,90741,0.95,0.15,0.0
SYD,JFK,3071,177,15152,72,55189,0.02,0.87,0.0
CDG,NRT,5415,261,440980,3,10301,0.2,0.96,0.8584
DXB,DXB,5406,296,120771,67,83761,0.36,0.8,0.007
CDG,LHR,8370,294,274159,3,39369,0.1,0.88,0.4666
CDG,NRT,3547,261,482486,113,68418,0.22,0.32,0.7151
DXB,DXB,8458,244,386675,29,46115,0.71,0.16,0.6521
JFK,SYD,13349,246,226375,62,22755,0.01,0.07,0.3452
CDG,FRA,6599,373,228889,105,89878,0.22,0.45,0.173
NRT,CDG,4274,187,291942,29,44664,0.43,0.88,0.4656
LAX,LAX,8101,332,147940,28,51183,0.42,0.65,0.1655
DXB,DXB,8769,77,314454,104,6988,0.76,0.22,0.5109
NRT,LHR,556,167,350765,32,72246,0.03,0.35,0.525
JFK,NRT,13361,79,175971,103,83812,0.13,0.55,0.0813
LAX,JFK,9104,106,205978,18,40683,0.2,0.39,0.3126
NRT,SYD,7085,52,10017,41,91855,0.41,0.92,0.0
SYD,FRA,1254,59,264418,87,10942,0.62,0.95,0.42
LAX,CDG,1173,475,52286,4,97459,0.16,0.03,0.0
LHR,LHR,13009,268,52430,111,45245,0.56,0.77,0.0
FRA,SIN,8881,71,210853,98,31405,0.74,0.95,0.2609
SIN,JFK,1112,415,446478,40,34037,0.93,0.55,0.7849
DXB,BOM,1655,68,250235,28,19603,0.52,0.06,0.4333
SIN,CDG,8971,459,21509,16,41719,0.21,0.07,0.0
LAX,DXB,8029,322,175511,46,7168,0.11,0.21,0.2907
SYD,SIN,7221,429,445924,32,96076,0.39,0.7,0.6677
BOM,BOM,8289,434,337274,97,25056,0.91,0.19,0.5274
DXB,LHR,6590,227,442625,69,27486,0.44,0.53,0.7613
JFK,LHR,8025,401,343971,115,87029,0.72,0.5,0.3989
SIN,NRT,9329,243,213659,75,11464,0.99,0.41,0.3294
LHR,LAX,2491,224,156303,8,50076,0.87,0.68,0.2045
CDG,CDG,4234,221,419139,77,81101,0.89,0.36,0.5991
BOM,LAX,1987,230,457878,66,96162,0.96,0.77,0.6574
LHR,CDG,9748,220,226413,65,69813,0.73,0.34,0.2482
SYD,DXB,3483,236,361607,18,22932,1.0,0.35,0.6594
NRT,FRA,13213,242,130856,51,14501,0.2,0.32,0.1817
LAX,CDG,11294,280,246191,7,34988,0.38,0.65,0.4154
DXB,SYD,3618,318,346028,63,6082,0.69,0.2,0.6169
JFK,SIN,13354,70,277379,31,72993,0.51,0.65,0.3778
BOM,DXB,6119,172,454049,53,96350,0.57,0.1,0.6624
CDG,DXB,3472,494,120871,40,25735,0.72,0.59,0.1503
DXB,SIN,4974,169,24421,27,95961,0.22,0.53,0.0
LHR,LHR,9895,278,360613,13,60174,0.53,0.9,0.5879
LHR,JFK,3298,52,481706,112,14193,0.2,0.57,0.823
SYD,BOM,13896,361,66895,44,44657,0.77,0.01,0.0005
SIN,JFK,7372,69,467008,26,55717,0.77,0.47,0.7966
SYD,SYD,2051,467,202853,89,53561,0.71,0.12,0.2096
SIN,LHR,5121,90,462880,5,47340,0.5,0.29,0.8261
NRT,FRA,4379,332,81755,49,49623,0.54,0.2,0.0153
LAX,JFK,10313,240,437448,68,86500,0.79,1.0,0.6339
CDG,SYD,4959,186,469766,42,41418,0.78,0.76,0.8147
BOM,LAX,3242,303,308138,4,85713,0.99,0.09,0.4408
LHR,LHR,12044,401,41505,116,75765,0.67,0.76,0.0
LHR,BOM,3042,199,455077,83,81451,0.91,0.44,0.6643
NRT,LHR,4145,478,67111,50,26608,0.34,0.82,0.031
LAX,NRT,8334,203,488300,92,38324,0.93,0.19,0.808
FRA,DXB,6330,169,37404,67,61156,0.91,0.79,0.0
SYD,FRA,6979,411,258119,117,18062,0.93,0.18,0.3631
FRA,LAX,4190,389,494984,99,67214,0.64,0.74,0.7565
LHR,FRA,4325,108,196021,85,75909,0.27,0.77,0.1552
BOM,DXB,5893,460,240738,102,72058,0.37,0.39,0.2354
FRA,LAX,3951,170,16406,105,17795,0.2,0.27,0.0
CDG,SIN,10295,262,394584,48,41790,0.91,0.53,0.6576
NRT,CDG,12334,485,484155,41,67884,0.26,0.41,0.7915
SYD,SYD,2181,474,88639,74,58424,0.08,0.76,0.0
FRA,SYD,3076,50,228733,26,54368,0.11,0.93,0.3227
LHR,BOM,10327,161,328057,81,76283,0.4,0.37,0.4225
LHR,LAX,12267,162,486266,51,78057,0.86,0.08,0.7654
LHR,NRT,8815,451,251735,53,86060,0.86,0.62,0.2784
NRT,LHR,12467,323,439192,114,41337,0.48,0.94,0.6817
LAX,CDG,2360,466,287884,80,17242,0.92,0.06,0.4613
BOM,FRA,4050,230,156185,89,97703,0.45,0.37,0.028
SIN,CDG,7276,360,20586,94,78432,0.72,0.39,0.0
DXB,DXB,2248,332,420553,42,84385,0.69,0.05,0.6303
NRT,LHR,9654,130,98112,10,22711,0.64,0.63,0.1408
NRT,SIN,2826,229,111535,32,42298,0.24,0.25,0.1065
FRA,JFK,7858,404,10732,31,69300,0.95,0.67,0.0
CDG,DXB,5620,419,34718,35,21099,0.77,0.37,0.0
FRA,SYD,11479,497,209228,7,72938,0.16,0.41,0.2656
LHR,BOM,9760,84,192468,111,33700,0.23,0.83,0.2065
LHR,DXB,5683,317,490840,78,77285,0.59,0.4,0.7491
JFK,CDG,1144,366,26363,25,86076,0.96,0.82,0.0
CDG,JFK,2634,455,360861,22,55452,0.03,0.79,0.5888
FRA,SYD,5700,178,319681,42,85052,0.65,0.19,0.4273
JFK,LAX,13481,354,281378,90,34142,0.88,0.95,0.4045
SIN,FRA,8183,279,335060,74,48699,0.29,0.26,0.4987
LAX,JFK,7379,310,271675,69,51124,0.13,0.55,0.3721
BOM,LHR,12074,194,485630,1,72082,0.92,0.04,0.8261
LAX,LHR,1732,178,367566,18,35249,0.78,0.75,0.6466
BOM,SIN,2106,212,466465,57,62922,0.95,0.44,0.7501
DXB,JFK,8101,257,54735,81,82029,0.5,0.3,0.0
FRA,SYD,2991,357,57923,63,98979,0.17,0.63,0.0
FRA,BOM,5322,380,126832,68,99562,0.47,0.85,0.0
BOM,SYD,2330,95,414984,52,96342,0.2,0.06,0.5853
CDG,FRA,9986,212,390555,88,21200,0.87,0.33,0.6507
SYD,CDG,5995,467,137545,46,97526,0.97,0.34,0.034
SYD,BOM,13363,368,441121,16,41274,0.66,0.92,0.7837
LAX,DXB,4741,336,487545,69,36710,0.0,0.61,0.8327
LHR,NRT,5361,57,242079,82,66187,0.76,0.8,0.2698
BOM,NRT,7686,296,398215,106,69757,0.39,0.65,0.5509
FRA,SYD,2908,289,40136,4,58355,0.62,0.75,0.0
LAX,CDG,10789,236,448348,103,54050,0.03,0.8,0.6856
SYD,LHR,3743,61,219011,103,29206,0.75,0.62,0.2766
BOM,SIN,2772,247,273472,79,30579,0.66,0.34,0.4068
LHR,NRT,1628,447,125962,27,65213,0.71,0.5,0.0945
CDG,CDG,8903,462,274153,103,11978,0.75,0.78,0.4214
CDG,SYD,10239,491,172089,35,84430,0.33,0.17,0.1403
SIN,SYD,7347,485,183895,101,9119,0.67,0.41,0.2486
SIN,LAX,11888,191,76577,65,6450,0.16,0.05,0.0753
BOM,FRA,10248,455,224481,2,27607,0.45,0.53,0.3917
NRT,SYD,7599,253,39364,60,53925,0.08,0.48,0.0
DXB,FRA,13430,252,12591,106,23372,0.65,0.79,0.0
DXB,SYD,8847,87,468933,66,52829,0.92,0.67,0.7662
LAX,JFK,2780,239,373517,109,51159,0.82,0.46,0.5357
LAX,LHR,7118,298,110312,82,43130,0.13,0.53,0.0524
SIN,NRT,6904,474,372610,102,64876,0.47,0.13,0.5135
SIN,CDG,1147,136,284795,2,90939,0.04,0.81,0.3857
BOM,SYD,2033,116,494797,60,47710,0.02,0.06,0.8342
JFK,LAX,11293,384,342754,76,70724,0.09,0.31,0.4681
CDG,NRT,5562,163,128107,49,67034,0.86,0.89,0.0731
BOM,SIN,4167,179,135194,91,12050,0.72,0.88,0.1553
NRT,CDG,5375,312,31804,111,36406,0.91,0.25,0.0
NRT,SYD,7104,65,226527,3,86127,0.91,0.97,0.2778
FRA,DXB,2352,342,31612,14,67371,0.54,0.96,0.0
JFK,FRA,8890,345,359057,10,38651,0.38,0.95,0.6308
FRA,SIN,11011,284,338607,100,69347,0.47,0.02,0.4385
LAX,LAX,12730,77,380712,71,83551,0.22,0.45,0.5233
JFK,DXB,10657,239,17539,32,50091,0.97,0.3,0.0
SYD,SYD,13402,51,273000,41,98450,0.89,0.03,0.3081
JFK,BOM,1047,91,446281,1,42650,0.33,0.32,0.8063
SIN,JFK,7591,421,253147,100,23287,0.49,0.85,0.3597
SIN,NRT,7803,128,21829,2,63074,0.44,0.31,0.0
SIN,NRT,1458,168,72453,43,63162,0.68,0.44,0.0
LHR,LAX,8971,348,305511,98,40480,0.59,0.66,0.4321
SIN,SYD,2210,222,368087,18,45307,0.47,0.01,0.6276
LHR,SIN,519,278,426052,28,76442,0.49,0.43,0.6712
SIN,LAX,1948,362,400597,24,81404,0.27,0.95,0.6144
NRT,SYD,9888,498,409431,34,23195,0.39,0.12,0.7385
SIN,CDG,6314,261,272606,21,88135,0.97,0.83,0.3479
JFK,SIN,3773,238,469625,76,37132,0.84,0.62,0.789
CDG,SIN,8790,61,77035,17,11165,0.98,0.99,0.1147
FRA,NRT,4239,435,84579,75,73794,0.39,0.07,0.0
SIN,DXB,2083,303,341324,98,95905,0.27,0.91,0.3928
BOM,SIN,10550,216,328105,14,92919,0.87,0.69,0.4564
BOM,DXB,11070,242,44310,98,71388,0.63,0.32,0.0
BOM,JFK,5822,455,318662,13,23153,0.48,0.54,0.578
FRA,JFK,7707,244,194318,42,9782,0.77,0.46,0.3271
BOM,DXB,7277,275,107793,50,69177,0.74,0.79,0.0272
NRT,JFK,7485,382,186340,37,65404,0.71,0.31,0.2049
CDG,DXB,827,429,417568,67,86554,0.03,0.22,0.595
SIN,SYD,9070,328,79258,105,60360,0.06,0.97,0.0
BOM,DXB,11027,141,402521,39,38060,0.47,0.29,0.6899
JFK,NRT,2130,172,13564,4,77284,0.85,0.89,0.0
LHR,JFK,1756,303,186439,17,43772,0.74,0.72,0.2683
FRA,FRA,8887,240,414139,93,59915,0.97,0.22,0.6154
LAX,LHR,1876,260,471625,71,78828,0.86,0.05,0.7146
CDG,CDG,9738,304,109483,1,17420,0.8,0.61,0.1831
SYD,JFK,4497,281,218315,78,90370,0.83,0.95,0.1779
DXB,DXB,13064,314,35531,54,66380,0.62,0.67,0.0
SIN,FRA,11814,65,420437,68,92408,0.96,0.01,0.5881
DXB,LHR,12812,278,473783,9,33256,0.39,0.13,0.8721
NRT,SIN,12075,339,116623,107,53614,0.18,0.46,0.019
LAX,DXB,7250,137,442280,55,73478,0.58,0.83,0.6826
NRT,LAX,3801,374,496185,100,24725,0.93,0.62,0.8429
FRA,LAX,7879,54,253338,21,20776,0.45,0.96,0.4441
BOM,BOM,3963,124,24030,74,61861,0.21,0.86,0.0
SIN,BOM,6852,420,153292,103,23745,0.57,0.43,0.1561
LAX,BOM,13789,243,272542,71,84644,0.8,0.06,0.3048
SIN,SIN,721,274,73354,81,52942,0.8,0.43,0.0
CDG,LAX,6287,226,366350,42,49416,0.79,0.36,0.5919
LAX,SYD,9125,365,464621,69,14315,0.57,0.17,0.8316
SIN,FRA,11680,400,224439,87,71601,0.33,0.96,0.2187
LAX,LHR,2322,108,133565,82,53629,0.81,0.4,0.0779
JFK,LAX,5578,367,427544,90,59608,0.75,0.96,0.6459
BOM,NRT,6122,180,220891,83,88197,0.65,0.24,0.1824
LHR,JFK,8084,135,150136,9,30820,0.87,0.78,0.2296
CDG,SYD,6352,315,344094,24,40793,0.46,0.29,0.5826
NRT,SIN,1144,465,135759,71,28144,0.15,0.88,0.1442
FRA,DXB,3283,348,251847,88,15368,0.59,0.23,0.385
FRA,SYD,1280,469,228149,30,23111,0.4,0.37,0.3801
NRT,FRA,6531,478,238670,90,45903,0.23,0.23,0.2955
JFK,SYD,9757,295,392191,20,30912,0.6,0.65,0.7026
NRT,LHR,13319,342,198650,119,6546,0.46,0.31,0.2652
SIN,CDG,12296,162,432161,102,32419,0.17,0.54,0.6975
DXB,FRA,1505,283,33531,19,60688,0.67,0.05,0.0
CDG,FRA,1329,464,392321,41,73085,0.18,0.18,0.5975
LHR,SIN,1180,211,386865,91,50920,0.96,0.67,0.5809
DXB,CDG,12145,209,263168,89,45823,0.23,0.5,0.3457
JFK,CDG,3835,51,104938,70,36370,0.66,0.44,0.0671
FRA,LAX,4685,429,105429,112,99280,0.68,0.49,0.0
DXB,FRA,1828,230,163607,63,79854,0.35,0.16,0.1045
SIN,SIN,5356,168,292098,108,91362,0.58,0.47,0.2935
LAX,FRA,2192,73,459731,102,25872,0.26,0.02,0.7657
BOM,NRT,6259,101,472316,61,75716,0.46,0.91,0.7322
NRT,FRA,5664,85,498756,90,75874,0.07,0.61,0.7558
CDG,BOM,9779,358,466557,42,42320,0.26,0.82,0.8065
DXB,SYD,7883,270,396583,89,7987,0.36,0.49,0.6882
LHR,JFK,9094,246,337849,111,63541,0.05,0.76,0.4376
SYD,NRT,3200,156,463675,89,95020,0.2,0.75,0.6483
CDG,NRT,8622,79,123872,48,5208,0.59,0.27,0.1893
NRT,LAX,10995,220,339839,23,51158,0.38,0.98,0.5544
CDG,DXB,3228,447,421682,4,94076,0.54,0.96,0.6512
FRA,FRA,5682,274,143055,24,72346,0.57,0.32,0.1174
FRA,BOM,12633,93,329370,38,92465,0.37,0.82,0.4358
FRA,SYD,12158,495,97789,81,20975,0.81,0.28,0.0726
CDG,SIN,10761,276,134368,23,74305,0.24,0.06,0.0971
JFK,LHR,11177,229,363133,89,51682,0.58,0.42,0.5339
JFK,JFK,13552,246,281325,28,45330,0.08,0.96,0.444
BOM,LHR,11198,184,211248,7,36324,0.22,0.92,0.3428
FRA,BOM,13892,249,11368,36,8260,0.06,0.98,0.0
NRT,SIN,2115,117,159380,21,22290,0.21,0.16,0.2532
CDG,SIN,7151,131,79503,31,44017,0.46,0.19,0.04
FRA,FRA,9429,92,442184,41,28594,0.55,0.27,0.7862
NRT,CDG,10552,386,208643,52,48214,0.22,0.17,0.2689
LAX,DXB,5270,135,388285,4,48284,0.96,0.13,0.676
BOM,SIN,4839,402,420502,44,28174,0.82,0.71,0.7407
JFK,LHR,6031,297,390936,43,61117,0.72,0.38,0.6166
LHR,NRT,13583,112,62743,82,10491,0.79,0.31,0.0225
LAX,SYD,1755,199,318859,49,6999,0.88,0.25,0.5747
SYD,BOM,1643,175,153349,81,43401,0.34,0.07,0.1389
DXB,CDG,2888,490,112997,31,19609,0.42,0.37,0.1558
SYD,JFK,2494,147,183536,55,51071,0.78,0.07,0.2099
SYD,FRA,10931,281,203047,6,48264,0.7,0.27,0.3036
SIN,DXB,12927,107,298724,99,21875,0.28,0.3,0.4547
LHR,NRT,13443,90,374816,74,20762,0.56,0.68,0.6341
SIN,CDG,5555,193,144801,11,86563,0.12,0.73,0.1055
JFK,SIN,3476,473,418870,83,35971,0.24,0.49,0.6828
SYD,LAX,12656,355,136911,112,79565,0.49,0.97,0.0027
FRA,JFK,10933,138,119197,35,8397,0.41,0.21,0.1866
SIN,CDG,3336,98,356173,16,26585,0.7,0.26,0.6432
LHR,LHR,5122,388,96760,72,56578,0.49,0.76,0.0084
CDG,SYD,5720,363,44760,103,68721,0.24,0.69,0.0
SIN,FRA,13877,282,135897,7,35320,0.58,0.73,0.1942
LHR,CDG,2219,475,326856,59,15687,0.12,0.94,0.5633
CDG,LAX,10614,121,234923,100,72862,0.99,0.76,0.2241
BOM,JFK,4421,370,449703,111,87495,0.8,0.93,0.6134
LHR,DXB,2449,231,448178,100,10682,0.15,0.48,0.775
CDG,LHR,12139,215,471614,21,81071,0.73,0.99,0.7601
NRT,LAX,6615,254,356568,28,96485,0.56,0.56,0.4922
JFK,SYD,1088,447,303726,37,82928,0.73,0.57,0.4046
SYD,BOM,834,367,338748,83,93442,0.34,0.65,0.4076
JFK,NRT,9418,381,390719,42,5791,0.26,0.98,0.7279
LAX,SIN,3024,376,210921,44,39202,0.41,0.3,0.2994
BOM,CDG,12759,160,280539,96,80422,0.8,0.76,0.3042
LAX,SYD,2286,208,180294,12,54865,0.95,0.89,0.2389
LHR,BOM,3546,101,176009,75,86985,0.97,0.44,0.103
LHR,FRA,3351,394,379612,58,76645,0.76,0.3,0.5479
NRT,NRT,7318,276,308872,80,47160,0.91,0.98,0.4434
CDG,FRA,13986,55,316395,5,75876,0.11,0.91,0.476
FRA,CDG,9378,172,332008,92,77145,0.54,0.58,0.4177
BOM,SYD,2602,130,217080,19,49176,0.12,0.25,0.3168
SIN,FRA,12808,480,354817,108,14298,0.74,0.65,0.573
LHR,NRT,2485,489,328078,21,41503,0.38,0.77,0.5522
NRT,FRA,12808,172,85608,100,93726,0.97,0.42,0.0
FRA,LAX,13334,423,221847,66,15061,0.92,0.85,0.3476
DXB,LAX,5378,98,326090,89,18458,0.08,0.61,0.5263
LHR,SIN,4395,137,331401,4,70922,0.07,0.48,0.517
LAX,NRT,3816,397,139568,15,38804,0.63,0.44,0.1865
BOM,DXB,11040,67,66734,38,97283,0.69,0.2,0.0
NRT,FRA,10173,257,396126,25,72460,0.52,0.9,0.6223
CDG,DXB,13231,244,123632,84,13839,0.24,1.0,0.1356
SYD,DXB,12945,379,286532,96,65625,0.25,0.21,0.3458
DXB,SYD,13832,415,163838,42,85614,0.08,0.35,0.1144
BOM,BOM,2548,476,86466,102,5474,0.99,0.45,0.06
FRA,LAX,13122,58,351532,66,39008,0.49,0.5,0.559
DXB,FRA,7608,498,442005,48,38119,0.67,0.71,0.7598
BOM,DXB,6732,459,382551,11,50387,0.79,0.21,0.6533
DXB,LAX,4557,135,253508,114,69773,0.45,0.11,0.2535
NRT,BOM,6688,104,459798,15,18827,0.99,0.64,0.8669
JFK,DXB,7682,231,32765,76,47250,0.54,0.71,0.0
LHR,JFK,2539,120,388600,117,77355,0.39,0.46,0.5055
LHR,JFK,9237,379,421864,78,83251,0.16,0.95,0.5992
LHR,NRT,8933,127,365824,1,91476,0.37,0.17,0.5477
LHR,NRT,3943,497,78338,48,25407,0.43,0.6,0.0579
LAX,JFK,1177,143,21379,91,45189,0.82,0.71,0.0
NRT,BOM,10306,341,173604,20,60018,0.66,0.75,0.2072
SIN,BOM,2414,338,192534,106,29683,0.79,0.21,0.2197
CDG,DXB,11666,449,322849,51,58557,0.41,0.28,0.4776
LHR,LAX,3271,465,312279,80,42473,0.23,0.84,0.4596
LAX,CDG,9640,398,120521,111,33739,0.05,0.31,0.0626
JFK,LAX,7661,275,152915,12,96045,0.87,0.76,0.1017
LAX,JFK,2314,182,448062,107,11816,0.4,0.48,0.7655
DXB,NRT,5078,434,151063,19,65788,0.28,0.94,0.1516
DXB,FRA,11057,350,348035,92,70359,0.51,0.87,0.4634
CDG,JFK,9328,369,485478,86,26659,0.63,0.72,0.8316
SYD,JFK,11763,419,61844,87,12941,0.46,0.82,0.0108
DXB,LHR,1247,473,163270,42,37789,0.19,0.51,0.209
DXB,FRA,846,456,383370,53,46248,0.79,0.52,0.6212
FRA,BOM,2292,435,87217,94,18366,0.06,0.57,0.0437
DXB,SYD,9922,325,459317,102,62240,0.27,0.26,0.6922
SIN,SIN,2022,119,492641,66,74930,0.51,0.32,0.7694
DXB,LHR,6017,421,268188,47,23165,0.08,0.55,0.443
SIN,CDG,8535,254,443148,104,50531,0.36,0.33,0.6812
FRA,SYD,13922,275,12509,17,53835,0.82,0.74,0.0
LHR,BOM,6946,157,383667,46,6184,0.18,0.55,0.709
NRT,NRT,2893,463,280594,30,28335,0.88,0.41,0.4745
DXB,SIN,3224,136,92448,34,68231,0.3,0.31,0.0144
LAX,DXB,1248,417,22675,77,58749,0.67,0.71,0.0
CDG,DXB,8576,446,333021,87,47553,0.51,0.38,0.4839
JFK,JFK,3152,461,86278,82,73479,0.97,0.33,0.0
LHR,NRT,10647,261,338770,40,7647,0.41,0.53,0.6222
LAX,JFK,13796,186,314997,51,37472,0.22,0.05,0.504
BOM,JFK,12611,57,368575,27,82216,0.31,0.14,0.5457
LHR,CDG,2196,264,260352,19,59301,0.77,0.23,0.3831
CDG,LHR,11135,128,67986,5,71410,0.7,0.2,0.0
CDG,JFK,6688,214,112368,65,18623,0.61,0.59,0.1225
JFK,LHR,8503,103,464907,47,89949,0.83,0.67,0.7029
SIN,JFK,958,430,101657,0,96604,0.72,0.13,0.0101
DXB,SYD,10251,117,243915,28,28922,0.06,0.87,0.402
NRT,CDG,3072,353,193998,43,41486,0.2,0.97,0.262
NRT,LAX,4686,64,489536,49,38616,0.52,0.39,0.8528
SIN,SYD,7868,202,332742,88,39547,0.26,0.54,0.4984
CDG,BOM,7237,456,85190,92,64660,0.69,0.18,0.0
CDG,SYD,5998,263,98904,75,44118,0.35,0.73,0.0346
SYD,SIN,7956,451,422645,52,18686,0.55,0.48,0.7559
BOM,CDG,1129,162,295490,100,51532,0.92,0.17,0.3879
DXB,NRT,2185,360,255990,108,78554,0.13,0.12,0.2469
BOM,BOM,12916,159,472916,80,92307,0.33,0.34,0.6812
LAX,CDG,4124,455,342716,10,72601,0.76,0.39,0.5302
BOM,BOM,1913,268,468667,18,70966,0.06,0.4,0.7774
BOM,FRA,5433,119,406797,32,73115,0.47,0.09,0.6354
FRA,LAX,7636,134,140816,17,45479,0.39,0.83,0.1737
DXB,BOM,13393,255,196438,30,18699,0.81,0.3,0.3255
FRA,DXB,2983,126,284436,73,19834,0.15,0.72,0.4562
SYD,NRT,12652,236,244461,114,48553,0.99,0.0,0.2778
LAX,LHR,3289,132,133904,84,11897,0.91,0.01,0.16
FRA,SIN,13499,403,64624,87,97806,0.33,0.3,0.0
JFK,SIN,1926,366,432038,0,83833,0.39,0.84,0.6964
SIN,LHR,2009,114,29379,80,68669,0.18,0.94,0.0
BOM,BOM,13671,339,23611,35,63292,0.67,0.63,0.0
BOM,JFK,11075,145,238057,31,14133,0.65,0.08,0.4168
SYD,FRA,2810,440,74342,110,11480,0.35,0.93,0.0157
BOM,DXB,12546,408,465182,80,71615,0.95,0.7,0.7071
JFK,JFK,13850,104,118602,99,46059,0.76,0.79,0.0461
LHR,FRA,13730,157,469781,4,10130,0.86,0.41,0.9153
JFK,NRT,12926,227,81729,22,98715,0.32,0.95,0.0
CDG,SIN,8818,244,470602,82,43316,0.08,0.46,0.7726
LAX,CDG,12980,88,354940,54,60382,0.64,0.98,0.5351
LHR,SYD,4342,458,469784,71,65807,0.27,0.09,0.737
NRT,JFK,11252,383,400120,82,19155,0.47,0.47,0.6799
FRA,LHR,13731,253,33383,88,55145,0.83,0.6,0.0
LAX,BOM,12652,245,166172,7,50373,0.74,0.18,0.2246
DXB,SYD,6189,396,205271,49,89815,0.56,0.38,0.1819
BOM,LHR,7351,211,348092,48,93451,0.89,0.93,0.4613
CDG,JFK,7263,401,350331,12,53649,0.33,0.47,0.5814
LHR,LHR,12584,222,405667,60,9249,0.99,0.59,0.7328
SIN,BOM,11998,497,174286,109,43804,0.06,0.16,0.152
LAX,FRA,10788,432,41100,31,64005,0.2,0.64,0.0
SYD,LAX,13740,109,173936,109,53730,0.59,0.7,0.1314
JFK,SIN,10269,255,480399,64,33457,0.45,0.43,0.8299
CDG,JFK,12856,201,149929,104,77347,0.77,0.59,0.0412
BOM,SIN,6628,313,381393,114,76841,0.56,0.07,0.4951
DXB,JFK,4022,261,220865,23,44034,0.24,0.01,0.3307
SIN,BOM,3138,329,289082,98,63081,0.49,0.33,0.354
DXB,LHR,12763,473,132215,55,57126,0.48,0.89,0.0952
LHR,LHR,4699,410,126741,23,92261,0.01,0.1,0.046
SYD,NRT,13314,302,489472,43,96671,0.69,0.33,0.7426
JFK,DXB,6448,336,130549,55,48742,0.87,0.87,0.1086
SYD,CDG,6588,241,160544,101,34292,0.86,0.88,0.1515
SIN,LAX,13949,483,410021,77,75560,0.97,0.82,0.5919
FRA,CDG,1632,459,401643,62,76252,0.56,0.86,0.5888
BOM,NRT,8543,186,195473,13,98632,0.03,0.22,0.1807
DXB,BOM,11122,201,217852,12,40221,0.49,0.47,0.3433
JFK,JFK,12728,106,72031,73,19635,0.91,0.6,0.0318
JFK,SIN,12741,467,88969,65,39941,0.17,0.9,0.0331
CDG,FRA,5844,414,28199,27,34033,0.78,0.62,0.0
DXB,SYD,1250,298,327144,2,22420,0.08,0.08,0.6074
FRA,CDG,7995,427,368389,47,67745,0.83,0.18,0.5543
FRA,LAX,13735,332,414515,69,89950,0.67,0.34,0.5801
SYD,BOM,7513,303,450572,6,66424,0.97,0.13,0.7623
CDG,SYD,3478,275,216745,104,87768,0.64,0.95,0.154
LHR,NRT,2762,222,34551,23,15782,0.1,0.3,0.0145
NRT,LAX,13018,302,107155,32,7586,0.93,0.66,0.1671
SIN,NRT,5827,330,116188,99,11002,0.35,0.54,0.1114
SIN,SYD,8126,257,159375,101,86586,0.35,0.9,0.0446
BOM,JFK,13982,432,21333,62,39260,0.68,0.45,0.0
NRT,BOM,2854,76,201333,103,11779,0.8,0.02,0.2761
LAX,JFK,2117,438,292658,110,79222,0.32,0.58,0.3169
JFK,CDG,2106,473,380727,73,54821,0.82,0.03,0.5788
SIN,JFK,7740,249,313018,20,19620,0.74,0.56,0.5668
SYD,JFK,10780,395,205357,118,95284,0.47,0.35,0.1021
BOM,JFK,13597,445,474818,37,5109,0.9,0.06,0.9024
CDG,FRA,7797,406,441679,101,17075,0.58,0.19,0.7482
JFK,BOM,5525,284,13437,97,81672,0.82,0.47,0.0
LAX,SIN,13235,130,177118,38,78021,0.48,0.7,0.1602
LHR,SIN,2229,218,89343,53,83104,0.58,0.34,0.0
DXB,CDG,2911,55,362681,57,90644,0.57,0.04,0.4871
FRA,JFK,13523,394,411834,66,47324,0.32,0.08,0.663
LHR,LAX,6320,280,186374,84,8521,0.66,0.53,0.2717
JFK,DXB,6307,438,29346,6,80094,0.73,0.84,0.0
