seat_class,flight_delay_min,seat_comfort,food_quality,staff_service,entertainment,cleanliness,wifi_quality,checkin_ease,flight_distance_km,satisfaction
Business,19,4,2,5,5,5,1,4,8098,neutral
Economy,41,4,3,3,1,1,1,2,5171,dissatisfied
First,0,2,1,2,2,4,2,5,4487,dissatisfied
First,0,4,3,5,2,3,1,5,4421,neutral
First,0,4,2,5,3,5,5,3,11756,neutral
Business,22,2,1,1,1,2,2,2,1883,dissatisfied
Business,18,2,3,3,5,5,2,3,6708,dissatisfied
Business,0,2,5,4,1,1,5,4,3898,neutral
First,24,4,2,5,1,4,5,3,9996,neutral
Economy,75,5,4,1,2,4,3,4,1357,dissatisfied
Economy,27,3,3,3,5,2,5,2,12460,dissatisfied
Economy,43,3,4,4,5,5,3,3,13630,neutral
First,19,5,3,4,5,2,4,3,1756,neutral
Business,12,2,1,5,1,1,4,5,5692,dissatisfied
Business,8,1,4,2,3,5,1,5,8624,dissatisfied
Business,21,1,2,3,4,4,4,3,5535,dissatisfied
Economy,61,2,4,1,4,2,2,3,12146,dissatisfied
Business,61,3,2,3,4,5,2,5,11225,dissatisfied
First,52,1,1,1,2,3,1,1,13270,dissatisfied
Economy,25,5,2,5,4,1,4,4,8354,neutral
First,46,1,3,3,4,5,4,2,4033,dissatisfied
First,4,5,2,5,1,1,2,5,3347,neutral
Economy,60,1,4,2,5,4,3,2,1884,dissatisfied
Business,59,3,4,1,5,3,1,3,3959,dissatisfied
Economy,16,2,3,2,1,2,1,2,13282,dissatisfied
Economy,0,1,2,1,3,4,5,3,7988,dissatisfied
Economy,0,1,2,2,1,2,5,3,3056,dissatisfied
Economy,0,2,2,3,3,1,4,3,9105,dissatisfied
Economy,3,5,5,1,5,4,1,1,13669,neutral
Economy,0,1,5,5,2,1,5,5,5078,neutral
First,0,4,4,1,1,1,5,4,7501,dissatisfied
Business,34,5,4,4,2,5,1,2,5411,neutral
Business,0,5,1,1,1,5,1,4,3126,dissatisfied
First,0,5,2,1,4,4,3,5,12235,dissatisfied
Economy,20,4,4,4,5,2,3,5,3129,neutral
Business,23,4,1,2,3,2,2,2,11541,dissatisfied
Business,0,3,5,2,5,2,2,1,7530,neutral
First,35,3,4,1,5,3,3,4,7960,dissatisfied
Economy,35,3,2,2,4,3,4,1,4777,dissatisfied
Business,0,2,4,4,1,3,3,3,6985,neutral
Business,87,4,5,5,1,3,3,3,4313,neutral
Business,84,2,1,2,3,2,3,3,11529,dissatisfied
Business,69,2,1,1,4,1,4,5,3939,dissatisfied
Economy,0,4,1,5,2,5,4,1,1008,neutral
Economy,0,4,2,5,3,2,2,5,1909,neutral
Business,0,3,4,5,2,5,5,1,2201,neutral
First,54,1,4,1,2,2,4,2,1335,dissatisfied
Economy,20,2,1,5,4,1,1,5,2169,dissatisfied
Business,51,4,3,4,1,2,3,3,5141,neutral
Economy,40,4,5,5,5,5,3,3,7506,neutral
Business,101,3,4,4,2,2,1,5,11996,dissatisfied
Business,83,3,5,1,5,3,3,4,11559,dissatisfied
Economy,20,2,2,1,1,4,2,2,12247,dissatisfied
First,39,1,4,1,5,4,5,3,3564,dissatisfied
Business,0,1,2,5,2,2,1,2,4729,neutral
Business,0,5,2,2,4,2,2,4,10547,dissatisfied
Economy,80,5,4,2,4,2,2,5,11054,dissatisfied
First,0,3,5,5,3,4,2,2,3611,neutral
Economy,51,2,4,3,2,5,5,1,3075,dissatisfied
Business,0,5,1,3,3,3,2,1,5173,neutral
Economy,0,2,2,4,5,3,4,4,4093,dissatisfied
Business,95,1,2,2,3,2,5,1,3909,dissatisfied
First,20,3,5,5,1,4,4,3,6801,neutral
Business,15,2,1,1,1,5,2,1,12436,dissatisfied
First,77,1,3,2,4,4,5,3,4663,dissatisfied
Business,16,1,5,5,3,3,4,3,4122,neutral
Economy,16,2,3,3,2,3,4,3,13303,dissatisfied
First,27,2,1,3,4,1,3,3,819,dissatisfied
Business,23,5,2,3,5,4,3,1,4558,neutral
Economy,20,5,1,4,5,4,3,4,12887,neutral
Business,78,4,1,5,4,3,5,3,13836,dissatisfied
Economy,77,1,5,5,1,2,4,4,8194,dissatisfied
Economy,2,4,2,1,1,4,1,4,8125,dissatisfied
First,0,5,2,5,5,2,5,5,13433,neutral
Economy,0,1,2,1,1,1,2,4,1080,dissatisfied
Business,1,2,4,3,5,3,1,2,11839,neutral
First,0,1,1,2,1,4,2,3,670,dissatisfied
Economy,64,2,2,3,5,2,5,4,9678,dissatisfied
First,33,3,4,5,5,4,3,5,7554,neutral
First,48,2,5,1,5,3,5,5,961,dissatisfied
Business,22,1,4,3,1,1,2,2,7850,dissatisfied
Business,0,5,5,5,2,1,3,5,3958,neutral
Business,0,2,3,5,5,5,5,3,5757,neutral
Economy,0,4,1,1,1,3,3,5,523,dissatisfied
Economy,8,3,4,4,2,4,5,2,7018,neutral
Business,21,3,5,2,5,1,4,3,8263,dissatisfied
Economy,54,2,3,4,2,4,2,1,3637,dissatisfied
Business,0,4,2,3,3,3,4,3,6337,neutral
Economy,9,4,3,4,5,3,2,4,9189,neutral
First,55,1,2,1,5,2,4,1,11164,dissatisfied
First,11,3,5,2,1,2,5,4,12424,neutral
Business,35,2,1,4,3,3,5,4,8888,dissatisfied
Business,72,4,3,4,1,2,2,4,6188,dissatisfied
Business,44,2,5,2,4,1,2,2,12679,dissatisfied
Business,5,1,5,3,3,2,5,2,12643,neutral
Economy,35,2,5,1,5,2,4,3,11963,dissatisfied
Economy,44,2,2,2,5,1,5,2,4731,dissatisfied
Economy,22,4,1,3,5,5,3,5,12483,dissatisfied
Business,55,4,3,2,3,1,2,5,11470,dissatisfied
Economy,62,4,2,1,5,4,3,4,11218,dissatisfied
First,22,5,1,1,4,4,2,3,13425,dissatisfied
First,71,1,1,4,2,1,1,5,2201,dissatisfied
Business,0,4,2,4,3,2,5,1,4188,neutral
Economy,19,5,3,5,2,1,2,2,7741,neutral
Economy,0,1,2,5,1,2,3,4,13778,neutral
Economy,8,1,1,4,1,2,2,2,6797,dissatisfied
First,74,3,3,1,3,4,5,3,1917,dissatisfied
First,0,4,5,3,5,4,4,4,3426,neutral
First,0,3,5,4,1,5,4,4,5292,neutral
Business,80,5,4,5,1,4,5,2,8486,neutral
Economy,1,5,4,1,4,1,2,4,3340,neutral
Business,76,5,5,2,1,4,3,4,3308,dissatisfied
Business,9,2,2,4,1,2,2,1,11325,dissatisfied
Economy,42,1,4,4,1,2,4,4,3031,dissatisfied
Economy,0,2,4,3,5,3,3,2,11138,neutral
Business,27,4,3,1,1,1,3,5,2589,dissatisfied
Business,0,3,2,3,3,5,3,4,8662,dissatisfied
Economy,20,2,2,2,5,5,5,3,3817,dissatisfied
Business,0,5,2,1,4,4,1,4,6920,dissatisfied
Business,0,3,3,3,1,3,4,4,4622,neutral
First,13,5,4,2,5,4,3,4,9795,neutral
Business,0,1,3,2,5,4,3,1,1586,dissatisfied
First,18,5,5,4,1,5,5,3,2726,neutral
First,62,5,1,1,4,2,5,2,1171,dissatisfied
Business,0,1,5,2,1,3,2,4,11263,dissatisfied
First,4,4,5,3,1,3,1,2,2267,neutral
First,7,4,4,1,3,1,3,1,7051,dissatisfied
First,56,2,4,2,5,5,1,4,8669,dissatisfied
First,28,1,1,4,2,5,5,1,4766,dissatisfied
Business,3,4,4,5,4,3,2,1,10320,neutral
Business,2,1,2,5,4,4,1,5,8477,neutral
First,26,3,5,5,5,1,3,5,8766,neutral
Business,39,4,1,2,2,3,2,5,3537,dissatisfied
Business,37,5,1,2,2,1,3,3,10075,dissatisfied
Economy,54,2,4,3,2,3,3,1,782,dissatisfied
Economy,52,4,1,5,5,4,1,2,10429,dissatisfied
First,0,4,1,5,1,1,4,5,4097,neutral
Economy,83,3,2,1,4,2,4,3,1482,dissatisfied
Economy,72,1,5,1,2,4,3,4,7148,dissatisfied
Economy,72,5,1,2,1,5,1,5,9003,dissatisfied
First,100,5,1,2,4,2,3,4,9717,dissatisfied
Business,49,3,1,4,4,1,2,4,13112,dissatisfied
First,77,1,3,5,3,2,5,4,10245,dissatisfied
Business,0,2,2,5,2,1,5,5,9051,neutral
Economy,38,1,5,2,5,4,4,1,820,dissatisfied
First,5,5,3,3,1,5,5,3,11639,neutral
First,19,2,1,1,2,1,4,3,9657,dissatisfied
First,61,5,4,5,5,1,4,1,948,neutral
Business,0,4,1,3,1,5,2,5,953,dissatisfied
Economy,17,5,2,1,1,3,2,1,6062,dissatisfied
Business,0,3,1,4,5,2,4,4,11411,dissatisfied
Business,35,4,4,2,5,3,5,4,8734,dissatisfied
First,0,1,3,3,2,2,5,5,6553,dissatisfied
Business,0,4,2,1,4,2,4,3,8336,dissatisfied
First,25,1,3,2,1,2,3,1,4980,dissatisfied
First,0,1,4,2,4,5,3,1,8051,dissatisfied
Business,65,3,5,5,2,5,2,1,4473,neutral
First,0,2,3,1,4,1,2,3,7280,dissatisfied
Business,9,5,3,2,2,5,5,1,791,neutral
First,98,4,1,5,5,2,5,1,5615,dissatisfied
Business,0,3,2,2,3,4,5,5,563,dissatisfied
First,85,3,2,1,5,1,4,3,13012,dissatisfied
Business,38,4,5,2,2,1,2,1,9021,neutral
Business,33,2,5,4,3,5,2,2,11918,neutral
Business,4,5,3,4,1,2,3,5,3700,neutral
First,67,3,5,4,2,4,1,1,10768,neutral
Economy,17,1,2,4,3,5,2,5,5189,dissatisfied
Business,55,2,2,3,4,1,2,4,6593,dissatisfied
First,30,5,3,2,3,3,1,1,8396,dissatisfied
Economy,0,4,3,2,1,5,1,1,3001,dissatisfied
Business,53,3,4,2,5,1,1,1,12051,dissatisfied
First,73,5,2,2,4,1,2,3,9333,dissatisfied
Economy,0,3,5,5,5,3,5,5,12503,neutral
First,28,5,4,3,1,4,2,1,11907,neutral
Business,52,1,1,2,4,5,4,1,1063,dissatisfied
First,55,5,5,5,1,3,3,5,5108,neutral
Business,0,1,1,3,1,1,4,3,13451,dissatisfied
First,52,4,4,5,2,5,1,2,9231,neutral
Business,0,2,2,4,4,1,2,4,12820,dissatisfied
Business,5,5,2,4,2,3,2,5,729,neutral
Business,66,3,1,5,1,2,3,5,8477,dissatisfied
Business,86,4,2,2,2,2,3,2,933,dissatisfied
Economy,26,5,3,3,5,2,3,1,13950,neutral
Business,40,4,4,1,3,2,3,2,3121,dissatisfied
Economy,52,4,5,5,2,5,4,1,4851,neutral
Business,15,4,4,5,5,2,4,1,4695,neutral
Economy,72,4,1,5,1,2,3,1,11074,dissatisfied
First,47,3,1,2,2,5,3,3,13602,dissatisfied
First,0,1,2,5,2,3,4,2,10749,neutral
Business,34,1,1,1,5,4,2,3,3901,dissatisfied
First,30,3,5,4,1,3,2,3,8740,neutral
First,0,4,4,4,5,5,5,2,5499,neutral
Business,65,3,5,3,4,3,2,2,5008,dissatisfied
First,0,4,4,3,1,2,2,1,10528,neutral
First,47,4,2,4,1,2,5,5,10495,dissatisfied
Business,100,2,1,1,5,5,5,5,2662,dissatisfied
Economy,0,1,4,1,5,4,4,4,1177,dissatisfied
First,38,3,3,2,3,2,3,1,13888,dissatisfied
First,32,5,3,4,5,4,4,2,6080,neutral
Business,33,4,3,4,4,2,3,5,5415,neutral
Business,115,5,3,3,4,5,2,4,1506,dissatisfied
First,0,2,5,2,5,1,3,5,1095,dissatisfied
First,0,1,1,4,3,1,5,3,645,dissatisfied
Business,51,4,4,3,3,4,5,1,1717,dissatisfied
Economy,0,5,3,3,4,5,3,1,2628,neutral
Business,0,2,3,3,1,1,3,3,12083,dissatisfied
Economy,0,1,4,3,2,4,3,4,11226,dissatisfied
Business,27,5,2,1,2,2,2,2,12994,dissatisfied
First,101,3,5,5,3,2,2,2,1652,neutral
First,37,4,5,3,1,3,2,3,7256,neutral
Business,8,2,1,1,4,5,2,3,8120,dissatisfied
Economy,6,5,3,5,3,1,1,1,9650,neutral
Business,10,3,1,1,3,2,1,5,7615,dissatisfied
First,2,5,1,5,2,1,4,4,2175,neutral
Business,47,2,1,1,2,4,3,4,8060,dissatisfied
Business,32,4,1,2,5,1,2,5,9859,dissatisfied
Business,6,1,4,1,4,4,2,2,13340,dissatisfied
First,8,1,4,2,1,5,5,4,2020,dissatisfied
First,0,1,4,5,4,3,1,1,13185,neutral
Economy,0,2,1,4,5,2,2,3,2278,dissatisfied
Business,0,1,3,4,4,2,3,5,9252,dissatisfied
Economy,6,4,5,3,2,2,5,2,13099,neutral
Business,0,2,3,5,4,4,4,5,11565,neutral
Business,0,5,1,1,1,2,4,5,9961,dissatisfied
Business,61,5,2,3,3,5,1,5,11513,dissatisfied
First,24,2,4,1,1,1,3,1,7030,dissatisfied
Economy,30,4,3,4,1,4,3,2,2524,neutral
Business,0,2,4,3,2,3,4,3,1859,neutral
Business,19,2,3,5,1,3,2,1,3405,neutral
First,18,5,2,5,5,3,2,4,1305,neutral
First,41,2,3,3,5,1,5,5,9484,dissatisfied
First,26,4,4,3,5,1,5,4,2425,neutral
First,19,1,2,1,4,2,3,5,3686,dissatisfied
Economy,0,4,4,1,4,1,1,5,9442,dissatisfied
First,0,4,5,5,4,2,2,2,4543,neutral
Economy,0,5,1,5,4,5,2,3,13799,neutral
First,0,1,5,3,1,1,1,1,11348,neutral
First,34,3,1,2,4,5,2,1,8728,dissatisfied
Business,21,2,1,3,2,3,2,3,8128,dissatisfied
Business,8,1,5,3,2,5,1,5,5335,neutral
Economy,25,5,2,4,3,3,1,4,8749,neutral
Economy,0,2,1,3,5,2,5,2,9863,dissatisfied
Business,0,5,3,4,1,4,5,1,12822,neutral
First,0,2,5,1,2,5,1,1,9925,dissatisfied
Business,41,5,3,2,4,4,1,5,8966,dissatisfied
First,51,5,2,3,5,4,3,4,12604,dissatisfied
First,10,5,2,1,3,2,4,1,2174,dissatisfied
First,62,2,5,3,2,3,4,3,5159,dissatisfied
First,29,3,3,3,1,1,1,2,7975,dissatisfied
Business,5,1,4,1,3,2,5,4,6272,dissatisfied
Economy,28,2,1,3,5,4,2,2,1421,dissatisfied
Economy,56,3,4,2,4,1,3,2,4265,dissatisfied
Economy,44,1,4,3,4,1,5,2,1872,dissatisfied
Economy,0,2,5,4,5,3,3,3,2308,neutral
First,15,1,4,1,2,4,5,3,8698,dissatisfied
First,7,3,4,4,4,2,2,3,12934,neutral
Economy,0,5,1,2,4,3,1,2,5277,dissatisfied
Economy,0,4,2,3,2,2,4,3,7035,neutral
Business,45,1,1,1,5,5,1,5,987,dissatisfied
First,21,2,1,1,5,4,5,2,5211,dissatisfied
First,14,4,5,4,3,4,5,5,9051,neutral
Business,28,1,2,2,4,3,3,1,7107,dissatisfied
First,26,1,3,4,5,2,2,4,4822,dissatisfied
Economy,41,4,3,5,2,1,4,1,11419,neutral
Economy,52,5,4,2,2,3,3,2,11637,dissatisfied
First,0,2,5,3,2,4,2,5,3545,neutral
First,33,2,2,5,4,4,2,5,11119,dissatisfied
First,0,5,5,4,1,1,1,4,1079,neutral
Business,0,3,2,4,5,2,1,2,8483,neutral
Economy,43,1,2,2,1,4,2,2,6030,dissatisfied
Business,0,3,1,2,1,3,4,3,2945,dissatisfied
Business,8,4,2,4,3,2,4,2,6904,neutral
Business,0,2,2,1,2,2,5,1,11206,dissatisfied
First,16,4,3,3,2,4,5,5,3164,neutral
Business,0,1,4,2,2,5,3,5,8483,dissatisfied
Business,47,2,3,1,5,3,2,3,3542,dissatisfied
Business,46,4,1,4,2,4,4,2,7796,dissatisfied
Economy,33,2,1,4,2,3,5,4,13670,dissatisfied
First,35,2,5,1,3,4,5,3,3548,dissatisfied
Economy,27,2,1,4,3,5,5,1,8754,dissatisfied
Business,0,3,4,3,1,2,5,1,12331,neutral
First,6,4,2,1,5,5,4,3,10468,dissatisfied
First,58,5,3,3,1,3,2,3,2814,dissatisfied
Economy,0,2,5,2,5,2,3,5,12285,dissatisfied
Business,15,1,1,5,4,4,3,3,7364,dissatisfied
First,28,3,1,3,3,5,5,5,2393,dissatisfied
Business,0,3,4,5,2,5,3,1,12566,neutral
Business,30,5,3,4,1,4,5,1,5495,neutral
Business,0,5,5,3,2,4,4,1,1639,neutral
First,2,3,3,3,3,5,2,5,10172,neutral
Business,45,3,3,4,1,3,1,3,8335,dissatisfied
Business,18,4,5,3,5,5,4,2,4813,neutral
Economy,14,3,1,4,5,5,3,2,13197,dissatisfied
Business,48,3,4,2,2,3,1,4,10665,dissatisfied
First,12,2,4,1,5,4,3,4,12311,dissatisfied
Economy,58,5,4,3,2,3,4,5,1998,neutral
Economy,53,4,5,2,1,3,3,3,3813,dissatisfied
Economy,12,3,3,1,2,2,3,1,4318,dissatisfied
Economy,4,4,4,3,4,5,2,2,4589,neutral
Business,37,5,4,2,1,3,3,4,6531,neutral
Economy,58,3,3,3,2,1,4,3,1229,dissatisfied
Business,9,2,1,1,5,5,3,2,5688,dissatisfied
First,78,3,1,3,2,1,2,3,4901,dissatisfied
Business,34,5,4,4,5,1,2,1,3540,neutral
Economy,16,4,3,2,4,3,3,5,8900,dissatisfied
Business,0,2,1,3,4,1,4,2,11177,dissatisfied
First,0,1,2,4,5,4,2,2,636,dissatisfied
First,20,1,2,1,1,5,2,3,9283,dissatisfied
Economy,61,5,5,1,5,1,2,3,1537,dissatisfied
Economy,0,5,5,4,2,3,3,3,13502,neutral
Business,34,2,4,1,1,2,2,1,3624,dissatisfied
Business,0,4,3,4,1,3,3,2,5980,neutral
First,65,3,5,1,2,4,3,5,6231,dissatisfied
Economy,0,1,3,5,1,2,3,5,2211,neutral
Business,0,1,2,5,2,4,3,5,13043,neutral
First,34,5,3,3,3,2,4,3,4265,neutral
First,21,5,4,1,4,2,5,1,8182,dissatisfied
Business,44,4,1,5,3,2,4,3,11882,neutral
First,0,2,5,4,3,1,3,5,2089,neutral
First,9,1,3,1,4,5,1,1,1506,dissatisfied
Business,51,4,4,2,3,4,3,3,8183,dissatisfied
Economy,24,2,3,4,5,2,1,4,7283,dissatisfied
Business,0,1,4,5,4,1,1,4,3934,neutral
Economy,21,3,4,5,3,3,3,1,6174,neutral
Economy,26,4,5,5,4,5,5,5,901,neutral
Economy,18,1,1,3,4,3,3,5,12469,dissatisfied
Economy,82,2,3,3,4,2,3,5,7523,dissatisfied
Business,33,1,2,2,5,2,3,5,6721,dissatisfied
Business,57,3,5,2,5,1,1,5,7385,dissatisfied
Business,64,5,5,4,2,4,5,2,3404,neutral
First,0,5,5,2,2,2,5,5,13121,neutral
First,0,4,3,4,5,2,2,3,4793,neutral
Business,45,2,5,1,4,4,3,1,7372,dissatisfied
Economy,27,3,5,3,1,1,3,2,8677,neutral
Economy,46,2,5,5,2,5,3,5,657,neutral
Business,0,4,5,4,2,2,4,3,1290,neutral
Business,13,3,1,2,1,3,3,5,13334,dissatisfied
First,9,1,3,1,1,5,5,4,8613,dissatisfied
First,14,5,4,2,2,5,1,1,13195,neutral
Business,0,1,2,5,2,5,3,4,5692,neutral
First,18,1,4,1,3,1,3,5,9325,dissatisfied
First,87,2,5,2,3,3,3,4,2339,dissatisfied
Economy,103,2,3,4,4,4,2,3,13643,dissatisfied
Business,62,4,2,2,2,1,2,2,11104,dissatisfied
Economy,0,1,4,3,2,1,4,3,9178,dissatisfied
Economy,0,1,3,3,4,2,1,3,13648,dissatisfied
Business,99,1,5,1,4,5,3,1,10538,dissatisfied
Business,0,5,5,3,1,5,1,1,8189,neutral
Economy,15,3,5,2,2,4,3,4,7663,neutral
Business,61,5,2,5,2,4,1,5,10848,neutral
Economy,5,1,2,3,1,1,1,4,10534,dissatisfied
Business,30,4,5,4,1,1,2,2,5217,neutral
Economy,6,3,2,2,1,3,2,5,879,dissatisfied
Business,0,3,4,3,4,2,3,3,1664,neutral
Economy,56,1,1,1,3,4,1,3,6145,dissatisfied
First,0,4,3,5,2,1,1,2,3426,neutral
First,3,5,1,5,3,1,5,5,7891,neutral
Economy,6,2,1,5,1,2,1,2,9682,neutral
Economy,60,5,3,5,3,4,5,4,5651,neutral
Economy,5,3,4,4,5,5,1,2,2573,neutral
Business,0,4,2,3,5,2,4,1,11543,neutral
First,27,1,1,5,3,4,3,2,3630,dissatisfied
Business,0,5,1,4,1,2,2,5,1901,neutral
Economy,70,3,4,4,4,2,4,4,6363,dissatisfied
Economy,3,2,4,5,5,5,5,1,10727,neutral
Economy,20,1,5,5,3,4,1,4,9307,neutral
Business,30,1,5,4,5,3,3,3,10632,neutral
Economy,24,2,4,4,2,3,1,1,640,neutral
Economy,4,5,1,1,4,1,3,2,1826,dissatisfied
First,0,3,3,4,1,5,2,4,7208,neutral
Business,34,5,1,1,2,5,2,2,10385,dissatisfied
First,14,2,5,2,1,2,3,2,5955,dissatisfied
First,16,4,1,2,2,4,1,4,3635,dissatisfied
First,22,4,2,1,5,3,5,2,1170,dissatisfied
First,57,2,2,2,1,5,4,1,3678,dissatisfied
First,0,1,2,4,1,3,5,4,8713,dissatisfied
First,0,3,4,4,4,2,2,5,1886,neutral
Economy,44,3,1,5,2,3,2,2,13139,dissatisfied
First,39,1,3,3,1,3,1,3,4767,dissatisfied
First,5,4,5,5,5,1,4,4,3923,neutral
First,10,1,4,5,1,1,3,3,1605,neutral
Economy,0,4,4,3,2,5,2,5,3799,neutral
Economy,28,5,2,1,1,2,1,5,10706,dissatisfied
Economy,87,2,2,4,4,4,5,3,3291,dissatisfied
First,20,4,2,3,4,5,3,4,8428,dissatisfied
Business,50,1,5,4,2,2,4,3,12924,dissatisfied
Business,38,2,2,1,4,4,2,1,1749,dissatisfied
Economy,3,4,4,2,4,5,4,2,3776,neutral
Business,0,1,2,5,5,3,3,5,11173,neutral
Economy,41,5,4,5,5,3,2,5,2724,neutral
Business,0,1,1,4,2,3,3,5,3451,dissatisfied
Economy,58,5,5,3,2,4,2,1,9282,neutral
Business,35,2,1,2,2,3,3,1,7231,dissatisfied
Economy,22,5,1,4,1,5,1,1,3759,neutral
Business,0,4,3,5,5,1,1,3,3718,neutral
First,24,5,3,4,5,2,5,3,12131,neutral
Business,28,1,2,4,5,1,3,2,3437,dissatisfied
Business,0,4,2,5,2,5,5,3,13058,neutral
Economy,25,5,4,2,2,2,1,5,9164,neutral
First,62,1,4,4,4,2,2,1,10510,dissatisfied
First,10,2,5,3,4,2,3,5,6981,neutral
Economy,11,3,1,3,3,4,2,1,13536,dissatisfied
Business,0,1,1,1,5,2,2,3,13599,dissatisfied
First,44,4,5,1,4,5,5,2,7786,dissatisfied
Economy,0,2,2,1,4,2,5,4,12205,dissatisfied
First,0,2,2,3,5,2,1,1,8858,dissatisfied
Economy,7,2,2,2,1,4,2,1,7351,dissatisfied
Business,0,5,2,4,2,3,4,5,9821,neutral
Economy,51,2,4,3,1,4,2,2,8965,dissatisfied
First,44,2,2,1,1,4,1,2,4329,dissatisfied
Business,0,3,2,1,3,3,4,2,10025,dissatisfied
First,0,5,1,4,5,4,2,4,7152,neutral
Business,0,1,3,1,1,1,3,5,1443,dissatisfied
Economy,19,1,5,5,1,5,2,2,13116,neutral
Economy,5,4,5,2,1,4,5,5,11793,neutral
Economy,46,2,5,5,1,3,3,3,4408,neutral
Economy,35,4,3,3,3,1,5,2,9027,dissatisfied
First,10,1,4,4,3,1,2,4,13836,neutral
Economy,25,2,5,2,5,3,4,4,6994,dissatisfied
Economy,91,2,5,2,1,5,5,3,5069,dissatisfied
Economy,0,1,5,5,4,4,5,3,4430,neutral
Economy,0,2,5,1,1,2,4,4,12249,dissatisfied
Business,0,5,4,3,5,3,4,1,12051,neutral
Business,7,2,2,1,4,4,4,4,4368,dissatisfied
First,23,2,4,2,5,5,4,5,7580,dissatisfied
Business,34,4,4,1,5,1,5,4,2899,dissatisfied
First,0,3,1,3,1,4,1,4,5758,dissatisfied
First,28,1,4,2,2,5,2,3,1115,dissatisfied
Business,0,1,1,1,2,4,3,3,3743,dissatisfied
First,0,1,4,4,1,5,4,1,7888,neutral
First,36,4,3,1,3,2,2,3,1685,dissatisfied
Economy,39,2,1,4,4,5,2,4,1991,dissatisfied
Economy,75,3,3,5,3,4,1,1,1730,dissatisfied
Business,0,4,4,3,4,5,1,5,9237,neutral
Economy,12,3,3,4,1,1,5,1,7343,neutral
First,8,5,4,3,2,1,2,3,11498,neutral
First,38,5,1,5,2,3,5,1,1065,neutral
Business,0,4,3,1,5,1,5,4,12449,dissatisfied
Economy,29,4,4,1,2,1,2,1,9673,dissatisfied
First,51,3,2,4,4,5,1,1,4731,dissatisfied
Business,53,4,2,5,2,4,5,2,11792,neutral
Economy,80,2,4,1,2,3,4,1,7660,dissatisfied
Economy,0,4,1,2,2,4,1,1,1798,dissatisfied
Business,34,4,5,5,3,2,3,5,11747,neutral
First,0,2,3,2,3,1,5,2,1908,dissatisfied
First,0,1,5,2,3,4,2,5,1325,dissatisfied
First,0,1,3,5,4,3,4,2,5996,neutral
Economy,42,5,3,1,4,2,5,1,3469,dissatisfied
First,0,4,2,5,1,5,1,4,8229,neutral
First,0,5,3,1,4,5,1,5,7501,dissatisfied
Business,55,4,4,3,1,4,2,3,1255,dissatisfied
Economy,6,2,3,2,5,5,2,3,12494,dissatisfied
Economy,26,3,4,4,5,3,4,2,9862,neutral
First,0,4,4,5,3,1,3,2,6839,neutral
Economy,29,5,5,4,2,5,3,3,941,neutral
Business,25,5,2,3,3,4,1,4,5727,neutral
First,42,4,1,3,1,4,1,1,4622,dissatisfied
First,2,5,1,2,4,5,1,5,577,dissatisfied
First,35,5,1,4,4,3,1,4,10996,neutral
First,0,2,4,3,1,4,4,5,4057,neutral
Business,25,5,3,2,5,4,4,5,10709,dissatisfied
Business,79,1,5,5,3,4,2,1,11194,dissatisfied
Economy,0,1,4,5,1,5,5,1,2360,neutral
First,4,3,4,4,5,2,1,5,3015,neutral
Business,29,1,1,2,3,5,5,1,7881,dissatisfied
Business,5,1,4,2,1,1,3,1,1427,dissatisfied
Business,24,2,1,2,4,4,2,4,1885,dissatisfied
Business,0,4,1,1,2,2,4,5,11462,dissatisfied
Business,18,2,1,3,2,4,2,3,1500,dissatisfied
First,3,5,4,2,4,5,2,4,7178,neutral
Economy,33,1,5,1,2,4,2,1,8197,dissatisfied
Economy,0,5,2,1,1,2,3,3,9067,dissatisfied
Economy,0,4,3,5,4,3,4,4,6318,neutral
Business,0,4,1,3,4,3,3,4,8625,dissatisfied
First,39,3,4,5,2,1,5,1,2754,neutral
First,69,3,2,3,2,2,2,5,627,dissatisfied
First,53,2,4,5,4,3,5,2,4716,neutral
First,57,1,4,1,1,2,5,2,12671,dissatisfied
Business,28,5,3,2,5,5,3,3,7632,dissatisfied
First,31,3,1,2,1,4,5,2,11041,dissatisfied
Economy,11,4,4,3,1,2,1,5,8331,neutral
Economy,24,4,3,2,5,4,4,5,1536,dissatisfied
First,23,3,4,5,1,5,2,3,11290,neutral
Economy,0,4,2,5,1,1,1,1,2897,neutral
First,24,1,5,4,4,5,5,1,1212,neutral
Economy,0,1,5,4,5,4,4,3,5237,neutral
Economy,0,2,1,2,5,5,1,2,11325,dissatisfied
Business,61,1,5,3,1,1,3,2,766,dissatisfied
First,12,3,3,1,3,4,5,3,8682,dissatisfied
Business,57,3,3,5,5,1,1,4,12986,neutral
First,25,1,5,4,2,1,2,3,6186,neutral
First,0,3,3,3,5,2,5,1,3467,neutral
Economy,60,2,4,1,2,5,4,2,12217,dissatisfied
Business,21,2,4,1,2,2,4,4,3306,dissatisfied
First,22,4,3,3,2,4,1,4,3579,neutral
First,0,2,2,1,5,3,5,2,1628,dissatisfied
Economy,39,5,1,4,5,4,4,4,10956,neutral
First,56,1,3,2,4,2,4,4,5541,dissatisfied
First,60,3,1,5,4,5,3,3,7608,dissatisfied
Business,26,3,5,4,2,3,3,3,9971,neutral
Business,83,2,2,4,4,4,5,5,11276,dissatisfied
First,3,2,4,5,3,1,4,2,9188,neutral
Business,0,2,3,2,4,2,2,5,7159,dissatisfied
Business,62,3,2,2,2,5,4,3,3066,dissatisfied
First,32,5,1,1,1,3,2,1,4895,dissatisfied
First,0,3,3,1,3,2,4,3,4555,dissatisfied
Economy,75,2,4,1,5,5,1,5,8493,dissatisfied
Business,3,5,4,4,3,2,1,4,4805,neutral
Business,70,2,3,1,1,4,5,2,10875,dissatisfied
Economy,18,5,3,2,1,4,4,1,5548,neutral
First,0,2,2,3,2,1,5,3,9026,dissatisfied
Business,17,5,4,4,1,3,3,1,5523,neutral
First,34,1,1,4,5,2,5,4,2077,dissatisfied
Economy,43,5,4,3,3,1,4,1,3997,neutral
Economy,2,2,3,4,3,3,4,1,10985,neutral
First,0,4,1,3,3,4,5,1,13851,dissatisfied
Economy,18,2,3,4,4,2,3,5,11451,neutral
Business,0,4,4,3,3,4,1,3,13448,neutral
Economy,0,3,2,3,1,4,2,2,12382,dissatisfied
Business,13,5,1,2,4,5,1,5,2198,dissatisfied
Business,0,5,2,3,3,3,4,5,11000,neutral
First,0,2,5,3,3,5,2,3,3655,neutral
First,0,3,1,5,4,3,3,2,2044,neutral
Business,62,2,4,4,2,2,4,1,13171,dissatisfied
Business,0,1,2,4,3,1,1,2,7138,dissatisfied
Economy,36,1,2,1,2,4,2,3,12705,dissatisfied
Business,34,4,4,3,5,5,2,1,5169,neutral
Business,47,5,3,3,3,4,3,5,12021,neutral
Business,34,4,5,4,4,3,1,4,936,neutral
Business,0,4,4,1,4,4,2,5,3572,dissatisfied
Business,44,5,2,2,5,1,2,2,8384,dissatisfied
Economy,0,1,1,3,4,2,3,2,6021,dissatisfied
Economy,64,4,5,5,1,5,4,5,11368,neutral
Economy,45,5,4,4,2,4,4,4,2196,neutral
First,0,1,2,1,1,1,3,2,9639,dissatisfied
First,25,5,5,3,3,1,5,5,9464,neutral
First,14,5,3,1,1,2,4,2,9837,dissatisfied
First,34,2,5,5,2,3,2,5,2008,neutral
Economy,0,1,4,1,5,3,5,2,1647,dissatisfied
Economy,0,4,1,4,5,3,4,4,10229,neutral
Economy,35,5,2,2,5,2,3,2,3801,dissatisfied
Business,58,2,4,2,5,1,1,3,2454,dissatisfied
Economy,2,3,1,2,3,1,5,4,5316,dissatisfied
First,1,3,2,1,4,2,4,2,9724,dissatisfied
Economy,13,2,4,3,5,2,4,2,12626,dissatisfied
First,0,1,3,3,1,5,5,3,11066,dissatisfied
First,0,3,1,3,1,5,3,4,13571,dissatisfied
First,8,4,1,5,4,4,3,3,4241,neutral
Business,74,2,5,3,2,5,2,5,10491,dissatisfied
Business,0,5,3,4,2,2,3,3,7074,neutral
First,0,2,2,1,5,2,1,5,10571,dissatisfied
First,78,4,5,4,1,2,1,4,12546,neutral
Business,71,2,3,2,4,1,4,1,11776,dissatisfied
First,19,4,4,4,2,2,4,5,11628,neutral
Economy,40,4,1,4,5,1,3,2,10498,dissatisfied
Economy,20,2,5,4,5,1,3,2,7272,neutral
Economy,0,2,1,5,4,1,4,3,10429,neutral
Economy,40,2,3,1,1,5,4,3,3318,dissatisfied
First,48,5,1,3,2,3,2,2,6804,dissatisfied
Economy,30,5,5,4,2,2,4,1,6862,neutral
Economy,0,4,4,2,1,1,5,4,4354,neutral
Economy,0,3,5,1,1,2,4,3,13435,dissatisfied
Business,0,2,2,1,5,5,4,4,2478,dissatisfied
Economy,0,3,1,4,1,2,3,5,1658,dissatisfied
First,0,1,5,1,3,3,4,1,2577,dissatisfied
First,13,1,5,1,4,3,3,3,6918,dissatisfied
Business,108,2,4,1,4,2,5,2,8465,dissatisfied
First,7,1,1,1,1,2,5,1,8003,dissatisfied
First,0,3,1,2,4,3,1,4,12585,dissatisfied
Business,25,1,2,2,5,1,1,5,11147,dissatisfied
Economy,19,2,3,2,2,1,2,2,7667,dissatisfied
Business,63,4,3,3,2,1,3,2,6279,dissatisfied
First,0,5,1,2,4,1,1,5,1151,dissatisfied
Business,0,5,5,3,1,4,5,4,7201,neutral
First,52,5,3,4,4,1,5,3,13356,neutral
Business,68,4,3,1,3,4,3,1,8527,dissatisfied
Economy,40,1,5,2,5,1,1,4,3493,dissatisfied
First,16,5,2,4,4,4,5,3,8090,neutral
First,96,3,2,1,5,1,4,5,4614,dissatisfied
Business,60,1,1,4,1,1,3,4,4334,dissatisfied
Economy,42,4,3,5,1,3,2,1,640,neutral
Economy,66,5,5,1,5,5,5,2,9675,dissatisfied
Economy,4,1,2,1,4,3,3,1,7447,dissatisfied
Economy,40,4,5,3,1,5,3,4,6613,neutral
Business,0,2,1,1,3,2,4,4,12811,dissatisfied
Business,62,5,1,4,3,4,5,3,3165,dissatisfied
Business,28,2,2,5,5,5,2,1,5062,neutral
Business,20,2,3,5,3,5,2,4,9866,neutral
First,71,5,5,2,5,3,3,1,3046,dissatisfied
First,16,3,3,2,4,3,1,4,2140,dissatisfied
Business,33,2,2,4,2,2,5,3,6608,dissatisfied
Business,7,4,1,2,1,4,2,2,12824,dissatisfied
Economy,10,3,1,5,1,4,2,4,11783,neutral
Economy,0,2,2,5,4,1,5,3,2061,neutral
Economy,56,2,1,3,4,3,1,4,9457,dissatisfied
Business,49,5,4,1,4,4,4,1,9835,dissatisfied
Economy,48,5,1,1,1,3,4,2,5956,dissatisfied
First,0,1,4,2,5,2,5,2,1848,dissatisfied
First,9,5,4,4,3,3,2,5,12255,neutral
Economy,0,5,4,1,1,2,1,5,8746,neutral
Economy,0,1,3,1,2,2,2,5,8749,dissatisfied
First,19,3,2,5,5,5,3,1,1244,neutral
Economy,49,1,2,2,4,5,5,1,8959,dissatisfied
Business,15,5,2,4,2,2,5,1,2970,neutral
First,0,3,4,3,3,4,2,5,10166,neutral
First,48,1,4,4,3,5,3,4,534,dissatisfied
Business,21,1,4,2,1,4,1,4,4457,dissatisfied
First,0,1,1,4,5,1,1,2,13043,dissatisfied
Economy,9,5,5,1,2,3,4,1,12082,neutral
First,15,2,5,4,4,3,5,1,10242,neutral
Business,42,1,1,2,4,5,3,4,10274,dissatisfied
Economy,42,3,5,4,2,3,4,3,11189,neutral
Economy,55,5,5,2,1,4,3,5,3877,neutral
Business,0,3,3,1,2,3,5,3,3291,dissatisfied
First,23,2,5,5,5,1,3,2,3699,neutral
Economy,23,3,1,4,4,2,4,4,2992,dissatisfied
Economy,84,1,4,1,4,3,2,4,7792,dissatisfied
Economy,5,3,3,5,2,5,2,2,5728,neutral
First,26,3,5,1,1,2,2,2,3981,dissatisfied
Economy,42,5,1,5,1,4,4,1,5348,neutral
Business,0,3,2,5,3,2,5,3,4170,neutral
Business,11,4,2,3,3,4,5,2,630,dissatisfied
Business,18,4,3,5,2,5,2,1,12388,neutral
Economy,0,5,2,5,2,5,1,2,3067,neutral
Business,0,4,1,1,4,5,5,4,9837,dissatisfied
First,33,5,2,2,4,4,4,3,6356,dissatisfied
First,14,3,2,5,2,1,5,1,12205,neutral
First,15,5,5,5,3,2,4,4,11935,neutral
Business,46,4,1,2,1,2,2,3,2085,dissatisfied
Business,0,1,1,5,4,4,4,3,11189,dissatisfied
First,40,1,1,4,4,2,3,5,3620,dissatisfied
Business,29,4,4,4,3,5,4,1,2950,neutral
Business,0,1,1,1,3,3,3,2,10293,dissatisfied
Business,37,5,5,3,1,2,5,1,10395,neutral
First,38,4,2,4,1,3,2,3,12215,neutral
Business,30,2,2,4,4,5,1,2,4227,dissatisfied
Business,42,3,2,5,2,2,3,4,6618,neutral
Economy,0,2,1,5,5,2,3,3,1522,neutral
Business,0,5,1,4,3,3,1,4,4827,neutral
First,53,4,3,4,2,1,5,5,5119,neutral
First,0,3,3,5,5,4,2,1,8947,neutral
Economy,20,2,3,2,5,1,1,2,2799,dissatisfied
First,23,5,4,4,4,4,3,3,8642,neutral
Business,0,5,3,3,3,2,2,5,11662,neutral
Economy,4,1,5,2,5,2,2,3,1912,dissatisfied
First,18,3,1,3,2,1,1,1,3746,dissatisfied
Economy,0,3,4,3,3,3,2,3,4092,neutral
First,31,2,5,1,5,1,4,1,4874,dissatisfied
Economy,26,3,2,5,5,3,2,2,7730,neutral
First,18,2,3,3,2,5,3,5,890,dissatisfied
First,0,4,3,4,4,2,1,5,4453,neutral
First,0,4,1,4,1,1,4,2,6085,neutral
Business,64,4,5,2,4,1,2,2,11944,dissatisfied
Economy,0,2,5,4,4,2,4,5,6186,neutral
First,0,2,3,4,1,4,1,1,1990,neutral
First,0,4,3,1,3,3,3,4,10739,dissatisfied
Business,26,4,5,3,5,1,4,5,10482,neutral
Business,10,3,5,5,3,2,1,3,1425,neutral
Business,38,3,2,2,1,1,5,2,2913,dissatisfied
Business,76,2,3,1,1,4,3,3,1446,dissatisfied
Economy,24,1,3,3,4,3,5,2,8801,dissatisfied
Business,0,1,5,3,3,3,4,3,838,neutral
First,45,3,1,4,5,3,1,2,9032,dissatisfied
Economy,53,5,5,4,2,4,4,3,9340,neutral
Economy,0,1,3,2,4,1,4,3,11869,dissatisfied
Business,27,2,2,5,3,2,5,3,8338,neutral
Business,0,5,3,4,4,2,4,5,2808,neutral
Business,26,2,4,5,1,3,3,1,8112,neutral
Economy,0,3,3,4,2,1,3,4,5713,neutral
Economy,23,2,3,5,1,5,4,3,13418,neutral
Business,7,1,3,4,4,2,4,3,2894,dissatisfied
Economy,84,4,5,4,5,2,3,3,10824,neutral
Business,0,2,1,4,3,1,3,1,4304,dissatisfied
Business,5,1,3,4,3,2,4,3,6823,dissatisfied
Economy,81,4,3,5,5,5,2,5,13972,neutral
First,71,2,3,1,3,4,3,5,7085,dissatisfied
Economy,17,5,3,2,2,3,2,3,9412,neutral
First,0,2,3,1,5,4,2,1,1896,dissatisfied
Economy,28,2,2,5,4,3,5,1,1028,neutral
First,7,2,5,2,4,3,3,5,10238,dissatisfied
First,35,5,5,4,2,3,3,2,4570,neutral
Economy,32,2,3,1,3,4,3,3,13744,dissatisfied
Business,24,5,2,2,1,5,3,2,5739,dissatisfied
First,8,2,4,1,4,2,5,1,5356,dissatisfied
First,7,4,4,5,5,2,5,1,9323,neutral
Business,48,4,2,2,3,5,1,2,12178,dissatisfied
Economy,0,5,4,4,5,2,5,2,3379,neutral
Economy,46,4,5,3,3,5,3,4,6138,neutral
Business,20,2,4,4,4,4,2,1,12071,neutral
Business,0,1,3,3,5,3,3,3,13904,dissatisfied
First,63,1,1,4,5,2,3,5,6193,dissatisfied
Business,0,2,2,5,2,1,2,2,601,neutral
Business,8,4,1,2,3,4,2,1,6407,dissatisfied
Economy,56,3,2,1,4,5,4,4,9263,dissatisfied
First,14,1,2,4,2,4,5,3,3806,dissatisfied
First,30,4,2,3,2,3,1,2,798,dissatisfied
Economy,41,5,5,2,1,3,5,1,4648,neutral
Economy,62,4,5,1,4,3,5,5,11693,dissatisfied
First,0,1,2,3,1,1,1,1,2940,dissatisfied
Economy,50,3,3,3,3,1,2,5,12372,dissatisfied
Economy,28,3,4,2,2,1,2,5,8685,dissatisfied
Business,43,1,3,5,4,4,3,4,8589,dissatisfied
Business,47,2,5,5,5,3,1,1,10081,neutral
First,0,1,2,5,2,2,3,1,5942,neutral
Business,56,5,5,2,4,5,4,4,3018,neutral
First,24,4,4,3,2,2,2,2,3806,neutral
Economy,17,1,1,2,3,4,4,4,9096,dissatisfied
First,0,5,1,5,4,5,5,3,12704,neutral
Business,0,2,3,4,3,4,5,3,8414,neutral
Business,21,3,2,2,4,3,1,4,7062,dissatisfied
First,26,2,5,4,3,5,1,4,9365,neutral
First,18,1,3,5,1,3,2,5,7408,neutral
First,67,3,3,2,4,4,1,2,2504,dissatisfied
First,29,4,3,2,3,3,2,2,13655,dissatisfied
Business,9,1,4,4,4,2,4,3,2102,neutral
First,41,3,3,1,5,3,1,4,4537,dissatisfied
Business,3,1,2,4,5,2,5,3,9054,dissatisfied
First,0,4,4,5,3,2,2,4,12658,neutral
Business,50,1,1,4,5,3,4,1,2777,dissatisfied
Economy,0,5,1,1,3,4,3,5,1761,dissatisfied
First,73,2,1,5,5,3,2,3,7264,dissatisfied
Business,0,1,2,2,2,4,5,4,9877,dissatisfied
First,0,5,2,2,2,2,1,1,10105,dissatisfied
First,16,5,4,1,4,5,4,5,13726,dissatisfied
Business,23,1,1,5,3,1,3,5,2338,dissatisfied
First,73,3,4,5,5,1,1,5,6518,neutral
Economy,48,3,1,2,4,1,2,3,2678,dissatisfied
Business,38,2,1,4,2,2,5,5,5783,dissatisfied
Business,1,3,1,4,2,5,3,1,7975,dissatisfied
Economy,72,4,1,5,3,3,3,1,838,dissatisfied
Economy,91,1,4,1,2,4,1,3,5827,dissatisfied
Business,0,3,2,1,4,3,4,3,2749,dissatisfied
Economy,0,4,1,2,4,1,5,3,8340,dissatisfied
Economy,67,4,3,3,4,5,4,1,12916,dissatisfied
Economy,26,5,5,1,1,2,4,2,9019,neutral
First,47,3,2,3,3,1,4,5,5584,dissatisfied
First,82,2,2,4,2,4,1,3,10015,dissatisfied
Economy,87,4,4,2,1,1,4,5,3989,dissatisfied
Business,47,3,5,4,4,4,3,2,7320,neutral
First,53,1,4,1,3,1,5,4,12906,dissatisfied
First,33,2,2,4,1,5,3,3,2686,dissatisfied
Business,84,3,1,5,2,3,2,1,3366,dissatisfied
Business,43,1,1,4,2,2,4,5,1008,dissatisfied
First,26,4,4,3,5,1,4,4,6910,neutral
Economy,61,4,2,3,3,2,1,2,9179,dissatisfied
Business,0,1,2,4,5,3,1,2,5477,dissatisfied
Business,0,3,2,1,4,4,2,1,7690,dissatisfied
Economy,10,4,3,3,2,3,5,1,8743,neutral
Business,0,3,1,2,4,3,3,5,12384,dissatisfied
Business,0,4,4,5,5,5,5,1,7767,neutral
First,15,5,4,1,2,3,2,1,8723,dissatisfied
Economy,0,4,1,2,3,4,5,2,5346,dissatisfied
Economy,12,4,4,1,1,3,1,1,1340,dissatisfied
First,14,5,4,3,4,1,3,2,7463,neutral
Business,60,2,4,1,4,1,3,3,3671,dissatisfied
Business,0,5,4,2,2,2,4,2,3280,neutral
Economy,21,2,4,1,2,5,4,1,13809,dissatisfied
First,16,4,2,3,5,2,1,2,3368,dissatisfied
First,44,2,3,4,4,1,4,2,13303,dissatisfied
Business,0,1,5,2,4,3,4,2,8341,dissatisfied
Business,24,1,2,4,4,4,1,4,13608,dissatisfied
First,67,1,2,3,1,4,5,3,8493,dissatisfied
First,37,5,2,2,4,5,5,4,4533,dissatisfied
Business,31,1,2,4,5,3,2,3,2216,dissatisfied
First,0,3,4,2,4,2,3,4,5192,dissatisfied
Business,52,1,5,5,5,2,5,1,4785,neutral
First,30,4,5,4,2,3,1,2,4429,neutral
Economy,0,1,4,4,5,1,3,4,12083,neutral
Economy,5,2,4,5,4,2,2,2,13181,neutral
Economy,35,4,5,3,3,3,3,5,6828,neutral
Economy,22,4,2,5,2,4,4,1,4030,neutral
Economy,14,1,4,2,1,5,1,2,4557,dissatisfied
Economy,70,2,2,2,1,5,2,2,2049,dissatisfied
First,0,4,2,2,3,5,2,3,11592,dissatisfied
Economy,3,4,4,3,3,1,2,1,12763,neutral
Economy,3,3,4,5,2,5,1,5,607,neutral
Business,43,5,5,1,4,4,2,4,6902,dissatisfied
Business,20,2,4,4,2,2,4,1,5576,neutral
Business,0,1,1,5,1,5,4,3,8952,dissatisfied
Economy,13,4,2,2,2,3,5,2,11165,dissatisfied
First,30,4,2,5,4,1,2,2,2213,neutral
First,26,5,3,5,4,1,3,2,10715,neutral
Business,0,1,2,3,1,5,2,2,9155,dissatisfied
Economy,0,3,1,4,5,4,3,3,4914,dissatisfied
Business,0,3,2,3,1,1,4,3,8278,dissatisfied
Business,33,2,2,3,5,1,4,4,11326,dissatisfied
Business,57,5,3,2,4,4,4,4,1594,dissatisfied
Business,28,5,2,3,4,1,1,5,7287,neutral
Business,0,4,1,4,4,4,3,1,13103,neutral
First,32,4,4,2,3,1,5,1,2329,dissatisfied
Economy,56,4,4,3,2,1,2,5,731,dissatisfied
Economy,40,4,2,2,5,2,3,3,719,dissatisfied
Economy,68,1,4,5,2,3,3,1,13607,dissatisfied
Business,0,1,5,4,2,1,4,1,12118,neutral
First,0,2,5,1,1,5,1,4,10813,dissatisfied
First,63,3,1,1,1,2,3,5,7607,dissatisfied
First,46,2,2,1,5,1,1,5,10095,dissatisfied
Economy,66,4,4,5,1,4,1,4,4321,neutral
Economy,32,5,4,3,1,5,1,2,6321,neutral
Economy,0,1,1,5,5,3,2,1,13654,dissatisfied
Business,0,1,5,1,2,1,3,3,3152,dissatisfied
Economy,17,1,2,3,3,1,4,5,2624,dissatisfied
First,0,1,5,5,2,3,3,3,7983,neutral
Economy,34,5,1,3,5,1,1,2,7174,dissatisfied
Business,0,2,2,1,2,4,3,1,1062,dissatisfied
First,0,1,1,4,1,4,4,2,7357,dissatisfied
First,53,4,1,1,3,1,4,3,2025,dissatisfied
First,38,4,4,1,4,3,1,5,12418,dissatisfied
First,0,2,5,2,1,1,4,2,11255,dissatisfied
First,3,2,1,3,5,1,1,4,13318,dissatisfied
First,1,2,1,2,5,2,3,2,3019,dissatisfied
First,48,2,2,5,2,3,5,4,9011,dissatisfied
Business,45,5,2,5,4,5,3,3,2807,neutral
First,0,1,5,1,4,3,5,4,3448,dissatisfied
Economy,8,5,5,2,2,4,3,2,4879,neutral
Business,64,5,5,2,1,4,4,4,2296,dissatisfied
Business,34,1,4,4,3,1,3,4,6803,dissatisfied
First,37,5,4,4,4,1,3,3,13849,neutral
Business,75,2,1,1,2,4,3,1,4444,dissatisfied
Business,32,3,2,5,3,3,2,1,13643,neutral
First,9,4,4,4,2,4,2,3,12904,neutral
Business,7,2,3,2,3,4,5,3,4622,dissatisfied
Business,4,2,5,2,3,1,2,2,4010,dissatisfied
Economy,53,1,2,1,1,4,2,4,10373,dissatisfied
Economy,47,3,1,3,5,3,4,5,10577,dissatisfied
First,36,1,2,3,5,1,4,2,1428,dissatisfied
Business,28,2,2,5,4,5,5,3,7453,neutral
First,45,5,1,1,5,2,4,3,11988,dissatisfied
Business,0,4,4,4,4,1,5,3,13348,neutral
Business,20,4,3,5,4,1,4,5,8497,neutral
Business,12,2,4,4,3,4,5,5,4037,neutral
Business,0,1,5,1,4,3,5,1,11953,dissatisfied
First,46,3,3,5,2,1,3,2,4296,neutral
Business,23,3,3,5,2,4,5,3,12896,neutral
Business,30,2,4,4,3,5,5,5,2400,neutral
Business,22,3,4,3,1,1,5,4,9477,neutral
Business,0,1,5,3,3,5,1,4,10649,neutral
Economy,0,3,5,4,3,3,5,3,13359,neutral
First,0,1,2,2,5,1,3,1,10307,dissatisfied
Business,0,2,1,2,5,1,1,5,7659,dissatisfied
Business,25,3,4,5,3,1,3,5,11868,neutral
Business,70,1,1,4,2,3,3,4,6798,dissatisfied
First,0,5,4,3,3,2,3,1,3582,neutral
First,0,3,3,1,2,2,4,2,13712,dissatisfied
Economy,0,4,5,2,1,4,5,3,3577,neutral
Economy,44,3,3,1,5,4,4,3,10589,dissatisfied
Business,37,3,4,3,4,5,3,5,1526,dissatisfied
Business,12,5,5,4,2,1,5,2,10858,neutral
Business,0,3,2,2,2,4,3,4,11514,dissatisfied
Business,0,3,5,5,1,5,4,1,1014,neutral
Business,58,2,5,1,5,5,2,4,6459,dissatisfied
Business,30,2,4,2,5,3,1,2,4045,dissatisfied
Business,53,1,1,3,5,5,3,2,1938,dissatisfied
Economy,47,4,5,2,2,4,4,5,12878,dissatisfied
Business,93,3,4,2,5,4,4,2,4643,dissatisfied
Economy,4,2,5,4,5,2,5,1,7321,neutral
First,7,1,4,4,4,3,4,4,2292,neutral
Business,32,5,3,5,2,2,2,2,3348,neutral
Business,59,4,4,4,2,1,3,4,13252,neutral
First,0,5,3,3,5,2,5,5,4947,neutral
First,0,1,3,5,3,1,3,5,11100,neutral
First,14,5,1,1,5,1,2,5,6940,dissatisfied
First,22,3,3,5,2,4,5,4,1259,neutral
First,44,5,4,4,2,4,2,1,5784,neutral
Economy,68,2,1,5,4,1,4,3,5192,dissatisfied
First,49,2,1,5,1,5,2,5,10184,dissatisfied
First,23,5,1,2,5,2,4,3,3151,dissatisfied
Business,25,4,3,2,1,3,1,1,10680,dissatisfied
Economy,23,2,4,2,5,5,5,3,11995,dissatisfied
Economy,85,5,5,5,4,2,5,2,6485,neutral
First,48,3,5,4,1,1,1,3,1579,neutral
Economy,0,2,1,3,3,5,3,4,2409,dissatisfied
Business,14,2,2,3,5,5,3,4,8297,dissatisfied
First,0,5,5,1,5,5,4,4,9622,neutral
Business,58,5,4,3,4,4,5,4,11944,neutral
First,0,5,1,4,5,4,1,5,8061,neutral
First,0,4,2,3,4,5,4,2,11496,neutral
Economy,3,2,4,5,5,4,4,1,7312,neutral
Business,4,3,2,5,5,3,1,2,9962,neutral
Economy,0,3,5,2,3,4,5,3,13475,neutral
Economy,9,1,2,1,2,4,2,3,5441,dissatisfied
First,55,5,3,3,5,1,2,4,3897,dissatisfied
Business,30,1,3,5,5,3,2,4,8679,neutral
Business,36,1,1,3,1,1,4,4,4937,dissatisfied
Business,53,4,3,2,4,4,4,4,11654,dissatisfied
Economy,46,4,2,1,5,2,3,4,4714,dissatisfied
Business,0,5,3,2,3,5,4,1,13758,neutral
Business,21,5,1,3,5,1,3,5,2095,dissatisfied
First,19,5,5,3,4,5,1,4,8977,neutral
Business,0,3,1,2,5,3,1,5,4259,dissatisfied
Business,72,5,1,4,1,4,5,3,10199,dissatisfied
First,0,3,2,2,4,4,5,4,10234,dissatisfied
First,2,1,2,5,2,4,4,4,7234,neutral
Business,14,5,4,4,1,3,5,3,8759,neutral
First,51,2,3,4,3,1,3,1,7731,dissatisfied
Business,10,3,5,3,4,5,1,1,1174,neutral
Economy,0,5,4,2,3,1,3,4,8364,neutral
Economy,73,3,2,2,5,5,3,5,8037,dissatisfied
First,31,3,5,5,1,5,2,2,1848,neutral
First,0,5,2,3,5,4,5,5,10731,neutral
First,24,1,3,5,2,2,3,4,4080,neutral
First,44,5,1,4,2,4,2,1,8000,dissatisfied
Business,31,1,5,3,1,5,4,5,4436,dissatisfied
Business,42,1,5,3,2,3,2,1,2375,dissatisfied
Business,32,5,4,3,3,3,1,1,10214,neutral
First,0,2,5,2,5,4,2,1,1250,dissatisfied
Economy,0,2,5,3,5,1,4,5,3387,neutral
Business,63,1,2,5,4,5,1,5,11682,dissatisfied
Economy,15,3,3,5,2,3,2,5,5380,neutral
Business,31,2,4,5,1,5,2,4,2482,neutral
Business,13,5,2,4,1,2,3,4,3251,neutral
First,10,2,4,4,1,4,3,2,1490,neutral
First,53,3,4,4,5,4,3,3,11497,neutral
Economy,14,2,3,2,5,3,5,4,10926,dissatisfied
Economy,44,5,3,3,5,5,3,3,3771,neutral
First,0,5,1,2,5,4,3,1,4340,dissatisfied
First,0,1,2,4,4,1,4,2,3322,dissatisfied
Economy,0,4,3,2,4,2,3,4,9983,dissatisfied
First,0,3,4,3,3,3,2,1,7820,neutral
Business,24,2,4,5,5,3,3,3,12503,neutral
Business,0,1,4,5,3,3,1,3,1801,neutral
First,7,4,2,4,5,2,1,5,3597,neutral
First,4,4,5,2,5,2,3,4,4720,neutral
Economy,0,1,1,5,1,1,2,3,619,dissatisfied
First,0,5,4,2,2,4,5,4,8524,neutral
First,36,5,1,5,3,1,3,1,7068,neutral
Business,42,3,5,2,2,4,1,2,5003,dissatisfied
First,39,3,1,5,2,5,2,4,10034,dissatisfied
First,10,5,2,2,3,2,5,2,3399,dissatisfied
Business,14,3,2,1,4,4,3,2,10105,dissatisfied
First,0,3,4,3,1,4,5,1,12172,neutral
Economy,11,2,1,2,4,3,4,4,3714,dissatisfied
First,8,3,3,2,3,4,4,2,12711,dissatisfied
Economy,28,5,5,4,4,4,2,1,13505,neutral
Business,0,1,2,2,3,2,5,1,8568,dissatisfied
Business,18,4,2,2,4,5,4,3,13164,dissatisfied
Business,9,5,5,4,5,1,3,1,3412,neutral
First,42,3,3,1,5,3,3,1,13938,dissatisfied
Business,70,5,3,2,3,5,5,5,1448,dissatisfied
First,45,5,4,4,2,2,4,1,11844,neutral
Economy,16,4,5,3,1,4,2,4,4835,neutral
First,7,3,3,5,2,1,3,2,6578,neutral
First,33,1,3,3,4,2,5,2,13460,dissatisfied
First,0,1,2,1,5,4,4,4,13138,dissatisfied
Business,3,2,1,3,1,1,2,2,4094,dissatisfied
First,32,4,5,5,1,5,3,5,10189,neutral
First,0,5,5,1,5,4,5,3,7133,neutral
Business,17,4,2,3,5,5,1,2,11328,dissatisfied
Economy,42,4,4,3,1,4,5,2,5841,neutral
Economy,42,1,2,2,5,2,5,3,8028,dissatisfied
First,0,4,4,1,1,5,5,3,8148,dissatisfied
Economy,0,4,1,3,5,5,3,1,13565,dissatisfied
Economy,1,5,2,5,4,5,3,4,3833,neutral
First,52,2,5,3,5,4,3,3,9941,dissatisfied
Economy,2,5,3,2,2,1,5,5,13337,neutral
Economy,20,4,1,5,5,2,5,3,9297,neutral
Business,21,2,2,4,2,4,4,1,8299,dissatisfied
Business,22,4,5,2,3,4,4,3,13153,neutral
First,26,3,5,3,2,2,2,1,1722,neutral
Business,57,3,5,2,1,1,1,1,8029,dissatisfied
First,16,3,3,2,3,1,3,1,6461,dissatisfied
Economy,0,2,5,5,5,2,1,4,9637,neutral
Economy,29,5,3,1,2,5,3,2,9722,dissatisfied
Business,0,2,2,4,5,1,4,1,5564,dissatisfied
Business,11,4,4,4,4,1,2,4,10873,neutral
Economy,0,5,1,1,2,2,1,3,13047,dissatisfied
Economy,9,1,1,2,5,4,5,2,13458,dissatisfied
Economy,52,5,2,4,1,5,4,1,2748,neutral
Economy,0,5,2,5,2,4,2,1,7476,neutral
Economy,0,2,5,3,1,1,3,1,12505,neutral
First,22,3,5,5,2,1,3,2,11840,neutral
Economy,42,2,2,5,2,3,2,1,2129,dissatisfied
Business,54,1,1,3,3,4,3,3,3656,dissatisfied
Economy,8,3,2,3,5,2,3,2,11758,dissatisfied
Business,0,5,5,5,5,4,5,5,12343,neutral
First,19,2,2,4,3,2,3,4,5051,dissatisfied
Business,12,1,5,4,4,1,1,3,3459,neutral
First,46,2,1,5,3,1,2,3,9660,dissatisfied
First,42,5,4,3,5,5,2,1,5167,neutral
First,23,4,1,5,4,4,5,4,13633,neutral
Economy,0,2,3,2,5,1,4,5,13500,dissatisfied
Economy,0,2,5,2,4,5,4,4,5203,dissatisfied
Economy,22,4,2,2,2,1,3,5,7183,dissatisfied
Economy,59,2,2,2,1,5,2,3,12611,dissatisfied
First,0,1,5,3,3,4,1,3,2239,neutral
Economy,31,3,3,2,4,2,1,4,3859,dissatisfied
First,43,1,5,2,5,5,3,2,8034,dissatisfied
Business,81,4,2,3,2,1,4,1,3239,dissatisfied
Economy,51,1,4,1,4,3,3,4,11881,dissatisfied
Business,4,1,3,4,5,3,4,2,7428,dissatisfied
First,0,5,2,4,2,4,5,4,509,neutral
Economy,0,4,1,2,5,2,5,4,9189,dissatisfied
Economy,0,3,3,2,3,3,5,2,4766,dissatisfied
Business,0,3,5,2,5,3,2,5,3627,neutral
First,0,2,1,1,1,5,4,1,5688,dissatisfied
First,0,4,4,5,3,2,4,5,7021,neutral
First,29,4,4,1,2,3,2,2,5260,dissatisfied
Business,20,3,5,3,1,2,5,2,8664,neutral
Business,0,2,5,4,2,5,2,5,8334,neutral
First,103,1,1,2,1,2,3,2,8478,dissatisfied
Economy,65,3,2,4,3,5,5,1,11259,dissatisfied
Economy,44,4,3,1,4,4,4,4,8096,dissatisfied
First,16,3,3,2,5,2,3,1,8009,dissatisfied
Business,11,5,1,4,5,2,3,2,5076,neutral
First,32,5,5,5,3,3,5,2,8251,neutral
Business,38,3,5,3,5,4,2,2,11386,neutral
First,0,5,2,2,1,2,4,3,4306,dissatisfied
First,37,5,4,2,5,3,5,2,9012,neutral
First,20,3,4,5,5,3,3,3,7909,neutral
Economy,50,1,1,2,2,5,3,4,10840,dissatisfied
Economy,69,5,1,4,1,3,3,3,13220,dissatisfied
Business,0,4,4,2,1,1,3,2,7391,neutral
Business,40,4,2,2,3,5,2,2,2273,dissatisfied
Business,27,4,2,5,3,5,4,1,8917,neutral
Economy,55,3,1,2,1,5,2,5,3913,dissatisfied
Economy,26,1,3,2,1,4,5,1,9321,dissatisfied
Economy,12,4,3,2,3,2,2,1,2543,dissatisfied
Business,16,2,4,5,2,3,5,5,3448,neutral
Economy,0,5,5,5,5,3,1,2,7764,neutral
Business,9,3,5,4,1,2,1,2,13796,neutral
Economy,42,5,3,5,3,5,5,1,8584,neutral
First,40,1,2,5,4,5,2,1,8366,dissatisfied
First,13,1,4,2,3,1,5,4,11926,dissatisfied
First,71,4,1,4,3,1,3,2,8299,dissatisfied
First,15,2,5,2,2,3,2,2,622,dissatisfied
Business,53,2,3,4,3,5,1,1,11411,dissatisfied
Business,0,4,5,3,4,4,4,2,5292,neutral
Economy,36,3,2,2,2,2,1,4,12298,dissatisfied
Economy,22,5,2,4,3,5,4,1,11787,neutral
Business,9,4,5,3,3,3,5,4,12775,neutral
First,40,3,2,3,2,2,5,4,6704,dissatisfied
First,27,1,1,1,3,3,3,4,6218,dissatisfied
Business,35,1,1,1,5,3,1,3,7125,dissatisfied
Business,39,1,3,1,4,2,1,3,9109,dissatisfied
First,0,3,4,3,2,1,5,4,10572,neutral
First,81,3,2,4,3,4,5,5,3825,dissatisfied
Business,73,5,4,4,5,3,3,2,1492,neutral
First,17,1,5,5,3,5,2,5,5010,neutral
Business,37,4,3,2,3,4,5,1,6208,dissatisfied
First,0,3,2,3,5,5,3,2,4593,dissatisfied
Business,0,2,1,5,1,3,5,5,8936,neutral
Economy,40,5,5,3,5,1,2,5,6928,neutral
Economy,71,1,1,1,2,3,4,1,12488,dissatisfied
First,10,4,5,3,2,3,4,4,3202,neutral
Economy,29,5,1,1,1,5,5,1,8742,dissatisfied
First,0,1,1,1,2,1,2,4,10837,dissatisfied
First,0,4,3,4,1,2,3,2,1886,neutral
Business,2,3,3,1,5,1,1,1,12005,dissatisfied
First,18,2,2,5,3,5,5,2,3742,neutral
Economy,54,1,1,2,3,3,1,3,1263,dissatisfied
Economy,0,5,4,4,1,2,4,3,13216,neutral
Business,0,5,5,4,3,4,5,5,13680,neutral
Business,0,4,2,4,1,1,2,3,3030,neutral
Business,66,5,3,2,2,5,5,3,1366,dissatisfied
Economy,77,5,5,3,2,4,4,1,5714,neutral
First,87,3,5,4,4,5,2,5,5620,dissatisfied
Economy,66,1,3,1,4,1,5,1,9969,dissatisfied
Economy,29,3,2,3,2,3,2,1,5155,dissatisfied
Business,19,5,4,4,2,3,3,1,8749,neutral
First,45,2,4,4,2,5,2,3,794,dissatisfied
Business,13,1,3,5,4,4,1,5,13299,neutral
Economy,73,2,5,5,5,3,2,4,12458,neutral
Economy,39,5,3,5,3,1,1,1,11030,neutral
First,9,1,5,4,3,5,2,5,13838,neutral
First,0,2,1,4,4,4,3,5,9013,dissatisfied
First,25,2,5,5,3,4,3,3,10340,neutral
Economy,15,4,1,1,1,2,1,3,2257,dissatisfied
Economy,44,1,5,5,4,3,2,4,3369,neutral
Business,29,2,1,4,2,2,3,2,9470,dissatisfied
First,23,1,2,4,5,4,4,5,2788,dissatisfied
Economy,102,4,4,2,1,2,3,4,4578,dissatisfied
First,48,1,1,1,1,3,5,4,6985,dissatisfied
First,39,2,5,3,4,3,3,1,626,dissatisfied
Business,0,2,1,1,2,2,4,2,9286,dissatisfied
Business,0,4,5,5,2,3,3,2,3705,neutral
First,123,3,4,5,1,4,5,5,9308,dissatisfied
Business,11,5,2,1,2,5,2,2,10285,dissatisfied
Economy,0,5,1,2,2,2,5,1,11856,dissatisfied
First,15,2,5,2,2,1,1,4,11736,dissatisfied
Economy,38,1,4,3,3,3,3,5,4120,dissatisfied
Economy,36,3,3,5,5,1,5,4,9638,neutral
Economy,0,4,3,4,4,2,1,4,8585,neutral
Economy,0,5,1,3,4,2,5,5,2192,neutral
Business,65,3,4,1,3,1,5,1,12827,dissatisfied
First,75,4,1,2,3,4,1,1,13211,dissatisfied
First,69,2,5,3,4,5,4,2,5353,dissatisfied
First,15,4,5,4,4,3,4,5,1320,neutral
Business,0,3,3,2,2,3,5,5,8334,dissatisfied
Business,46,4,5,4,3,2,1,4,6589,neutral
Economy,25,1,5,4,3,1,5,4,1975,neutral
Economy,38,3,1,2,5,5,3,2,12254,dissatisfied
First,23,5,3,4,1,3,3,2,608,neutral
Business,0,5,2,3,5,1,3,4,13727,neutral
Economy,36,2,5,2,2,2,4,1,5389,dissatisfied
Business,22,3,3,2,2,5,2,1,11835,dissatisfied
Business,0,1,2,2,2,2,5,5,6625,dissatisfied
Economy,14,5,2,5,5,1,2,1,8544,neutral
Economy,33,1,3,5,1,2,3,5,4842,dissatisfied
First,1,3,1,2,1,3,3,3,7584,dissatisfied
Economy,74,3,3,3,2,2,5,4,8087,dissatisfied
First,0,1,2,4,2,4,3,2,7833,dissatisfied
Economy,0,5,2,3,1,4,2,3,3818,neutral
Economy,34,2,2,5,1,4,3,4,6009,dissatisfied
First,0,5,3,4,3,3,2,2,7791,neutral
Economy,36,4,5,5,4,2,3,3,2349,neutral
Economy,49,4,2,4,5,3,3,5,6128,dissatisfied
First,0,3,3,2,5,4,2,2,4627,dissatisfied
Economy,59,2,1,2,4,5,2,5,10923,dissatisfied
First,0,4,5,2,4,4,2,1,1149,neutral
Economy,40,1,4,4,3,1,2,5,11606,dissatisfied
First,0,5,1,1,1,5,4,4,3982,dissatisfied
First,13,2,5,2,1,4,4,4,1484,dissatisfied
Business,16,2,1,3,3,2,4,4,2085,dissatisfied
First,28,2,4,2,1,5,3,2,3280,dissatisfied
Business,27,3,2,5,3,3,5,4,7617,neutral
Business,93,3,1,2,2,5,4,4,4527,dissatisfied
Economy,73,1,1,2,3,2,3,2,8122,dissatisfied
Business,0,1,5,1,2,3,5,4,9250,dissatisfied
First,34,3,3,1,2,4,1,3,8684,dissatisfied
First,0,4,5,5,2,2,5,4,5271,neutral
Economy,70,5,3,3,4,5,1,3,1975,dissatisfied
Economy,36,5,4,3,4,1,5,4,4512,neutral
Business,14,2,5,4,1,5,3,1,2233,neutral
First,77,1,1,1,2,3,3,3,11172,dissatisfied
Economy,58,4,4,5,4,4,1,2,7401,neutral
Business,11,5,5,2,2,5,4,5,1223,neutral
Economy,14,2,2,3,4,2,2,1,8417,dissatisfied
Business,48,2,4,4,4,4,4,2,1806,dissatisfied
Economy,16,1,2,4,5,2,3,1,6809,dissatisfied
Economy,0,5,5,2,5,5,5,4,10799,neutral
First,5,5,5,4,2,1,5,2,5690,neutral
Economy,32,4,5,1,4,5,4,5,12618,dissatisfied
Business,31,1,3,5,5,2,5,1,13468,dissatisfied
Economy,0,1,4,1,1,2,3,5,13379,dissatisfied
Business,7,3,4,5,2,2,3,1,3380,neutral
First,0,5,2,2,4,1,4,5,9618,dissatisfied
Economy,71,3,2,1,4,1,5,5,2719,dissatisfied
Economy,22,4,2,2,5,5,2,2,7174,dissatisfied
Economy,37,2,4,3,1,2,3,4,7314,dissatisfied
Business,0,1,2,4,2,4,2,4,7127,dissatisfied
Business,44,5,1,5,2,4,2,5,974,neutral
Business,0,3,5,4,5,5,4,4,9194,neutral
First,16,2,2,2,3,4,4,3,12353,dissatisfied
First,0,4,1,4,1,5,4,3,9303,neutral
First,31,5,2,5,1,5,1,5,10384,neutral
First,0,5,5,2,2,3,4,5,13195,neutral
Economy,116,1,1,5,3,5,1,3,9233,dissatisfied
Economy,51,1,5,3,4,5,1,3,13483,dissatisfied
Business,9,3,3,5,4,1,1,3,1834,neutral
Business,64,3,5,4,3,3,1,2,9045,neutral
First,43,4,4,1,5,2,2,1,12636,dissatisfied
First,0,2,5,2,4,4,4,2,9949,dissatisfied
First,6,4,3,3,2,5,2,3,6110,neutral
Economy,0,5,2,1,5,5,3,1,9811,dissatisfied
First,11,3,4,1,1,2,1,4,3474,dissatisfied
Business,1,4,3,1,5,5,1,3,3180,dissatisfied
First,5,4,5,2,5,1,2,3,6828,neutral
First,0,1,3,2,2,4,4,4,6129,dissatisfied
Business,28,4,2,1,5,5,1,1,3560,dissatisfied
First,0,2,4,5,1,3,3,3,5123,neutral
First,0,4,1,5,2,3,4,1,1563,neutral
Business,33,2,3,1,5,2,2,2,4519,dissatisfied
Business,28,2,3,5,4,3,4,5,3253,neutral
First,0,5,5,1,2,2,1,2,8792,neutral
Business,18,4,4,2,4,5,4,5,1562,neutral
Economy,42,3,1,5,2,3,1,3,7419,dissatisfied
Business,0,5,3,3,4,1,4,2,7979,neutral
First,14,1,1,2,1,2,4,2,8819,dissatisfied
Business,0,4,1,1,2,3,2,4,1086,dissatisfied
Economy,103,5,2,3,2,4,2,5,12475,dissatisfied
Business,62,1,5,3,4,1,5,5,4528,dissatisfied
First,0,5,1,2,2,1,4,3,11021,dissatisfied
Economy,40,5,5,3,4,2,2,4,7494,neutral
Economy,9,5,2,5,5,3,2,4,2255,neutral
Economy,18,2,1,3,2,4,3,5,2295,dissatisfied
First,57,4,5,3,3,3,3,4,8382,neutral
Business,54,1,4,4,2,3,1,1,1365,dissatisfied
Economy,3,4,5,3,3,3,1,3,702,neutral
Business,0,5,4,3,3,2,4,2,1461,neutral
Business,54,2,2,5,5,2,2,5,11646,dissatisfied
Business,0,3,2,3,3,2,3,4,3044,dissatisfied
First,83,5,4,3,4,3,5,4,3535,dissatisfied
First,89,3,3,2,4,3,1,4,563,dissatisfied
First,28,2,1,4,2,4,5,3,1401,dissatisfied
Business,0,2,1,3,1,1,5,2,13144,dissatisfied
Business,0,3,4,1,5,1,5,4,4294,dissatisfied
First,3,2,1,4,5,3,5,2,3991,dissatisfied
First,0,3,2,5,5,1,1,2,12143,neutral
First,13,2,3,3,5,3,5,3,936,dissatisfied
Business,44,3,4,2,5,5,5,4,13843,dissatisfied
Economy,19,3,2,2,1,1,1,4,13024,dissatisfied
Business,30,4,2,5,2,2,1,2,11030,neutral
First,2,2,4,5,2,2,1,4,13582,neutral
Economy,0,4,4,1,5,2,5,3,4132,dissatisfied
Business,62,4,5,5,1,5,4,4,10698,neutral
Business,0,3,2,5,1,2,3,4,8573,neutral
First,0,5,1,4,1,5,3,4,3117,neutral
Economy,28,3,3,3,3,3,5,3,729,dissatisfied
Business,0,2,5,1,4,4,5,2,5562,dissatisfied
Business,29,3,2,1,1,5,2,2,6576,dissatisfied
Economy,33,1,4,1,3,2,5,4,10417,dissatisfied
Business,39,2,3,3,5,2,2,3,5434,dissatisfied
First,5,5,3,5,3,5,3,4,5086,neutral
First,15,1,2,5,4,1,3,3,6401,dissatisfied
Economy,0,3,1,4,1,2,4,3,3845,dissatisfied
Business,46,3,3,4,4,1,4,2,4504,dissatisfied
Economy,4,5,2,1,2,1,3,1,13192,dissatisfied
First,0,3,3,3,4,4,3,1,3415,neutral
Business,5,5,1,5,1,4,3,5,13276,neutral
Economy,23,1,5,3,5,4,1,5,1796,dissatisfied
Economy,1,5,2,5,4,3,1,1,2625,neutral
First,0,5,2,3,2,5,4,2,12441,neutral
Economy,35,2,5,3,3,1,1,5,1574,dissatisfied
First,42,4,4,1,2,2,3,1,13741,dissatisfied
Business,0,2,2,4,3,3,2,2,13562,dissatisfied
First,62,4,4,2,2,4,5,5,7727,dissatisfied
Business,0,1,2,3,1,5,1,5,6565,dissatisfied
First,22,1,3,2,3,3,1,1,959,dissatisfied
Business,34,3,1,1,1,2,3,5,13680,dissatisfied
Business,47,2,3,3,4,3,3,2,7393,dissatisfied
Economy,0,3,2,1,3,1,3,1,1492,dissatisfied
Business,22,3,4,2,4,4,3,2,9717,dissatisfied
First,0,4,4,5,5,3,5,5,6020,neutral
First,3,2,5,3,2,1,5,2,4960,neutral
Economy,30,2,5,1,2,3,1,4,7056,dissatisfied
Economy,0,3,5,2,2,2,5,3,12269,neutral
Economy,39,3,1,3,5,4,1,5,6920,dissatisfied
Economy,4,3,5,2,5,4,4,4,13043,neutral
Business,17,4,4,5,1,3,2,3,12926,neutral
Economy,16,4,3,3,3,5,3,1,13395,neutral
Economy,0,5,2,1,3,2,2,3,11205,dissatisfied
Business,26,1,5,1,3,2,5,1,10387,dissatisfied
First,110,2,1,1,4,2,1,4,4258,dissatisfied
First,70,2,3,1,5,5,5,3,10794,dissatisfied
First,0,1,4,3,5,5,1,5,10838,dissatisfied
Economy,0,3,1,5,5,2,1,4,1767,neutral
Business,0,2,2,5,2,4,3,3,1322,neutral
First,0,2,5,1,4,1,1,2,2020,dissatisfied
Business,0,3,2,1,5,3,3,2,9879,dissatisfied
Economy,1,2,2,1,5,3,3,1,6142,dissatisfied
First,0,4,4,1,3,5,5,4,2321,dissatisfied
Economy,0,1,3,3,3,2,4,2,12644,dissatisfied
Economy,8,4,5,5,5,2,2,3,13307,neutral
Economy,55,4,4,4,2,4,3,5,6650,neutral
Economy,75,2,3,4,5,3,3,1,11966,dissatisfied
First,36,4,3,5,3,2,5,3,13245,neutral
Business,14,5,1,1,4,3,3,1,3270,dissatisfied
First,0,4,4,4,2,3,2,2,10905,neutral
First,42,2,4,3,1,2,5,4,5115,dissatisfied
First,0,3,3,1,4,3,2,5,12352,dissatisfied
Business,0,3,5,5,4,3,1,2,9104,neutral
Economy,0,2,1,5,2,4,5,4,9157,neutral
Economy,37,4,5,2,2,5,2,5,543,neutral
Economy,40,1,2,3,5,5,4,4,4516,dissatisfied
First,0,4,3,3,1,4,2,2,3616,neutral
First,13,4,2,2,2,2,5,5,4696,dissatisfied
First,54,1,5,2,2,3,4,3,3114,dissatisfied
Business,0,4,1,2,4,2,4,2,11427,dissatisfied
First,0,4,3,3,5,1,5,1,12442,neutral
First,59,5,3,2,5,3,2,5,5328,dissatisfied
Business,20,5,1,3,3,1,3,4,9553,dissatisfied
First,45,2,4,2,1,4,3,2,11825,dissatisfied
First,22,4,5,4,3,1,2,4,4748,neutral
Economy,56,3,3,5,5,5,5,3,6705,neutral
Economy,30,3,3,3,4,3,4,4,6890,dissatisfied
Business,0,2,2,1,4,3,1,2,2849,dissatisfied
Business,22,5,2,1,1,4,4,5,9185,dissatisfied
Economy,59,2,1,2,5,3,1,2,5047,dissatisfied
Business,7,2,1,2,4,4,2,1,1941,dissatisfied
Economy,55,3,4,3,2,3,1,1,7865,dissatisfied
Business,10,5,3,4,1,1,5,4,9900,neutral
Economy,3,5,5,1,2,3,5,4,11267,neutral
First,47,4,4,3,5,4,4,2,9638,neutral
Business,0,2,5,1,5,1,5,4,10547,dissatisfied
First,68,4,5,5,2,4,3,4,5425,neutral
First,58,1,3,2,3,5,4,4,11518,dissatisfied
Economy,0,3,1,3,1,1,4,5,3584,dissatisfied
Business,52,1,1,2,2,5,3,1,1465,dissatisfied
Business,51,1,1,3,2,4,3,5,13930,dissatisfied
First,15,1,5,2,3,5,2,2,7105,dissatisfied
Business,24,5,4,2,4,3,2,3,13092,neutral
First,0,4,1,3,1,1,2,1,1171,dissatisfied
Economy,59,4,3,5,3,1,1,2,1199,neutral
First,0,2,2,1,2,5,4,4,7132,dissatisfied
Economy,0,2,2,3,4,5,5,3,12560,dissatisfied
First,0,2,4,5,5,1,4,3,12249,neutral
Economy,0,1,2,4,4,4,3,3,12428,dissatisfied
First,27,3,2,2,5,5,5,5,8809,dissatisfied
Business,70,3,2,2,3,5,1,2,13541,dissatisfied
Business,30,3,2,1,5,4,5,5,2943,dissatisfied
First,47,4,2,1,5,4,5,5,10378,dissatisfied
Economy,98,5,1,2,2,1,5,1,3743,dissatisfied
Business,10,3,5,2,5,5,4,5,10577,neutral
Economy,0,3,3,3,5,1,4,4,5454,neutral
First,0,5,3,1,1,2,2,3,7592,dissatisfied
Economy,30,2,3,3,2,1,5,2,2251,dissatisfied
Business,0,4,2,3,3,1,4,5,1808,neutral
Economy,48,4,4,2,3,4,1,2,10307,dissatisfied
First,0,5,5,1,3,1,4,1,2231,neutral
Economy,0,1,3,5,3,3,3,3,4326,neutral
Business,0,4,3,1,4,1,5,1,12618,dissatisfied
Economy,100,1,1,3,1,4,2,5,8418,dissatisfied
Economy,12,2,3,3,2,2,5,2,3591,dissatisfied
Economy,8,4,5,2,2,4,3,1,5044,neutral
Economy,49,4,4,4,4,4,3,3,5359,neutral
First,42,2,1,1,2,3,4,5,2443,dissatisfied
Business,71,3,5,5,3,2,3,5,4459,neutral
Economy,87,3,3,1,4,3,5,3,3583,dissatisfied
Economy,62,2,1,1,3,2,1,1,1812,dissatisfied
Business,37,5,4,3,4,3,2,2,4292,neutral
First,4,1,5,2,3,1,1,3,5941,dissatisfied
Business,53,5,4,5,5,2,1,1,9378,neutral
Economy,65,5,4,5,2,1,3,4,1014,neutral
First,7,4,2,1,1,3,4,1,8376,dissatisfied
First,12,1,5,1,3,5,1,1,3146,dissatisfied
Business,62,5,3,5,2,1,3,4,10914,neutral
Business,0,3,1,5,2,5,1,3,3690,neutral
Economy,41,5,5,4,4,5,1,3,13228,neutral
Economy,0,3,5,4,2,4,5,1,12332,neutral
First,0,3,1,5,5,2,5,4,2684,neutral
First,0,1,5,2,4,3,5,2,2601,dissatisfied
First,0,4,5,4,2,5,1,1,2760,neutral
Business,10,3,1,3,3,1,4,2,2753,dissatisfied
Business,47,2,5,3,4,1,2,5,4003,dissatisfied
Economy,0,4,1,3,1,4,3,3,9224,dissatisfied
First,24,2,1,1,1,4,4,1,4033,dissatisfied
First,0,3,3,4,2,3,2,1,6811,neutral
Economy,0,3,5,1,5,3,4,4,10914,dissatisfied
First,0,1,3,2,5,1,2,4,9141,dissatisfied
Business,28,2,3,5,5,5,5,5,2826,neutral
First,52,5,3,5,1,1,3,4,3927,neutral
Business,34,5,2,2,2,5,4,2,3223,dissatisfied
Business,0,4,4,4,1,1,4,4,2878,neutral
Economy,74,4,5,2,2,3,2,4,11008,dissatisfied
Business,45,3,3,5,1,5,3,1,8202,neutral
Business,57,2,2,5,3,3,1,4,7231,dissatisfied
First,55,1,2,2,4,3,2,1,9958,dissatisfied
Business,43,1,5,1,4,1,2,2,11769,dissatisfied
Business,9,4,5,2,1,1,4,5,5249,neutral
Economy,0,5,4,1,2,4,2,5,7753,neutral
Economy,37,3,4,4,2,3,5,1,5679,neutral
First,0,3,2,5,5,4,3,5,5161,neutral
First,27,5,1,3,5,2,2,4,7192,dissatisfied
Economy,21,2,3,3,1,3,2,3,8146,dissatisfied
First,1,5,5,5,2,4,5,3,6713,neutral
First,27,4,5,2,3,2,2,3,12727,neutral
Business,34,5,4,5,4,3,5,3,6299,neutral
First,12,3,3,2,2,3,2,4,1045,dissatisfied
First,0,1,5,2,5,2,4,2,8776,dissatisfied
Economy,16,2,4,5,1,1,2,2,7952,neutral
Business,0,4,1,3,2,2,4,5,4245,dissatisfied
First,0,1,3,5,2,5,5,4,1741,neutral
Economy,84,5,3,2,1,3,2,5,4636,dissatisfied
First,0,1,4,4,3,5,3,5,6585,neutral
Economy,65,2,4,3,4,2,2,2,11790,dissatisfied
Business,20,2,2,2,3,1,4,3,4313,dissatisfied
First,14,2,5,3,3,5,2,1,9920,neutral
Economy,40,3,1,1,5,4,2,4,1584,dissatisfied
Business,82,2,4,5,4,4,4,3,3147,dissatisfied
First,20,4,2,5,3,3,1,5,11781,neutral
Economy,2,5,5,3,2,3,2,1,6719,neutral
First,40,4,3,1,2,1,3,3,5684,dissatisfied
Business,56,5,3,4,5,1,2,2,3161,neutral
Business,38,3,2,4,4,4,5,4,8592,dissatisfied
First,50,3,1,4,1,1,1,2,7745,dissatisfied
Economy,57,4,5,3,2,4,3,5,4284,neutral
Business,58,2,2,2,1,5,5,5,3544,dissatisfied
Business,18,3,3,5,5,4,3,3,8599,neutral
Economy,68,5,4,1,2,1,1,5,8926,dissatisfied
Economy,9,5,3,1,2,1,1,1,5422,dissatisfied
First,67,4,1,4,3,4,3,1,665,dissatisfied
Business,76,4,3,4,5,2,3,5,13631,dissatisfied
Economy,50,2,1,1,5,2,4,3,9849,dissatisfied
Business,57,2,3,5,3,1,5,1,2686,dissatisfied
Economy,55,4,3,1,5,4,3,4,9288,dissatisfied
Business,23,1,1,4,3,2,5,3,5638,dissatisfied
First,40,1,1,4,3,3,1,3,1174,dissatisfied
Economy,77,5,1,3,3,5,1,1,505,dissatisfied
Business,0,2,3,4,4,5,3,5,2121,neutral
First,65,1,1,3,2,4,5,2,11626,dissatisfied
First,0,2,5,5,2,2,1,4,4717,neutral
Business,0,5,4,4,2,4,4,2,5322,neutral
First,25,3,2,4,4,1,5,3,4367,dissatisfied
First,17,4,3,1,2,1,5,1,7878,dissatisfied
Business,56,2,1,4,3,3,5,5,8612,dissatisfied
Economy,0,5,1,5,1,1,5,3,9504,neutral
Economy,40,1,5,2,1,4,5,4,8392,dissatisfied
Economy,0,5,3,1,2,5,4,3,8204,dissatisfied
First,52,2,2,5,5,5,1,4,8440,dissatisfied
First,0,5,3,3,2,2,5,5,6171,neutral
First,33,4,4,1,4,1,5,4,7623,dissatisfied
Business,68,5,3,4,5,2,5,4,4774,neutral
Economy,0,5,2,1,1,1,1,1,12255,dissatisfied
Economy,19,4,4,3,3,5,3,5,1354,neutral
Business,15,5,4,2,2,5,1,3,6390,neutral
Economy,7,2,2,4,2,3,5,3,9178,dissatisfied
Business,16,1,5,5,2,5,1,5,9819,neutral
Business,0,1,1,2,5,1,2,2,9407,dissatisfied
Economy,37,1,5,3,4,5,3,5,12951,dissatisfied
Economy,10,4,4,2,3,5,4,5,10758,neutral
Economy,15,4,2,5,3,5,2,4,9589,neutral
First,51,4,5,5,2,4,5,4,12368,neutral
First,0,2,5,1,3,2,4,4,1089,dissatisfied
Economy,22,3,1,2,3,4,4,3,12166,dissatisfied
Economy,0,2,5,1,2,3,3,1,1978,dissatisfied
First,91,1,3,4,2,1,1,2,6476,dissatisfied
Business,65,1,2,3,4,4,1,4,2021,dissatisfied
Economy,8,3,5,4,2,1,1,2,11608,neutral
Economy,86,4,1,5,2,3,1,2,4218,dissatisfied
Economy,34,1,4,5,4,2,2,1,12170,neutral
Economy,0,2,3,5,4,1,5,1,1672,neutral
Business,0,5,3,5,3,2,4,3,7371,neutral
Economy,38,3,1,2,2,3,5,5,11299,dissatisfied
Economy,1,5,4,2,5,2,5,1,13943,neutral
First,2,3,5,5,2,3,3,4,10466,neutral
First,34,3,3,4,3,5,3,5,3839,neutral
Business,53,2,2,3,1,3,3,2,2891,dissatisfied
First,0,1,3,3,4,3,3,3,5786,dissatisfied
Economy,88,4,3,4,2,2,1,5,5278,dissatisfied
First,14,1,3,4,5,1,4,1,2420,dissatisfied
Economy,18,5,3,4,5,5,1,2,975,neutral
Economy,16,1,4,3,2,4,5,5,3061,dissatisfied
Economy,0,5,1,3,1,4,1,1,10148,neutral
Economy,0,4,3,5,4,1,4,2,10908,neutral
Business,0,4,5,5,2,1,4,1,928,neutral
Economy,0,3,1,4,3,5,5,2,11162,dissatisfied
Economy,0,1,3,2,4,3,2,4,11686,dissatisfied
First,5,2,3,2,5,1,5,4,9424,dissatisfied
Business,0,2,2,1,1,5,5,3,2187,dissatisfied
Business,1,4,4,3,3,1,1,2,8842,neutral
Business,23,4,1,2,2,3,3,3,663,dissatisfied
Business,0,5,3,1,4,1,2,1,13679,dissatisfied
Economy,18,1,1,3,2,5,3,3,4987,dissatisfied
First,76,5,4,4,5,3,5,5,11174,neutral
Economy,0,3,1,4,1,3,2,1,2848,dissatisfied
First,9,1,2,5,3,1,1,3,10228,neutral
Business,32,4,1,1,5,2,5,5,8997,dissatisfied
Economy,53,4,1,1,2,2,5,1,2212,dissatisfied
First,3,1,2,1,3,2,4,2,1670,dissatisfied
Economy,0,3,4,1,2,1,1,3,9638,dissatisfied
Business,44,5,5,5,2,1,1,1,7753,neutral
Business,46,3,4,5,1,1,5,3,12632,neutral
Business,0,2,3,4,1,4,2,2,8875,neutral
First,29,1,3,4,1,4,2,2,10065,dissatisfied
First,62,4,2,2,1,5,3,1,3757,dissatisfied
Economy,75,2,1,1,1,5,4,4,6623,dissatisfied
First,61,3,2,1,4,3,4,2,10228,dissatisfied
Business,33,3,1,1,1,5,3,1,11637,dissatisfied
Business,6,4,3,5,1,5,3,4,9542,neutral
First,10,2,3,1,3,4,3,2,1461,dissatisfied
First,15,3,1,1,3,2,1,5,8913,dissatisfied
Economy,22,5,5,4,3,5,3,4,2682,neutral
First,47,5,5,2,4,5,1,5,5814,neutral
First,10,5,3,5,1,5,1,3,5179,neutral
First,10,2,4,5,4,5,5,3,8751,neutral
Business,47,4,2,3,4,4,4,5,4262,dissatisfied
Economy,0,1,2,1,2,2,2,4,2559,dissatisfied
Economy,35,5,4,1,4,4,1,1,4823,dissatisfied
Economy,21,4,2,1,2,4,4,4,8899,dissatisfied
Business,16,3,1,2,5,2,4,4,11511,dissatisfied
Business,0,1,1,1,3,1,4,5,8372,dissatisfied
Business,6,3,5,5,2,5,3,5,7764,neutral
Economy,36,2,1,4,5,5,1,4,9336,dissatisfied
Business,20,2,4,4,4,4,3,2,11791,neutral
Business,50,2,2,3,2,3,3,4,2793,dissatisfied
Economy,47,4,1,2,4,5,5,5,1114,dissatisfied
Business,0,3,2,2,2,1,3,4,13401,dissatisfied
Business,0,2,1,1,3,4,4,5,5118,dissatisfied
Business,24,2,5,3,4,2,2,2,13313,neutral
First,8,2,5,4,1,1,3,5,6730,neutral
Business,12,3,1,1,1,3,4,5,2192,dissatisfied
Business,19,2,2,2,2,3,3,5,11949,dissatisfied
Economy,0,1,3,1,3,3,3,2,568,dissatisfied
Business,26,3,2,4,4,2,3,5,2290,dissatisfied
Economy,30,2,5,3,4,1,3,5,1362,dissatisfied
First,1,3,5,5,2,3,2,5,3082,neutral
Economy,29,5,5,1,3,3,2,3,11630,neutral
First,0,1,2,2,5,4,5,2,2675,dissatisfied
Economy,8,3,3,3,4,2,3,3,4660,neutral
Economy,8,1,5,1,5,3,4,1,2658,dissatisfied
Economy,68,4,3,2,4,2,1,3,3311,dissatisfied
Economy,28,2,1,2,2,3,5,2,9537,dissatisfied
First,58,4,2,3,3,5,4,1,3747,dissatisfied
Economy,20,4,5,2,1,5,5,2,7154,neutral
First,0,4,1,2,2,1,1,2,11572,dissatisfied
First,14,3,4,4,1,1,1,4,7016,neutral
Business,0,1,3,5,5,2,1,5,10251,neutral
First,13,2,5,3,5,2,4,2,11886,neutral
Business,66,3,3,4,2,4,5,5,8392,dissatisfied
First,42,2,1,5,5,2,1,3,11311,dissatisfied
Economy,42,1,5,1,4,1,4,3,943,dissatisfied
First,47,4,2,4,3,4,3,4,1596,dissatisfied
Economy,16,5,1,5,2,3,3,4,4497,neutral
Business,19,2,4,2,5,1,4,5,1500,dissatisfied
Business,16,3,5,3,5,3,3,5,10765,neutral
First,47,4,5,4,5,1,3,3,6439,neutral
Business,13,2,1,1,5,5,1,3,1374,dissatisfied
Business,0,3,3,4,1,5,5,4,9907,neutral
Economy,1,2,4,2,4,4,4,2,13097,dissatisfied
Economy,102,5,4,3,4,2,1,2,6936,dissatisfied
Economy,54,3,5,4,5,4,2,1,567,neutral
First,0,3,2,4,1,2,5,4,2835,neutral
Business,0,3,5,2,5,4,2,5,3305,neutral
Economy,38,1,2,3,3,3,1,4,11774,dissatisfied
Economy,45,2,2,2,4,4,5,2,5358,dissatisfied
First,66,1,5,2,2,2,5,2,7352,dissatisfied
Economy,22,2,1,5,3,3,1,3,12990,dissatisfied
Business,11,5,2,5,1,3,5,2,9920,neutral
Economy,51,2,1,5,2,4,4,4,9644,dissatisfied
First,46,4,1,5,3,1,4,3,8076,neutral
Business,50,5,1,4,5,5,1,3,6857,dissatisfied
Economy,0,3,4,4,5,5,5,3,3087,neutral
Business,65,3,5,2,4,4,1,1,10833,dissatisfied
Business,27,5,3,3,2,1,5,5,10299,neutral
Business,16,1,1,5,2,3,5,1,3136,dissatisfied
First,3,3,4,2,1,3,5,5,10036,dissatisfied
Business,64,2,2,3,4,2,5,5,8774,dissatisfied
First,0,3,5,2,5,2,4,4,9243,neutral
Economy,0,3,3,5,2,1,5,5,7524,neutral
Business,0,2,1,5,2,4,5,4,9869,neutral
First,59,3,4,4,4,4,5,3,13702,neutral
First,4,2,5,1,2,2,3,4,3688,dissatisfied
Economy,0,3,3,1,2,5,4,2,13576,dissatisfied
Economy,5,4,5,5,3,1,4,1,12628,neutral
Business,60,2,3,2,2,4,1,4,2098,dissatisfied
First,0,3,3,4,1,3,4,5,8244,neutral
First,26,1,5,3,4,3,3,4,7793,dissatisfied
First,0,4,5,2,4,4,4,4,796,neutral
Economy,88,4,3,2,1,1,3,3,8648,dissatisfied
Business,0,1,2,1,3,5,4,1,6918,dissatisfied
First,0,4,1,4,3,5,3,3,1260,neutral
Business,24,2,1,5,5,4,4,1,13960,dissatisfied
First,5,4,4,5,2,1,1,1,4295,neutral
Business,0,5,5,5,1,5,1,5,9309,neutral
First,42,3,3,2,4,4,3,3,7510,dissatisfied
Economy,18,4,3,3,3,2,5,4,1770,neutral
First,0,3,3,2,1,2,4,2,5321,dissatisfied
Economy,0,3,1,5,5,5,4,2,10901,neutral
Business,0,2,4,3,5,1,1,5,7709,neutral
First,18,2,4,1,2,5,1,5,10201,dissatisfied
Economy,11,4,3,1,3,1,3,5,6433,dissatisfied
Business,2,5,3,3,5,5,2,5,5614,neutral
Economy,12,5,3,4,2,3,5,3,737,neutral
Business,0,2,3,1,3,2,3,1,839,dissatisfied
First,27,2,4,2,5,2,5,4,4877,dissatisfied
Economy,0,1,5,5,4,1,3,4,3474,neutral
First,110,3,4,1,4,5,4,3,11420,dissatisfied
First,12,3,3,3,1,2,3,4,1591,dissatisfied
First,10,3,2,1,4,4,5,2,2457,dissatisfied
Business,45,1,5,3,4,5,2,4,1902,dissatisfied
Business,38,3,2,3,3,1,4,1,814,dissatisfied
First,0,5,1,4,2,1,5,4,3353,neutral
First,47,3,3,1,4,4,2,1,3153,dissatisfied
First,0,2,2,5,3,3,4,5,572,neutral
Economy,3,1,3,1,4,2,1,3,5079,dissatisfied
Economy,0,4,3,3,5,3,5,2,11669,neutral
Business,13,2,1,1,3,1,4,4,5900,dissatisfied
Business,58,1,5,5,2,1,2,2,5803,neutral
Economy,0,3,3,4,1,5,4,4,3015,neutral
Business,0,3,5,4,2,1,1,5,13986,neutral
Business,16,5,4,4,1,2,4,1,4878,neutral
Economy,35,3,1,3,4,2,1,3,11477,dissatisfied
Business,30,3,4,2,3,1,5,3,3142,dissatisfied
Economy,17,3,1,3,2,3,4,2,3881,dissatisfied
First,0,3,2,5,5,5,3,1,10221,neutral
Business,23,5,2,4,2,1,2,3,5484,neutral
First,89,5,3,3,1,5,3,2,10541,dissatisfied
Business,0,3,5,3,4,4,3,1,4943,neutral
First,60,5,5,4,3,4,4,5,12764,neutral
Economy,28,5,5,1,4,4,2,5,10889,neutral
Business,35,2,5,5,5,4,5,2,13274,neutral
Economy,10,4,1,2,1,4,2,5,13112,dissatisfied
Business,0,4,3,2,1,3,1,4,11031,dissatisfied
First,46,4,5,5,1,3,4,4,13087,neutral
Economy,0,5,3,3,4,3,3,1,11536,neutral
Business,25,4,3,4,5,1,5,5,2752,neutral
Economy,0,2,5,4,2,4,4,3,4048,neutral
Economy,63,4,3,5,1,5,5,2,5977,neutral
Economy,0,3,1,5,1,4,5,3,9569,neutral
First,27,5,3,4,1,1,1,4,1654,neutral
First,0,3,5,4,1,1,2,5,10850,neutral
Business,0,1,3,5,5,1,4,3,9432,neutral
Economy,0,5,3,3,3,3,5,2,1880,neutral
Economy,27,3,5,2,1,5,2,1,4931,dissatisfied
Business,47,1,1,2,3,4,3,1,9036,dissatisfied
First,7,2,5,1,4,1,1,2,4165,dissatisfied
Business,0,3,2,5,4,4,1,4,6212,neutral
Business,0,4,2,1,2,4,2,2,9726,dissatisfied
Economy,26,2,3,1,1,3,3,2,1142,dissatisfied
Economy,50,2,4,2,4,4,2,5,11672,dissatisfied
Business,43,1,2,4,5,2,1,3,1707,dissatisfied
Economy,15,3,2,4,5,5,5,2,10258,neutral
First,56,4,2,4,3,2,3,2,13651,dissatisfied
Business,62,5,4,5,5,3,5,1,9035,neutral
Economy,43,5,4,2,1,4,5,3,3056,dissatisfied
First,0,3,1,5,4,5,4,1,12578,neutral
First,0,3,4,5,4,5,5,4,9711,neutral
Economy,0,1,1,3,4,4,1,1,9135,dissatisfied
Economy,0,5,5,4,1,1,1,4,2380,neutral
Business,83,4,1,3,2,4,3,4,12196,dissatisfied
First,26,4,1,3,3,2,4,3,13502,dissatisfied
Business,0,4,2,2,5,5,2,4,651,dissatisfied
Business,39,1,3,4,3,4,5,2,2831,dissatisfied
First,0,4,2,1,3,2,5,2,2347,dissatisfied
First,60,4,2,3,4,1,4,1,991,dissatisfied
Economy,65,5,5,3,5,1,3,1,12562,neutral
Business,1,4,1,1,3,1,3,3,11792,dissatisfied
First,14,3,1,1,4,1,4,4,11845,dissatisfied
First,0,3,2,2,1,3,1,2,6462,dissatisfied
First,30,2,4,3,4,3,3,1,13279,dissatisfied
Economy,3,1,3,3,4,3,3,5,7288,dissatisfied
Economy,24,5,2,2,1,1,5,3,11900,dissatisfied
First,28,2,3,1,5,1,1,4,2468,dissatisfied
First,0,2,2,3,5,5,1,3,13080,dissatisfied
First,78,1,2,1,5,4,4,4,5449,dissatisfied
Business,53,1,5,5,2,4,3,4,1544,neutral
Economy,15,2,2,3,3,3,4,3,8981,dissatisfied
Economy,0,4,4,5,4,4,5,1,10725,neutral
First,28,3,4,3,2,3,2,1,3402,neutral
Business,62,2,1,1,3,4,4,4,9048,dissatisfied
Business,0,1,2,5,4,5,1,2,13174,neutral
Economy,0,2,1,2,5,1,4,4,5854,dissatisfied
Business,21,3,1,4,1,2,4,5,12765,dissatisfied
Economy,72,5,3,2,2,5,1,1,4826,dissatisfied
First,21,3,5,2,1,4,3,3,11530,dissatisfied
Business,11,5,3,5,5,2,5,4,4119,neutral
First,30,1,4,5,3,2,3,1,7481,neutral
First,56,5,3,2,1,2,1,1,4416,dissatisfied
First,25,4,5,5,1,1,1,4,13090,neutral
Economy,0,2,4,2,3,5,1,4,7775,dissatisfied
First,49,2,3,3,2,3,5,1,11364,dissatisfied
Economy,50,4,5,4,2,1,3,5,7522,neutral
First,76,3,2,3,4,1,3,3,3116,dissatisfied
First,29,1,2,5,4,3,3,4,13078,dissatisfied
Economy,8,4,1,2,5,2,1,4,5242,dissatisfied
Business,0,2,3,3,3,2,2,2,11169,dissatisfied
Economy,0,5,4,2,3,4,4,4,1966,neutral
Business,0,3,1,3,4,2,4,5,13685,dissatisfied
Business,28,3,3,1,2,4,1,5,9532,dissatisfied
Economy,99,4,4,1,2,3,1,4,8158,dissatisfied
Business,106,2,2,1,4,2,1,3,11743,dissatisfied
First,0,2,1,4,3,1,2,3,7569,dissatisfied
First,35,1,4,3,1,4,5,4,10362,dissatisfied
Economy,16,1,3,5,1,5,5,4,2841,neutral
Economy,9,4,1,3,5,1,1,5,5445,dissatisfied
Business,29,4,4,2,2,2,1,2,13075,dissatisfied
Business,80,2,3,3,3,2,2,4,7190,dissatisfied
Business,46,4,4,3,2,4,2,3,8454,neutral
First,47,3,1,1,1,5,4,4,1919,dissatisfied
Economy,0,5,3,2,3,5,2,1,3046,neutral
Business,35,2,5,3,4,3,1,5,3742,dissatisfied
First,18,3,1,4,1,2,5,5,3135,dissatisfied
Business,65,5,4,5,1,3,3,2,5021,neutral
First,0,2,5,1,3,4,2,3,5184,dissatisfied
First,0,2,3,3,2,2,3,4,6724,dissatisfied
Economy,44,2,2,2,1,3,1,2,5063,dissatisfied
Economy,54,3,4,1,5,3,4,3,7606,dissatisfied
Business,34,2,4,1,1,4,1,5,2526,dissatisfied
Business,85,4,1,3,2,4,2,1,1660,dissatisfied
Economy,0,4,2,2,4,5,4,4,8691,dissatisfied
Economy,8,3,1,2,1,1,4,3,3499,dissatisfied
First,0,3,5,4,3,4,5,3,699,neutral
Business,1,2,2,1,2,4,1,4,4916,dissatisfied
Business,0,4,2,4,1,2,1,5,4389,neutral
First,31,2,1,2,4,5,3,2,8394,dissatisfied
Business,40,5,2,5,3,4,5,4,2283,neutral
Business,9,2,4,5,5,3,3,3,3970,neutral
Business,59,4,3,5,1,3,2,5,10931,neutral
First,21,3,1,3,1,5,3,4,13359,dissatisfied
Economy,120,5,5,3,2,5,3,2,6853,dissatisfied
Business,12,4,1,2,4,2,4,5,2772,dissatisfied
Business,51,3,1,4,2,4,3,1,10735,dissatisfied
Business,0,1,5,3,5,4,4,1,10786,neutral
First,79,5,5,2,5,3,2,2,11781,dissatisfied
Business,10,2,5,5,1,3,3,4,3112,neutral
Business,81,3,3,5,5,1,5,5,11616,dissatisfied
First,7,2,5,1,3,5,2,3,4660,dissatisfied
First,6,2,5,4,1,5,4,2,3307,neutral
Business,37,3,2,2,3,4,5,3,9120,dissatisfied
Economy,26,1,1,2,5,1,2,1,5728,dissatisfied
First,0,5,5,5,2,2,1,4,7571,neutral
Economy,0,1,5,3,1,5,1,2,5699,neutral
Economy,49,4,3,3,2,4,2,3,8622,dissatisfied
Business,35,1,5,2,1,4,2,1,5424,dissatisfied
Economy,41,1,3,3,2,4,3,2,9955,dissatisfied
Economy,51,1,5,2,4,3,3,3,3256,dissatisfied
Business,0,2,4,1,1,4,2,4,6215,dissatisfied
First,1,2,4,3,1,1,5,2,10624,neutral
First,0,3,2,1,3,1,4,1,12134,dissatisfied
Economy,9,2,2,4,4,2,2,2,6249,dissatisfied
First,50,3,3,1,2,3,1,2,10944,dissatisfied
Business,5,1,4,4,4,1,3,4,9242,neutral
Business,20,2,3,1,2,4,3,2,793,dissatisfied
Economy,37,2,4,3,1,2,1,1,1620,dissatisfied
Business,0,4,5,1,3,3,5,2,1159,neutral
Business,1,5,2,3,2,1,2,5,1164,neutral
Business,48,5,5,2,1,5,5,3,2908,neutral
Business,0,1,3,2,5,2,5,3,7328,dissatisfied
Economy,19,1,4,4,5,2,2,5,2566,neutral
Business,43,5,3,5,5,3,5,2,7959,neutral
First,33,3,3,1,1,2,1,4,9201,dissatisfied
Business,37,3,4,3,1,3,2,5,2314,dissatisfied
Economy,7,5,2,5,2,5,3,5,1762,neutral
Economy,0,4,4,2,3,3,2,3,8807,neutral
First,39,2,2,3,2,2,3,3,8969,dissatisfied
Business,33,4,5,3,4,1,4,3,7410,neutral
Economy,40,4,3,5,1,2,2,2,7700,neutral
Business,0,4,5,3,1,2,3,3,11998,neutral
First,0,2,2,5,3,3,5,5,7182,neutral
Business,0,3,5,1,2,3,4,1,4151,dissatisfied
Economy,8,3,1,1,2,2,2,4,7951,dissatisfied
First,32,3,2,1,1,1,3,2,5083,dissatisfied
Business,0,4,2,2,5,2,5,2,11794,dissatisfied
Economy,16,1,4,5,2,2,3,3,12534,neutral
First,47,4,2,1,4,4,2,2,5450,dissatisfied
First,16,1,5,2,5,1,1,1,7944,dissatisfied
First,54,2,3,2,5,2,1,5,10557,dissatisfied
First,15,5,3,2,2,5,2,5,12169,neutral
Business,42,4,4,1,5,1,5,2,510,dissatisfied
Economy,97,3,1,3,4,1,4,3,8681,dissatisfied
Economy,66,1,5,1,2,1,3,2,13879,dissatisfied
Economy,0,3,1,2,3,1,5,2,582,dissatisfied
First,51,4,1,4,2,3,3,4,6175,dissatisfied
Economy,55,2,2,1,1,1,1,4,4812,dissatisfied
Economy,56,2,3,1,3,3,4,5,9489,dissatisfied
Economy,0,1,2,3,2,1,2,3,3546,dissatisfied
First,36,3,5,1,5,5,2,5,13324,dissatisfied
First,0,5,1,1,1,4,1,2,10315,dissatisfied
Economy,10,1,4,2,1,3,2,5,13437,dissatisfied
Economy,39,2,4,2,3,4,4,4,8242,dissatisfied
First,0,1,1,4,4,3,4,1,6343,dissatisfied
Economy,33,2,1,2,1,3,2,1,1289,dissatisfied
First,0,4,1,5,2,1,5,2,11048,neutral
Economy,0,4,4,3,5,2,2,2,9228,neutral
Business,59,4,4,1,3,1,4,2,12712,dissatisfied
Business,4,2,2,1,4,2,1,5,1931,dissatisfied
First,15,4,4,5,5,1,2,5,4331,neutral
First,113,4,2,3,4,1,5,4,6740,dissatisfied
Business,44,5,5,5,3,5,2,5,4248,neutral
Business,53,5,1,5,3,5,3,4,5280,neutral
Economy,21,3,5,3,4,5,2,1,7425,neutral
Business,0,1,4,1,1,4,4,5,4472,dissatisfied
Business,39,5,3,1,3,3,2,4,8075,dissatisfied
Economy,61,1,3,3,4,3,2,2,5978,dissatisfied
Business,40,1,4,2,1,1,1,1,9499,dissatisfied
First,79,1,3,3,1,3,3,4,1054,dissatisfied
Economy,20,3,5,5,3,5,1,4,4226,neutral
Business,47,1,2,5,2,5,4,4,3899,dissatisfied
First,55,2,3,1,4,2,5,1,10760,dissatisfied
First,25,5,5,3,5,2,1,3,1906,neutral
Business,0,2,2,3,2,4,4,5,10927,dissatisfied
First,91,2,3,1,1,3,3,1,8440,dissatisfied
First,15,2,5,5,5,2,2,2,5327,neutral
Economy,22,1,3,1,2,3,1,1,5221,dissatisfied
Business,10,1,5,4,1,2,2,2,11218,neutral
Business,7,1,5,5,5,4,3,1,7165,neutral
First,44,4,4,3,5,5,5,2,2020,neutral
First,0,1,1,2,1,1,2,4,6589,dissatisfied
Economy,0,5,4,2,3,1,5,3,1957,neutral
Business,26,1,4,2,1,1,3,5,1717,dissatisfied
Economy,35,5,3,3,4,1,3,3,11695,neutral
Economy,0,5,4,3,1,5,5,1,2907,neutral
Business,0,3,4,2,4,2,1,5,2749,dissatisfied
Business,0,4,3,2,5,4,3,3,7407,dissatisfied
Business,78,1,5,4,1,4,3,5,13322,dissatisfied
First,39,2,1,1,2,1,5,4,7315,dissatisfied
Economy,0,1,3,2,1,1,2,3,11021,dissatisfied
First,8,1,3,2,3,1,5,5,7469,dissatisfied
First,0,5,5,4,1,1,4,5,3727,neutral
Business,0,3,1,1,1,3,2,5,8199,dissatisfied
Business,23,2,4,2,5,2,2,5,2218,dissatisfied
Business,56,1,2,4,3,1,3,2,4216,dissatisfied
Economy,24,2,4,5,1,2,2,2,12630,neutral
Business,0,2,5,1,2,4,1,2,10021,dissatisfied
First,64,5,1,1,5,2,1,4,9085,dissatisfied
Economy,0,5,3,5,4,3,1,4,5884,neutral
First,21,3,1,2,3,4,4,3,3444,dissatisfied
Business,0,5,5,5,3,1,3,2,3604,neutral
First,96,3,1,2,5,1,5,3,8431,dissatisfied
Economy,27,3,5,2,4,4,4,5,9987,dissatisfied
Business,0,3,1,4,5,1,4,1,13493,dissatisfied
First,27,3,1,4,3,1,1,5,6874,dissatisfied
First,7,3,1,3,5,1,2,3,10428,dissatisfied
Business,86,5,2,1,5,4,5,1,9213,dissatisfied
First,6,4,3,4,5,3,3,4,12430,neutral
Economy,0,2,2,1,3,3,2,1,8983,dissatisfied
Economy,0,5,1,2,1,2,2,5,9410,dissatisfied
Economy,0,1,3,4,4,3,4,3,11690,dissatisfied
Economy,20,4,4,3,3,3,4,2,12841,neutral
Business,4,5,1,2,1,1,1,5,1554,dissatisfied
Business,26,5,1,5,4,2,3,3,10525,neutral
First,32,1,3,4,5,3,3,5,8973,dissatisfied
Economy,0,4,4,1,1,2,4,1,2183,dissatisfied
Economy,0,5,1,3,2,4,4,4,6783,neutral
Economy,92,4,1,3,4,3,1,1,4186,dissatisfied
First,0,2,5,3,1,1,2,2,2905,neutral
First,77,1,2,2,4,5,5,3,7842,dissatisfied
Business,46,5,3,2,5,1,1,1,4975,dissatisfied
First,128,1,2,4,2,5,3,3,5158,dissatisfied
Economy,54,2,1,1,1,5,3,5,6275,dissatisfied
Business,22,5,2,5,3,4,2,1,6661,neutral
Economy,38,1,4,2,4,3,2,1,6635,dissatisfied
Economy,38,3,1,3,1,5,5,2,12690,dissatisfied
Economy,52,2,3,3,5,5,3,1,936,dissatisfied
Business,3,4,5,1,4,5,4,4,4819,neutral
Business,0,4,1,5,1,2,4,3,2178,neutral
Business,0,1,3,4,5,3,1,5,12683,dissatisfied
Business,0,1,4,4,4,5,4,4,11592,neutral
First,63,2,5,2,5,3,5,4,4404,dissatisfied
Economy,11,4,1,5,1,2,5,1,11784,neutral
Economy,69,1,2,2,1,1,3,4,9089,dissatisfied
Business,0,3,2,2,3,1,4,5,3397,dissatisfied
Economy,40,3,1,1,5,5,2,4,5805,dissatisfied
First,0,5,3,4,4,2,3,4,9488,neutral
Business,62,5,4,3,4,1,1,1,9558,neutral
First,6,2,3,1,3,4,2,3,3916,dissatisfied
First,54,1,3,1,2,4,4,3,1206,dissatisfied
First,0,2,2,3,3,4,5,2,7220,dissatisfied
First,0,2,1,5,4,5,4,3,3665,neutral
Economy,90,3,5,3,5,5,5,4,12538,dissatisfied
First,79,1,2,3,3,1,1,2,2155,dissatisfied
Economy,0,4,2,3,5,5,3,2,13403,neutral
Business,0,3,1,3,2,1,4,1,8133,dissatisfied
Business,0,1,5,4,4,5,2,2,8802,neutral
Economy,0,4,5,4,2,2,4,1,2782,neutral
First,0,4,3,1,5,3,4,5,7262,dissatisfied
First,83,5,2,1,2,4,1,2,2419,dissatisfied
First,60,4,3,5,1,4,5,1,7504,neutral
Economy,0,3,5,3,5,2,3,5,11271,neutral
First,0,5,1,5,3,5,3,5,3421,neutral
Economy,71,2,3,5,5,1,5,1,5732,dissatisfied
Economy,51,2,1,5,3,3,2,2,11729,dissatisfied
Business,42,4,3,5,2,1,4,5,7676,neutral
Business,55,4,1,4,4,3,1,3,2168,dissatisfied
Business,29,3,1,3,1,1,2,3,7183,dissatisfied
Business,9,4,2,1,2,3,1,2,13325,dissatisfied
Economy,0,1,1,2,5,2,1,5,10169,dissatisfied
Business,6,3,5,4,4,2,4,1,6218,neutral
First,12,2,1,5,3,2,4,2,8383,dissatisfied
Economy,24,5,1,2,5,5,3,3,6509,dissatisfied
Economy,27,4,4,3,2,3,3,5,13774,neutral
Business,85,4,2,3,2,1,4,3,4527,dissatisfied
Economy,84,5,2,5,4,5,1,4,6846,neutral
First,0,5,2,4,5,3,1,4,3325,neutral
First,0,3,2,2,5,5,3,1,3290,dissatisfied
Business,12,3,2,5,3,4,5,1,5718,neutral
Economy,108,5,4,2,2,5,4,1,4353,dissatisfied
Economy,4,5,1,4,1,4,4,5,7622,neutral
First,0,4,3,1,2,5,4,1,2638,dissatisfied
First,44,4,1,2,1,1,3,3,7048,dissatisfied
First,10,4,2,3,4,4,4,2,6954,dissatisfied
Economy,26,1,5,2,4,4,2,4,9641,dissatisfied
Business,1,1,4,2,2,4,3,1,9415,dissatisfied
First,17,2,3,3,2,2,3,1,12784,dissatisfied
First,47,3,2,3,1,3,4,2,13720,dissatisfied
First,18,1,3,2,2,3,3,2,6641,dissatisfied
Business,24,3,4,2,4,5,5,1,13346,dissatisfied
Economy,16,4,2,2,4,3,1,2,10324,dissatisfied
First,0,5,4,4,3,5,2,1,13825,neutral
Business,20,4,4,3,1,4,5,4,4457,neutral
First,7,5,1,5,5,3,2,3,8755,neutral
Economy,72,5,2,3,2,5,2,5,10778,dissatisfied
Business,103,2,2,4,4,4,4,2,13669,dissatisfied
Economy,4,3,5,2,1,2,3,4,623,neutral
Economy,8,5,1,2,3,1,2,4,13781,dissatisfied
First,61,1,2,4,1,3,5,2,2988,dissatisfied
Business,0,1,2,1,2,4,2,4,1920,dissatisfied
Economy,37,4,3,4,5,1,3,1,11209,neutral
First,21,4,5,2,1,1,2,5,8279,neutral
First,0,2,4,3,2,5,1,1,2133,neutral
Business,65,2,5,3,3,2,2,2,12795,dissatisfied
First,2,4,1,3,1,5,1,1,7680,dissatisfied
First,1,2,5,1,2,2,2,2,10288,dissatisfied
Economy,0,5,5,5,1,1,5,2,3755,neutral
Economy,33,4,5,5,1,1,2,4,5980,neutral
Economy,1,2,3,2,3,3,1,2,6413,dissatisfied
First,0,1,1,3,1,1,1,3,13514,dissatisfied
Business,0,2,4,3,3,5,4,3,6428,neutral
First,32,4,1,3,1,5,5,4,3714,dissatisfied
Business,35,1,4,3,4,1,3,2,966,dissatisfied
Business,0,5,3,4,5,1,1,5,11508,neutral
Business,26,3,1,2,5,2,5,5,5720,dissatisfied
Economy,0,2,3,4,4,1,4,5,7033,neutral
Economy,83,2,3,1,5,1,1,1,756,dissatisfied
Business,10,3,2,2,3,5,5,5,13161,dissatisfied
First,36,3,5,3,2,5,5,2,1670,neutral
First,30,4,4,3,3,5,2,4,8009,neutral
Economy,68,5,2,4,2,3,4,4,3431,dissatisfied
Business,16,4,3,5,3,2,4,5,3003,neutral
First,0,1,3,4,3,2,2,1,2435,dissatisfied
Business,34,4,2,5,2,1,5,2,6722,neutral
First,67,3,4,2,4,1,2,2,6681,dissatisfied
Business,61,5,5,2,4,4,2,5,5045,dissatisfied
Business,0,4,1,2,4,5,5,1,885,dissatisfied
First,0,1,5,1,4,2,3,1,2820,dissatisfied
First,26,3,5,2,3,4,1,2,9667,dissatisfied
Business,46,2,2,4,3,3,5,1,3531,dissatisfied
First,0,3,2,4,1,3,2,5,5415,neutral
Business,27,1,2,5,5,5,4,4,4408,dissatisfied
Economy,38,4,4,2,1,2,5,4,8482,dissatisfied
Business,0,4,2,5,5,4,4,1,8269,neutral
First,30,4,2,4,5,1,3,4,12659,neutral
First,74,2,2,3,3,5,3,4,6420,dissatisfied
First,38,1,3,2,4,5,3,5,13505,dissatisfied
Economy,0,5,4,1,2,5,1,2,4774,neutral
Economy,42,2,1,1,3,1,3,5,10098,dissatisfied
Business,0,3,5,3,2,5,2,1,989,neutral
First,61,1,1,5,1,4,3,1,10249,dissatisfied
Business,37,1,4,5,4,1,1,2,9158,neutral
Business,120,5,3,5,1,3,3,4,3123,dissatisfied
First,50,1,5,2,4,3,5,1,1244,dissatisfied
First,60,3,2,5,3,5,4,2,10206,dissatisfied
First,14,2,4,1,2,1,2,2,813,dissatisfied
Economy,7,3,5,1,4,4,2,5,1805,dissatisfied
Business,7,3,5,1,5,2,3,2,13974,dissatisfied
Business,2,1,1,5,3,4,1,5,12607,dissatisfied
Economy,94,2,5,2,3,1,4,3,1525,dissatisfied
Economy,0,5,5,1,4,1,1,1,5913,neutral
Business,26,3,1,4,4,4,3,4,5175,dissatisfied
Economy,0,4,3,1,1,1,1,1,13343,dissatisfied
Economy,28,2,3,2,3,5,4,1,5157,dissatisfied
First,13,1,5,1,5,5,4,4,8263,dissatisfied
Business,6,3,4,3,2,5,1,4,3938,neutral
First,43,3,4,3,5,3,3,5,12206,dissatisfied
Economy,59,3,5,3,2,1,4,4,7308,dissatisfied
First,58,3,5,1,1,5,1,5,11528,dissatisfied
Business,24,3,5,2,4,1,1,5,9018,dissatisfied
Business,0,3,3,5,2,2,2,5,13853,neutral
Business,0,5,5,2,5,5,4,2,11685,neutral
Economy,0,4,4,4,4,2,2,1,4511,neutral
First,26,5,2,4,5,2,4,1,6573,neutral
Economy,33,5,1,2,1,2,3,2,10714,dissatisfied
First,32,3,2,1,1,3,2,4,3462,dissatisfied
Economy,24,3,4,3,5,3,2,5,4580,neutral
Economy,24,3,4,3,5,4,3,2,11011,neutral
Business,0,2,5,5,5,3,5,5,5331,neutral
First,0,1,2,1,2,3,2,3,11403,dissatisfied
First,15,1,2,5,3,3,3,1,9511,dissatisfied
First,66,4,3,2,3,2,3,1,6956,dissatisfied
Business,33,5,3,5,3,2,3,1,733,neutral
Economy,0,5,3,4,2,2,4,5,4811,neutral
First,28,4,2,5,3,2,3,4,4117,neutral
First,0,4,5,3,3,1,3,1,10437,neutral
First,29,2,1,4,3,4,1,1,7008,dissatisfied
Economy,25,4,2,3,5,2,5,5,11468,dissatisfied
First,0,4,5,2,2,4,2,4,1050,neutral
First,10,4,1,5,5,3,3,1,13250,neutral
Economy,0,3,5,5,5,4,1,5,3191,neutral
First,55,2,5,5,4,3,3,1,5384,neutral
Business,83,3,3,1,2,2,5,2,531,dissatisfied
Economy,0,2,2,1,1,3,5,2,7591,dissatisfied
Business,16,1,1,4,2,2,2,1,4300,dissatisfied
First,0,5,3,3,3,2,3,5,1269,neutral
Business,0,5,1,2,1,4,2,5,13628,dissatisfied
Economy,55,1,1,1,5,5,2,5,11797,dissatisfied
Economy,22,4,4,3,2,2,1,4,6339,neutral
Economy,34,1,1,5,3,5,3,3,12322,dissatisfied
Economy,36,2,5,5,1,2,4,5,2848,neutral
First,11,1,1,3,4,2,4,5,8656,dissatisfied
First,0,5,3,5,4,4,5,1,9123,neutral
Economy,40,5,4,1,2,1,4,5,13126,dissatisfied
First,0,4,4,2,4,2,2,3,6246,neutral
Business,0,1,5,1,3,1,2,1,8194,dissatisfied
Business,0,4,3,5,1,3,1,5,1983,neutral
Economy,0,3,4,2,2,5,5,3,967,dissatisfied
Business,0,2,4,5,3,3,5,1,12018,neutral
Business,28,4,4,2,2,2,5,4,11511,dissatisfied
Business,23,5,2,4,4,4,4,4,7123,neutral
Economy,9,2,3,5,3,3,1,1,7987,neutral
Business,0,3,4,4,4,1,1,3,2724,neutral
Economy,0,1,3,1,4,3,1,3,11313,dissatisfied
First,8,3,5,1,3,2,1,2,11353,dissatisfied
Business,28,1,3,1,1,1,1,2,4168,dissatisfied
Business,45,1,5,5,5,4,3,5,2427,neutral
First,52,4,2,3,1,5,2,2,1301,dissatisfied
First,76,2,5,4,1,1,3,1,4154,dissatisfied
Economy,21,2,5,4,1,3,2,3,3377,neutral
Business,71,3,1,4,2,4,2,3,3671,dissatisfied
First,0,5,5,5,5,1,3,1,1082,neutral
Business,0,3,2,4,2,4,2,4,1276,neutral
First,51,3,5,4,2,3,3,2,12414,neutral
Business,24,4,5,4,4,3,1,1,8133,neutral
First,15,5,2,5,2,4,1,5,2101,neutral
First,22,4,5,5,1,3,3,4,3619,neutral
First,0,2,5,3,1,1,5,1,10907,neutral
First,0,4,3,4,4,4,1,2,11087,neutral
Business,15,3,1,3,5,5,2,4,9799,dissatisfied
First,40,2,5,4,3,2,1,5,1495,neutral
Business,12,4,4,4,3,2,3,4,1909,neutral
Business,0,1,2,1,5,4,2,3,8802,dissatisfied
First,0,3,4,1,5,3,4,1,11697,dissatisfied
First,0,3,4,3,2,1,4,4,3769,neutral
First,28,4,4,5,2,5,4,1,12674,neutral
Business,15,5,4,3,2,1,2,1,12889,neutral
Business,4,1,2,1,1,3,2,1,10594,dissatisfied
First,0,4,1,2,5,5,3,3,3988,dissatisfied
Economy,33,3,4,5,5,2,1,4,13075,neutral
Business,83,3,3,2,2,1,1,3,5233,dissatisfied
Business,94,3,5,5,5,1,1,2,11703,neutral
First,1,4,4,1,1,2,2,4,10678,dissatisfied
Economy,0,2,4,2,5,1,2,4,5892,dissatisfied
First,0,5,5,2,3,2,5,3,13288,neutral
Economy,0,4,5,4,1,4,1,4,11674,neutral
Business,4,4,2,2,2,2,4,3,6975,dissatisfied
Economy,18,3,5,4,4,2,1,1,6386,neutral
First,0,5,1,1,3,4,5,2,7607,dissatisfied
Business,0,3,3,2,1,4,2,1,12952,dissatisfied
First,16,1,4,4,4,3,4,5,7051,neutral
First,63,1,2,2,1,3,5,5,12834,dissatisfied
First,30,3,4,1,3,5,5,1,11115,dissatisfied
Economy,8,1,1,2,5,2,1,3,4778,dissatisfied
First,51,1,4,2,2,5,5,5,8403,dissatisfied
Economy,21,3,3,3,1,4,5,5,5844,dissatisfied
Business,0,1,1,3,2,2,5,3,7503,dissatisfied
Economy,54,2,4,4,1,2,1,4,5362,dissatisfied
First,16,3,5,2,1,2,1,3,13086,neutral
Business,0,2,5,2,4,4,4,2,942,dissatisfied
First,25,4,3,2,3,1,3,4,2677,dissatisfied
Business,0,2,1,2,1,5,1,4,7881,dissatisfied
Business,0,4,2,3,4,3,1,2,4481,neutral
Economy,41,5,5,2,3,3,3,1,4194,neutral
First,0,1,5,4,3,1,4,4,5509,neutral
Business,0,5,4,2,1,2,5,4,2031,neutral
First,30,1,1,3,3,3,2,1,12437,dissatisfied
Economy,15,4,5,4,3,4,5,2,6549,neutral
Economy,82,3,4,3,5,2,3,4,8599,dissatisfied
First,78,1,2,4,2,4,3,1,5478,dissatisfied
Business,27,2,2,4,5,5,4,2,12892,dissatisfied
Economy,88,4,5,2,3,2,1,2,7259,dissatisfied
Economy,0,2,5,5,5,4,3,5,1578,neutral
Business,0,1,5,3,5,1,2,4,6951,neutral
Business,21,4,1,4,4,1,1,4,2199,dissatisfied
Economy,61,2,5,4,2,3,4,1,7811,dissatisfied
Economy,10,4,4,3,1,5,4,1,8268,neutral
Business,4,4,2,3,1,2,3,5,2460,neutral
Economy,0,1,1,1,4,5,2,1,12459,dissatisfied
First,0,1,2,3,1,5,3,5,10259,dissatisfied
Economy,1,5,1,5,5,5,1,3,12497,neutral
First,33,3,2,5,3,2,1,5,2845,neutral
Business,0,1,5,5,5,5,2,3,10505,neutral
First,19,3,5,1,5,3,4,5,13007,dissatisfied
Business,16,3,4,1,4,1,4,3,2584,dissatisfied
Business,0,4,5,1,2,2,3,4,13151,neutral
First,6,1,2,4,5,3,1,5,8026,dissatisfied
Business,42,3,4,2,4,3,4,2,3913,dissatisfied
First,0,5,2,1,4,4,3,5,12155,dissatisfied
First,20,2,3,2,3,3,1,1,9978,dissatisfied
Economy,65,3,4,2,4,5,3,4,11490,dissatisfied
Economy,55,2,4,2,5,1,3,4,13053,dissatisfied
First,52,5,1,5,1,5,2,1,12703,neutral
First,28,2,2,1,1,5,1,1,8091,dissatisfied
First,35,5,2,3,5,3,5,3,9365,dissatisfied
Economy,0,1,2,3,1,2,5,4,6650,dissatisfied
Economy,0,1,5,5,3,2,1,3,13963,neutral
Business,26,3,1,4,2,1,3,4,3711,dissatisfied
Business,29,4,1,4,4,4,4,2,9500,dissatisfied
First,38,1,2,1,2,5,5,4,13765,dissatisfied
Economy,25,1,5,3,1,2,1,4,10962,dissatisfied
Business,59,1,2,2,2,3,5,2,9310,dissatisfied
First,70,1,5,1,3,5,1,2,3079,dissatisfied
Business,31,5,3,4,1,5,5,2,5511,neutral
First,34,3,1,1,4,4,5,2,10852,dissatisfied
First,19,5,3,3,5,5,1,5,8761,neutral
Economy,0,1,4,2,3,4,5,5,13110,dissatisfied
Economy,0,5,1,2,1,2,5,4,2059,dissatisfied
Business,45,4,3,4,3,2,2,5,12842,neutral
Business,66,4,3,4,5,5,2,2,7843,dissatisfied
Economy,47,1,4,5,4,5,1,2,5284,neutral
Business,0,3,5,3,2,4,5,5,8114,neutral
Business,0,2,4,4,3,3,3,5,12944,neutral
Economy,47,3,5,3,5,5,3,5,12944,neutral
Economy,60,4,4,5,3,4,1,5,4413,neutral
Economy,36,4,1,1,5,1,3,1,12912,dissatisfied
First,54,3,3,5,3,4,1,1,604,neutral
Economy,73,1,3,3,5,5,3,4,13722,dissatisfied
First,46,5,5,4,2,5,1,5,2708,neutral
Economy,30,4,4,5,3,1,1,1,3131,neutral
Economy,38,4,2,2,2,2,4,1,8541,dissatisfied
Business,25,2,1,3,5,2,3,4,9216,dissatisfied
First,12,5,2,4,3,1,2,1,7659,neutral
Economy,0,3,3,1,3,5,4,5,11791,dissatisfied
Business,19,4,4,4,5,4,2,4,3966,neutral
Business,23,5,5,3,2,3,1,4,6468,neutral
Business,101,3,5,2,5,1,2,4,6403,dissatisfied
First,35,5,5,4,4,1,2,2,1099,neutral
First,22,2,3,4,5,4,4,1,3988,dissatisfied
First,28,4,1,3,2,3,3,4,12461,dissatisfied
Business,23,4,2,3,4,3,3,1,1252,dissatisfied
Economy,29,2,3,2,4,5,4,2,2333,dissatisfied
Business,5,2,4,4,4,1,2,2,5888,neutral
First,30,1,5,2,4,4,2,4,12780,dissatisfied
First,50,3,4,3,3,2,2,4,4877,dissatisfied
Economy,73,4,3,2,1,2,2,5,11311,dissatisfied
Business,27,5,4,3,5,2,2,4,5712,neutral
Economy,32,2,2,1,4,4,3,3,10994,dissatisfied
Business,55,1,5,2,3,2,1,1,3455,dissatisfied
First,0,2,2,4,2,5,3,4,13174,dissatisfied
Business,72,2,5,4,4,3,3,5,6277,dissatisfied
First,0,4,5,4,4,2,3,2,9385,neutral
Business,0,3,4,4,2,4,1,2,12782,neutral
First,60,4,4,1,1,4,3,3,11867,dissatisfied
Business,35,5,5,4,1,2,1,4,7845,neutral
First,0,2,5,2,3,3,2,3,1745,dissatisfied
Business,76,5,4,3,2,3,2,5,7258,dissatisfied
First,73,5,4,3,1,5,3,1,10077,dissatisfied
Business,0,2,3,3,4,5,2,5,2774,dissatisfied
Business,47,3,4,3,4,2,4,3,9444,dissatisfied
First,0,5,2,2,5,5,3,3,2364,dissatisfied
Business,62,5,3,4,5,2,1,2,5729,neutral
First,74,5,2,5,1,5,4,5,10492,neutral
First,35,2,3,4,5,5,2,1,7965,dissatisfied
Economy,15,3,3,5,3,4,4,2,10410,neutral
Business,0,2,5,1,5,1,5,1,7964,dissatisfied
Business,28,2,3,3,3,2,1,4,13029,dissatisfied
First,0,3,1,1,4,2,4,3,11827,dissatisfied
Business,60,5,3,3,1,2,2,1,8868,dissatisfied
Business,0,1,3,5,3,4,4,5,4807,neutral
Business,0,3,2,3,1,5,1,2,10564,dissatisfied
Business,33,3,3,3,5,2,2,3,2933,dissatisfied
First,24,4,4,4,3,2,1,2,5570,neutral
First,42,1,2,4,2,5,1,4,9515,dissatisfied
First,26,1,2,4,5,3,1,2,789,dissatisfied
Economy,86,1,2,1,1,2,3,1,1691,dissatisfied
Economy,39,2,2,2,5,2,5,2,7016,dissatisfied
Economy,59,4,4,5,4,1,2,2,2851,neutral
Economy,12,5,2,1,2,2,2,4,5256,dissatisfied
Economy,0,1,2,4,1,4,5,1,871,dissatisfied
First,12,5,4,4,2,3,4,2,11072,neutral
Economy,15,1,3,2,2,3,2,4,7716,dissatisfied
Economy,15,5,1,1,2,5,3,2,4454,dissatisfied
Business,0,2,3,4,1,2,2,1,4957,neutral
Economy,0,1,4,3,4,3,1,5,629,dissatisfied
First,0,1,3,5,2,4,4,2,12603,neutral
Economy,44,4,2,1,2,1,1,2,7175,dissatisfied
Business,32,5,4,3,3,1,5,5,646,neutral
First,17,1,4,1,5,1,1,5,6512,dissatisfied
First,46,1,1,1,1,3,4,5,10828,dissatisfied
Business,0,2,1,4,1,4,2,2,3556,dissatisfied
First,57,5,3,2,5,1,1,5,3335,dissatisfied
First,67,1,2,3,4,3,5,2,6532,dissatisfied
First,4,3,1,4,3,4,4,2,3786,dissatisfied
Business,4,2,3,5,3,5,3,3,9060,neutral
Economy,2,5,3,4,1,3,3,1,10456,neutral
Business,0,4,5,1,3,3,2,1,7030,neutral
First,24,3,5,3,5,1,2,2,5478,neutral
Business,0,2,2,5,2,5,1,5,9161,neutral
Business,23,1,5,4,1,1,5,2,10486,neutral
Economy,19,2,2,1,1,2,3,1,4512,dissatisfied
Business,45,3,2,5,1,5,2,1,814,neutral
Economy,0,2,4,1,3,4,4,4,10795,dissatisfied
Economy,47,3,3,4,1,4,4,2,7012,dissatisfied
First,12,3,5,4,1,2,4,5,4315,neutral
Economy,48,3,1,1,4,3,4,2,12842,dissatisfied
Business,29,5,2,3,1,3,3,5,9614,neutral
Business,48,2,2,3,5,5,2,5,9914,dissatisfied
Economy,29,5,3,2,3,1,5,1,11896,dissatisfied
Economy,10,4,3,4,1,1,2,4,13511,neutral
Business,40,4,5,3,5,1,2,1,7927,neutral
Business,30,2,5,1,3,4,2,2,833,dissatisfied
First,29,2,2,3,3,2,1,3,1501,dissatisfied
Economy,0,1,4,5,1,1,2,3,2588,neutral
Economy,47,1,1,5,3,5,4,5,8972,dissatisfied
First,29,5,1,1,5,2,1,1,762,dissatisfied
First,0,1,2,1,4,3,2,3,4228,dissatisfied
First,26,4,3,4,2,5,3,4,5083,neutral
Economy,22,1,2,5,1,1,3,2,10927,dissatisfied
Economy,73,4,2,3,3,2,3,5,4500,dissatisfied
Business,0,5,1,2,4,2,4,2,2657,dissatisfied
Economy,28,3,2,1,5,3,3,5,9615,dissatisfied
First,30,4,2,5,3,2,4,1,10116,neutral
Business,0,5,3,1,5,3,1,3,10403,dissatisfied
Economy,1,2,4,3,2,4,4,5,11368,neutral
Economy,21,4,1,3,3,1,5,5,2514,dissatisfied
Business,0,4,4,5,2,5,5,1,3967,neutral
Business,45,2,3,4,5,3,1,4,1741,dissatisfied
First,19,3,5,4,2,5,5,2,10470,neutral
Economy,36,1,2,2,4,3,2,3,12278,dissatisfied
First,46,4,4,3,4,5,3,2,13493,neutral
Economy,1,1,2,1,5,3,4,3,11587,dissatisfied
Economy,0,1,2,3,3,1,2,4,3751,dissatisfied
Business,0,4,1,5,5,2,3,1,1840,neutral
Economy,53,4,4,2,2,2,5,5,1650,dissatisfied
Economy,58,4,5,4,1,2,1,3,13929,neutral
First,13,5,1,4,1,3,4,1,7809,neutral
Economy,58,2,2,3,4,3,3,3,11376,dissatisfied
Business,51,1,4,4,4,3,2,3,13889,dissatisfied
First,48,4,4,1,1,4,5,5,2614,dissatisfied
Economy,42,3,1,2,2,4,3,1,12005,dissatisfied
Economy,0,5,5,3,5,4,1,2,9208,neutral
Economy,96,4,1,2,3,4,2,5,2606,dissatisfied
First,0,2,5,2,1,5,4,2,9517,dissatisfied
First,44,5,1,3,2,5,1,2,2728,dissatisfied
Business,0,1,4,4,5,1,1,5,9404,neutral
Economy,58,1,2,2,1,4,4,4,11375,dissatisfied
Business,9,1,5,5,3,5,5,4,4289,neutral
Economy,73,4,4,5,5,3,1,5,9247,neutral
Economy,47,5,5,4,2,3,3,4,9306,neutral
Economy,108,2,5,5,3,4,1,5,13411,dissatisfied
Economy,0,2,5,2,1,2,2,3,4964,dissatisfied
Economy,29,2,1,5,4,4,5,1,5691,dissatisfied
Business,42,5,5,1,4,4,4,5,3517,dissatisfied
First,0,5,2,5,2,2,1,1,9614,neutral
Business,68,3,5,1,4,2,5,3,11265,dissatisfied
Business,0,1,1,5,5,2,5,3,8954,dissatisfied
Business,0,2,5,2,4,1,1,4,5736,dissatisfied
Business,40,2,1,5,4,2,3,2,4536,dissatisfied
Economy,0,5,4,5,5,5,5,4,3891,neutral
First,3,2,2,5,2,1,2,1,2901,neutral
Economy,58,3,1,2,1,4,3,4,9491,dissatisfied
Economy,0,2,3,4,2,2,2,2,2963,neutral
First,51,5,3,4,4,5,3,3,1745,neutral
Economy,45,2,4,1,2,2,5,4,9094,dissatisfied
Business,0,2,5,5,1,2,5,1,6975,neutral
Economy,0,1,2,2,5,1,2,5,13609,dissatisfied
Business,16,3,4,3,5,5,1,3,13060,neutral
First,20,4,5,1,5,5,3,4,3364,dissatisfied
Business,35,2,4,3,2,4,4,1,1278,dissatisfied
Economy,0,4,5,2,4,4,5,2,11342,neutral
Economy,34,3,5,5,5,5,1,1,10764,neutral
Business,54,4,3,4,4,3,3,1,1952,neutral
First,12,1,4,5,3,1,4,3,1304,neutral
Economy,100,3,5,2,5,1,4,3,7422,dissatisfied
First,0,2,2,2,1,4,5,5,12831,dissatisfied
Economy,25,5,2,1,4,5,3,4,2775,dissatisfied
Economy,13,5,4,1,3,2,1,4,10211,dissatisfied
First,0,4,1,2,5,3,1,1,7837,dissatisfied
First,98,4,3,2,4,3,5,4,2374,dissatisfied
First,15,3,3,2,4,4,2,3,13582,dissatisfied
Economy,0,1,2,1,3,2,4,3,8222,dissatisfied
Economy,0,4,3,1,1,2,2,4,1077,dissatisfied
Economy,57,2,4,2,2,1,2,2,1221,dissatisfied
Business,66,5,1,3,1,5,2,4,9748,dissatisfied
Economy,58,2,4,5,2,2,4,1,10741,neutral
Business,11,2,2,3,1,5,1,3,9832,dissatisfied
Economy,18,2,3,1,1,5,3,5,8913,dissatisfied
Business,28,5,4,1,5,4,3,3,13437,dissatisfied
Economy,0,2,1,3,4,5,1,5,7188,dissatisfied
Business,0,3,5,3,1,3,2,4,568,neutral
Business,91,2,3,4,4,3,2,1,609,dissatisfied
Economy,59,3,3,3,4,2,2,1,2140,dissatisfied
First,0,3,5,3,4,5,2,1,5334,neutral
Economy,0,4,3,4,4,2,5,2,1035,neutral
First,46,4,4,5,1,1,5,4,965,neutral
First,90,2,2,3,2,5,3,2,12223,dissatisfied
Business,16,4,3,3,4,1,1,5,11323,neutral
First,20,4,2,1,4,3,1,2,5684,dissatisfied
Economy,71,4,2,5,5,2,5,1,12818,dissatisfied
Business,6,3,4,3,1,1,2,3,11277,neutral
Business,27,3,5,3,1,5,3,1,10198,neutral
Business,24,4,3,3,1,4,1,4,9284,neutral
Economy,0,1,1,2,2,2,3,4,8368,dissatisfied
Economy,40,4,3,2,4,2,1,1,3536,dissatisfied
Business,0,3,4,5,3,2,5,1,3150,neutral
First,8,1,4,1,2,1,1,4,1735,dissatisfied
First,0,2,5,5,4,2,2,2,7899,neutral
First,14,1,2,4,5,4,2,2,10854,dissatisfied
Business,64,1,1,3,3,1,2,4,13135,dissatisfied
Economy,28,2,3,5,5,3,4,1,11678,neutral
Economy,0,1,1,3,1,2,5,1,10721,dissatisfied
First,67,3,2,5,2,3,2,4,1535,dissatisfied
First,0,3,2,4,3,3,1,4,6913,neutral
First,0,2,1,3,3,2,2,2,4344,dissatisfied
First,68,2,4,2,1,3,5,4,6731,dissatisfied
Economy,22,5,2,3,4,4,1,1,2642,neutral
Economy,60,1,3,2,3,4,5,1,10857,dissatisfied
Economy,20,2,1,1,2,5,5,4,1555,dissatisfied
Business,56,4,2,2,2,3,4,5,13124,dissatisfied
Economy,21,5,4,5,5,4,2,1,9676,neutral
First,16,1,1,3,2,5,1,2,10724,dissatisfied
Economy,79,3,4,3,1,1,3,5,12384,dissatisfied
First,42,5,3,5,2,3,4,5,13150,neutral
Economy,0,4,5,3,2,3,2,3,7817,neutral
First,0,3,1,4,1,2,4,5,2270,dissatisfied
Economy,79,3,3,3,4,5,3,4,3874,dissatisfied
First,0,5,4,3,3,1,1,3,10207,neutral
Business,33,5,4,1,1,4,4,2,12608,dissatisfied
Business,48,1,4,3,4,5,5,5,6692,dissatisfied
Business,0,3,1,3,1,2,2,3,2215,dissatisfied
Economy,0,5,3,4,1,5,2,1,9264,neutral
First,25,2,4,2,5,3,1,5,3315,dissatisfied
Economy,7,2,4,2,3,3,1,3,2260,dissatisfied
Economy,72,5,5,3,3,4,2,1,12837,neutral
Economy,30,5,3,2,5,3,3,3,6445,dissatisfied
Economy,0,1,3,1,3,4,4,1,11472,dissatisfied
Economy,31,5,5,1,3,3,2,4,3773,dissatisfied
Business,27,2,4,2,2,5,1,1,2622,dissatisfied
First,61,5,2,1,1,4,2,5,10403,dissatisfied
First,0,5,4,3,3,5,5,5,13941,neutral
Business,94,3,2,2,4,1,5,5,8896,dissatisfied
First,2,3,4,4,5,5,2,5,7713,neutral
First,53,5,3,3,3,1,4,2,13853,dissatisfied
Economy,38,2,3,3,4,2,5,5,11621,dissatisfied
Economy,72,4,2,3,1,5,3,5,8359,dissatisfied
Economy,0,4,1,2,1,3,3,3,1503,dissatisfied
Economy,23,5,1,4,1,3,1,2,3863,neutral
Business,20,5,4,4,3,5,1,2,12335,neutral
Economy,7,3,5,4,2,5,2,5,2491,neutral
First,0,3,4,2,3,1,5,3,5997,dissatisfied
Economy,61,4,2,1,2,3,3,3,2967,dissatisfied
First,23,3,2,3,5,2,5,1,8389,dissatisfied
First,74,1,3,3,2,2,2,3,1507,dissatisfied
Economy,0,5,4,1,4,5,5,3,4145,neutral
Economy,9,3,5,2,1,1,4,1,2727,neutral
Business,8,2,4,4,3,4,5,3,13637,neutral
First,1,4,4,2,2,3,1,1,3055,neutral
Economy,15,3,4,1,1,3,2,3,1964,dissatisfied
Business,27,3,1,5,1,2,3,5,10116,neutral
First,4,2,5,5,2,2,4,2,10978,neutral
Economy,26,3,4,1,5,2,3,2,5167,dissatisfied
First,0,2,1,1,1,5,1,5,6459,dissatisfied
First,65,1,4,4,5,4,4,3,2822,dissatisfied
First,29,1,5,3,5,4,1,5,4117,dissatisfied
Business,34,1,3,4,3,2,1,2,2303,dissatisfied
Economy,0,3,1,3,2,5,5,2,4901,dissatisfied
Economy,41,1,2,4,4,1,4,5,3039,dissatisfied
Economy,50,4,2,2,4,5,4,3,12590,dissatisfied
First,54,3,1,3,3,3,3,2,11210,dissatisfied
Business,0,5,2,4,2,3,1,5,7018,neutral
Economy,47,5,2,1,5,2,2,2,4365,dissatisfied
Economy,40,1,2,4,5,4,4,5,7099,dissatisfied
Business,19,4,5,2,5,4,2,2,9268,neutral
Business,23,1,2,1,4,3,4,5,11816,dissatisfied
Economy,20,2,3,3,4,3,3,4,6511,dissatisfied
Business,2,3,5,1,4,2,2,3,2202,dissatisfied
Business,0,5,1,4,1,4,4,2,3118,neutral
Business,0,4,4,2,3,3,1,3,2014,neutral
First,11,4,1,4,4,2,3,4,7967,neutral
Business,23,3,5,4,1,1,1,4,11581,neutral
First,95,1,2,5,4,5,2,4,4598,dissatisfied
Economy,43,1,4,2,1,1,3,3,11978,dissatisfied
First,20,1,4,1,4,1,1,2,2380,dissatisfied
First,10,5,4,5,1,3,5,2,4337,neutral
Economy,10,2,5,1,1,4,2,3,4692,dissatisfied
First,31,4,1,1,2,3,1,1,6745,dissatisfied
Economy,0,2,3,3,4,1,5,5,7310,dissatisfied
First,27,3,4,3,3,5,4,2,7419,neutral
Business,0,2,1,2,4,1,5,4,3123,dissatisfied
First,24,4,1,2,3,3,5,3,5514,dissatisfied
First,0,1,3,4,1,2,5,2,3099,dissatisfied
Business,0,1,3,2,5,3,2,4,9869,dissatisfied
First,37,5,5,2,2,3,3,4,10024,neutral
Economy,7,5,3,3,2,3,5,4,1202,neutral
Economy,11,5,3,5,2,4,2,2,7098,neutral
First,0,4,4,3,3,2,4,2,8934,neutral
Economy,21,5,1,2,1,4,2,3,679,dissatisfied
First,30,5,3,4,3,5,3,3,11356,neutral
Economy,68,2,2,4,5,4,5,3,12081,dissatisfied
Business,47,2,5,4,2,1,5,1,5749,neutral
Business,27,2,3,3,3,1,1,2,8349,dissatisfied
Business,28,5,3,4,5,5,1,2,9929,neutral
First,56,5,3,2,4,1,2,3,8368,dissatisfied
Business,5,3,3,3,5,1,5,1,4600,neutral
Economy,5,5,5,2,5,5,4,2,7882,neutral
First,0,5,4,5,1,3,4,3,10552,neutral
Business,0,5,4,2,3,5,2,2,10977,neutral
Economy,46,2,5,5,3,5,5,1,4775,neutral
First,26,5,3,5,2,2,3,5,2777,neutral
Business,0,2,1,1,5,2,1,4,3196,dissatisfied
First,47,2,3,1,5,4,3,3,1025,dissatisfied
First,0,4,1,2,5,5,4,4,2643,dissatisfied
Economy,32,5,2,5,4,2,3,3,11174,neutral
First,26,2,4,3,5,1,1,1,5597,dissatisfied
Economy,47,2,4,3,5,4,2,5,8675,dissatisfied
First,0,2,1,4,4,5,1,5,12469,dissatisfied
First,0,5,2,4,2,5,3,3,6576,neutral
Economy,74,3,4,3,1,4,5,2,3639,dissatisfied
Economy,79,5,2,1,2,1,4,2,1503,dissatisfied
First,43,5,4,5,3,5,5,2,6173,neutral
Business,0,3,1,2,5,5,3,5,2456,dissatisfied
First,3,5,4,3,4,1,1,5,7626,neutral
First,2,4,4,3,3,4,5,2,11823,neutral
First,0,4,1,1,2,1,2,4,8654,dissatisfied
Economy,4,5,5,4,3,4,3,5,3514,neutral
Economy,33,4,5,5,1,1,4,2,9079,neutral
Economy,87,2,4,2,5,2,3,1,10350,dissatisfied
Economy,0,1,5,1,4,3,3,4,957,dissatisfied
First,21,5,3,4,2,5,2,3,3915,neutral
Economy,62,3,5,2,5,5,1,5,6950,dissatisfied
Economy,24,2,2,2,3,5,3,1,2983,dissatisfied
Economy,90,3,3,1,1,4,5,2,9712,dissatisfied
First,46,3,5,2,3,3,5,1,3087,dissatisfied
Business,44,1,3,4,1,2,5,5,5315,dissatisfied
First,44,4,3,3,1,3,5,5,10368,dissatisfied
Economy,49,3,5,4,2,2,1,4,9255,neutral
First,38,5,2,1,4,5,1,4,4742,dissatisfied
Business,39,5,2,2,1,4,5,2,3974,dissatisfied
First,16,2,3,3,3,3,4,3,10783,dissatisfied
Business,59,2,5,5,5,1,1,4,5261,neutral
Economy,42,3,2,4,4,4,3,1,2267,dissatisfied
Economy,12,1,5,5,2,3,1,1,8674,neutral
First,56,4,5,1,5,1,4,3,5705,dissatisfied
Economy,11,1,4,1,1,5,1,5,13723,dissatisfied
Economy,0,1,4,5,1,4,1,1,8763,neutral
Economy,32,2,4,3,1,3,3,5,8298,dissatisfied
Economy,30,4,5,2,4,5,2,4,11051,neutral
Business,0,3,1,5,1,2,2,5,8025,neutral
Economy,33,1,5,3,5,5,4,5,11873,dissatisfied
First,0,3,2,2,5,3,2,2,2861,dissatisfied
First,76,2,2,5,1,5,4,2,2726,dissatisfied
Business,0,3,2,5,4,3,1,4,1210,neutral
First,69,5,1,1,3,4,1,1,11940,dissatisfied
Business,75,4,3,1,5,3,3,2,7972,dissatisfied
Business,88,1,5,4,2,4,4,1,12155,dissatisfied
Business,25,2,4,2,4,3,1,2,7561,dissatisfied
Economy,0,3,2,2,3,5,2,2,1772,dissatisfied
First,43,2,2,2,2,1,4,1,8521,dissatisfied
Economy,13,5,3,3,5,3,1,3,1267,neutral
Business,21,2,3,5,4,5,5,2,7204,neutral
First,70,4,3,4,4,2,2,2,3695,dissatisfied
Economy,22,4,5,2,5,4,4,4,10275,neutral
First,13,4,2,4,4,2,1,3,13977,neutral
First,4,5,1,3,5,5,2,1,10969,neutral
First,22,4,1,1,4,4,2,3,5295,dissatisfied
Economy,2,5,3,4,5,5,2,1,3142,neutral
Business,12,1,1,5,4,3,5,5,3754,dissatisfied
Business,38,5,5,3,1,4,2,4,11536,neutral
Business,0,3,1,3,1,2,1,4,2116,dissatisfied
Business,0,4,3,4,3,2,1,4,13951,neutral
Economy,21,2,1,2,3,2,2,5,10559,dissatisfied
First,80,5,2,3,5,3,5,1,12993,dissatisfied
First,35,1,5,1,1,1,1,3,6237,dissatisfied
Business,48,3,5,3,3,2,1,2,1633,neutral
First,21,1,5,5,5,5,2,5,7429,neutral
Economy,33,1,2,1,4,5,4,2,8266,dissatisfied
Business,21,3,2,4,1,1,4,4,8274,dissatisfied
Economy,22,4,2,2,5,4,3,4,6068,dissatisfied
Economy,0,2,4,1,5,2,4,3,2089,dissatisfied
Business,6,3,5,4,2,4,5,2,9286,neutral
Business,34,4,3,1,3,2,1,2,12588,dissatisfied
Economy,58,4,1,2,5,4,5,2,5424,dissatisfied
Economy,40,5,4,5,5,2,3,4,13773,neutral
First,0,4,1,3,3,1,5,3,1995,dissatisfied
Business,36,3,1,3,2,3,3,5,1847,dissatisfied
Business,34,4,2,2,3,2,5,1,8917,dissatisfied
First,38,5,4,2,2,5,3,5,3949,neutral
First,26,5,3,1,2,2,1,4,4664,dissatisfied
First,0,2,1,3,1,5,3,2,6084,dissatisfied
Economy,0,3,1,3,1,2,4,5,1667,dissatisfied
First,0,3,4,2,5,1,2,4,7628,dissatisfied
Business,0,2,3,4,5,2,3,5,13487,neutral
First,37,3,3,4,5,3,3,2,4242,neutral
First,0,1,3,5,1,4,3,2,13000,neutral
First,75,5,1,2,1,5,2,4,6898,dissatisfied
Business,84,1,2,5,3,4,4,1,696,dissatisfied
Business,33,4,4,2,5,5,4,3,3649,dissatisfied
First,18,2,3,2,3,3,2,1,12817,dissatisfied
Economy,0,1,2,2,3,1,4,4,6989,dissatisfied
Economy,0,4,3,3,1,1,2,4,2315,neutral
Economy,31,3,1,3,3,5,3,4,2775,dissatisfied
Economy,26,3,3,5,1,2,1,1,7126,neutral
Economy,61,4,1,1,1,3,5,3,11750,dissatisfied
Business,4,4,4,1,1,3,5,5,1288,dissatisfied
Business,1,4,1,1,4,3,3,4,11640,dissatisfied
Economy,69,4,3,5,1,4,2,2,2767,neutral
Business,0,4,5,5,5,4,1,4,7746,neutral
Economy,8,2,2,2,2,3,3,2,12721,dissatisfied
First,51,4,1,5,3,3,3,4,12054,dissatisfied
Economy,63,3,1,3,5,4,3,4,8644,dissatisfied
Business,10,3,5,5,1,5,5,4,1644,neutral
First,0,2,3,4,5,4,3,5,8810,neutral
Economy,106,4,2,2,5,2,5,5,11666,dissatisfied
First,0,5,2,3,5,3,4,5,11329,neutral
Economy,34,3,2,1,4,5,3,4,10431,dissatisfied
Economy,45,4,2,4,2,5,1,3,4088,dissatisfied
Business,11,5,4,5,4,4,5,1,7613,neutral
First,0,5,1,4,1,5,2,3,9305,neutral
First,0,1,4,1,5,1,4,4,5572,dissatisfied
First,48,5,4,2,2,4,3,5,2212,dissatisfied
Economy,0,5,3,2,5,4,5,4,11101,neutral
First,22,3,1,2,1,4,2,1,9040,dissatisfied
Economy,16,5,3,4,3,2,3,5,8611,neutral
Business,33,5,4,3,3,1,5,5,1416,neutral
Business,12,3,3,5,2,5,3,5,9122,neutral
Economy,48,1,4,1,5,3,5,1,8681,dissatisfied
Business,19,1,5,4,5,1,1,3,1376,neutral
First,15,4,4,1,5,4,1,2,13173,dissatisfied
Economy,0,4,1,4,3,3,4,2,1538,neutral
First,30,5,3,5,4,4,1,2,8393,neutral
Economy,35,5,2,4,3,2,1,1,6079,neutral
Business,20,4,2,2,5,4,3,2,11576,dissatisfied
First,32,4,1,4,3,1,2,5,12496,dissatisfied
Business,5,5,3,4,4,2,5,4,12276,neutral
Business,0,3,2,5,3,4,5,1,5843,neutral
First,7,3,3,2,4,1,4,3,10366,dissatisfied
Business,0,3,2,5,3,5,1,2,10517,neutral
Business,29,4,1,1,1,4,4,1,516,dissatisfied
First,0,1,2,4,3,2,3,2,3790,dissatisfied
First,58,4,2,5,1,5,4,5,10931,neutral
Economy,35,3,2,3,4,4,2,3,4465,dissatisfied
First,44,2,1,3,1,5,1,2,6594,dissatisfied
Economy,14,3,4,3,4,3,5,5,4544,neutral
First,26,2,3,5,2,3,5,4,11393,neutral
First,36,3,5,4,2,2,5,2,8349,neutral
First,0,3,5,3,4,4,4,5,1641,neutral
Business,34,2,2,2,3,1,5,1,3934,dissatisfied
Economy,0,3,3,3,1,5,1,3,3944,neutral
First,71,2,2,3,5,1,3,5,10117,dissatisfied
First,4,2,3,4,3,2,4,5,9172,neutral
Economy,26,4,5,3,1,5,4,1,2840,neutral
Business,0,1,2,3,4,4,1,5,7721,dissatisfied
First,0,4,2,4,4,4,2,2,10384,neutral
Economy,65,1,3,3,4,1,2,1,7058,dissatisfied
First,29,1,4,5,3,1,3,4,10821,neutral
First,0,3,2,2,3,2,1,5,1575,dissatisfied
Business,0,2,5,5,1,2,3,4,13485,neutral
Business,15,1,2,3,2,5,2,5,10045,dissatisfied
Economy,41,1,1,2,4,3,5,5,10195,dissatisfied
First,19,1,1,1,3,4,4,2,1156,dissatisfied
Business,32,2,4,2,5,5,5,4,13684,dissatisfied
First,0,5,3,4,2,3,2,1,2872,neutral
Economy,86,1,1,2,1,4,3,1,4333,dissatisfied
Economy,11,2,2,5,4,1,2,4,4278,neutral
Economy,32,2,2,4,2,5,5,4,720,dissatisfied
Business,0,5,3,5,5,2,1,4,13678,neutral
Economy,15,4,1,5,3,2,1,4,1696,neutral
Business,69,1,5,1,2,5,3,4,6233,dissatisfied
Business,35,5,3,3,3,4,3,3,2705,neutral
Business,0,5,5,1,3,1,4,4,11323,neutral
Business,52,4,2,3,3,5,5,3,8022,dissatisfied
Economy,0,1,5,5,3,3,3,5,630,neutral
Business,0,5,3,2,5,1,3,1,4412,neutral
Economy,21,5,1,3,3,2,5,4,11828,dissatisfied
Business,0,4,3,1,4,1,4,5,7252,dissatisfied
First,28,5,4,4,5,4,4,2,7249,neutral
Business,0,3,4,1,5,4,2,3,6226,dissatisfied
First,0,1,5,5,1,1,5,4,1922,neutral
Economy,66,1,2,5,3,2,1,5,9049,dissatisfied
First,50,4,1,1,2,1,1,4,1849,dissatisfied
Economy,45,5,5,1,5,2,1,1,7901,dissatisfied
Economy,43,3,3,4,1,5,5,4,8726,dissatisfied
First,63,3,4,3,2,4,5,2,7893,dissatisfied
First,0,3,1,5,2,1,4,3,5134,neutral
Business,98,5,4,3,5,1,2,2,8669,dissatisfied
Economy,23,2,1,5,2,2,2,1,13632,dissatisfied
Economy,0,4,1,5,3,3,4,4,7324,neutral
First,1,2,4,1,3,2,5,4,6281,dissatisfied
Business,0,4,4,1,2,3,5,1,6811,dissatisfied
Economy,70,1,3,2,3,1,5,4,5488,dissatisfied
Business,52,1,3,1,3,4,1,4,5968,dissatisfied
Business,55,5,1,2,5,5,4,4,1325,dissatisfied
Business,60,4,3,5,1,4,5,5,11800,neutral
Economy,58,2,3,4,2,4,4,5,9133,dissatisfied
Business,19,1,3,3,3,5,2,3,5024,dissatisfied
Business,45,5,1,3,4,1,1,1,639,dissatisfied
First,61,1,2,4,1,2,2,2,12636,dissatisfied
First,46,2,2,4,4,4,4,1,4280,dissatisfied
Business,19,4,5,1,2,2,2,4,2232,dissatisfied
Business,29,3,2,5,5,4,3,4,10798,neutral
Economy,42,1,4,3,5,1,4,1,6437,dissatisfied
Business,0,4,4,4,1,2,4,4,8061,neutral
Economy,0,1,3,5,2,5,4,3,12196,neutral
Business,14,4,5,3,3,1,5,2,10998,neutral
First,84,2,3,5,2,5,1,4,12140,dissatisfied
Economy,2,3,3,2,5,4,1,5,6707,dissatisfied
Business,101,1,2,3,4,4,5,4,3321,dissatisfied
Business,0,5,3,2,3,5,2,4,9386,neutral
Economy,22,5,5,5,4,4,5,4,2741,neutral
First,85,1,2,1,4,4,3,1,6317,dissatisfied
Business,30,4,5,4,4,5,4,1,6186,neutral
Economy,0,4,3,2,3,2,5,1,5314,dissatisfied
Economy,41,1,3,1,5,2,1,5,6227,dissatisfied
Business,0,4,2,3,5,1,2,3,3189,neutral
Business,32,1,1,4,1,5,1,3,5394,dissatisfied
First,0,2,2,5,4,1,5,1,8862,neutral
Business,14,3,1,4,4,3,5,4,6964,dissatisfied
First,9,4,1,1,1,4,5,1,1086,dissatisfied
Economy,21,3,2,1,3,5,5,4,9285,dissatisfied
Business,48,2,3,3,1,3,3,5,11354,dissatisfied
Business,36,5,5,5,2,5,5,4,12202,neutral
First,10,2,3,3,3,5,3,4,2868,dissatisfied
Business,39,2,1,5,2,4,1,3,13068,dissatisfied
First,91,4,4,3,2,5,4,4,11733,dissatisfied
Business,0,5,5,4,4,3,1,1,11702,neutral
Business,0,3,3,5,3,3,4,2,2842,neutral
Business,78,5,4,5,1,2,5,5,2716,neutral
First,0,2,4,5,5,4,5,2,4962,neutral
Business,0,5,5,3,4,5,4,5,2642,neutral
Economy,0,4,1,3,5,1,5,1,7018,dissatisfied
First,0,4,4,3,4,1,2,1,9893,neutral
Business,22,2,4,1,2,4,1,2,13868,dissatisfied
First,0,1,5,4,5,5,3,3,11377,neutral
Business,48,5,2,3,3,4,1,5,10118,dissatisfied
Economy,65,3,5,4,3,4,5,3,8231,neutral
Economy,18,2,1,2,3,2,5,1,9507,dissatisfied
First,0,1,3,3,3,2,2,4,8145,dissatisfied
Economy,52,5,3,5,4,1,5,5,3855,neutral
Business,15,1,4,5,3,1,4,5,2454,neutral
Business,2,2,4,2,5,3,2,1,2350,dissatisfied
Economy,13,5,4,3,2,3,5,3,3223,neutral
Business,0,1,3,5,5,2,3,4,5243,neutral
Business,2,1,3,5,1,3,3,2,4212,neutral
Business,53,4,1,2,1,4,4,4,11954,dissatisfied
Business,50,2,2,5,3,3,2,3,2454,dissatisfied
Business,35,3,2,4,3,3,4,1,2239,dissatisfied
Business,60,2,4,4,3,4,5,4,8401,dissatisfied
Economy,44,2,1,1,1,2,1,2,9724,dissatisfied
Business,61,4,2,1,5,1,5,3,5062,dissatisfied
Economy,13,3,4,3,3,2,1,4,10832,neutral
First,63,4,2,1,4,1,4,4,633,dissatisfied
Economy,59,2,2,5,1,4,5,4,3740,dissatisfied
First,53,1,3,5,5,2,2,1,2059,dissatisfied
Economy,12,1,1,3,1,1,4,4,2163,dissatisfied
Economy,0,2,3,1,4,5,1,1,7262,dissatisfied
First,7,5,4,1,4,2,1,2,9826,neutral
Business,0,2,2,5,5,3,1,1,4425,neutral
Business,0,2,3,4,2,1,3,2,3575,neutral
Economy,9,5,3,1,3,5,3,5,10171,dissatisfied
First,26,5,3,2,4,1,4,5,7024,dissatisfied
First,25,4,2,5,2,2,1,2,10304,neutral
Business,94,1,2,3,3,5,1,1,13970,dissatisfied
Economy,0,5,4,1,2,3,3,1,12314,neutral
First,0,2,3,4,4,5,5,3,3852,neutral
Business,48,3,2,5,5,1,1,5,12943,neutral
Economy,76,3,4,1,4,5,5,1,3136,dissatisfied
Business,43,4,4,4,4,1,1,3,7135,neutral
Economy,32,3,3,4,3,4,2,5,5131,neutral
Business,31,1,4,5,1,1,5,1,6171,neutral
Business,0,2,5,1,5,3,3,2,13793,dissatisfied
First,60,3,1,3,3,1,2,4,13743,dissatisfied
Economy,36,1,4,1,4,2,5,4,11778,dissatisfied
Business,0,3,1,2,5,2,2,5,5960,dissatisfied
Business,0,2,4,3,1,3,3,3,1065,neutral
Business,35,4,3,5,5,3,3,5,13387,neutral
Business,0,1,1,2,4,4,2,3,3138,dissatisfied
First,19,5,1,2,5,2,2,2,13816,dissatisfied
Business,33,5,1,1,4,2,3,4,1562,dissatisfied
First,0,3,1,4,5,5,2,1,7858,dissatisfied
Business,39,5,4,2,5,2,1,3,13375,neutral
Economy,23,1,1,5,5,2,4,1,7745,dissatisfied
First,27,5,3,5,1,5,5,3,884,neutral
Economy,0,1,3,4,4,4,3,1,7023,dissatisfied
Economy,6,5,5,2,4,3,4,4,13447,neutral
Economy,87,4,3,4,1,4,1,5,6072,dissatisfied
First,70,3,4,2,4,3,3,4,10831,dissatisfied
Business,0,1,3,1,1,3,4,3,5637,dissatisfied
Economy,47,4,2,5,5,5,4,4,13322,neutral
Business,0,3,1,4,1,3,1,5,3677,dissatisfied
Business,12,4,3,2,2,1,5,5,11141,dissatisfied
Business,0,5,4,2,4,1,2,1,6575,neutral
Business,9,1,3,3,1,1,2,2,6174,dissatisfied
First,7,2,4,3,5,1,3,2,5051,neutral
Business,0,4,2,3,2,5,3,3,4521,neutral
Business,0,2,1,3,2,5,5,3,12198,dissatisfied
First,8,1,2,3,1,1,1,2,5423,dissatisfied
First,39,5,2,3,5,2,2,3,3687,dissatisfied
Business,5,5,5,5,1,3,2,5,2955,neutral
First,35,2,1,2,5,4,2,2,8521,dissatisfied
Business,0,3,2,5,2,1,1,1,12837,neutral
Business,0,2,2,2,2,1,4,4,11335,dissatisfied
Economy,0,2,1,3,4,2,1,1,6611,dissatisfied
Economy,25,2,2,1,5,5,3,5,8292,dissatisfied
Economy,33,2,3,4,5,2,1,5,1196,dissatisfied
Business,0,1,3,4,4,1,2,4,7825,dissatisfied
First,45,1,3,5,5,2,1,1,12707,dissatisfied
Business,44,2,1,3,2,3,2,5,9096,dissatisfied
Economy,38,2,3,5,1,4,2,4,6018,neutral
Business,0,5,2,4,4,2,4,1,1868,neutral
First,0,4,3,3,1,1,2,5,9658,neutral
First,47,1,5,4,3,3,5,2,5523,dissatisfied
Business,27,3,1,2,5,3,5,4,3530,dissatisfied
First,21,3,4,4,4,2,1,2,614,neutral
First,4,3,3,2,3,1,2,4,9762,dissatisfied
Economy,12,4,5,1,5,4,3,5,5021,dissatisfied
Economy,0,5,3,3,1,2,5,5,9694,neutral
Business,71,4,4,4,1,5,5,2,590,neutral
Business,26,2,4,4,4,3,2,4,3064,neutral
First,30,5,5,4,1,5,5,3,7112,neutral
First,0,5,4,4,1,3,4,1,5066,neutral
First,0,2,3,3,5,2,3,1,9817,dissatisfied
Business,26,3,5,4,1,3,3,1,3848,neutral
Economy,12,3,5,5,1,1,2,1,11988,neutral
First,0,1,2,2,4,5,4,5,11964,dissatisfied
Business,19,3,1,2,3,2,2,4,10508,dissatisfied
Business,0,4,4,4,1,1,5,2,11660,neutral
Business,15,5,2,1,3,1,2,2,6816,dissatisfied
Business,0,1,3,5,4,1,4,5,9505,neutral
Business,55,1,1,5,3,3,5,5,1350,dissatisfied
Economy,0,3,3,1,4,1,5,1,13107,dissatisfied
First,13,1,2,2,5,1,3,3,1971,dissatisfied
First,3,1,2,3,5,3,4,1,7523,dissatisfied
First,20,2,2,4,5,2,5,5,13589,dissatisfied
Business,107,3,1,2,1,3,5,2,1719,dissatisfied
Economy,88,3,1,3,5,2,5,4,7334,dissatisfied
Business,57,5,2,2,3,2,4,1,7651,dissatisfied
Business,40,4,4,1,3,1,4,3,832,dissatisfied
Economy,10,1,5,1,1,4,2,1,822,dissatisfied
Economy,26,1,4,2,1,5,5,3,13868,dissatisfied
Economy,22,4,2,2,2,4,3,1,4664,dissatisfied
First,36,4,4,3,3,1,1,3,9213,neutral
First,0,1,2,4,2,2,4,2,8815,dissatisfied
Economy,0,4,2,5,1,3,3,4,5883,neutral
Business,0,2,2,4,3,1,3,2,10675,dissatisfied
First,0,4,3,3,5,2,1,1,11011,neutral
Economy,1,3,4,3,5,3,4,4,1339,neutral
Economy,43,1,2,2,1,1,4,3,6074,dissatisfied
First,21,1,3,1,4,2,2,2,1143,dissatisfied
Economy,22,4,2,5,1,4,4,4,1227,neutral
Economy,48,5,4,4,3,4,3,1,12817,neutral
Business,0,2,2,5,1,5,2,4,5523,neutral
First,42,3,3,4,1,1,5,5,3724,dissatisfied
Economy,71,4,4,4,5,2,4,3,4037,neutral
Business,30,5,5,1,3,2,2,3,13266,dissatisfied
Business,0,4,3,5,1,4,1,4,8740,neutral
First,0,1,2,1,5,3,5,2,3701,dissatisfied
First,0,3,4,3,3,3,1,4,10325,neutral
First,0,4,5,2,5,3,1,4,3247,neutral
Business,12,1,2,2,5,3,3,1,12275,dissatisfied
Business,15,2,1,2,1,2,4,4,10210,dissatisfied
First,0,1,2,3,4,4,3,3,5361,dissatisfied
First,19,4,5,2,1,3,3,1,5558,neutral
Economy,20,4,3,3,3,3,2,4,3016,neutral
First,20,2,5,2,5,5,2,4,10514,dissatisfied
First,63,4,2,4,4,1,5,3,4551,dissatisfied
First,0,5,3,1,3,5,3,1,6179,dissatisfied
Business,0,2,4,3,2,2,4,5,4277,neutral
First,19,3,3,3,5,1,1,4,4207,dissatisfied
First,54,1,2,1,3,1,3,5,2467,dissatisfied
First,0,3,2,4,2,3,2,3,12507,neutral
First,15,2,3,1,4,1,5,2,591,dissatisfied
Economy,19,5,3,3,5,2,1,2,11268,neutral
Business,0,2,3,2,3,5,1,4,12678,dissatisfied
Economy,0,5,2,2,4,3,2,4,12474,dissatisfied
First,78,4,1,4,4,4,5,3,9797,dissatisfied
Economy,11,2,3,3,2,5,3,1,6561,dissatisfied
First,0,3,3,3,3,3,3,4,2585,neutral
Economy,59,1,4,4,4,3,3,2,4045,dissatisfied
Economy,0,2,5,5,2,1,1,3,11055,neutral
First,0,1,4,4,3,3,4,1,1243,neutral
Business,0,2,1,1,2,3,1,3,2603,dissatisfied
Business,0,2,3,1,3,1,5,4,13455,dissatisfied
First,0,2,2,5,3,5,2,2,2914,neutral
Business,33,4,1,1,5,4,4,3,7290,dissatisfied
First,52,3,2,4,3,4,1,2,13733,dissatisfied
Economy,54,4,3,1,3,4,2,4,4045,dissatisfied
Economy,7,3,5,4,2,2,2,3,989,neutral
Economy,58,1,2,1,4,5,4,1,5918,dissatisfied
First,0,4,4,1,4,1,1,4,9750,dissatisfied
Economy,68,1,4,2,4,4,1,2,3579,dissatisfied
First,17,2,2,2,4,3,2,4,5992,dissatisfied
Business,52,4,4,4,1,3,4,1,5802,neutral
First,33,4,1,5,5,3,3,5,900,neutral
Business,23,2,1,2,1,3,1,5,2568,dissatisfied
First,54,5,3,4,5,1,1,4,3022,neutral
First,4,1,2,4,2,4,5,3,10697,dissatisfied
Business,54,3,1,2,4,3,2,5,6794,dissatisfied
First,10,3,3,5,2,5,5,4,7905,neutral
Economy,125,3,1,1,2,5,4,4,10934,dissatisfied
Business,0,4,4,5,1,1,2,1,530,neutral
Business,36,3,2,2,1,1,3,1,1567,dissatisfied
Economy,31,3,3,4,5,5,4,4,9793,neutral
Business,51,2,4,2,2,2,2,1,13933,dissatisfied
First,0,1,1,2,2,2,2,1,3876,dissatisfied
Economy,5,4,5,2,5,4,5,3,3724,neutral
First,0,2,5,2,1,4,3,3,10292,dissatisfied
Business,34,2,5,5,4,3,3,4,7255,neutral
Economy,68,4,3,3,1,5,4,2,12395,dissatisfied
Business,17,2,2,2,2,2,1,3,11979,dissatisfied
First,48,5,4,5,1,1,5,1,8733,neutral
Economy,121,4,3,5,2,3,5,3,13133,dissatisfied
Economy,20,1,5,2,1,4,1,3,1630,dissatisfied
First,0,4,2,5,4,2,5,2,6674,neutral
First,27,2,2,2,4,2,1,2,2126,dissatisfied
Business,58,2,3,4,1,4,4,3,3433,dissatisfied
Economy,0,1,2,1,4,4,2,1,7582,dissatisfied
Business,0,1,5,5,4,3,2,5,1935,neutral
Business,0,5,3,3,4,5,3,2,6674,neutral
Business,39,4,4,3,5,4,5,4,13118,neutral
Business,0,3,3,4,4,5,5,3,1617,neutral
Economy,75,2,1,5,1,2,5,1,3882,dissatisfied
Business,50,3,1,4,3,2,2,4,2560,dissatisfied
First,87,2,5,3,1,5,2,3,13393,dissatisfied
Business,35,1,4,4,4,3,2,1,636,dissatisfied
Economy,53,3,1,2,1,1,3,2,13854,dissatisfied
Economy,48,2,5,1,5,5,1,4,5283,dissatisfied
Economy,0,4,4,2,1,4,1,1,13604,neutral
First,51,4,1,5,4,2,5,1,3354,dissatisfied
Economy,48,4,4,3,2,3,1,1,13299,neutral
Business,0,2,2,5,4,2,1,3,12023,neutral
Economy,0,4,3,4,1,1,2,4,10752,neutral
Economy,22,5,3,1,3,3,2,3,8479,dissatisfied
First,28,5,5,2,1,2,1,4,6516,neutral
Business,0,1,4,2,3,5,1,5,1567,dissatisfied
First,35,3,4,1,2,2,5,3,552,dissatisfied
Economy,30,2,2,1,5,2,3,4,12797,dissatisfied
First,34,4,4,4,1,2,2,2,9909,neutral
Business,0,4,4,2,3,4,2,1,3262,neutral
Business,31,1,4,3,2,4,5,3,11323,dissatisfied
Business,40,2,2,1,4,2,2,5,4035,dissatisfied
Business,64,2,2,4,5,5,3,4,4898,dissatisfied
Business,0,4,2,1,2,1,5,1,12796,dissatisfied
First,132,2,4,5,1,3,4,5,2017,dissatisfied
Business,69,4,4,1,4,5,2,2,1313,dissatisfied
First,30,5,3,5,1,5,1,3,4878,neutral
Economy,35,4,4,5,5,5,1,1,1647,neutral
Business,0,1,5,3,4,3,5,4,2342,neutral
First,11,1,2,5,2,4,1,5,13769,dissatisfied
Economy,53,4,4,5,4,1,4,2,10034,neutral
Business,8,2,2,5,4,2,4,2,8398,neutral
Business,0,3,2,1,1,2,4,5,6574,dissatisfied
Economy,19,5,5,1,3,1,4,4,1266,neutral
Business,30,3,2,4,5,5,5,2,665,dissatisfied
Economy,0,5,2,2,4,3,3,3,6565,dissatisfied
Economy,25,5,2,3,4,5,5,3,5679,neutral
Business,34,2,3,1,4,2,2,1,9913,dissatisfied
Economy,0,5,3,4,1,3,1,5,8520,neutral
Economy,0,1,4,4,4,5,4,1,10133,neutral
Business,24,1,3,3,4,3,2,3,10426,dissatisfied
First,21,5,4,4,2,5,2,3,1575,neutral
First,0,4,3,1,5,1,3,2,10621,dissatisfied
Economy,28,3,5,5,4,3,5,1,10287,neutral
Economy,38,2,2,1,4,1,1,3,3605,dissatisfied
Economy,0,5,5,4,4,3,4,1,4111,neutral
First,10,5,4,2,1,5,4,5,11642,neutral
Business,25,5,4,2,3,2,3,2,9916,neutral
Business,63,1,1,5,1,3,3,5,7400,dissatisfied
First,30,1,3,4,3,3,4,2,13356,dissatisfied
First,41,3,3,5,4,2,4,2,6252,neutral
Business,0,2,5,5,2,2,4,1,4421,neutral
Economy,81,5,3,5,1,2,3,2,4722,neutral
Business,0,1,5,2,3,2,2,4,1701,dissatisfied
Business,44,1,3,3,4,4,2,4,6800,dissatisfied
Economy,23,4,2,4,3,1,5,3,6017,neutral
Business,4,5,4,5,4,5,1,5,9089,neutral
First,2,5,3,5,1,2,2,1,7088,neutral
Business,39,2,2,1,1,4,4,3,7193,dissatisfied
First,0,4,1,1,3,2,3,3,5181,dissatisfied
Business,8,5,1,1,4,5,4,1,6800,dissatisfied
First,0,1,5,4,1,4,4,1,7622,neutral
Business,8,3,2,3,5,5,4,1,6042,dissatisfied
First,40,2,1,4,1,1,1,2,11249,dissatisfied
Business,23,5,5,4,4,3,1,5,2199,neutral
Economy,0,5,5,2,5,2,3,1,3239,neutral
Economy,18,1,1,4,1,2,1,5,5865,dissatisfied
Economy,95,3,1,1,4,1,4,2,9380,dissatisfied
Economy,0,1,3,1,3,4,1,3,4527,dissatisfied
Business,27,1,4,5,3,4,3,3,5381,neutral
Economy,54,3,1,5,1,4,1,5,9746,dissatisfied
First,0,1,3,1,4,4,2,4,11487,dissatisfied
First,1,1,5,4,4,5,3,2,4655,neutral
Economy,60,1,5,4,4,1,4,5,13697,dissatisfied
Economy,0,3,2,3,4,4,2,5,800,dissatisfied
Economy,42,1,2,4,3,3,4,5,10395,dissatisfied
First,44,3,3,2,5,1,5,5,10222,dissatisfied
Business,0,5,1,2,3,5,3,5,12875,dissatisfied
Economy,20,5,5,4,3,3,1,4,8546,neutral
Business,99,1,5,5,1,4,5,2,2737,dissatisfied
Business,1,4,2,5,3,3,4,4,11472,neutral
First,67,5,3,5,3,2,5,2,7637,neutral
Economy,43,3,1,2,2,3,4,4,13624,dissatisfied
Economy,23,5,1,1,1,2,5,4,6098,dissatisfied
Business,29,5,2,3,5,5,2,3,10810,neutral
First,54,1,1,5,1,5,2,2,10725,dissatisfied
Economy,0,3,3,4,1,1,3,2,9156,neutral
Economy,18,4,5,1,2,3,3,4,13682,dissatisfied
First,0,3,2,3,2,4,2,2,11380,dissatisfied
First,92,5,1,1,3,2,5,4,5523,dissatisfied
Business,14,5,5,4,4,1,3,3,3254,neutral
Economy,44,1,4,1,4,2,3,5,12915,dissatisfied
Economy,45,4,2,3,3,2,2,2,13022,dissatisfied
Business,27,2,2,4,5,3,5,2,7338,dissatisfied
First,2,4,4,2,5,2,3,1,2525,neutral
Economy,0,3,3,1,2,2,2,2,4994,dissatisfied
First,0,1,2,4,3,4,5,4,8240,dissatisfied
Business,0,2,5,1,1,3,1,4,4011,dissatisfied
Economy,34,2,5,4,1,4,1,5,7194,neutral
Economy,48,3,2,5,1,1,1,4,12251,neutral
First,9,1,3,1,5,5,4,1,11273,dissatisfied
First,22,2,4,5,2,2,2,2,6534,neutral
Business,18,1,2,5,4,3,2,2,11429,dissatisfied
Economy,0,3,2,2,1,5,5,5,1231,dissatisfied
Business,42,3,3,5,3,2,4,2,6917,neutral
First,50,1,3,1,5,2,1,2,8425,dissatisfied
Economy,0,3,5,1,2,5,3,5,3376,dissatisfied
Business,62,3,3,3,3,1,4,1,10656,dissatisfied
Economy,0,2,5,5,1,4,2,4,13566,neutral
Economy,56,1,2,2,3,4,1,2,4096,dissatisfied
Economy,33,3,3,4,5,5,5,2,7322,neutral
First,27,4,3,4,2,3,3,3,8655,neutral
Business,6,4,4,4,2,1,5,5,949,neutral
Business,0,3,5,2,3,1,1,1,3232,neutral
Business,0,5,5,2,3,5,4,3,6481,neutral
Economy,0,4,3,3,1,5,1,3,4372,neutral
Business,24,2,2,3,3,4,2,4,9149,dissatisfied
Business,10,2,3,4,4,3,4,2,7903,neutral
Economy,53,2,5,5,2,4,2,1,12037,neutral
First,31,3,4,2,2,5,3,1,8914,dissatisfied
Economy,21,3,5,5,4,5,4,5,7332,neutral
Economy,0,4,2,3,2,1,3,1,6274,neutral
First,41,2,2,5,1,3,5,3,11315,dissatisfied
Economy,0,2,4,1,4,5,4,5,4578,dissatisfied
First,15,5,2,2,5,1,1,5,4908,dissatisfied
Economy,72,3,2,2,3,4,4,2,1648,dissatisfied
Business,36,4,1,4,4,4,5,3,11300,dissatisfied
Economy,0,4,5,4,1,1,3,3,4467,neutral
Economy,7,3,2,4,4,2,2,1,2568,neutral
Economy,0,2,1,1,2,4,1,5,11519,dissatisfied
First,39,1,5,4,2,2,3,4,4233,neutral
First,25,4,1,4,2,1,1,5,10236,dissatisfied
First,61,3,1,2,2,3,1,2,7616,dissatisfied
Economy,70,2,3,5,1,5,1,1,4310,dissatisfied
First,0,2,4,2,3,4,3,2,5822,dissatisfied
Economy,38,2,1,5,2,5,3,1,13505,dissatisfied
Economy,0,5,2,2,1,2,1,1,5613,dissatisfied
Economy,48,2,4,1,1,4,3,1,5099,dissatisfied
First,36,5,1,5,1,3,5,3,12946,neutral
First,30,3,2,1,5,3,4,1,11382,dissatisfied
First,9,2,2,2,5,3,1,3,3870,dissatisfied
Economy,20,3,1,3,4,3,4,2,2007,dissatisfied
Business,0,4,1,1,1,5,1,1,11427,dissatisfied
First,57,2,1,4,5,5,5,5,12810,dissatisfied
Economy,0,5,5,3,5,2,2,3,11696,neutral
Business,67,4,1,2,4,5,3,3,12361,dissatisfied
Business,0,3,4,3,2,2,2,3,6914,neutral
First,58,1,3,1,3,5,5,1,1313,dissatisfied
Economy,5,3,1,3,3,2,1,1,3309,dissatisfied
First,16,4,1,2,1,1,2,3,13227,dissatisfied
First,8,4,5,3,4,3,3,4,11090,neutral
Business,0,4,4,1,5,4,4,2,2561,dissatisfied
First,0,2,2,5,1,5,4,2,11729,neutral
First,92,3,1,5,2,3,4,5,10787,dissatisfied
First,0,3,2,1,3,5,3,5,10528,dissatisfied
Business,38,5,3,2,1,2,4,5,6795,dissatisfied
Business,0,3,1,3,5,5,4,3,5544,dissatisfied
First,51,5,3,4,2,3,5,1,2054,neutral
Business,21,1,2,1,4,3,2,2,6368,dissatisfied
Business,44,2,1,3,3,5,5,2,13346,dissatisfied
First,35,3,1,2,3,4,5,2,13427,dissatisfied
Economy,0,1,4,3,3,4,3,5,6437,dissatisfied
First,5,3,4,2,5,1,5,1,10094,dissatisfied
Economy,13,5,1,1,1,1,1,5,3634,dissatisfied
Business,3,1,3,3,5,1,1,2,2469,dissatisfied
Economy,0,3,5,4,3,2,1,2,11148,neutral
Economy,63,1,3,4,1,4,4,2,13082,dissatisfied
Business,36,1,4,3,5,1,5,5,8273,dissatisfied
First,6,2,4,1,3,4,5,3,12799,dissatisfied
First,0,2,5,5,3,5,4,3,7395,neutral
Business,13,1,4,2,4,5,5,3,6570,dissatisfied
First,0,3,4,5,5,5,4,1,11069,neutral
Economy,35,1,2,2,4,3,3,1,10197,dissatisfied
Economy,4,3,5,2,1,4,2,2,10444,neutral
Economy,1,5,4,2,4,5,3,2,3936,neutral
Business,61,4,3,5,3,1,4,4,9610,neutral
Economy,0,3,4,4,2,5,1,3,4542,neutral
Business,77,2,1,4,1,4,1,5,5460,dissatisfied
First,0,3,5,4,5,2,1,5,2904,neutral
Business,0,4,3,1,4,5,5,4,5960,dissatisfied
Business,9,1,1,5,5,3,5,3,13001,dissatisfied
Business,19,5,1,2,2,3,1,2,4996,dissatisfied
Business,0,5,2,1,1,4,1,3,2924,dissatisfied
Economy,73,4,2,1,3,4,3,3,3551,dissatisfied
Economy,32,5,3,5,4,1,4,5,7918,neutral
Business,0,3,5,3,4,1,5,5,2544,neutral
Business,2,1,3,3,1,3,2,2,1310,dissatisfied
Economy,31,3,1,4,2,5,4,2,13928,dissatisfied
Economy,11,4,2,4,1,1,1,5,4132,neutral
Economy,0,2,1,4,4,1,3,4,2530,dissatisfied
First,54,5,1,3,3,1,2,4,12191,dissatisfied
Economy,83,4,2,1,4,1,4,1,2530,dissatisfied
First,18,1,2,1,2,1,2,4,9388,dissatisfied
First,34,2,5,1,5,5,1,5,1025,dissatisfied
First,63,1,1,4,5,2,4,3,7566,dissatisfied
Economy,0,3,2,3,1,1,5,2,4090,dissatisfied
Economy,82,2,3,4,4,4,3,3,7723,dissatisfied
Economy,0,5,1,2,2,2,5,3,874,dissatisfied
Business,35,2,5,4,2,3,2,3,9938,neutral
First,0,3,5,2,5,5,4,1,11647,neutral
Economy,0,5,1,2,5,1,4,3,4469,dissatisfied
Economy,0,3,4,3,1,3,5,4,7753,neutral
Economy,5,3,1,1,1,2,1,2,11835,dissatisfied
Business,0,5,3,5,2,2,3,3,515,neutral
Business,53,5,5,4,1,5,4,2,10475,neutral
First,20,3,2,3,3,5,2,1,5260,dissatisfied
Business,43,3,2,4,4,1,1,4,4470,dissatisfied
Economy,43,5,1,2,3,4,4,2,11729,dissatisfied
Economy,15,3,2,1,1,5,3,4,9061,dissatisfied
Economy,0,1,1,1,3,2,4,1,1696,dissatisfied
Business,49,1,4,5,1,3,5,4,1189,neutral
First,0,1,2,2,5,3,5,5,1734,dissatisfied
Business,73,1,3,5,4,3,2,2,4216,dissatisfied
Business,55,3,3,4,4,5,5,3,11028,dissatisfied
Business,19,3,5,1,2,1,5,5,9908,dissatisfied
Economy,0,2,2,1,1,2,5,1,9747,dissatisfied
Business,30,2,1,5,1,5,2,3,9488,dissatisfied
Business,89,2,4,2,5,5,2,4,3929,dissatisfied
First,12,2,3,1,5,4,1,2,5386,dissatisfied
Economy,0,3,5,3,1,3,4,1,13695,neutral
Business,20,2,1,3,5,2,2,4,3030,dissatisfied
Economy,37,3,3,2,4,3,1,2,9148,dissatisfied
Business,52,1,2,2,4,1,3,5,9598,dissatisfied
Economy,12,3,5,5,1,1,4,1,7022,neutral
First,0,2,5,2,2,5,3,1,5303,dissatisfied
Business,84,3,1,5,4,1,3,5,4104,dissatisfied
First,0,3,5,2,4,2,2,3,505,neutral
First,54,5,3,3,1,5,2,5,8159,dissatisfied
First,42,2,1,1,4,2,1,3,4186,dissatisfied
Economy,50,4,3,2,4,3,2,5,3898,dissatisfied
Economy,0,4,3,2,1,1,1,5,8800,dissatisfied
First,0,3,2,2,4,1,2,1,8215,dissatisfied
Economy,25,5,5,3,1,5,3,3,1282,neutral
First,0,3,2,4,2,3,4,4,3836,neutral
