origin,destination,days_before_departure,season,seat_class,airline,distance_km,demand_score,competitor_price,is_holiday,price_usd
CDG,BOM,296,winter,Economy,AeroGulf,13673,0.03,1688,0,4970
JFK,LHR,148,summer,Economy,SkyMind,13696,0.87,1532,1,1063
JFK,SIN,207,winter,Economy,SkyMind,12767,0.7,545,1,2341
SYD,SIN,360,spring,Business,PacificAir,8140,0.17,753,1,1475
SIN,BOM,227,autumn,First,SkyMind,7434,0.03,146,1,2734
NRT,CDG,360,winter,First,SkyMind,6578,0.26,1218,1,369
CDG,FRA,184,autumn,First,EuroWings,3823,0.92,1980,0,400
FRA,LAX,41,spring,Economy,AsiaJet,8866,0.67,1050,0,3368
CDG,FRA,182,spring,First,EuroWings,7605,0.92,1612,0,2935
LHR,LAX,44,winter,Business,PacificAir,1863,0.45,1846,0,389
JFK,SIN,210,summer,Business,AeroGulf,11587,0.94,751,1,2150
DXB,FRA,337,autumn,Economy,PacificAir,9729,0.46,1386,0,3527
JFK,SYD,250,autumn,Economy,SkyMind,7989,0.2,1556,1,503
BOM,JFK,84,autumn,Economy,AsiaJet,8451,0.15,753,0,3074
SIN,CDG,139,spring,First,SkyMind,3511,0.99,1042,1,423
LHR,DXB,231,spring,First,AsiaJet,2590,0.33,753,1,456
SIN,NRT,12,winter,First,AsiaJet,9152,0.16,1082,1,3272
SYD,CDG,273,winter,Business,AsiaJet,11444,0.01,1814,0,662
LAX,NRT,90,spring,Business,AeroGulf,648,0.29,342,1,162
NRT,SYD,25,summer,First,PacificAir,4933,0.89,1777,0,2010
NRT,SIN,26,autumn,Business,AeroGulf,5598,0.53,954,1,2226
NRT,NRT,153,autumn,Business,AeroGulf,1633,0.63,1003,1,442
FRA,SIN,60,spring,Economy,AeroGulf,853,0.92,1456,1,564
LAX,LAX,60,summer,First,EuroWings,9799,0.51,711,0,1902
SYD,LHR,283,summer,Business,EuroWings,11294,0.84,1231,1,712
JFK,DXB,171,summer,Business,EuroWings,2613,0.32,420,0,949
LHR,SIN,76,summer,First,AeroGulf,8055,0.98,904,0,1622
LAX,CDG,276,summer,First,SkyMind,12786,0.08,573,0,2272
JFK,FRA,208,winter,Economy,EuroWings,6510,0.72,807,1,481
BOM,BOM,155,spring,Economy,EuroWings,4185,0.66,371,1,1562
SIN,SIN,180,spring,First,AeroGulf,3706,0.19,1596,0,704
NRT,DXB,82,spring,Business,PacificAir,1609,0.39,566,0,370
BOM,LAX,10,autumn,Economy,SkyMind,12871,0.31,1527,1,2387
NRT,JFK,243,summer,First,AsiaJet,10669,0.09,854,1,3907
FRA,CDG,178,summer,Economy,AsiaJet,8918,0.58,323,1,3176
LHR,FRA,286,autumn,Business,SkyMind,11631,0.99,1235,1,742
CDG,BOM,257,summer,Business,AeroGulf,9704,0.56,1578,1,514
SYD,NRT,310,summer,First,PacificAir,12807,0.55,387,0,805
DXB,SYD,4,summer,Economy,PacificAir,3606,0.04,1576,1,1348
FRA,FRA,215,summer,Business,AsiaJet,4436,0.14,440,0,748
LAX,LAX,30,summer,Business,PacificAir,11494,0.51,257,1,4217
CDG,DXB,346,winter,Economy,AsiaJet,10158,0.99,759,1,3587
SIN,BOM,65,spring,First,EuroWings,11680,0.88,285,1,4424
LHR,LHR,124,winter,Economy,AeroGulf,8961,0.34,128,0,587
LAX,DXB,285,summer,Economy,PacificAir,4306,0.54,1531,0,796
CDG,SIN,153,spring,Economy,AeroGulf,7049,0.55,996,0,2615
LAX,CDG,40,spring,Economy,EuroWings,10223,0.69,846,0,749
LHR,BOM,26,spring,Economy,SkyMind,8995,0.69,1150,1,3487
NRT,DXB,273,spring,Business,SkyMind,13597,0.79,1084,1,2520
CDG,DXB,159,autumn,First,SkyMind,5648,0.02,1886,1,283
NRT,FRA,189,spring,First,AsiaJet,2432,0.94,632,1,976
CDG,LHR,264,autumn,Business,AsiaJet,2540,0.07,1012,1,114
JFK,LAX,69,autumn,First,SkyMind,8434,0.48,1215,0,1705
LAX,SIN,1,spring,First,EuroWings,13696,0.92,1027,1,2776
LHR,SYD,79,summer,Economy,AsiaJet,12713,0.49,271,0,871
LHR,JFK,228,summer,First,SkyMind,8833,0.06,213,0,3271
NRT,DXB,327,spring,Economy,AeroGulf,7289,0.23,1221,0,1391
FRA,DXB,46,spring,First,SkyMind,6275,0.58,1378,0,1270
JFK,LAX,108,autumn,Business,SkyMind,9500,0.09,1145,0,3418
LHR,SIN,355,winter,First,AeroGulf,1447,0.42,653,0,80
CDG,JFK,124,autumn,Business,AsiaJet,12643,0.33,1244,1,776
CDG,NRT,148,summer,Economy,AeroGulf,12104,0.82,310,1,4590
SYD,DXB,252,winter,Economy,AsiaJet,10984,0.11,1825,1,1937
SIN,JFK,2,winter,Economy,EuroWings,1265,0.68,915,1,473
BOM,SIN,222,winter,Economy,AsiaJet,11615,0.41,1771,0,4264
JFK,CDG,189,autumn,Business,PacificAir,7672,0.59,485,1,2832
FRA,LAX,71,autumn,First,AsiaJet,5515,0.21,1000,0,472
DXB,JFK,359,spring,Economy,PacificAir,9630,0.61,1407,0,502
NRT,SIN,333,autumn,Economy,AsiaJet,2996,0.67,1176,1,1092
CDG,NRT,97,autumn,Economy,AeroGulf,4062,0.07,1991,0,722
JFK,BOM,232,winter,Business,AsiaJet,1762,0.82,740,1,243
LHR,LAX,30,winter,Business,SkyMind,6893,0.86,1714,1,2735
JFK,JFK,30,autumn,Business,AsiaJet,5550,0.06,1584,1,929
JFK,JFK,215,summer,First,AeroGulf,5910,0.6,1858,1,490
SYD,SYD,173,winter,First,AeroGulf,1042,0.59,1844,1,492
DXB,LAX,280,spring,Economy,AsiaJet,11371,0.01,1979,1,4042
SIN,DXB,211,summer,Business,AsiaJet,13890,0.34,1050,1,2525
JFK,DXB,317,winter,First,AsiaJet,11646,0.97,1431,1,2069
FRA,LHR,125,spring,First,EuroWings,7164,0.56,1456,0,2680
SYD,CDG,80,winter,Business,PacificAir,8223,0.93,312,1,1705
DXB,JFK,184,spring,First,AsiaJet,11623,0.68,1659,0,4268
BOM,BOM,15,winter,Business,AsiaJet,3281,0.03,289,0,576
FRA,NRT,11,winter,Business,PacificAir,12931,0.08,1113,1,2270
SYD,JFK,342,autumn,Business,SkyMind,11683,0.72,283,1,731
BOM,BOM,89,summer,Economy,EuroWings,3112,0.55,1337,1,215
BOM,BOM,3,summer,First,EuroWings,12340,0.13,192,1,2261
LAX,LHR,24,autumn,Economy,SkyMind,1699,0.61,1531,1,692
DXB,NRT,89,winter,Business,PacificAir,10809,0.81,1743,0,2131
LAX,JFK,9,summer,First,PacificAir,11372,0.75,815,1,901
DXB,SYD,46,spring,First,AeroGulf,7532,0.25,1399,1,2797
JFK,LHR,94,spring,Economy,PacificAir,11540,0.26,1101,0,2178
SYD,LAX,71,winter,Economy,EuroWings,6823,0.97,1157,0,1514
BOM,LHR,188,winter,First,AeroGulf,5188,0.89,1906,0,982
NRT,LHR,139,spring,Economy,AsiaJet,13354,0.32,918,0,2460
DXB,CDG,10,winter,Economy,AsiaJet,5286,0.82,344,0,656
JFK,JFK,3,autumn,Business,AsiaJet,4181,0.16,1762,1,304
SYD,JFK,19,summer,First,AeroGulf,5729,0.2,1895,1,359
LHR,FRA,130,spring,Business,EuroWings,3995,0.18,1432,0,270
LHR,LHR,221,autumn,Business,PacificAir,9356,0.09,1777,0,3359
LAX,NRT,130,spring,First,AeroGulf,6578,0.85,804,1,2473
CDG,NRT,113,spring,First,EuroWings,13193,0.58,1540,0,4913
SIN,SYD,138,winter,Business,PacificAir,13773,0.26,1503,0,2556
FRA,BOM,43,summer,First,SkyMind,3662,0.85,149,0,1476
LAX,BOM,218,autumn,Business,EuroWings,12057,0.8,338,0,815
SYD,JFK,58,spring,Business,SkyMind,1916,0.1,1358,1,111
SYD,CDG,113,spring,Economy,AsiaJet,3608,0.64,418,0,701
BOM,NRT,188,winter,Business,AsiaJet,9208,0.72,661,0,3348
JFK,SIN,122,autumn,First,EuroWings,9541,0.72,1216,0,1797
LHR,FRA,85,winter,Business,SkyMind,8329,0.72,859,0,1661
DXB,CDG,106,winter,Business,AeroGulf,10593,0.17,429,0,3826
LHR,SIN,356,autumn,First,PacificAir,1407,0.32,1543,1,207
JFK,BOM,99,summer,First,AsiaJet,9007,0.84,1585,1,3406
NRT,LAX,9,winter,Economy,AsiaJet,11935,0.9,1465,1,4597
BOM,DXB,6,spring,First,AsiaJet,8073,0.28,341,1,1553
JFK,DXB,108,summer,Business,AsiaJet,10199,0.02,708,1,666
SYD,SIN,152,spring,First,EuroWings,12814,0.86,1599,0,4752
NRT,CDG,338,summer,First,EuroWings,10210,0.38,711,0,701
NRT,BOM,237,spring,Economy,SkyMind,12842,0.33,1122,1,822
BOM,DXB,27,winter,Business,AeroGulf,2434,0.35,1607,1,949
FRA,JFK,119,winter,Economy,SkyMind,6451,0.42,1045,0,476
NRT,SIN,211,winter,Economy,AeroGulf,4844,0.38,1548,1,857
FRA,FRA,100,autumn,Business,EuroWings,7926,0.57,965,1,1535
SYD,LHR,3,winter,First,AsiaJet,10493,0.08,1350,1,674
FRA,LAX,294,summer,Business,SkyMind,6834,0.97,254,1,1317
BOM,JFK,330,winter,Economy,AeroGulf,3122,0.94,641,0,1130
BOM,SIN,329,autumn,Economy,PacificAir,9548,0.93,259,1,3601
JFK,SIN,17,spring,Business,AeroGulf,6065,0.88,1334,1,606
SIN,DXB,106,autumn,Economy,SkyMind,10568,0.66,889,1,1958
BOM,NRT,230,summer,First,EuroWings,2025,0.22,1848,1,206
NRT,NRT,304,summer,First,AsiaJet,1916,0.05,1704,0,377
DXB,LHR,177,autumn,Business,PacificAir,12171,0.1,1784,0,4408
SYD,DXB,84,spring,Business,SkyMind,12563,0.32,588,0,2312
JFK,NRT,263,winter,First,EuroWings,2294,0.5,1379,0,474
LHR,NRT,196,summer,Business,AeroGulf,11757,0.99,155,1,923
FRA,SYD,249,winter,First,EuroWings,3220,0.44,951,0,1211
NRT,FRA,149,spring,First,EuroWings,7326,0.52,1865,1,1337
DXB,FRA,206,summer,First,AsiaJet,12896,0.7,1282,0,4561
LAX,LHR,81,spring,First,SkyMind,7295,0.18,968,0,1374
FRA,BOM,189,spring,Business,EuroWings,4176,0.93,1065,1,1588
NRT,NRT,206,autumn,First,AeroGulf,5576,0.53,1218,1,1067
CDG,NRT,308,spring,First,AeroGulf,6869,0.28,1362,0,2445
SYD,LAX,269,summer,Economy,AsiaJet,9044,0.94,782,0,1658
LAX,LHR,290,autumn,Economy,EuroWings,11923,0.63,315,1,4292
NRT,FRA,361,summer,Economy,AeroGulf,10119,0.48,1561,1,1789
SIN,LHR,300,autumn,Economy,AeroGulf,6326,0.58,1881,1,1208
JFK,NRT,255,autumn,Business,AsiaJet,2692,0.75,245,1,1065
NRT,DXB,8,spring,Economy,EuroWings,10469,0.15,1631,1,611
FRA,NRT,114,spring,Economy,AsiaJet,4036,0.86,1920,1,850
FRA,NRT,5,winter,Economy,EuroWings,7799,0.96,223,1,1706
JFK,BOM,342,summer,Business,AeroGulf,9808,0.57,1824,1,651
NRT,CDG,73,summer,First,SkyMind,2820,0.68,918,0,722
BOM,CDG,348,winter,Economy,AeroGulf,8371,0.86,431,1,2975
LHR,NRT,121,spring,First,SkyMind,1033,0.37,1391,1,185
SIN,NRT,302,summer,Economy,EuroWings,9909,0.99,704,0,1746
BOM,BOM,234,summer,Business,EuroWings,11680,0.68,288,1,4267
NRT,DXB,66,spring,Business,PacificAir,10920,0.42,1706,1,4058
BOM,LAX,230,autumn,Business,EuroWings,5851,0.68,243,1,322
CDG,CDG,31,spring,First,EuroWings,2479,0.52,1251,0,396
DXB,LAX,307,winter,Business,PacificAir,2576,0.11,1647,1,226
NRT,LHR,297,summer,First,SkyMind,9223,0.8,929,0,3397
FRA,JFK,51,autumn,Business,EuroWings,11768,0.56,824,1,2214
LHR,DXB,147,winter,Economy,AsiaJet,10636,0.8,1485,0,3968
SYD,NRT,95,spring,Economy,EuroWings,4735,0.15,1695,0,1777
FRA,LHR,329,autumn,Economy,EuroWings,11791,0.54,948,1,667
SIN,DXB,38,summer,Economy,AeroGulf,6741,0.77,1919,0,1411
LHR,LAX,198,autumn,First,EuroWings,13049,0.99,931,0,4879
DXB,LAX,241,summer,Business,EuroWings,12521,0.88,706,0,766
NRT,CDG,173,spring,First,AsiaJet,4614,0.86,171,0,429
FRA,BOM,256,autumn,First,PacificAir,3084,0.25,721,0,489
BOM,LAX,41,autumn,Economy,PacificAir,10240,0.84,1045,1,2019
BOM,NRT,129,autumn,Business,PacificAir,1988,0.17,1405,1,127
FRA,LHR,54,summer,First,AeroGulf,4159,0.2,1547,1,825
LHR,SIN,86,spring,First,EuroWings,6902,0.11,538,0,1232
CDG,JFK,212,spring,First,SkyMind,13819,0.86,1747,1,5089
SYD,FRA,269,summer,First,SkyMind,8547,0.11,258,0,1512
FRA,SYD,296,autumn,Business,AsiaJet,727,0.14,1846,0,80
DXB,FRA,21,summer,Economy,AeroGulf,4971,0.25,1374,0,1027
NRT,FRA,215,summer,Economy,AeroGulf,5742,0.57,1450,0,2079
CDG,FRA,189,winter,First,EuroWings,13901,0.88,724,0,2667
SYD,BOM,161,spring,Business,SkyMind,8123,0.42,1640,0,2994
LAX,NRT,201,summer,Business,AeroGulf,13523,0.55,1776,1,2479
JFK,LHR,29,autumn,First,AsiaJet,4852,0.17,1013,0,859
BOM,LAX,244,summer,Business,SkyMind,5428,0.27,437,1,295
FRA,DXB,183,summer,First,AeroGulf,7815,0.13,854,1,451
JFK,NRT,32,summer,Economy,EuroWings,13488,0.41,1754,0,2532
LAX,JFK,267,autumn,Economy,EuroWings,13698,0.59,1941,0,2543
BOM,BOM,36,winter,Economy,EuroWings,1198,0.28,1763,0,491
LAX,BOM,93,summer,First,EuroWings,937,0.85,1207,1,515
NRT,DXB,159,spring,First,SkyMind,6319,0.98,1879,0,540
LAX,SIN,180,summer,Economy,SkyMind,6680,0.12,1236,0,1244
JFK,FRA,306,winter,First,AeroGulf,10376,0.02,1082,1,1900
SYD,BOM,218,summer,Business,AsiaJet,2653,0.79,775,1,981
JFK,LAX,329,spring,Economy,PacificAir,13402,0.19,468,0,2403
CDG,LAX,353,winter,Business,PacificAir,6538,0.35,726,0,1241
BOM,LHR,343,spring,Business,EuroWings,6508,0.39,1227,1,1112
LHR,LAX,227,spring,First,AeroGulf,6875,0.92,1303,0,2583
BOM,BOM,212,spring,First,PacificAir,11606,0.66,1412,1,4252
DXB,LAX,353,winter,Economy,PacificAir,11909,0.04,1571,0,4259
SIN,LAX,163,winter,First,PacificAir,5636,0.01,1355,1,1095
SYD,JFK,158,spring,First,PacificAir,5778,0.2,1448,0,2115
DXB,NRT,110,spring,Business,PacificAir,1459,0.32,1475,1,230
CDG,JFK,55,autumn,First,AeroGulf,10531,0.48,1068,0,754
FRA,CDG,350,winter,Economy,PacificAir,8969,0.84,769,1,3262
CDG,FRA,214,summer,First,PacificAir,4720,0.31,1731,1,1708
SYD,NRT,15,winter,Economy,AeroGulf,4256,0.38,1354,0,847
LAX,LHR,153,autumn,Business,SkyMind,8087,0.33,423,1,2989
SYD,JFK,20,autumn,Business,SkyMind,10035,0.01,889,0,3636
JFK,SYD,52,spring,Business,SkyMind,5270,0.96,926,1,593
SIN,FRA,343,winter,Economy,PacificAir,9406,0.14,363,1,585
DXB,FRA,321,summer,Business,AeroGulf,10197,0.29,549,0,555
NRT,NRT,84,winter,Business,SkyMind,4421,0.13,648,1,254
SYD,JFK,326,autumn,First,EuroWings,3214,0.49,1734,0,1215
JFK,SIN,224,summer,Economy,EuroWings,1847,0.93,1864,0,120
CDG,CDG,129,summer,Business,AeroGulf,5508,0.1,1435,0,1025
JFK,BOM,350,spring,First,PacificAir,6585,0.44,1312,0,1185
SIN,SYD,16,winter,First,SkyMind,8669,0.02,1721,1,3169
NRT,JFK,274,winter,Business,PacificAir,11134,0.77,164,0,2082
CDG,LHR,77,winter,Economy,SkyMind,5368,0.64,1738,1,440
CDG,JFK,300,summer,Business,AsiaJet,4460,0.7,525,1,269
DXB,NRT,306,autumn,First,AsiaJet,13868,0.47,723,1,2492
BOM,SYD,92,autumn,Economy,PacificAir,10444,0.91,452,1,3993
JFK,BOM,270,spring,First,EuroWings,3005,0.41,1044,0,97
SIN,CDG,52,autumn,Business,PacificAir,5596,0.51,679,0,474
BOM,LHR,349,winter,Economy,SkyMind,7875,0.7,1107,0,1382
NRT,LHR,121,spring,Business,PacificAir,2237,0.52,1260,0,919
CDG,FRA,50,autumn,Business,PacificAir,12861,0.19,235,1,4696
DXB,NRT,273,autumn,Business,SkyMind,1608,0.32,1437,1,230
BOM,NRT,120,spring,First,EuroWings,3179,0.09,1110,0,197
NRT,DXB,95,summer,Economy,AsiaJet,1537,0.43,825,1,379
DXB,DXB,149,spring,Economy,SkyMind,6260,0.61,1620,0,1239
SYD,LAX,289,summer,First,PacificAir,9603,0.12,1997,1,1729
LHR,SYD,257,winter,Economy,AeroGulf,13581,0.63,852,0,809
CDG,BOM,184,summer,Economy,PacificAir,2596,0.89,409,1,234
JFK,NRT,260,spring,Business,PacificAir,11705,0.34,1720,0,2067
CDG,JFK,150,winter,Business,AeroGulf,858,0.22,1683,0,375
LAX,JFK,205,spring,First,PacificAir,6453,0.89,1561,1,1272
CDG,JFK,172,spring,Economy,AeroGulf,1576,0.69,1484,1,201
DXB,DXB,313,summer,First,PacificAir,7736,0.11,255,1,2704
CDG,JFK,222,summer,First,EuroWings,6171,0.41,1736,1,2268
JFK,LHR,168,summer,First,AsiaJet,6315,0.67,1061,1,519
SIN,BOM,244,winter,First,EuroWings,6264,0.57,465,0,340
SIN,FRA,218,summer,Business,SkyMind,10795,0.62,1204,1,1991
LAX,FRA,56,winter,First,SkyMind,5474,0.57,1763,0,394
BOM,CDG,63,spring,Economy,PacificAir,4027,0.8,1794,1,1627
SYD,NRT,103,spring,Business,SkyMind,2802,0.32,1360,0,528
NRT,DXB,167,summer,Business,SkyMind,12792,0.71,1520,1,2437
FRA,LHR,7,autumn,First,PacificAir,10296,0.99,1182,1,4006
SIN,LHR,142,spring,Business,PacificAir,1575,0.39,1360,0,230
JFK,SYD,125,autumn,Business,AsiaJet,4548,0.79,1633,1,971
DXB,SYD,90,autumn,Business,AeroGulf,828,0.25,437,1,371
LAX,CDG,311,autumn,Business,PacificAir,11924,0.28,571,0,4277
BOM,BOM,216,summer,Business,AsiaJet,3977,0.93,1538,0,1490
DXB,SIN,123,winter,Business,EuroWings,7624,0.03,388,0,505
LHR,LAX,186,spring,Economy,SkyMind,1502,0.22,473,0,184
DXB,BOM,153,autumn,Business,AeroGulf,13570,0.48,1432,0,933
DXB,JFK,249,winter,Business,EuroWings,9268,0.4,1730,0,600
LAX,JFK,114,summer,First,PacificAir,9018,0.63,1245,0,3327
NRT,LAX,96,spring,Business,EuroWings,6886,0.19,446,0,1338
JFK,LAX,198,winter,Business,AsiaJet,10219,0.07,732,1,3717
LHR,NRT,336,summer,First,PacificAir,3321,0.37,135,0,707
BOM,FRA,3,spring,Economy,PacificAir,10157,0.52,824,1,1925
BOM,DXB,149,spring,Economy,AeroGulf,11917,0.56,1576,1,2287
CDG,JFK,111,summer,Business,AsiaJet,10973,0.6,558,0,811
LHR,NRT,20,autumn,Economy,SkyMind,13439,0.55,1349,1,4976
DXB,SIN,203,spring,Economy,EuroWings,2880,0.25,990,1,619
CDG,SIN,182,spring,Economy,AeroGulf,9186,0.76,901,1,3441
DXB,DXB,331,autumn,Economy,AeroGulf,9830,0.09,1500,1,545
CDG,CDG,227,winter,Business,PacificAir,2916,0.2,1696,1,541
FRA,FRA,292,spring,Business,EuroWings,10048,0.74,1311,1,599
LHR,SIN,358,winter,First,AeroGulf,9845,0.28,1875,0,568
SYD,DXB,76,autumn,Business,PacificAir,3749,0.49,1126,1,1501
FRA,FRA,317,spring,Business,PacificAir,2642,0.33,105,1,538
LHR,CDG,316,autumn,Economy,AsiaJet,3888,0.51,1527,1,264
LHR,NRT,223,spring,Economy,PacificAir,9816,0.35,1895,0,3537
CDG,NRT,36,spring,Business,SkyMind,5815,0.99,712,1,1333
SIN,LHR,324,spring,Business,AsiaJet,9493,0.36,408,0,1757
CDG,DXB,300,autumn,Economy,AsiaJet,10734,0.63,458,0,579
BOM,SYD,333,spring,Business,SkyMind,707,0.89,1962,1,80
FRA,NRT,90,winter,Business,SkyMind,11346,0.64,1057,1,815
JFK,JFK,29,summer,Economy,AeroGulf,9164,0.57,607,0,754
NRT,CDG,176,summer,Economy,AeroGulf,2138,0.57,564,0,492
NRT,JFK,220,summer,First,SkyMind,5627,0.5,1801,1,421
FRA,CDG,136,winter,Business,AeroGulf,8827,0.81,775,0,657
LAX,CDG,352,spring,Economy,SkyMind,4856,0.05,901,0,291
SYD,LAX,175,autumn,Economy,SkyMind,9862,0.89,617,0,1961
LAX,BOM,126,autumn,Business,PacificAir,9149,0.59,1098,1,3406
BOM,DXB,171,spring,Business,AeroGulf,6524,0.85,483,1,2492
JFK,SYD,266,winter,Economy,AsiaJet,8105,0.01,1061,1,1382
LHR,LAX,134,summer,Business,AsiaJet,1936,0.87,589,1,858
JFK,LHR,272,winter,First,AeroGulf,12263,0.12,638,1,2115
CDG,LAX,26,winter,Economy,AeroGulf,6875,0.72,650,0,587
FRA,CDG,277,autumn,Economy,AeroGulf,10840,0.42,1612,1,3935
SIN,JFK,100,spring,Business,AeroGulf,12934,0.68,1430,0,2514
DXB,BOM,362,autumn,Economy,PacificAir,13504,0.63,1398,1,2382
FRA,SYD,30,summer,Business,SkyMind,9198,0.16,707,0,614
FRA,BOM,133,summer,First,AeroGulf,11297,0.51,1979,0,2204
LAX,BOM,351,autumn,First,AeroGulf,6747,0.28,261,1,2400
CDG,SYD,139,spring,First,SkyMind,11075,0.56,700,1,691
DXB,DXB,191,spring,Economy,SkyMind,9137,0.74,1370,0,1764
JFK,FRA,187,winter,First,SkyMind,3281,0.08,1659,1,148
DXB,FRA,140,winter,Business,EuroWings,943,0.52,764,0,224
LAX,FRA,320,autumn,Business,AsiaJet,617,0.62,943,0,291
SIN,BOM,237,summer,First,AeroGulf,10232,0.3,961,0,3808
LHR,NRT,297,spring,First,PacificAir,13716,0.95,342,1,826
SIN,LHR,200,autumn,Business,PacificAir,11462,0.52,1833,0,2096
LHR,LHR,284,autumn,First,SkyMind,1066,0.18,129,0,80
CDG,LHR,80,summer,First,PacificAir,4102,0.11,580,1,244
CDG,LAX,259,winter,First,AsiaJet,2436,0.54,1842,0,1020
SYD,NRT,101,summer,Business,AeroGulf,4683,0.38,320,0,336
LAX,JFK,32,winter,Business,PacificAir,8426,0.19,1689,0,1549
LAX,CDG,277,winter,First,AsiaJet,10344,0.03,470,1,3806
SIN,LAX,121,spring,Business,AsiaJet,5071,0.57,1201,1,1055
LAX,LAX,55,spring,First,EuroWings,6301,0.6,219,1,580
BOM,LAX,18,winter,First,EuroWings,4890,0.14,1916,0,1755
DXB,FRA,309,winter,First,PacificAir,5315,0.6,1872,1,957
SYD,SIN,121,spring,Economy,AsiaJet,6000,0.95,609,1,1218
SYD,NRT,110,winter,Economy,SkyMind,13782,0.98,1896,1,1072
FRA,DXB,331,winter,First,EuroWings,5902,0.89,613,1,1148
SIN,FRA,61,winter,Economy,AsiaJet,7487,0.81,1490,0,621
SYD,CDG,264,summer,First,EuroWings,5281,0.21,1203,1,316
FRA,LHR,268,autumn,Economy,AeroGulf,3186,0.16,1482,0,187
FRA,SYD,297,winter,First,AsiaJet,1703,0.44,290,0,80
NRT,SIN,127,spring,Economy,AsiaJet,5556,0.62,1759,1,2087
NRT,SIN,137,winter,Business,AeroGulf,13722,0.85,1817,1,2667
NRT,LAX,78,winter,Business,EuroWings,11629,0.23,1759,1,2103
CDG,DXB,207,spring,Economy,AeroGulf,7557,0.48,1140,0,2787
SYD,CDG,184,spring,First,PacificAir,9097,0.65,130,0,577
NRT,LHR,89,winter,Economy,SkyMind,12599,0.45,996,0,850
LAX,CDG,320,autumn,Economy,EuroWings,6213,0.45,1257,1,361
LAX,SYD,229,spring,Business,AsiaJet,5683,0.23,1346,1,305
SYD,JFK,64,spring,Business,PacificAir,4714,0.99,1193,0,1981
FRA,SIN,326,summer,Business,EuroWings,4579,0.48,1927,0,881
JFK,LHR,55,winter,Economy,SkyMind,812,0.53,491,1,135
SIN,SYD,293,summer,Business,AsiaJet,8854,0.22,1216,1,533
SIN,LAX,281,summer,Business,AeroGulf,2028,0.51,1196,0,159
SYD,NRT,279,autumn,Business,SkyMind,13080,0.26,1261,0,2282
LHR,NRT,188,winter,First,EuroWings,13477,0.2,123,0,2385
NRT,LAX,191,winter,First,AsiaJet,5996,0.28,546,1,2262
SIN,BOM,273,summer,Economy,EuroWings,10257,0.0,267,1,1793
FRA,DXB,95,spring,Business,SkyMind,5268,0.57,869,0,1137
LAX,LHR,90,spring,Economy,AsiaJet,8067,0.39,1399,1,504
DXB,SYD,247,winter,Economy,SkyMind,898,0.9,388,0,281
FRA,JFK,75,autumn,Business,EuroWings,7130,0.04,1137,0,421
JFK,CDG,62,autumn,Economy,AsiaJet,12278,0.04,1603,0,4421
CDG,DXB,222,winter,Business,AsiaJet,1547,0.89,537,0,290
SIN,BOM,267,spring,Business,AsiaJet,2442,0.13,154,0,826
JFK,LHR,121,autumn,First,EuroWings,11822,0.0,1416,0,2157
CDG,DXB,312,winter,Economy,PacificAir,11488,0.18,827,0,4171
JFK,LHR,309,winter,Economy,EuroWings,739,0.82,1484,1,249
SYD,BOM,341,spring,Business,AeroGulf,11050,0.8,183,0,1950
DXB,FRA,28,summer,First,PacificAir,6964,0.34,468,1,1316
LAX,NRT,342,spring,First,EuroWings,1171,0.67,1284,0,123
FRA,LAX,302,autumn,Economy,AeroGulf,3119,0.51,995,0,577
LHR,JFK,274,summer,First,SkyMind,8419,0.9,405,0,549
SIN,BOM,23,spring,Economy,AeroGulf,2961,0.06,1599,0,1130
CDG,SIN,99,autumn,Economy,AsiaJet,12085,0.81,1582,0,4514
CDG,SYD,285,autumn,First,PacificAir,9093,0.17,1863,0,1603
BOM,FRA,308,summer,Business,EuroWings,2606,0.39,1719,1,210
BOM,FRA,110,spring,Economy,EuroWings,4648,0.19,809,0,337
SIN,BOM,203,spring,Economy,AsiaJet,1587,0.7,299,0,648
CDG,JFK,106,autumn,Economy,PacificAir,7276,0.68,434,1,563
LAX,JFK,46,winter,Economy,PacificAir,9834,0.55,1465,1,1868
SYD,DXB,257,winter,First,AsiaJet,4881,0.7,278,1,976
BOM,BOM,144,summer,First,PacificAir,10757,0.64,549,0,3970
BOM,LHR,25,spring,First,AsiaJet,5624,0.78,1824,0,516
LHR,SYD,62,winter,First,AeroGulf,12600,0.24,1279,1,2263
SYD,SYD,230,summer,Economy,AsiaJet,8059,0.43,839,1,1517
JFK,SYD,82,autumn,Business,EuroWings,12947,0.15,967,0,2339
SYD,SIN,336,winter,Business,SkyMind,12651,0.43,1295,1,668
LHR,SYD,211,spring,First,AeroGulf,641,0.7,1077,0,259
DXB,FRA,197,autumn,Economy,EuroWings,896,0.69,1519,1,406
LAX,BOM,347,spring,First,AeroGulf,5637,0.71,1334,0,1014
FRA,LAX,198,autumn,Business,EuroWings,11319,0.31,1692,0,4105
FRA,SYD,162,spring,First,PacificAir,7781,0.66,765,1,1491
DXB,CDG,208,summer,Economy,AsiaJet,13321,0.37,124,0,2371
DXB,NRT,309,spring,Economy,EuroWings,2055,0.94,575,1,122
JFK,FRA,44,spring,Economy,EuroWings,7554,0.34,882,0,1508
DXB,FRA,288,autumn,First,PacificAir,6394,0.6,301,1,1240
SYD,SYD,279,spring,Business,SkyMind,11200,0.75,1994,1,753
SYD,FRA,275,spring,Economy,SkyMind,13073,0.91,709,1,876
BOM,LHR,221,spring,Business,AsiaJet,1528,0.44,688,1,647
LHR,NRT,285,autumn,Business,PacificAir,10868,0.36,1587,1,619
SYD,BOM,146,winter,First,AeroGulf,5551,0.43,536,0,1078
LAX,CDG,69,winter,First,EuroWings,1170,0.32,971,1,92
FRA,CDG,140,winter,Business,AsiaJet,5094,0.65,1602,0,370
NRT,DXB,10,spring,Economy,SkyMind,13894,0.93,1956,0,5291
FRA,LHR,111,summer,Economy,AeroGulf,2355,0.13,1492,1,215
JFK,JFK,37,summer,First,PacificAir,13929,0.56,1502,0,2648
LAX,SYD,81,autumn,Economy,EuroWings,3929,0.9,210,0,999
DXB,FRA,96,winter,Business,EuroWings,5776,0.1,222,0,1072
JFK,CDG,55,spring,Economy,SkyMind,10770,0.49,153,1,732
LHR,NRT,132,autumn,First,SkyMind,7486,0.87,1594,0,561
LHR,LAX,223,spring,Business,AsiaJet,10698,0.9,1329,0,2081
JFK,FRA,63,autumn,Business,EuroWings,10380,0.51,266,0,755
FRA,SYD,12,winter,Economy,EuroWings,4931,0.02,1089,1,1814
SYD,LAX,146,spring,Economy,EuroWings,1069,0.11,534,1,271
CDG,JFK,264,winter,Business,EuroWings,6956,0.59,1911,1,2565
LAX,BOM,32,winter,First,AeroGulf,13386,0.12,1059,1,4826
FRA,LAX,49,spring,First,PacificAir,1646,0.15,700,1,265
FRA,LHR,360,winter,Economy,AeroGulf,12466,0.77,1134,1,747
JFK,SIN,187,autumn,First,PacificAir,9556,0.75,1506,1,3604
NRT,LHR,343,autumn,Business,AeroGulf,7014,0.84,1597,1,1391
LAX,SYD,99,autumn,First,AsiaJet,5400,0.11,608,1,1980
JFK,SIN,167,winter,Business,PacificAir,13101,0.2,663,1,783
BOM,CDG,306,spring,Economy,EuroWings,527,0.83,824,0,191
LAX,BOM,213,winter,First,PacificAir,5849,0.72,1177,1,2243
SYD,CDG,199,winter,Business,EuroWings,1529,0.81,346,0,611
CDG,SIN,246,autumn,Economy,AsiaJet,7116,0.99,680,0,2689
CDG,CDG,154,spring,Business,PacificAir,2496,0.86,1642,0,313
CDG,DXB,96,summer,First,SkyMind,1841,0.52,239,0,455
NRT,CDG,63,summer,Business,EuroWings,9940,0.31,970,0,3576
SYD,FRA,194,spring,Economy,PacificAir,10828,0.57,504,0,2011
SYD,BOM,322,spring,Economy,AeroGulf,2587,0.64,605,1,104
SYD,SIN,359,autumn,First,PacificAir,9372,0.34,1347,0,534
JFK,LAX,302,spring,Economy,EuroWings,874,0.77,680,0,400
CDG,CDG,272,spring,First,SkyMind,12061,0.09,446,1,2239
LAX,CDG,90,winter,Economy,SkyMind,3545,0.78,962,0,1463
LAX,SIN,328,winter,First,AeroGulf,13829,0.03,473,0,802
SIN,BOM,272,summer,Economy,AsiaJet,6775,0.5,1327,1,2556
LAX,NRT,85,autumn,First,SkyMind,11029,0.86,732,0,4139
LHR,DXB,295,autumn,Business,AsiaJet,6449,0.09,391,1,1109
BOM,SYD,36,spring,Business,EuroWings,1305,0.52,376,1,253
LHR,BOM,18,autumn,First,PacificAir,6852,0.16,1432,0,2535
NRT,CDG,77,summer,Economy,AsiaJet,6970,0.89,353,0,2692
CDG,SYD,49,winter,Economy,EuroWings,11731,0.83,758,0,4443
LHR,SYD,359,summer,First,EuroWings,7146,0.93,102,0,1312
LAX,SIN,236,summer,Economy,EuroWings,778,0.87,1311,1,149
CDG,SIN,44,spring,First,AeroGulf,1905,0.74,1460,1,903
BOM,DXB,109,winter,Business,AeroGulf,9479,0.18,1473,1,3425
SIN,LHR,129,spring,First,AsiaJet,7650,0.3,1223,0,2838
JFK,JFK,7,summer,Economy,EuroWings,13739,0.5,556,0,972
SIN,NRT,304,summer,Economy,AsiaJet,1832,0.59,517,0,335
DXB,FRA,112,autumn,First,SkyMind,8565,0.78,256,0,1691
DXB,LAX,213,autumn,First,AsiaJet,13064,0.23,301,0,4726
BOM,NRT,304,autumn,First,PacificAir,3647,0.13,983,1,1247
DXB,CDG,307,autumn,First,EuroWings,11037,0.48,796,1,1977
NRT,SYD,363,summer,Business,AsiaJet,8492,0.16,428,1,1532
FRA,SIN,66,autumn,Economy,AeroGulf,3949,0.69,139,1,812
LAX,BOM,31,winter,Economy,PacificAir,932,0.58,1429,1,463
JFK,CDG,295,summer,First,AsiaJet,8526,0.74,814,0,3231
FRA,DXB,265,summer,First,AsiaJet,1509,0.06,246,1,220
LHR,CDG,297,winter,First,AsiaJet,7779,0.96,341,1,1434
NRT,LHR,319,spring,Business,AeroGulf,12541,0.0,278,1,710
LHR,SIN,14,autumn,Business,AsiaJet,5691,0.33,1172,0,2138
FRA,SIN,58,summer,First,SkyMind,9008,0.68,279,0,671
DXB,FRA,344,winter,Economy,SkyMind,5807,0.05,761,1,1033
LAX,FRA,242,spring,Business,SkyMind,4716,0.08,980,0,1669
FRA,NRT,353,spring,Economy,AsiaJet,1865,0.08,1057,0,724
LAX,FRA,248,winter,Business,PacificAir,7296,0.58,850,1,497
DXB,LHR,98,summer,First,AeroGulf,13091,0.9,1439,0,932
SIN,CDG,162,summer,First,SkyMind,9627,0.56,1843,0,713
NRT,JFK,247,autumn,Economy,SkyMind,4018,0.6,308,0,251
LHR,LAX,326,autumn,First,PacificAir,12479,0.35,1611,1,4425
LAX,CDG,342,winter,Economy,SkyMind,3268,0.02,1370,1,588
LAX,JFK,4,winter,First,AeroGulf,995,0.02,1642,1,280
LAX,JFK,306,summer,First,PacificAir,4092,0.89,730,0,688
BOM,NRT,261,summer,Economy,EuroWings,2732,0.1,1560,1,105
CDG,CDG,331,winter,First,AeroGulf,12710,1.0,642,0,2353
DXB,SIN,45,winter,Business,AeroGulf,8548,0.16,448,0,522
FRA,NRT,211,spring,First,AsiaJet,3435,0.67,618,1,321
NRT,JFK,244,spring,Economy,EuroWings,13500,0.95,1870,1,2482
BOM,FRA,203,spring,First,EuroWings,7219,0.36,486,0,1354
SIN,SIN,203,spring,Business,PacificAir,4945,0.73,1404,0,1074
BOM,BOM,27,spring,First,SkyMind,2867,0.35,1541,1,1069
CDG,BOM,118,winter,First,EuroWings,11276,0.3,900,1,788
DXB,DXB,226,autumn,Business,PacificAir,7055,0.2,706,0,2596
DXB,SIN,360,winter,First,EuroWings,1405,0.82,443,0,181
JFK,LHR,205,spring,First,AeroGulf,8668,0.26,1161,1,3182
DXB,SIN,247,winter,Economy,EuroWings,11919,0.28,465,0,4321
SIN,NRT,49,summer,Economy,SkyMind,8400,1.0,480,0,1776
JFK,DXB,253,winter,Economy,PacificAir,10519,0.33,1249,0,1940
SYD,NRT,78,winter,Economy,SkyMind,12414,0.42,1895,0,826
LAX,SYD,257,autumn,Business,AsiaJet,11272,0.99,1299,1,767
SYD,NRT,120,spring,Economy,SkyMind,5097,0.37,1084,1,1921
NRT,SYD,35,spring,Economy,SkyMind,8153,0.37,1224,1,1605
DXB,LAX,312,winter,First,PacificAir,13965,0.83,1952,0,797
NRT,BOM,143,winter,Business,AeroGulf,5509,0.31,590,0,451
DXB,DXB,197,spring,Business,EuroWings,7735,0.23,292,1,2758
CDG,FRA,260,summer,Economy,EuroWings,10207,0.42,180,0,3748
BOM,FRA,84,spring,First,PacificAir,7708,0.7,977,0,2940
SYD,LHR,192,summer,Business,PacificAir,13314,0.04,1578,0,2338
DXB,CDG,22,winter,Business,AeroGulf,8458,0.37,1457,1,638
BOM,NRT,24,winter,Economy,AeroGulf,5788,0.35,1696,0,398
LAX,DXB,75,summer,Economy,AsiaJet,8313,0.24,228,0,609
FRA,LHR,134,spring,Economy,EuroWings,13498,0.65,1129,1,4947
LHR,JFK,167,winter,First,EuroWings,6636,0.29,1581,1,1166
DXB,FRA,110,spring,Economy,AsiaJet,11695,0.61,120,1,4414
CDG,NRT,90,winter,Business,PacificAir,8803,0.5,1318,0,3291
SIN,SYD,37,autumn,Business,EuroWings,7106,0.22,950,1,1381
SYD,CDG,310,autumn,Economy,SkyMind,10364,0.27,127,0,1835
JFK,JFK,51,autumn,Business,PacificAir,2802,0.17,549,1,958
JFK,CDG,60,summer,First,PacificAir,10342,0.06,1022,1,1960
BOM,SIN,72,spring,Economy,AeroGulf,7825,0.62,1615,1,2965
SYD,JFK,128,autumn,Business,AsiaJet,4895,0.67,1027,1,448
NRT,SIN,307,summer,Business,PacificAir,13745,0.17,751,0,2515
JFK,BOM,62,autumn,Economy,AeroGulf,11166,0.62,932,0,807
DXB,DXB,305,winter,Business,SkyMind,4495,0.98,1553,0,868
JFK,JFK,179,autumn,Business,SkyMind,10582,0.07,334,1,3899
LAX,FRA,28,spring,Economy,EuroWings,8998,0.49,523,0,3373
DXB,BOM,240,spring,First,AsiaJet,8812,0.73,704,1,3294
NRT,FRA,232,summer,Business,AsiaJet,8269,0.05,1260,1,2882
SIN,LAX,153,spring,First,AeroGulf,11793,0.78,181,0,4437
CDG,JFK,333,autumn,First,EuroWings,9969,0.98,417,1,3538
LHR,LAX,7,winter,First,AsiaJet,1927,0.09,464,1,423
SIN,FRA,65,winter,First,EuroWings,6113,0.82,864,1,1322
LAX,FRA,123,summer,First,AeroGulf,3602,0.38,839,1,286
NRT,SIN,36,winter,Business,EuroWings,9877,0.14,499,1,1810
BOM,SIN,238,summer,Business,PacificAir,1955,0.49,1990,0,390
LHR,SYD,73,summer,First,PacificAir,9871,0.07,455,0,568
LAX,CDG,30,summer,Economy,PacificAir,1846,0.52,1575,1,243
SYD,FRA,227,spring,First,PacificAir,9320,0.02,1035,1,3467
SYD,JFK,303,autumn,Economy,SkyMind,1714,0.73,334,0,205
LHR,BOM,347,spring,Business,SkyMind,13987,0.49,134,1,802
BOM,NRT,285,winter,Economy,AsiaJet,2461,0.46,738,0,486
LAX,LHR,5,spring,Business,SkyMind,3495,0.2,438,0,1322
FRA,FRA,65,summer,Economy,EuroWings,5112,0.36,1577,1,388
NRT,JFK,235,spring,First,EuroWings,13632,0.18,1602,1,4876
JFK,SYD,115,spring,Business,SkyMind,10239,0.74,1982,1,3860
JFK,FRA,319,winter,Economy,EuroWings,6190,0.2,1382,0,421
CDG,LAX,246,autumn,First,AsiaJet,13607,0.62,1763,0,835
DXB,DXB,349,summer,Economy,AeroGulf,3358,0.28,1176,1,302
FRA,CDG,17,spring,Economy,SkyMind,1261,0.66,1735,1,340
LAX,LAX,307,winter,Economy,PacificAir,5958,0.54,542,0,2198
CDG,SYD,37,winter,Business,EuroWings,11058,0.42,519,0,2042
LAX,JFK,344,summer,Business,EuroWings,12898,0.67,805,0,4674
JFK,SYD,219,winter,First,AeroGulf,10533,0.42,851,0,3856
FRA,LHR,137,autumn,Economy,AsiaJet,8547,0.82,348,1,3256
JFK,FRA,246,winter,Economy,EuroWings,5402,0.73,392,0,475
FRA,LHR,38,spring,Business,PacificAir,8605,0.54,306,1,652
SYD,DXB,251,autumn,Business,AeroGulf,1996,0.88,1224,0,544
SYD,JFK,53,autumn,Economy,EuroWings,12611,0.83,1338,0,2503
SIN,DXB,346,winter,Economy,PacificAir,11780,0.53,1423,0,2114
BOM,BOM,309,summer,Economy,EuroWings,9935,0.07,1699,0,3699
LHR,BOM,203,summer,Business,PacificAir,5082,0.57,534,1,1032
DXB,SIN,49,summer,Economy,AeroGulf,13598,0.36,338,1,4966
DXB,DXB,122,spring,Economy,AsiaJet,2543,0.54,1247,1,264
LHR,LHR,326,winter,Business,SkyMind,3876,0.65,617,0,1447
CDG,LHR,16,summer,Business,SkyMind,9208,0.64,836,1,728
BOM,LHR,269,spring,Business,AsiaJet,1334,0.67,1960,1,139
JFK,LAX,236,autumn,Business,EuroWings,1123,0.68,248,1,233
CDG,SYD,121,summer,Economy,AeroGulf,1547,0.11,156,1,80
BOM,LAX,139,autumn,Business,PacificAir,2064,0.19,255,0,412
LAX,FRA,87,summer,Business,AeroGulf,4482,0.63,1720,0,957
BOM,FRA,130,winter,Economy,AsiaJet,13943,0.41,635,0,2615
SYD,LHR,252,autumn,First,EuroWings,5940,0.76,214,0,2180
SIN,NRT,350,winter,Economy,EuroWings,996,0.12,703,1,113
JFK,DXB,275,spring,Economy,AsiaJet,11121,0.19,430,0,1967
SYD,LHR,360,autumn,Economy,AeroGulf,10955,0.56,1314,0,712
DXB,SIN,301,spring,Economy,SkyMind,1042,0.5,1657,0,368
SYD,FRA,47,summer,Economy,AeroGulf,1415,0.27,465,1,303
CDG,DXB,79,summer,Economy,EuroWings,2301,0.41,1617,0,494
JFK,BOM,298,summer,Economy,EuroWings,11774,0.03,1669,0,2090
JFK,CDG,364,spring,First,AsiaJet,581,0.04,1372,0,80
LHR,DXB,342,summer,Economy,AeroGulf,13781,0.09,985,0,785
DXB,LAX,219,winter,Economy,SkyMind,1679,0.58,1160,1,240
NRT,DXB,111,spring,Economy,AeroGulf,8857,0.86,396,1,1807
SYD,SIN,227,spring,Economy,EuroWings,10947,0.26,564,1,2062
SYD,NRT,275,autumn,Economy,AeroGulf,2571,0.03,946,0,537
CDG,LAX,256,summer,First,EuroWings,9498,0.71,1344,0,1655
FRA,LHR,39,autumn,Business,EuroWings,7530,0.86,837,1,1603
CDG,LAX,135,spring,Business,PacificAir,11430,0.14,972,0,682
SYD,DXB,295,autumn,Economy,SkyMind,831,0.39,910,1,227
BOM,SIN,98,winter,First,AsiaJet,7645,0.16,1913,1,2750
NRT,SYD,34,summer,First,SkyMind,12282,0.11,1982,0,2187
DXB,SIN,68,spring,First,AeroGulf,10226,0.65,585,1,700
SYD,BOM,191,autumn,Business,PacificAir,7479,0.97,498,1,1469
LHR,SYD,199,summer,Business,EuroWings,8872,0.68,1656,0,3332
NRT,CDG,48,winter,First,SkyMind,10008,0.98,1175,0,2069
SYD,NRT,259,summer,Business,EuroWings,6612,0.43,871,0,2357
SYD,FRA,213,autumn,Business,EuroWings,9798,0.9,1554,1,3747
LAX,JFK,162,winter,Economy,PacificAir,2089,0.21,1013,0,192
NRT,BOM,113,spring,Economy,SkyMind,2986,0.12,1962,0,1138
CDG,SIN,137,winter,Economy,PacificAir,6334,0.7,1331,0,1335
FRA,BOM,317,summer,First,EuroWings,3090,0.37,985,0,1044
CDG,DXB,12,spring,Economy,SkyMind,10932,0.32,1542,0,2015
DXB,LHR,359,summer,First,EuroWings,9179,0.67,1583,0,1696
FRA,LHR,238,spring,Economy,EuroWings,9303,0.33,618,0,1668
SYD,CDG,284,winter,First,SkyMind,3920,0.57,1292,0,729
FRA,NRT,176,spring,Business,AsiaJet,5708,0.3,1773,0,385
SYD,FRA,225,summer,First,PacificAir,11886,0.78,801,0,2165
SIN,FRA,75,autumn,Business,AeroGulf,10089,0.31,1263,1,661
SIN,SYD,135,autumn,Economy,EuroWings,7714,0.53,446,1,2922
CDG,LHR,82,autumn,Business,PacificAir,1956,0.02,1791,1,393
JFK,LAX,83,spring,Business,PacificAir,10885,0.79,157,1,4157
FRA,LHR,142,autumn,Economy,SkyMind,11766,0.62,1819,0,870
CDG,DXB,209,autumn,First,SkyMind,10029,0.19,1889,0,1849
SIN,LHR,215,summer,First,SkyMind,13114,0.22,757,1,2403
FRA,JFK,310,winter,First,PacificAir,10892,0.26,1572,0,677
BOM,CDG,255,spring,Economy,SkyMind,4997,0.58,1308,0,1820
NRT,SYD,188,autumn,First,AeroGulf,3367,0.55,277,0,230
BOM,CDG,247,summer,Business,PacificAir,5083,0.27,1610,0,1821
LAX,DXB,255,spring,Economy,SkyMind,12574,0.69,564,0,4572
SIN,LAX,323,summer,First,EuroWings,10806,0.89,1250,1,3888
DXB,BOM,162,winter,Business,PacificAir,10828,0.04,1168,1,1976
FRA,LHR,345,autumn,Business,AsiaJet,5754,0.42,289,1,362
SYD,DXB,167,spring,First,AsiaJet,6845,0.59,1485,1,1343
SYD,SYD,78,spring,Economy,PacificAir,7071,0.59,465,1,581
NRT,JFK,175,autumn,Business,PacificAir,7583,0.02,292,1,2792
NRT,JFK,20,summer,Business,AsiaJet,5798,0.21,666,1,1102
DXB,FRA,96,winter,Business,EuroWings,578,0.06,393,1,167
JFK,LAX,180,spring,Business,EuroWings,6152,0.57,871,1,1219
DXB,LHR,95,spring,First,EuroWings,877,0.65,1110,0,516
SYD,NRT,71,winter,Economy,AeroGulf,664,0.16,626,0,159
NRT,SIN,190,spring,Business,AeroGulf,13536,0.33,248,0,4949
SIN,DXB,132,winter,Business,EuroWings,8467,0.33,248,1,1592
SYD,CDG,139,autumn,Business,AsiaJet,10412,0.82,350,1,2031
LAX,CDG,275,winter,Economy,AeroGulf,11676,0.19,534,1,4193
CDG,DXB,102,winter,Business,SkyMind,6441,0.55,1889,1,1253
LAX,SYD,283,summer,Economy,AeroGulf,8846,0.78,313,1,1689
CDG,CDG,29,winter,Economy,AsiaJet,1646,0.83,719,1,279
FRA,SIN,18,autumn,Economy,AsiaJet,9755,0.67,134,1,857
LAX,SYD,244,spring,Economy,PacificAir,2716,0.3,480,0,185
CDG,JFK,175,summer,First,AsiaJet,11531,0.82,871,0,963
LAX,FRA,89,winter,First,EuroWings,5949,0.74,326,1,490
JFK,CDG,20,summer,First,AsiaJet,1963,0.7,319,1,328
NRT,CDG,326,autumn,Business,AeroGulf,3970,0.07,1263,0,699
NRT,FRA,356,autumn,Economy,AeroGulf,2016,0.04,1689,1,323
FRA,CDG,18,spring,Economy,AeroGulf,11742,0.7,897,0,957
BOM,JFK,38,autumn,First,AsiaJet,4923,0.94,364,1,1969
SYD,FRA,89,autumn,First,EuroWings,2026,0.77,886,0,262
LHR,NRT,340,winter,Economy,EuroWings,12302,0.83,435,0,2260
LHR,DXB,150,autumn,First,PacificAir,11084,0.54,1060,1,4122
SYD,CDG,204,autumn,Business,SkyMind,1288,0.3,1745,1,433
FRA,SYD,233,autumn,Business,EuroWings,7020,0.68,1680,1,2630
FRA,NRT,104,spring,Business,AeroGulf,7921,0.71,1402,1,1584
SIN,NRT,111,winter,Economy,PacificAir,7077,0.68,431,0,2643
CDG,CDG,225,winter,First,EuroWings,3048,0.95,872,0,618
LAX,SYD,221,summer,Business,EuroWings,7752,0.37,823,0,1337
FRA,SIN,26,autumn,Business,SkyMind,13349,0.04,1318,1,897
SIN,SYD,64,summer,Business,SkyMind,5108,0.91,730,0,1195
SYD,NRT,254,summer,Business,SkyMind,9207,0.16,805,0,3264
LAX,SYD,249,autumn,Business,EuroWings,7140,0.7,1166,1,1391
DXB,DXB,224,winter,First,EuroWings,7245,0.87,1079,1,1376
FRA,FRA,314,autumn,Business,AeroGulf,3562,0.31,1381,0,272
LHR,LHR,131,summer,Business,AsiaJet,5781,0.83,787,0,481
LAX,LHR,30,spring,Business,SkyMind,5262,0.33,541,0,1019
NRT,SYD,275,summer,Economy,AeroGulf,10259,0.79,1419,1,1890
SIN,LAX,10,winter,First,AeroGulf,10140,0.07,710,0,1812
SYD,SYD,89,spring,Business,PacificAir,1466,0.66,536,1,307
NRT,CDG,147,summer,First,AeroGulf,6576,0.68,1831,1,561
DXB,JFK,127,autumn,Business,SkyMind,6194,0.49,1058,1,2331
LAX,NRT,186,winter,Economy,AsiaJet,9055,0.69,1752,0,3412
BOM,FRA,124,spring,Economy,AeroGulf,607,0.92,1799,1,319
JFK,LHR,107,winter,Economy,EuroWings,7681,0.73,1931,0,2858
FRA,LAX,341,summer,Economy,EuroWings,11786,0.96,1001,1,749
JFK,CDG,6,winter,Business,AeroGulf,9314,0.45,1521,0,728
JFK,LAX,51,spring,First,SkyMind,4916,0.53,1248,0,1035
SYD,LAX,314,autumn,Business,AsiaJet,1009,0.26,1620,0,280
LHR,SYD,136,spring,Economy,AsiaJet,7315,0.99,1992,0,1449
LAX,NRT,2,winter,Economy,SkyMind,9756,0.06,900,1,1794
SIN,SIN,18,autumn,Business,EuroWings,4365,0.36,1487,0,485
SYD,DXB,249,autumn,Business,EuroWings,8995,0.3,1270,1,1708
BOM,LAX,185,winter,First,PacificAir,9660,0.39,1583,1,1875
NRT,CDG,222,spring,First,AeroGulf,10130,0.92,270,1,732
BOM,LHR,228,autumn,First,AeroGulf,12213,0.37,409,1,791
SIN,SYD,348,autumn,First,EuroWings,4371,0.92,1836,1,223
FRA,CDG,194,winter,Economy,AeroGulf,6013,0.42,1078,0,467
LHR,SIN,312,autumn,Economy,SkyMind,7008,0.85,451,1,2556
JFK,CDG,210,spring,First,AsiaJet,13776,0.52,959,0,5060
CDG,CDG,299,autumn,First,PacificAir,7664,0.31,1471,0,2777
FRA,NRT,329,summer,Economy,SkyMind,4000,0.45,1474,0,747
CDG,DXB,72,autumn,Economy,SkyMind,2699,0.42,1696,0,1068
SYD,JFK,117,summer,Economy,SkyMind,13046,0.26,1095,1,846
SIN,SYD,264,spring,First,AeroGulf,4401,0.29,240,1,1658
BOM,LHR,5,summer,First,AsiaJet,8258,0.19,1293,1,488
BOM,FRA,269,autumn,Economy,PacificAir,6570,0.34,1348,0,2317
SYD,FRA,7,autumn,Economy,EuroWings,2770,0.62,845,0,1200
JFK,DXB,21,winter,Business,SkyMind,5885,0.39,1909,1,535
JFK,BOM,37,winter,Business,SkyMind,729,0.71,320,1,319
LHR,SYD,173,autumn,Economy,SkyMind,2986,0.99,1488,0,632
SYD,CDG,62,autumn,Economy,EuroWings,8841,0.38,842,1,1665
CDG,FRA,206,autumn,Business,AeroGulf,1409,0.46,939,0,239
SYD,NRT,101,autumn,First,AeroGulf,12220,0.16,212,0,4406
LHR,CDG,119,spring,Economy,AsiaJet,1477,0.39,1372,1,666
SIN,DXB,179,autumn,Economy,AeroGulf,1134,0.73,1593,1,178
DXB,LAX,132,summer,Economy,AeroGulf,6489,0.22,1572,0,412
LHR,DXB,342,winter,First,PacificAir,5217,0.18,1171,0,969
SYD,SIN,75,summer,Business,PacificAir,2690,0.38,1474,1,212
NRT,JFK,290,summer,First,AeroGulf,13735,0.82,1207,1,5074
FRA,SIN,45,spring,First,PacificAir,5689,0.62,775,1,504
JFK,DXB,144,summer,Economy,AsiaJet,12841,0.96,1722,1,924
LHR,FRA,137,summer,Economy,AeroGulf,5439,0.9,272,0,524
JFK,SIN,208,summer,Business,PacificAir,7581,0.15,244,0,521
SIN,SIN,231,winter,First,EuroWings,3974,0.04,861,0,322
FRA,JFK,272,spring,Business,PacificAir,7195,0.4,1574,0,1315
FRA,BOM,95,summer,First,PacificAir,12472,0.52,644,0,2414
NRT,SYD,261,summer,Economy,EuroWings,7694,0.52,420,1,2819
BOM,LAX,127,spring,Business,AsiaJet,2365,0.13,1271,0,420
LAX,LHR,167,autumn,First,EuroWings,798,0.12,805,0,80
LHR,FRA,18,summer,Economy,AsiaJet,3239,0.05,225,1,542
JFK,JFK,148,winter,Economy,EuroWings,7201,0.85,1011,0,2706
SIN,CDG,247,winter,First,AsiaJet,4225,0.95,1764,1,908
SYD,LHR,130,autumn,Economy,AsiaJet,12083,0.12,774,1,4408
CDG,LHR,296,summer,First,SkyMind,5040,0.21,1589,0,1764
CDG,FRA,266,spring,First,SkyMind,8789,0.09,1252,0,3084
FRA,LHR,320,autumn,First,PacificAir,11889,0.88,782,0,690
SYD,LHR,42,winter,First,EuroWings,10797,0.96,1116,0,4102
DXB,NRT,203,winter,Economy,AsiaJet,12964,0.26,1960,1,2352
BOM,DXB,181,spring,First,SkyMind,5314,0.3,1198,1,1060
LAX,SYD,349,autumn,First,PacificAir,6634,0.36,1609,1,1171
LHR,DXB,181,spring,First,PacificAir,4022,0.5,1891,0,1607
DXB,DXB,296,autumn,Economy,PacificAir,4918,0.68,315,1,1725
SIN,NRT,144,autumn,Business,SkyMind,7318,0.5,842,0,512
LHR,SYD,61,autumn,First,AeroGulf,8624,0.95,336,1,3381
CDG,JFK,209,summer,Business,PacificAir,8662,0.1,195,1,1614
JFK,SYD,166,winter,Business,AeroGulf,5989,0.8,1306,0,473
LAX,LAX,300,winter,First,AeroGulf,6585,0.33,1011,1,1253
BOM,SIN,143,winter,Business,AeroGulf,9537,0.38,1756,0,682
SYD,NRT,351,autumn,Business,PacificAir,4685,0.71,1318,1,1660
SYD,BOM,61,autumn,First,AsiaJet,4726,0.93,1373,1,531
SYD,LAX,263,summer,Economy,AeroGulf,8596,0.72,1746,0,3190
NRT,NRT,124,winter,Business,SkyMind,4381,0.78,1570,1,1701
BOM,NRT,238,winter,First,SkyMind,8192,0.75,171,1,1637
SIN,LHR,30,summer,First,AeroGulf,9744,0.32,1017,1,3554
NRT,LAX,255,winter,Business,AeroGulf,12540,0.76,1051,0,4590
JFK,CDG,90,spring,Business,AeroGulf,4115,0.78,151,0,1595
JFK,NRT,139,spring,Business,SkyMind,7305,0.53,1619,0,1418
LHR,NRT,362,summer,First,EuroWings,3657,0.54,1076,0,1264
NRT,SIN,348,winter,First,AsiaJet,2605,0.76,254,1,464
LHR,DXB,207,summer,Economy,EuroWings,5676,0.82,419,1,367
FRA,CDG,93,summer,Economy,SkyMind,1493,0.34,400,0,384
SIN,DXB,134,summer,First,SkyMind,3596,0.8,294,0,816
FRA,FRA,204,winter,Economy,PacificAir,689,0.81,1149,1,409
DXB,LHR,307,summer,Business,EuroWings,10815,0.23,1350,0,1940
LHR,SYD,336,winter,Economy,AeroGulf,11110,0.72,1520,0,740
DXB,DXB,110,spring,Economy,AeroGulf,13686,0.19,308,0,2505
LHR,BOM,38,summer,First,SkyMind,3398,0.09,1537,0,1253
SIN,BOM,22,summer,First,PacificAir,6356,0.57,832,1,647
DXB,SYD,225,winter,Business,EuroWings,13293,0.91,945,1,4865
CDG,SYD,346,spring,Economy,PacificAir,10658,0.04,897,0,3898
DXB,DXB,168,winter,First,AsiaJet,12970,0.83,1096,0,2492
JFK,JFK,135,autumn,First,PacificAir,4749,0.51,352,1,1777
LHR,LAX,110,winter,First,AsiaJet,5888,0.86,1551,1,467
LHR,NRT,224,spring,Business,EuroWings,7546,0.84,1043,0,498
SIN,NRT,168,spring,Business,AeroGulf,3911,0.88,713,1,433
LAX,SYD,107,summer,Economy,AsiaJet,12638,0.77,1388,1,1008
JFK,FRA,24,winter,Business,AeroGulf,9738,0.84,1299,1,1992
CDG,BOM,297,winter,Economy,PacificAir,11265,0.18,1475,1,693
FRA,CDG,307,autumn,Economy,PacificAir,1105,0.3,283,1,252
JFK,NRT,358,spring,Economy,EuroWings,1866,0.24,1447,1,676
FRA,DXB,211,winter,First,AeroGulf,11618,0.74,598,0,4331
NRT,FRA,171,autumn,First,EuroWings,6982,0.15,1316,1,1295
LAX,FRA,69,winter,First,AsiaJet,10650,0.18,956,1,3884
JFK,FRA,222,spring,Business,PacificAir,9756,0.88,1099,0,3580
BOM,LAX,153,summer,First,PacificAir,6295,0.71,585,0,454
CDG,CDG,350,winter,Economy,PacificAir,1017,0.88,294,0,219
BOM,JFK,281,spring,Business,PacificAir,11146,0.14,1144,0,4083
LHR,FRA,201,spring,Business,PacificAir,12925,0.4,1457,0,2373
LAX,SYD,219,spring,First,AsiaJet,5718,0.28,897,0,356
DXB,SIN,104,autumn,First,AsiaJet,4307,0.01,1692,0,1455
JFK,JFK,299,autumn,First,EuroWings,5935,0.28,1178,0,2119
SIN,SYD,315,summer,First,SkyMind,11281,0.38,1125,0,2007
CDG,CDG,310,winter,Business,PacificAir,2772,0.09,403,1,962
SIN,SIN,335,autumn,Business,PacificAir,2808,0.57,1657,0,199
LHR,FRA,230,autumn,Economy,SkyMind,9794,0.38,1264,0,635
JFK,BOM,54,autumn,Business,EuroWings,5292,0.05,188,1,262
JFK,LHR,189,winter,Business,AsiaJet,1310,0.7,979,1,272
CDG,CDG,222,summer,First,PacificAir,12455,0.73,1934,0,768
NRT,JFK,75,summer,Economy,EuroWings,13260,0.83,1710,0,1083
NRT,BOM,349,summer,Business,SkyMind,8768,0.49,1107,1,607
SIN,BOM,172,winter,First,AsiaJet,2809,0.97,685,0,279
SIN,DXB,42,winter,First,AsiaJet,8408,0.91,404,0,647
LAX,LHR,157,summer,Economy,EuroWings,9717,0.55,1871,0,683
SYD,SIN,335,spring,Business,AeroGulf,10756,0.44,1288,0,1949
BOM,DXB,81,winter,Business,AeroGulf,4939,0.0,1340,0,312
SIN,JFK,208,winter,Business,AeroGulf,13727,0.71,1487,0,5070
JFK,SIN,314,summer,Business,SkyMind,11433,0.56,1926,0,2103
DXB,FRA,86,summer,Economy,AeroGulf,13633,0.94,630,0,5067
LAX,JFK,232,spring,First,EuroWings,13818,0.59,383,1,5053
LAX,NRT,177,spring,First,AsiaJet,6889,0.99,1485,1,609
LHR,FRA,107,autumn,Economy,EuroWings,13773,0.85,1491,0,5102
SIN,SYD,139,autumn,Business,EuroWings,12691,0.95,540,0,4760
SIN,BOM,102,summer,First,PacificAir,11920,0.33,1568,0,4334
DXB,BOM,310,autumn,Business,SkyMind,12961,0.15,1500,0,884
LHR,LHR,30,winter,First,AsiaJet,4058,0.8,1619,0,397
BOM,DXB,194,spring,Business,PacificAir,8508,0.79,287,0,679
CDG,CDG,321,autumn,Economy,SkyMind,1345,0.21,1773,1,166
DXB,DXB,244,autumn,Business,AsiaJet,9384,0.76,946,1,728
SYD,CDG,314,summer,Business,PacificAir,12740,0.58,1987,1,731
SYD,SYD,185,spring,Economy,AeroGulf,13796,0.11,1062,0,4992
CDG,LAX,293,spring,Economy,EuroWings,1832,0.5,1915,0,80
BOM,FRA,247,autumn,Business,AeroGulf,11729,0.93,1837,0,4245
NRT,FRA,118,winter,Business,AsiaJet,13024,0.51,1507,1,929
LHR,DXB,73,winter,Business,PacificAir,6800,0.79,1551,1,649
SIN,SYD,69,winter,First,PacificAir,1774,0.03,1281,1,125
BOM,SIN,242,winter,Business,PacificAir,7666,0.73,844,0,570
BOM,LAX,152,winter,First,EuroWings,9936,0.95,726,1,814
NRT,SIN,319,autumn,First,PacificAir,837,0.5,1348,1,80
CDG,LHR,94,winter,First,SkyMind,3794,0.34,656,1,233
LAX,DXB,271,autumn,Economy,SkyMind,836,0.65,1852,1,350
FRA,SYD,229,summer,Economy,SkyMind,13945,0.92,1098,0,2584
FRA,SYD,30,autumn,First,AeroGulf,2367,0.18,729,0,495
FRA,JFK,113,winter,First,AsiaJet,12697,0.4,1951,0,872
LHR,NRT,335,autumn,First,AeroGulf,7414,0.16,471,1,1304
NRT,FRA,148,winter,Economy,AeroGulf,994,0.5,408,1,482
LAX,SYD,57,summer,Economy,EuroWings,5142,0.54,1482,1,2020
JFK,BOM,177,winter,Economy,AeroGulf,4386,0.94,1916,0,1760
CDG,LAX,312,spring,First,EuroWings,8852,0.41,201,0,1590
SIN,FRA,56,summer,First,SkyMind,2536,0.57,1583,0,640
SIN,FRA,265,autumn,Business,SkyMind,10433,0.89,231,0,1977
JFK,DXB,237,autumn,Business,AeroGulf,10199,0.32,1983,1,677
FRA,LAX,278,winter,Economy,AeroGulf,5583,0.67,1847,1,2141
DXB,CDG,77,spring,Economy,SkyMind,4060,0.76,301,0,1657
BOM,CDG,124,summer,Business,PacificAir,10067,0.33,1410,1,639
NRT,SYD,28,autumn,Economy,SkyMind,10245,0.16,1270,0,1832
LHR,LAX,142,winter,First,PacificAir,2781,0.5,1893,0,1149
DXB,SYD,158,spring,Business,SkyMind,10560,0.36,1895,0,1979
DXB,SYD,167,autumn,First,AsiaJet,2101,0.27,1970,0,253
SIN,JFK,185,winter,Business,EuroWings,12519,0.97,393,0,2295
SIN,FRA,12,winter,Business,EuroWings,12172,0.5,132,0,920
CDG,LAX,169,spring,Economy,AsiaJet,1799,0.86,117,1,449
SYD,SIN,319,autumn,First,PacificAir,9402,0.2,971,0,554
DXB,CDG,106,winter,First,AeroGulf,13829,0.94,771,1,5140
FRA,SYD,254,autumn,First,AeroGulf,4667,0.79,1238,0,397
LHR,LAX,98,spring,First,EuroWings,2546,0.81,307,0,666
JFK,FRA,119,spring,Economy,AeroGulf,3381,0.39,260,0,1238
LAX,JFK,226,autumn,First,PacificAir,5974,0.49,1413,0,1139
SIN,LHR,152,spring,Economy,AeroGulf,2317,0.59,1942,1,555
CDG,LHR,203,winter,Business,SkyMind,2698,0.79,418,0,275
LHR,LHR,163,autumn,First,AsiaJet,3832,0.85,561,1,426
LHR,LAX,297,winter,Economy,EuroWings,1603,0.08,1682,0,278
LHR,BOM,122,autumn,Business,AeroGulf,3677,0.9,1008,0,287
NRT,LAX,16,summer,First,PacificAir,12286,0.94,151,1,2490
LAX,LAX,336,winter,First,AeroGulf,12166,0.59,1984,1,753
CDG,DXB,106,winter,Economy,AsiaJet,5315,0.19,151,1,374
LAX,FRA,262,autumn,Business,SkyMind,2677,0.82,1294,1,606
CDG,FRA,20,autumn,Business,EuroWings,1694,0.55,717,0,668
LAX,LAX,244,winter,Business,EuroWings,5001,0.82,709,1,369
NRT,DXB,244,spring,Business,PacificAir,6541,0.81,1568,1,1211
DXB,NRT,212,winter,First,SkyMind,13844,0.09,1844,1,4934
CDG,SIN,224,summer,Business,AeroGulf,9227,0.61,230,0,620
SIN,BOM,353,spring,Economy,AeroGulf,7560,0.48,1857,1,493
LAX,NRT,262,spring,Economy,PacificAir,9761,0.95,1063,0,1852
CDG,LAX,220,autumn,First,SkyMind,13061,0.3,322,1,785
DXB,DXB,8,autumn,Economy,PacificAir,8824,0.21,414,0,1642
CDG,BOM,14,winter,First,AsiaJet,763,0.9,1762,1,443
JFK,CDG,130,winter,Business,AsiaJet,4962,0.15,936,1,360
JFK,DXB,22,autumn,First,AeroGulf,7468,0.69,1249,0,2855
SYD,LHR,225,winter,Business,AsiaJet,2552,0.3,611,0,156
LHR,SIN,235,spring,Economy,PacificAir,5446,0.57,229,0,1935
LAX,NRT,341,winter,First,EuroWings,6325,0.62,807,0,370
LAX,DXB,199,spring,Business,AsiaJet,6544,0.42,1167,1,2326
SYD,FRA,134,autumn,First,PacificAir,4589,0.97,1507,1,562
LAX,SYD,178,winter,Business,EuroWings,11539,0.13,1929,1,4131
CDG,SIN,44,spring,First,EuroWings,857,0.39,287,1,466
LAX,DXB,8,summer,First,AsiaJet,6005,0.43,343,1,577
FRA,CDG,280,summer,First,SkyMind,4920,0.63,1022,1,350
LHR,LAX,27,summer,First,AsiaJet,9442,0.41,702,1,1808
NRT,LAX,51,spring,Business,AsiaJet,3750,0.1,1650,0,1309
CDG,SIN,69,winter,Business,SkyMind,13043,0.95,1034,0,988
CDG,SYD,281,summer,First,AsiaJet,7062,0.42,1033,1,1380
SIN,FRA,44,autumn,First,PacificAir,2758,0.34,1817,1,272
SIN,DXB,175,autumn,Economy,SkyMind,9602,0.45,418,0,3528
NRT,FRA,119,autumn,Business,PacificAir,4310,0.22,1053,1,368
CDG,LAX,269,summer,Business,EuroWings,1083,0.1,1697,0,107
BOM,DXB,181,summer,Business,SkyMind,3938,0.15,1713,1,724
FRA,LAX,53,winter,Business,EuroWings,9268,0.17,373,0,610
DXB,CDG,293,spring,Economy,AeroGulf,6857,0.2,862,0,1207
BOM,FRA,191,autumn,First,AeroGulf,11268,0.42,1024,0,4088
LHR,SYD,194,winter,First,PacificAir,10563,0.62,170,0,3879
SYD,SIN,40,spring,First,EuroWings,9844,0.63,123,0,786
SIN,LAX,78,summer,Economy,EuroWings,6646,0.0,1417,0,1133
BOM,CDG,189,spring,Economy,SkyMind,5490,0.92,233,0,2113
CDG,CDG,95,autumn,First,AeroGulf,2283,0.82,1527,0,299
NRT,FRA,25,spring,Economy,PacificAir,1593,0.96,857,1,318
FRA,CDG,103,spring,Economy,PacificAir,10791,0.36,1037,0,705
FRA,SIN,302,summer,Economy,SkyMind,5032,0.66,1607,0,220
NRT,SYD,159,summer,Economy,SkyMind,5617,0.17,301,1,327
SIN,LHR,358,winter,First,PacificAir,8438,0.82,1657,1,1468
JFK,LHR,208,summer,Economy,SkyMind,10833,0.16,260,1,656
JFK,CDG,347,summer,First,EuroWings,7246,0.33,1850,1,325
JFK,LAX,94,autumn,Business,PacificAir,2633,0.49,1169,1,276
SYD,JFK,324,autumn,Economy,AsiaJet,9209,0.59,597,1,617
BOM,SYD,39,spring,Business,AeroGulf,9433,0.56,1561,0,710
BOM,LAX,336,autumn,Business,AeroGulf,6620,0.1,204,1,424
LHR,LAX,164,winter,Economy,AsiaJet,2977,0.42,1805,1,222
JFK,JFK,341,winter,First,AsiaJet,5458,0.92,1046,1,1905
LHR,DXB,322,spring,First,EuroWings,6637,0.87,1208,1,2420
CDG,LHR,55,winter,First,PacificAir,3376,0.59,1947,1,386
JFK,BOM,72,winter,Economy,SkyMind,542,0.57,1200,0,168
CDG,SYD,42,summer,Economy,AeroGulf,6329,0.11,1677,1,385
SIN,DXB,326,spring,First,AsiaJet,3941,0.2,624,0,703
FRA,JFK,132,winter,First,PacificAir,9095,0.25,921,0,1827
FRA,BOM,21,spring,Business,SkyMind,10018,0.49,1007,0,1952
CDG,SYD,1,winter,Business,AeroGulf,13993,0.73,1083,0,2641
JFK,NRT,166,autumn,Economy,PacificAir,10908,0.46,390,1,1931
NRT,JFK,60,spring,First,AeroGulf,6846,0.13,438,0,2533
BOM,SYD,76,autumn,First,EuroWings,7349,0.44,1644,1,669
JFK,NRT,91,spring,Economy,AeroGulf,7186,0.16,112,0,2608
LAX,DXB,207,autumn,First,EuroWings,10841,0.75,633,1,3983
LAX,NRT,88,summer,Economy,EuroWings,11085,0.17,651,1,725
SYD,JFK,82,autumn,Business,EuroWings,3150,0.48,1496,1,1205
BOM,LHR,17,winter,First,SkyMind,13229,0.69,1599,0,863
LAX,JFK,329,summer,First,SkyMind,4845,0.23,226,1,349
DXB,FRA,210,autumn,Economy,EuroWings,1377,0.08,1804,0,80
SYD,SIN,312,summer,Economy,PacificAir,2386,0.56,874,0,220
FRA,DXB,53,summer,Economy,EuroWings,1803,0.05,1857,1,299
JFK,SIN,128,winter,Economy,PacificAir,2240,0.59,1346,0,524
CDG,LAX,146,autumn,Business,AeroGulf,1612,0.75,1112,1,758
LAX,DXB,304,summer,Economy,SkyMind,4376,0.33,922,1,332
FRA,SYD,310,winter,First,PacificAir,6540,0.49,1070,1,426
BOM,BOM,248,spring,First,PacificAir,7952,0.93,1756,0,575
LHR,LAX,1,spring,First,PacificAir,10590,0.47,321,1,806
SIN,SYD,41,summer,First,AsiaJet,6618,1.0,1714,1,1480
NRT,LAX,73,summer,Business,SkyMind,8939,0.16,496,0,1582
FRA,FRA,160,summer,Business,AsiaJet,7295,0.71,198,0,1369
CDG,JFK,212,winter,Business,AeroGulf,7544,0.65,1606,0,2692
SYD,DXB,333,winter,Economy,PacificAir,11952,0.87,1527,0,778
SIN,LHR,296,autumn,First,SkyMind,1067,0.09,1358,1,177
SIN,FRA,139,spring,First,SkyMind,12501,0.28,1309,0,2343
NRT,DXB,304,summer,Business,SkyMind,6458,0.13,378,0,414
LAX,LHR,43,summer,Economy,PacificAir,9880,0.93,792,0,1974
LAX,LAX,179,winter,Business,EuroWings,11287,0.43,1928,0,736
DXB,NRT,189,winter,First,EuroWings,1853,0.91,887,1,220
NRT,SIN,246,autumn,First,EuroWings,12304,0.29,475,0,2212
NRT,LHR,298,spring,Business,AsiaJet,5529,0.13,1526,0,2043
SYD,JFK,154,summer,First,PacificAir,9672,0.3,335,1,757
BOM,LAX,104,winter,Business,AeroGulf,5465,0.6,757,0,2151
JFK,JFK,11,spring,Business,AsiaJet,668,0.85,167,1,366
DXB,BOM,25,autumn,Business,SkyMind,8212,0.39,1067,0,664
LHR,DXB,296,spring,Business,EuroWings,11856,0.91,913,1,848
CDG,NRT,25,summer,First,SkyMind,3171,0.24,1299,1,568
CDG,LHR,84,winter,Economy,AsiaJet,878,0.69,1655,0,536
NRT,SIN,106,summer,First,EuroWings,2432,0.74,683,1,633
NRT,LHR,241,spring,Business,PacificAir,693,0.27,1576,1,211
LAX,JFK,119,winter,First,EuroWings,8955,0.03,716,1,1658
SYD,NRT,108,autumn,Economy,EuroWings,10163,0.37,971,1,3725
CDG,LHR,330,autumn,First,EuroWings,10707,0.05,1642,1,745
SYD,LAX,180,winter,Business,AsiaJet,5116,0.9,917,0,460
JFK,BOM,131,autumn,Economy,EuroWings,5514,0.95,152,0,1153
SYD,NRT,295,autumn,First,AsiaJet,8378,0.74,1081,0,1575
JFK,DXB,91,winter,Economy,SkyMind,1800,0.73,1452,0,861
BOM,NRT,241,summer,First,PacificAir,3700,0.24,1390,1,695
FRA,SIN,247,spring,Economy,EuroWings,3873,0.07,815,0,1420
FRA,LAX,168,summer,Business,AsiaJet,9265,0.8,491,0,3469
LAX,LHR,223,spring,Business,EuroWings,10229,0.56,1155,0,3714
JFK,SYD,278,spring,Economy,EuroWings,1883,0.68,290,0,346
SYD,LHR,190,winter,First,EuroWings,10072,0.78,1818,1,646
BOM,JFK,19,autumn,Business,AeroGulf,4037,0.41,1310,1,1645
JFK,JFK,14,autumn,First,PacificAir,8424,0.14,930,0,534
CDG,FRA,243,spring,Economy,PacificAir,11851,0.8,1524,0,4175
SYD,BOM,109,spring,First,AsiaJet,10215,0.45,1277,1,1953
SIN,LHR,190,winter,Economy,SkyMind,5491,0.83,150,0,2114
CDG,DXB,218,spring,First,SkyMind,5702,0.44,1412,0,2012
SYD,CDG,299,summer,Economy,SkyMind,13304,0.22,637,0,768
SYD,CDG,311,spring,Economy,EuroWings,4432,0.17,377,0,761
DXB,DXB,236,summer,Economy,AsiaJet,13811,0.74,550,0,5013
LHR,NRT,168,winter,Economy,EuroWings,4122,0.57,1986,0,894
DXB,LAX,268,spring,First,AeroGulf,9587,0.4,433,1,599
LAX,FRA,193,autumn,Business,AsiaJet,12085,0.49,1333,1,2223
SYD,FRA,242,winter,Economy,AsiaJet,964,0.55,864,1,285
SYD,NRT,162,spring,Economy,AsiaJet,8480,0.24,1634,0,573
JFK,SYD,364,spring,Business,AeroGulf,2110,0.38,605,1,672
NRT,CDG,339,summer,Business,AsiaJet,9304,0.29,581,0,3324
LHR,FRA,279,spring,Economy,AeroGulf,11904,0.39,459,1,2186
NRT,SIN,135,summer,Economy,SkyMind,1104,0.5,802,1,445
BOM,LHR,193,summer,First,AsiaJet,8467,0.17,244,1,633
FRA,FRA,89,autumn,Business,EuroWings,1120,0.39,652,1,295
JFK,NRT,42,autumn,First,PacificAir,3102,0.39,175,1,624
SIN,FRA,93,autumn,Economy,AeroGulf,10875,0.29,1930,0,3923
BOM,LAX,215,winter,Economy,SkyMind,6973,1.0,772,1,2679
LHR,JFK,349,autumn,Economy,SkyMind,4300,0.07,387,0,1516
DXB,JFK,1,summer,Economy,PacificAir,7598,0.64,1272,0,1578
JFK,SYD,335,spring,Business,AsiaJet,7038,0.17,1560,1,2480
LHR,FRA,164,summer,First,EuroWings,655,0.84,1827,0,260
FRA,LHR,106,autumn,Business,PacificAir,8660,0.91,1457,0,3279
LHR,BOM,232,spring,Economy,AsiaJet,12045,0.4,1189,1,2196
SIN,SYD,46,summer,First,AsiaJet,12603,0.82,1300,0,2443
CDG,BOM,205,spring,Economy,AeroGulf,11609,0.25,1450,1,2173
FRA,FRA,21,summer,Business,EuroWings,7181,0.14,642,1,2600
FRA,CDG,177,spring,Economy,EuroWings,11809,0.32,1983,1,4293
NRT,NRT,167,spring,Business,AeroGulf,3215,0.34,1036,1,243
SIN,SIN,294,autumn,Business,AsiaJet,4839,0.4,1067,1,974
BOM,BOM,265,winter,Economy,AsiaJet,8570,0.37,298,0,3160
NRT,LHR,276,autumn,Economy,EuroWings,7190,0.41,519,1,500
LHR,CDG,340,spring,Business,EuroWings,949,0.71,1197,1,80
SIN,FRA,8,spring,First,EuroWings,13541,0.25,1546,0,4915
SYD,CDG,270,autumn,Business,EuroWings,13193,0.02,210,0,2435
SIN,NRT,318,summer,First,AsiaJet,12653,0.49,193,0,719
CDG,LHR,212,spring,Business,EuroWings,1569,0.45,976,1,154
LHR,NRT,163,summer,Economy,AsiaJet,4517,0.06,459,1,769
LAX,JFK,311,autumn,Business,AeroGulf,13536,0.13,1292,1,4830
SIN,SYD,45,winter,First,SkyMind,12283,0.51,396,0,2429
DXB,SYD,233,winter,First,AeroGulf,3319,0.23,360,1,658
JFK,BOM,53,spring,First,AeroGulf,2785,0.88,824,0,1277
SYD,FRA,233,summer,First,PacificAir,10727,0.17,1897,0,701
FRA,LAX,342,autumn,First,AeroGulf,9882,0.02,417,1,1772
LAX,DXB,171,spring,Business,PacificAir,1899,0.45,371,1,151
CDG,SIN,6,winter,Economy,PacificAir,12432,0.99,307,0,1017
SIN,CDG,44,winter,Economy,PacificAir,2748,0.63,1467,1,321
LHR,SYD,91,summer,Business,AeroGulf,11485,0.35,977,1,4302
LAX,NRT,196,spring,Economy,SkyMind,6875,0.02,502,0,348
BOM,CDG,4,summer,Business,PacificAir,1223,0.48,1206,0,334
SYD,DXB,121,summer,First,EuroWings,10133,0.21,1363,1,1820
LHR,NRT,63,spring,Business,EuroWings,5773,0.65,1758,1,1253
LHR,LHR,92,autumn,Economy,AsiaJet,8035,0.58,1800,0,3115
BOM,LHR,247,winter,Economy,EuroWings,5320,0.27,1699,1,999
LAX,DXB,219,spring,Economy,EuroWings,586,0.07,542,0,238
LAX,FRA,337,winter,Business,PacificAir,8197,0.76,708,0,513
BOM,LAX,231,autumn,Business,AeroGulf,7346,0.59,1192,1,527
DXB,SIN,294,winter,Business,EuroWings,4649,0.84,1836,1,1761
NRT,SIN,188,winter,Economy,AeroGulf,2251,0.26,568,0,869
SYD,LAX,308,summer,Business,SkyMind,5661,0.65,1770,1,2093
FRA,NRT,168,summer,Business,EuroWings,3920,0.12,909,0,293
CDG,SIN,264,summer,Economy,SkyMind,5337,0.29,923,0,1856
DXB,SYD,105,autumn,First,SkyMind,2983,0.66,1042,0,320
FRA,NRT,224,summer,First,AsiaJet,3712,0.83,1464,1,334
CDG,BOM,115,winter,Economy,AeroGulf,4422,0.32,975,0,882
SIN,JFK,235,winter,Economy,AeroGulf,11181,0.8,560,1,747
JFK,BOM,272,winter,First,AsiaJet,6810,0.68,1557,0,2511
SIN,CDG,274,spring,Business,PacificAir,6542,0.35,1464,0,2345
BOM,LAX,230,winter,Economy,AsiaJet,8513,0.88,1581,0,3073
CDG,CDG,217,summer,First,AsiaJet,10178,0.51,1595,1,721
LAX,SIN,34,autumn,Business,AsiaJet,4027,0.65,190,1,361
NRT,LHR,197,autumn,Economy,SkyMind,8764,0.5,388,1,1638
LAX,JFK,317,winter,First,AeroGulf,9416,0.45,893,1,1675
SIN,SYD,214,winter,Business,PacificAir,4254,0.85,1396,1,1716
SIN,FRA,46,spring,Business,EuroWings,8662,0.29,1656,1,591
CDG,NRT,333,winter,First,EuroWings,11687,0.04,1104,1,4192
FRA,SYD,240,winter,Business,EuroWings,4865,0.88,1637,1,1879
SYD,SYD,254,winter,First,PacificAir,8910,0.83,690,1,3391
LHR,CDG,228,spring,First,EuroWings,1046,0.37,655,1,250
SIN,LHR,221,autumn,Business,PacificAir,4229,0.19,1829,1,1526
BOM,NRT,166,winter,First,EuroWings,7850,0.68,682,0,1559
LAX,FRA,73,autumn,First,EuroWings,13889,0.08,647,0,773
NRT,CDG,225,spring,Economy,PacificAir,6384,0.42,657,1,2348
CDG,BOM,86,spring,First,AeroGulf,2468,0.09,1045,0,564
FRA,DXB,81,winter,Business,PacificAir,5016,0.6,1870,1,448
SYD,FRA,215,spring,First,PacificAir,1759,0.03,323,0,325
SYD,SYD,164,spring,Business,AsiaJet,7492,0.63,1702,0,2802
JFK,NRT,240,autumn,Economy,SkyMind,8256,0.67,870,1,544
LHR,SYD,69,summer,Business,SkyMind,3433,0.49,1621,0,340
FRA,JFK,137,autumn,First,AeroGulf,3009,0.18,1754,0,253
BOM,SIN,152,winter,Business,AeroGulf,12700,0.1,1680,1,2286
LAX,LHR,97,spring,Economy,AeroGulf,12764,0.31,1148,0,2241
BOM,CDG,158,winter,Economy,SkyMind,13372,0.47,776,1,2510
BOM,NRT,186,autumn,Economy,AeroGulf,2062,0.64,263,1,324
LHR,DXB,168,spring,Business,AeroGulf,10777,0.0,390,0,3860
SIN,DXB,244,winter,Business,PacificAir,10481,0.71,1910,1,3770
CDG,BOM,119,winter,Business,PacificAir,8575,0.71,144,1,691
BOM,BOM,196,autumn,Economy,SkyMind,4169,0.44,467,1,1649
LHR,CDG,288,winter,Business,PacificAir,2981,0.34,1334,0,226
BOM,LAX,65,spring,Economy,AeroGulf,12122,0.84,836,0,4657
DXB,DXB,162,winter,Economy,PacificAir,7698,0.78,245,0,2941
CDG,FRA,85,spring,First,AsiaJet,704,0.98,1022,0,514
BOM,BOM,59,winter,First,PacificAir,1241,0.37,449,0,290
BOM,LHR,282,autumn,Economy,SkyMind,13992,0.91,898,1,2594
SYD,BOM,150,spring,Economy,AeroGulf,11580,0.09,934,1,709
SYD,JFK,121,winter,Economy,AeroGulf,12186,0.41,1529,0,2272
FRA,CDG,269,summer,First,SkyMind,7549,0.47,1047,0,477
LAX,SYD,255,spring,Economy,PacificAir,4763,0.44,1133,1,908
LHR,JFK,224,spring,First,AeroGulf,8337,0.63,619,0,3009
DXB,LHR,55,spring,First,AeroGulf,5237,0.17,1157,1,1026
LHR,DXB,136,summer,Business,AsiaJet,1605,0.87,333,0,408
JFK,NRT,190,autumn,Business,SkyMind,7330,0.55,1304,0,1385
LAX,DXB,253,winter,Business,PacificAir,10515,0.9,623,1,730
FRA,DXB,312,summer,First,PacificAir,11339,0.0,849,0,633
SYD,NRT,84,winter,Economy,AeroGulf,4697,0.63,1827,1,1738
NRT,JFK,354,summer,Business,EuroWings,588,0.41,1052,1,196
NRT,FRA,177,summer,First,AsiaJet,6988,0.51,1987,1,2522
CDG,JFK,94,winter,Economy,AsiaJet,3881,0.74,485,1,899
LHR,SYD,35,winter,Business,AsiaJet,13395,0.23,372,1,4826
DXB,JFK,212,winter,First,AeroGulf,12203,0.2,943,1,831
DXB,LHR,126,autumn,Business,SkyMind,10898,0.7,426,0,4060
JFK,JFK,230,spring,Business,SkyMind,3685,0.52,434,1,1387
DXB,SIN,168,summer,First,AsiaJet,7179,0.23,613,1,2522
LAX,LAX,14,spring,Business,EuroWings,6806,0.48,126,0,2595
FRA,LHR,74,winter,First,EuroWings,13073,0.46,764,1,4812
NRT,CDG,52,winter,First,PacificAir,1364,0.69,239,0,194
LAX,NRT,362,summer,Business,EuroWings,8746,0.0,1828,1,1578
NRT,CDG,207,summer,Economy,AsiaJet,5171,0.59,194,1,1918
DXB,NRT,296,summer,Economy,PacificAir,10772,0.61,267,1,1962
SYD,CDG,43,summer,Economy,AsiaJet,1057,0.75,1640,1,580
SYD,SIN,3,summer,First,SkyMind,13518,0.89,1855,0,2674
SIN,BOM,95,winter,Business,AsiaJet,9684,0.44,127,0,691
JFK,LAX,238,summer,Economy,PacificAir,13588,0.34,1884,0,2477
DXB,FRA,167,autumn,Business,AsiaJet,4791,0.1,683,0,1764
SYD,SYD,19,spring,Economy,AeroGulf,947,0.34,1113,0,240
NRT,DXB,207,spring,Economy,PacificAir,2321,0.07,407,0,373
FRA,NRT,230,autumn,Business,EuroWings,4319,0.8,1521,0,1608
DXB,SYD,214,summer,Business,SkyMind,11664,0.81,233,0,2272
DXB,NRT,56,winter,Business,EuroWings,591,0.42,885,0,367
JFK,NRT,334,winter,Business,AsiaJet,1107,0.26,1416,1,133
JFK,NRT,132,autumn,Economy,EuroWings,9943,0.12,803,0,3666
LHR,NRT,9,autumn,Business,PacificAir,785,0.85,594,1,272
BOM,NRT,231,autumn,First,AeroGulf,3421,0.88,454,0,727
BOM,DXB,153,spring,Economy,EuroWings,11998,0.27,646,1,4370
CDG,CDG,305,autumn,First,AsiaJet,601,0.62,737,0,171
NRT,CDG,284,winter,Economy,EuroWings,4335,0.26,1140,1,262
CDG,BOM,190,summer,Economy,EuroWings,8669,0.23,209,0,557
DXB,NRT,16,winter,First,PacificAir,4735,0.02,1598,0,861
LHR,LHR,343,autumn,Economy,AsiaJet,13622,0.58,1723,0,4941
SYD,SYD,203,winter,First,AsiaJet,10370,0.15,109,1,3785
DXB,DXB,174,spring,Economy,AeroGulf,12515,0.01,662,0,4511
BOM,NRT,168,winter,Business,PacificAir,8009,0.1,1235,1,2905
JFK,NRT,339,spring,Economy,PacificAir,7216,0.31,948,1,450
SIN,JFK,34,summer,First,SkyMind,1034,0.67,1687,1,636
SYD,LHR,229,autumn,Business,AeroGulf,7166,0.2,848,0,1225
FRA,SIN,1,summer,Business,AeroGulf,8707,0.89,1443,1,740
SYD,SYD,322,autumn,Business,AsiaJet,9252,0.29,1412,1,1709
LHR,FRA,115,summer,Business,AsiaJet,3425,0.33,708,1,697
NRT,JFK,214,summer,Economy,AeroGulf,11075,0.22,1908,1,2033
BOM,CDG,254,summer,First,PacificAir,1409,0.25,565,1,140
LAX,SYD,145,spring,Business,SkyMind,10105,0.07,1503,1,3661
NRT,LHR,47,spring,First,AsiaJet,5508,0.29,276,1,1039
LHR,JFK,280,winter,First,SkyMind,618,0.86,1487,1,202
SIN,LAX,178,winter,Business,AeroGulf,12754,0.69,1865,1,4698
NRT,DXB,213,winter,First,PacificAir,3613,0.88,1250,0,1388
CDG,BOM,360,autumn,First,SkyMind,11752,0.1,1386,1,4265
CDG,DXB,285,spring,First,EuroWings,6653,0.46,1085,1,2457
DXB,JFK,245,summer,First,AeroGulf,1991,0.23,979,1,391
CDG,CDG,253,winter,Economy,PacificAir,2596,0.72,1060,1,307
FRA,BOM,206,spring,Economy,AeroGulf,8444,0.97,994,0,3232
DXB,SYD,72,spring,Economy,AeroGulf,2754,0.82,1569,0,1239
NRT,JFK,222,autumn,First,SkyMind,9205,0.04,1582,0,1789
SYD,CDG,342,summer,Economy,SkyMind,6603,0.32,365,1,2375
BOM,DXB,215,spring,Business,EuroWings,1733,0.03,1410,0,292
NRT,BOM,360,spring,First,AsiaJet,5758,0.04,124,0,1079
LHR,LAX,141,winter,Economy,EuroWings,12824,0.08,1308,1,2310
JFK,LAX,156,autumn,Economy,PacificAir,10171,0.28,1188,1,1879
SYD,SIN,222,autumn,First,PacificAir,6131,0.3,526,1,2193
FRA,SIN,330,summer,First,AeroGulf,3849,0.4,1627,1,272
SIN,SYD,231,autumn,First,SkyMind,10232,0.4,1254,0,3654
DXB,SYD,142,summer,Business,AeroGulf,629,0.77,922,1,174
JFK,CDG,358,summer,Economy,AsiaJet,4216,0.14,1427,1,1517
FRA,SYD,75,winter,Business,AeroGulf,7254,0.16,1956,0,1322
LHR,DXB,40,winter,Economy,PacificAir,4243,0.63,554,0,1607
LAX,LAX,273,spring,First,PacificAir,2271,0.57,846,1,363
DXB,CDG,70,winter,Economy,EuroWings,4954,0.15,1236,0,1782
LAX,BOM,317,spring,First,AeroGulf,7270,0.85,671,1,1369
FRA,NRT,111,spring,Economy,SkyMind,11767,0.33,625,1,789
NRT,SYD,234,spring,Business,AsiaJet,7750,0.37,186,1,1434
CDG,JFK,197,spring,Economy,AsiaJet,5773,0.42,1619,1,2092
CDG,FRA,339,summer,First,SkyMind,9197,0.32,1972,1,1679
CDG,DXB,199,spring,Business,AsiaJet,6128,0.56,1137,0,354
LAX,SYD,24,spring,Business,SkyMind,5413,0.39,492,0,314
LAX,NRT,307,spring,Economy,SkyMind,13581,0.26,1976,0,4889
FRA,DXB,147,summer,Economy,EuroWings,9530,0.9,784,0,1849
SYD,LAX,62,autumn,Business,AeroGulf,12563,0.31,613,0,4650
JFK,LAX,67,autumn,Economy,PacificAir,5218,0.7,855,1,1118
SYD,CDG,30,spring,First,PacificAir,3176,0.35,259,1,369
NRT,LAX,107,autumn,First,AeroGulf,596,0.44,1899,1,280
LAX,SYD,166,winter,Economy,AsiaJet,2463,0.24,1415,0,211
BOM,BOM,121,winter,Business,SkyMind,5901,0.75,317,0,1199
FRA,LHR,11,winter,Economy,PacificAir,8267,0.74,1544,0,780
CDG,LHR,72,winter,Business,EuroWings,11558,0.02,882,0,2075
NRT,SIN,347,summer,Business,AsiaJet,12718,0.06,645,1,4622
FRA,DXB,253,spring,First,EuroWings,1098,0.92,1784,1,228
LHR,BOM,285,summer,Economy,PacificAir,11673,0.89,1644,0,2138
JFK,NRT,119,summer,Business,AeroGulf,4463,0.51,139,0,1705
JFK,SYD,8,spring,Business,AeroGulf,9120,0.49,1889,1,3490
SIN,LHR,215,summer,Business,EuroWings,7793,0.81,125,0,457
JFK,NRT,221,spring,Business,AsiaJet,12473,0.14,590,1,2245
SYD,LAX,80,summer,First,PacificAir,1824,0.65,1520,0,462
CDG,LAX,72,autumn,First,SkyMind,11282,0.48,1148,0,688
BOM,LHR,200,autumn,First,AeroGulf,11106,0.74,298,0,2076
LHR,LHR,173,winter,First,EuroWings,8611,0.03,470,0,1477
LHR,NRT,289,autumn,First,PacificAir,2267,0.59,190,0,736
DXB,JFK,234,winter,Economy,AsiaJet,5664,0.56,498,0,2086
NRT,DXB,261,winter,Economy,SkyMind,10208,0.84,559,1,3731
SYD,DXB,145,winter,First,SkyMind,1839,0.68,656,1,221
LAX,NRT,22,summer,Business,AeroGulf,12786,0.88,324,0,4863
NRT,JFK,78,spring,Business,SkyMind,13351,0.89,888,0,967
DXB,LAX,230,autumn,Economy,PacificAir,12095,0.41,188,1,4489
JFK,JFK,160,spring,Economy,AeroGulf,11238,0.14,1419,1,2044
BOM,JFK,14,autumn,Economy,AeroGulf,9668,0.63,1298,1,1986
JFK,JFK,236,autumn,First,AeroGulf,6966,0.87,1465,0,2516
SYD,DXB,148,summer,Business,PacificAir,10306,0.07,672,0,3680
FRA,JFK,150,autumn,Business,EuroWings,10276,0.56,1393,1,749
JFK,NRT,30,spring,Economy,SkyMind,5963,0.11,811,0,1092
LHR,BOM,161,spring,Economy,SkyMind,5990,0.03,443,1,2107
FRA,SYD,261,autumn,Economy,EuroWings,4561,0.68,1958,0,1608
CDG,SIN,18,spring,Economy,AeroGulf,13343,0.68,1711,1,2632
LHR,SIN,63,winter,First,AsiaJet,8104,0.6,1298,0,3098
FRA,SIN,135,spring,Business,PacificAir,1770,0.86,569,1,493
NRT,BOM,157,winter,First,AeroGulf,718,0.08,1011,1,247
NRT,BOM,57,winter,Business,AeroGulf,1033,0.11,938,0,158
NRT,LHR,265,spring,First,AeroGulf,8451,0.86,885,1,575
CDG,SYD,254,winter,Business,SkyMind,10187,0.5,1118,1,3647
JFK,NRT,187,spring,First,SkyMind,10065,0.27,1146,1,3625
FRA,LHR,361,spring,Business,AsiaJet,12831,0.74,637,1,4684
NRT,JFK,327,autumn,First,PacificAir,4323,0.89,329,0,194
BOM,SYD,199,spring,Business,AeroGulf,12641,0.69,1829,1,4678
SIN,CDG,171,spring,Economy,SkyMind,564,0.79,229,0,403
NRT,CDG,315,autumn,Business,EuroWings,4841,0.28,1273,1,923
DXB,SYD,6,summer,Business,SkyMind,5582,0.29,726,1,2115
DXB,CDG,256,spring,First,AeroGulf,11834,0.86,265,0,4314
BOM,LHR,309,summer,Economy,AeroGulf,10416,0.61,1372,1,1870
LHR,BOM,320,summer,First,SkyMind,10897,0.23,781,0,549
FRA,SYD,248,autumn,Business,EuroWings,3485,0.52,1791,1,260
FRA,CDG,219,summer,Business,EuroWings,6094,0.69,674,1,1159
SYD,NRT,4,summer,Business,AeroGulf,4413,0.22,1396,1,295
SYD,CDG,1,winter,Business,SkyMind,9740,0.65,342,1,777
LAX,JFK,326,summer,First,PacificAir,8517,0.04,467,0,3070
DXB,LHR,31,autumn,Economy,PacificAir,12346,0.3,798,1,4495
LHR,LAX,321,spring,Business,AeroGulf,11564,0.67,726,1,4267
DXB,DXB,117,winter,First,EuroWings,4755,0.15,357,1,352
DXB,LHR,275,autumn,First,PacificAir,1504,0.22,1990,1,602
SIN,FRA,197,autumn,First,SkyMind,2622,0.88,1458,0,273
BOM,FRA,325,winter,First,AsiaJet,13266,0.67,306,1,4823
FRA,DXB,177,winter,First,AsiaJet,7196,0.5,1231,0,464
BOM,BOM,287,autumn,Business,EuroWings,4481,0.21,355,1,853
LAX,SIN,236,spring,Business,AsiaJet,13174,0.34,1744,0,2397
LHR,CDG,79,summer,Economy,SkyMind,971,0.57,346,1,432
SYD,NRT,243,spring,Economy,AeroGulf,3905,0.16,1349,0,249
SIN,BOM,311,summer,Economy,AeroGulf,808,0.48,277,1,152
JFK,FRA,205,spring,Economy,SkyMind,8195,0.41,1266,0,1645
SIN,SYD,211,winter,First,AeroGulf,11626,0.48,1269,0,4267
SIN,DXB,333,winter,First,SkyMind,13488,0.11,1200,1,4937
JFK,BOM,91,winter,First,SkyMind,8207,0.11,137,1,573
LAX,SIN,166,autumn,First,AsiaJet,3547,0.96,491,1,797
BOM,SYD,161,autumn,First,AsiaJet,10613,0.98,691,0,778
FRA,JFK,6,summer,First,EuroWings,11691,0.43,759,0,741
LHR,LHR,141,winter,First,AsiaJet,2517,0.79,1567,1,1008
JFK,DXB,205,autumn,First,AeroGulf,13866,0.66,893,0,951
FRA,FRA,20,autumn,Economy,AsiaJet,5381,0.12,1030,1,341
SYD,NRT,100,winter,Business,SkyMind,1978,0.3,220,0,440
NRT,JFK,165,spring,Economy,AsiaJet,11044,0.31,436,1,612
DXB,JFK,45,winter,First,AeroGulf,4697,0.6,1789,0,1025
DXB,BOM,337,summer,First,EuroWings,8221,0.58,1909,1,1547
BOM,DXB,227,winter,First,PacificAir,5370,0.92,783,0,337
CDG,LHR,315,spring,Business,SkyMind,3959,0.79,234,1,288
SIN,DXB,52,spring,First,AeroGulf,12446,0.86,1359,0,2528
JFK,SYD,146,winter,First,AeroGulf,9923,0.89,1158,1,839
LAX,SIN,281,autumn,Economy,PacificAir,5934,0.8,1135,0,1098
LAX,JFK,123,spring,Economy,EuroWings,11812,0.33,1500,1,813
SIN,JFK,207,summer,First,SkyMind,1071,0.22,1874,1,292
BOM,FRA,297,autumn,Business,EuroWings,4089,0.57,468,0,787
SIN,JFK,102,summer,Business,PacificAir,8839,0.69,1935,1,3395
BOM,LHR,274,summer,Economy,SkyMind,6418,0.39,1164,0,412
SYD,NRT,129,summer,Economy,AsiaJet,12135,0.85,153,1,2368
CDG,DXB,167,summer,Business,EuroWings,1096,0.96,1252,0,322
SYD,NRT,202,spring,Economy,AsiaJet,5573,0.57,380,1,402
CDG,FRA,102,autumn,First,SkyMind,1570,0.46,1459,0,215
CDG,BOM,71,winter,First,PacificAir,12437,0.84,348,1,914
SYD,SYD,8,spring,First,AsiaJet,4750,0.02,1120,1,1704
SIN,JFK,162,autumn,First,AsiaJet,4825,0.13,989,0,349
NRT,LAX,73,winter,Economy,AeroGulf,3871,0.85,1906,0,1700
LAX,FRA,345,winter,First,SkyMind,657,0.73,686,1,80
LHR,SYD,27,spring,First,PacificAir,9614,0.42,456,1,3676
LAX,DXB,169,autumn,First,AeroGulf,3818,0.89,586,0,359
NRT,CDG,263,summer,First,EuroWings,7211,0.35,1510,0,2673
FRA,SIN,288,summer,Business,PacificAir,13962,0.63,1808,0,2611
DXB,CDG,73,winter,First,AeroGulf,11038,0.63,1499,1,4203
SYD,JFK,209,spring,Economy,EuroWings,12742,0.18,1168,0,4573
NRT,NRT,99,spring,First,PacificAir,7721,0.28,1558,0,1439
JFK,JFK,31,summer,Business,AeroGulf,9938,0.92,1805,0,846
JFK,SYD,336,spring,First,PacificAir,9457,0.18,631,1,1688
DXB,NRT,33,spring,Economy,AsiaJet,12343,0.17,856,0,2334
SYD,SIN,213,autumn,Economy,AeroGulf,3112,0.48,1082,0,616
LHR,FRA,145,autumn,Business,AsiaJet,5062,0.09,306,0,1757
BOM,SYD,99,winter,Economy,AeroGulf,12520,0.89,1239,0,2416
SIN,SYD,310,autumn,Economy,AsiaJet,13273,0.1,778,1,721
SIN,FRA,310,spring,Economy,SkyMind,943,0.62,1990,1,356
NRT,LAX,180,summer,Business,AsiaJet,6473,0.34,384,0,2415
LAX,JFK,135,summer,Business,SkyMind,1404,0.8,1911,0,371
SYD,FRA,190,summer,Business,PacificAir,3410,0.59,1037,1,1292
JFK,BOM,30,winter,Business,EuroWings,11901,0.39,1970,1,807
SIN,SYD,82,summer,Business,EuroWings,2301,0.98,195,1,1063
LAX,LAX,57,autumn,Business,EuroWings,1425,0.07,1647,1,300
DXB,LHR,174,autumn,Business,SkyMind,12413,0.58,923,1,2365
BOM,CDG,208,spring,Business,EuroWings,13079,0.99,982,1,2594
BOM,NRT,326,winter,Business,EuroWings,8351,0.69,1903,0,3034
SYD,JFK,322,summer,First,AsiaJet,6430,0.74,1688,0,1220
CDG,SYD,183,spring,Business,EuroWings,9443,0.03,1733,0,3324
SYD,NRT,235,summer,First,SkyMind,9926,0.02,609,0,1769
FRA,CDG,107,summer,Business,AsiaJet,3422,0.04,1387,1,610
SIN,SIN,186,spring,Business,SkyMind,9354,0.99,925,0,1778
SIN,SYD,266,autumn,Business,AeroGulf,8055,0.98,1915,1,536
NRT,SYD,132,spring,First,EuroWings,11887,0.33,160,1,771
SIN,NRT,330,winter,First,SkyMind,10276,0.29,1252,1,1832
SIN,SYD,329,spring,Business,SkyMind,1419,0.15,188,0,389
LAX,SYD,318,summer,Business,AsiaJet,5504,0.33,1201,1,2019
CDG,FRA,171,autumn,First,AeroGulf,4719,0.37,1863,0,1857
JFK,BOM,298,spring,Business,AeroGulf,8759,0.75,169,1,641
JFK,DXB,24,autumn,Business,EuroWings,5070,0.87,784,0,2037
FRA,SIN,261,autumn,First,PacificAir,4953,0.75,492,1,1849
BOM,DXB,355,autumn,First,PacificAir,10458,0.65,723,0,3748
JFK,JFK,196,autumn,First,AsiaJet,6075,0.77,1508,1,2285
SIN,BOM,99,summer,Business,EuroWings,2453,0.74,1580,1,260
CDG,SYD,333,summer,First,AsiaJet,3068,0.48,1275,0,174
LAX,JFK,101,summer,Business,EuroWings,8445,0.34,1695,1,3131
CDG,SIN,352,summer,Economy,AeroGulf,4208,0.28,1354,0,1534
JFK,LHR,120,summer,Economy,PacificAir,5428,0.68,565,0,475
CDG,LHR,321,winter,Business,SkyMind,11363,0.96,1121,1,2077
SIN,NRT,203,winter,Business,PacificAir,3899,0.58,531,0,1523
NRT,LHR,90,spring,First,EuroWings,10045,0.91,1034,0,2000
NRT,SYD,195,autumn,Business,PacificAir,7070,0.01,373,0,2616
JFK,DXB,177,winter,Business,SkyMind,13796,0.79,1228,1,857
NRT,LAX,115,summer,First,AeroGulf,942,0.85,1471,1,546
NRT,FRA,333,autumn,Business,AeroGulf,1100,0.63,1431,0,238
SYD,DXB,32,summer,Economy,EuroWings,11858,0.93,1381,0,932
LAX,DXB,215,summer,Business,PacificAir,12634,0.59,1480,1,4603
NRT,LAX,308,spring,First,EuroWings,11501,0.24,332,1,4174
LAX,SYD,279,autumn,Business,PacificAir,12080,0.22,1287,0,786
NRT,FRA,243,summer,Business,AsiaJet,5082,0.56,1427,1,1798
SIN,SIN,286,summer,Business,EuroWings,3286,0.91,984,0,287
CDG,JFK,70,spring,Economy,PacificAir,3195,0.07,955,0,1144
BOM,NRT,71,autumn,First,AsiaJet,12340,0.6,902,1,941
SIN,LHR,111,winter,Economy,EuroWings,2552,0.77,809,0,987
NRT,CDG,158,autumn,Economy,AeroGulf,1131,0.12,948,0,210
FRA,CDG,37,summer,First,AsiaJet,3942,0.12,1729,1,224
DXB,DXB,304,winter,First,EuroWings,2254,0.37,1750,1,901
FRA,FRA,326,spring,Economy,SkyMind,7520,0.27,1195,1,456
DXB,LAX,35,spring,Economy,AeroGulf,11725,0.2,1971,0,4234
BOM,DXB,324,summer,Business,AsiaJet,10270,0.2,1929,1,3717
SYD,CDG,59,autumn,First,PacificAir,13999,0.13,253,0,5123
NRT,SYD,207,summer,Economy,SkyMind,525,0.61,1410,0,80
LAX,BOM,361,autumn,Business,PacificAir,8446,0.69,353,0,3077
DXB,LHR,66,spring,Economy,SkyMind,10901,0.7,791,0,825
JFK,BOM,262,summer,Economy,EuroWings,7797,0.53,1567,1,1477
CDG,FRA,270,summer,First,EuroWings,7053,0.95,107,1,1344
DXB,LHR,233,winter,Economy,PacificAir,6259,0.88,1312,0,1193
CDG,LHR,157,summer,First,PacificAir,8255,0.96,134,0,3080
LHR,LAX,106,autumn,Economy,PacificAir,13884,0.39,901,1,949
FRA,SYD,154,winter,Business,AsiaJet,11594,0.88,1261,0,4359
NRT,BOM,18,autumn,First,AeroGulf,1629,0.76,1803,0,347
FRA,DXB,260,winter,First,PacificAir,5496,0.34,1231,0,1040
LHR,FRA,313,spring,Business,EuroWings,12796,0.11,1431,0,2355
DXB,CDG,119,autumn,First,EuroWings,4645,0.68,239,0,1043
SIN,DXB,309,autumn,Business,PacificAir,6141,0.14,1484,1,2123
LHR,NRT,102,summer,First,PacificAir,9133,0.29,254,1,3233
LAX,LHR,25,spring,First,EuroWings,6397,0.5,758,1,609
JFK,LAX,180,winter,First,AsiaJet,7869,0.68,412,1,508
LAX,JFK,162,winter,First,SkyMind,4395,0.93,1341,0,891
SIN,FRA,350,spring,Economy,EuroWings,5297,0.59,665,1,1899
FRA,SYD,215,summer,Economy,SkyMind,13541,0.67,1650,0,4874
SYD,LHR,124,autumn,Economy,PacificAir,2328,0.31,1346,0,182
SYD,FRA,292,autumn,First,AeroGulf,10227,0.69,1489,1,607
CDG,SIN,156,summer,Economy,PacificAir,13017,0.44,800,1,4750
BOM,FRA,193,winter,First,PacificAir,1059,0.86,501,0,516
CDG,JFK,328,summer,First,PacificAir,9865,0.39,832,1,586
LAX,DXB,53,autumn,Business,EuroWings,10570,0.47,1935,0,3906
NRT,FRA,170,spring,Business,EuroWings,10947,0.43,1470,0,4022
JFK,CDG,335,winter,Business,AeroGulf,9776,0.81,1993,0,1831
NRT,NRT,98,summer,First,SkyMind,4414,0.95,483,1,1877
SIN,CDG,147,autumn,Business,SkyMind,13928,0.33,951,0,5062
JFK,DXB,300,winter,Business,SkyMind,8930,0.48,760,1,3331
DXB,BOM,30,summer,First,PacificAir,8550,0.71,1920,1,752
BOM,SIN,74,spring,First,AeroGulf,11606,0.9,1230,1,2242
SIN,SYD,172,winter,Economy,PacificAir,10787,0.49,882,0,661
JFK,BOM,84,spring,First,AeroGulf,10163,0.11,1465,0,1825
SIN,JFK,73,autumn,Economy,AsiaJet,7400,0.37,442,0,1493
DXB,SIN,232,winter,First,EuroWings,6087,0.55,1447,1,2226
CDG,LAX,290,spring,Business,PacificAir,5912,0.42,1886,0,995
JFK,LAX,127,summer,First,AsiaJet,10737,0.19,955,0,1958
BOM,SYD,85,spring,Economy,SkyMind,5112,0.04,675,1,1750
FRA,JFK,254,autumn,First,AsiaJet,4183,0.69,881,0,1516
NRT,SIN,152,summer,First,EuroWings,8896,0.99,1800,0,1745
LAX,SYD,312,spring,Business,EuroWings,7847,0.92,602,1,518
LAX,CDG,7,winter,First,EuroWings,4100,0.68,665,0,989
LHR,CDG,307,spring,Business,AsiaJet,10829,0.84,1438,0,724
NRT,SIN,136,winter,Economy,SkyMind,7143,0.26,739,0,418
SYD,FRA,184,winter,First,PacificAir,13919,0.62,1310,0,2579
SYD,BOM,314,spring,Economy,SkyMind,1713,0.06,1848,0,109
FRA,LAX,341,autumn,First,AeroGulf,7847,0.71,922,1,1413
JFK,FRA,227,winter,Business,AeroGulf,12526,0.97,1550,0,848
SYD,SYD,325,autumn,First,PacificAir,3591,0.86,791,0,157
SYD,BOM,244,winter,Business,EuroWings,1882,0.53,1930,0,333
SIN,FRA,264,winter,Economy,PacificAir,4180,0.79,1968,0,1550
SYD,LHR,251,spring,Economy,AsiaJet,10371,0.94,758,0,3666
BOM,SIN,170,winter,Business,EuroWings,8698,0.22,283,0,1632
JFK,JFK,54,summer,First,PacificAir,10577,0.79,573,1,2037
LHR,CDG,132,spring,Business,PacificAir,3998,0.27,1799,1,1525
LAX,LHR,315,summer,Business,AsiaJet,8987,0.88,1303,1,3301
SYD,SYD,94,summer,Business,AsiaJet,6006,0.1,1423,0,355
DXB,BOM,46,winter,Business,SkyMind,8955,0.18,1937,0,634
FRA,SIN,350,autumn,Economy,AeroGulf,2637,0.72,196,0,204
FRA,BOM,99,spring,Business,PacificAir,8155,0.17,1803,1,2957
LAX,BOM,234,autumn,Business,SkyMind,8624,0.16,435,1,1548
NRT,JFK,269,spring,Economy,EuroWings,5448,0.56,1304,1,425
LHR,DXB,37,summer,Economy,EuroWings,4365,0.83,1564,1,1021
SYD,JFK,75,winter,Economy,AeroGulf,5960,0.27,502,1,2262
LAX,FRA,58,winter,First,EuroWings,5948,0.84,1585,0,449
JFK,DXB,19,winter,First,AeroGulf,4996,0.81,1935,1,2033
SIN,LHR,188,autumn,Economy,EuroWings,4952,0.58,335,1,896
LAX,BOM,139,winter,Business,EuroWings,7398,0.65,705,1,563
LHR,SIN,143,winter,Business,PacificAir,3046,0.04,322,1,591
SIN,LAX,108,autumn,Economy,AsiaJet,5429,0.37,1015,1,1142
NRT,SYD,221,autumn,Economy,PacificAir,13222,0.26,1935,0,777
SIN,JFK,145,winter,First,SkyMind,8810,0.15,722,0,529
SYD,DXB,346,winter,Economy,AsiaJet,7714,0.39,1386,1,2778
CDG,DXB,5,summer,First,PacificAir,13810,0.35,1933,0,883
LAX,DXB,56,winter,Economy,AsiaJet,2895,0.73,161,1,408
SIN,FRA,255,autumn,Business,AsiaJet,8171,0.6,1352,0,541
LAX,JFK,222,spring,Economy,AsiaJet,12059,0.91,338,1,836
DXB,NRT,360,winter,Business,EuroWings,6014,0.15,1893,1,392
CDG,BOM,48,spring,Economy,AsiaJet,2202,0.06,1849,1,804
SYD,BOM,304,winter,First,EuroWings,9221,0.53,1712,0,1645
LAX,LHR,163,winter,Economy,AsiaJet,4174,0.0,657,1,1499
DXB,LAX,236,summer,Business,EuroWings,8994,0.79,855,0,1659
DXB,LAX,248,winter,Business,AsiaJet,12759,0.51,1673,1,819
LHR,SYD,100,autumn,Business,SkyMind,4751,0.49,706,1,1866
CDG,FRA,21,winter,Economy,PacificAir,12660,0.36,484,0,2321
JFK,NRT,102,spring,First,AsiaJet,513,0.37,1042,1,95
CDG,NRT,5,winter,First,SkyMind,7687,0.43,462,0,590
LHR,BOM,197,autumn,First,PacificAir,3303,0.02,1264,1,162
FRA,BOM,149,winter,Business,AeroGulf,1388,0.08,671,0,265
CDG,NRT,345,spring,Business,AsiaJet,12220,0.51,1076,0,4423
SYD,CDG,330,winter,First,AeroGulf,9888,0.15,1059,1,1676
CDG,CDG,211,summer,First,PacificAir,5040,0.78,1575,1,1947
LHR,CDG,160,winter,Economy,PacificAir,8590,0.27,1178,1,3079
NRT,NRT,146,spring,Economy,AsiaJet,2669,0.1,1230,1,497
FRA,LAX,58,spring,Economy,SkyMind,12260,0.24,386,0,4441
CDG,DXB,354,spring,First,AsiaJet,10923,0.36,1476,0,1941
BOM,FRA,240,summer,First,SkyMind,10535,0.04,1336,0,1985
LAX,JFK,79,winter,First,AsiaJet,4151,0.14,1721,0,297
NRT,SYD,152,spring,Business,SkyMind,12568,0.32,1000,0,2363
SYD,LAX,5,summer,First,EuroWings,8517,0.31,986,1,1632
SIN,LHR,181,summer,Economy,SkyMind,11410,0.8,793,1,836
FRA,SIN,352,spring,Economy,SkyMind,8740,0.84,280,0,554
NRT,BOM,201,autumn,Business,PacificAir,680,0.19,1288,1,283
DXB,NRT,133,winter,Economy,AeroGulf,4378,0.12,1219,0,1654
JFK,BOM,122,spring,Economy,AsiaJet,10109,0.63,1564,0,740
LHR,LHR,169,winter,Business,PacificAir,3964,0.8,1126,1,480
CDG,BOM,354,summer,Economy,AeroGulf,12111,0.96,1612,0,783
LAX,CDG,346,winter,Business,PacificAir,1029,0.01,1328,1,128
FRA,NRT,308,autumn,Economy,PacificAir,6271,0.41,494,1,1139
JFK,LHR,98,winter,Business,AsiaJet,5179,0.73,1877,0,1112
LHR,SYD,282,spring,Business,EuroWings,8440,0.83,397,0,565
LHR,DXB,268,spring,First,PacificAir,1786,0.06,794,0,682
CDG,CDG,326,spring,Business,AsiaJet,2690,0.68,1289,1,1030
FRA,JFK,340,winter,Economy,SkyMind,9398,0.29,1787,0,1629
CDG,CDG,19,spring,First,AeroGulf,11909,0.07,1008,0,2227
NRT,DXB,132,winter,First,AsiaJet,8985,0.49,1465,1,608
LAX,DXB,96,winter,First,EuroWings,2061,0.16,1525,1,129
SYD,LHR,210,spring,Business,AsiaJet,6128,0.74,1901,1,2270
SYD,FRA,5,autumn,Business,AsiaJet,13209,0.74,239,1,5014
DXB,SYD,128,spring,First,SkyMind,3111,0.84,1367,1,336
FRA,SIN,54,summer,Business,AeroGulf,7060,0.38,1426,1,2605
FRA,SIN,198,summer,Economy,AeroGulf,1160,0.01,849,0,397
LHR,SIN,206,autumn,Economy,EuroWings,3678,0.26,1334,1,606
JFK,NRT,180,summer,Economy,AeroGulf,3889,0.47,1462,1,262
NRT,LHR,241,autumn,Business,SkyMind,10798,0.69,1752,0,656
SIN,SYD,274,winter,Economy,EuroWings,3563,0.38,109,1,228
BOM,JFK,320,summer,Economy,SkyMind,6901,0.54,996,0,1295
SIN,JFK,138,autumn,Business,SkyMind,8627,0.52,1052,0,642
CDG,LHR,23,spring,Business,AsiaJet,3340,0.16,1623,0,1310
LAX,CDG,120,summer,Economy,AsiaJet,12188,0.62,170,0,2370
LHR,SIN,115,summer,First,AsiaJet,11270,0.44,1242,1,2092
BOM,SIN,82,autumn,First,PacificAir,6809,0.81,1754,1,597
NRT,BOM,196,winter,Business,SkyMind,7692,0.69,1006,1,2863
FRA,LHR,180,autumn,Business,AeroGulf,6554,0.11,1560,1,302
CDG,SYD,352,autumn,Business,EuroWings,10743,0.49,226,1,3811
JFK,LHR,175,summer,First,PacificAir,6646,0.7,359,0,499
BOM,CDG,198,autumn,Economy,AsiaJet,7061,0.09,327,1,2545
LHR,NRT,26,spring,First,PacificAir,11101,0.79,544,1,4242
DXB,BOM,99,autumn,Business,PacificAir,11645,0.22,1721,1,4263
DXB,CDG,233,spring,First,SkyMind,9060,0.5,877,1,1596
BOM,SYD,191,spring,Business,SkyMind,1038,0.94,1338,0,222
LHR,CDG,66,autumn,Economy,AeroGulf,3427,0.57,1512,0,354
NRT,BOM,246,winter,Business,EuroWings,2893,0.42,339,0,245
LHR,LHR,104,spring,Economy,EuroWings,9422,0.01,479,0,1751
SIN,SYD,191,spring,Economy,AsiaJet,1396,0.13,431,0,514
LAX,NRT,141,spring,First,AeroGulf,13855,0.58,1884,0,2662
LHR,LAX,179,winter,Business,EuroWings,7367,0.49,1025,0,1356
SIN,LAX,261,autumn,First,PacificAir,13351,0.36,1692,1,4789
FRA,BOM,175,winter,Business,PacificAir,6845,0.92,516,1,575
NRT,BOM,164,autumn,Business,EuroWings,2868,0.33,264,1,552
FRA,SIN,19,spring,Business,PacificAir,5059,0.54,949,0,1987
FRA,BOM,20,summer,First,PacificAir,13822,0.57,1319,1,5237
NRT,LHR,287,spring,First,AsiaJet,8247,0.53,338,1,548
NRT,NRT,361,autumn,Business,PacificAir,11372,0.48,378,0,4106
FRA,SIN,239,winter,First,EuroWings,2880,0.34,169,1,1028
FRA,NRT,44,spring,Business,SkyMind,514,0.91,1898,1,340
LHR,NRT,196,spring,First,PacificAir,11820,0.45,118,0,768
BOM,NRT,195,autumn,First,EuroWings,10045,0.53,337,0,730
NRT,SYD,357,autumn,Economy,PacificAir,3635,0.66,1010,0,1296
CDG,DXB,345,summer,First,AeroGulf,2777,0.07,1496,1,1020
BOM,LHR,49,spring,Business,AsiaJet,8702,0.78,1363,0,796
BOM,SYD,59,spring,First,SkyMind,2156,0.51,1465,1,327
FRA,DXB,132,spring,First,PacificAir,9939,0.66,1539,1,744
SYD,LAX,167,summer,Business,EuroWings,2160,0.77,1458,1,522
BOM,JFK,135,summer,First,SkyMind,2263,0.87,1438,1,224
FRA,CDG,89,spring,Economy,PacificAir,9233,0.39,169,1,3380
SYD,SIN,271,autumn,Economy,AeroGulf,2029,0.81,297,1,170
FRA,JFK,263,winter,Economy,EuroWings,8365,0.26,1116,0,2990
CDG,BOM,116,spring,Economy,AsiaJet,6338,0.66,1385,1,2429
NRT,LHR,196,spring,Business,PacificAir,7410,0.1,943,1,2777
NRT,JFK,354,spring,Business,EuroWings,9872,0.02,293,1,668
BOM,BOM,108,autumn,Economy,PacificAir,11380,0.1,1596,0,716
DXB,JFK,362,summer,Business,AsiaJet,3117,0.32,231,1,226
LHR,BOM,47,winter,First,AeroGulf,3254,0.03,474,0,166
DXB,SYD,241,winter,First,AsiaJet,9620,0.63,1193,0,714
FRA,LHR,309,summer,First,AsiaJet,8601,0.32,866,0,1484
SYD,DXB,230,spring,Economy,AsiaJet,1926,0.74,1820,1,243
LAX,DXB,245,spring,Economy,SkyMind,8567,0.05,845,1,1571
SYD,LHR,316,winter,Business,EuroWings,12351,0.22,1568,0,4417
LAX,SYD,250,winter,Business,PacificAir,5708,0.41,470,0,2083
SIN,LAX,77,spring,Business,AeroGulf,10925,0.38,1563,0,3966
SYD,SYD,62,autumn,Economy,PacificAir,12601,0.13,1992,0,4514
FRA,JFK,59,spring,Business,SkyMind,13682,0.99,329,1,2632
FRA,BOM,238,autumn,First,AeroGulf,6722,0.28,1265,0,1277
SYD,BOM,189,spring,First,SkyMind,8308,0.72,1746,1,3155
FRA,LAX,56,winter,First,PacificAir,2561,0.22,1206,0,101
FRA,LAX,78,spring,Economy,AeroGulf,12789,0.88,854,0,4903
LHR,LAX,222,spring,Business,PacificAir,3063,0.39,1642,1,1147
LHR,SIN,47,summer,Business,EuroWings,3303,0.9,1561,0,844
BOM,FRA,138,spring,Economy,SkyMind,6709,0.34,1589,0,2405
LHR,SIN,24,spring,Economy,EuroWings,2793,0.01,1053,1,571
DXB,LHR,29,spring,First,EuroWings,2125,0.52,1696,1,536
DXB,BOM,135,winter,Economy,PacificAir,6309,0.52,1999,1,2426
DXB,LHR,351,spring,First,PacificAir,1071,0.12,1451,0,126
CDG,JFK,350,autumn,First,AsiaJet,7899,0.23,1023,1,1491
NRT,LAX,281,autumn,Business,AsiaJet,13223,0.78,1336,1,2401
SYD,LHR,292,spring,First,AeroGulf,2900,0.04,282,1,514
JFK,DXB,189,winter,Business,PacificAir,10403,0.49,454,0,3785
NRT,NRT,71,autumn,First,SkyMind,9074,0.53,1874,1,3439
LHR,SYD,206,spring,Business,PacificAir,6329,0.69,1069,0,1246
LAX,SIN,242,spring,Economy,PacificAir,1583,0.04,664,1,152
LAX,SIN,306,autumn,Business,EuroWings,2449,0.59,1343,0,965
SIN,JFK,184,winter,Economy,EuroWings,11209,0.0,1718,0,586
LHR,CDG,128,winter,Business,AsiaJet,6030,0.27,1807,1,481
FRA,BOM,230,autumn,Economy,AeroGulf,5702,0.5,1094,0,2155
BOM,LHR,41,spring,Economy,AeroGulf,12861,0.91,127,1,2538
SIN,CDG,281,winter,Economy,PacificAir,5930,0.13,913,0,382
NRT,BOM,162,summer,First,SkyMind,3997,0.17,1300,0,741
SIN,DXB,312,spring,Economy,EuroWings,5996,0.67,1502,0,419
LHR,SIN,340,winter,Business,SkyMind,12006,0.37,550,0,2150
CDG,DXB,158,spring,Economy,EuroWings,5430,0.62,586,0,2084
DXB,SIN,324,summer,Economy,PacificAir,11367,1.0,1790,0,719
BOM,LAX,21,autumn,Business,AeroGulf,3894,0.99,1372,1,491
DXB,CDG,347,summer,Economy,PacificAir,9895,0.35,306,1,608
NRT,CDG,10,spring,Business,EuroWings,1273,0.5,1367,1,510
LAX,NRT,87,autumn,Economy,AeroGulf,11748,0.9,778,0,876
DXB,JFK,33,summer,Business,SkyMind,8293,0.09,313,0,509
FRA,LHR,361,winter,Business,SkyMind,11005,0.45,1207,1,1948
SYD,LAX,339,summer,Economy,AsiaJet,3097,0.38,126,0,537
SYD,LAX,203,spring,Economy,SkyMind,10095,0.29,1158,1,3713
NRT,SYD,4,winter,Economy,AsiaJet,12864,0.99,1625,1,2645
SIN,LHR,23,summer,Economy,AeroGulf,8481,0.73,914,1,713
LAX,SIN,197,spring,Economy,PacificAir,13860,0.39,919,0,936
NRT,BOM,309,autumn,Economy,PacificAir,3561,0.83,168,1,1359
DXB,FRA,274,summer,First,AeroGulf,3825,0.49,293,0,1405
LAX,CDG,273,autumn,Economy,AeroGulf,1903,0.87,396,1,103
NRT,NRT,107,winter,First,EuroWings,3820,0.27,1685,0,786
LAX,FRA,200,autumn,First,SkyMind,7739,0.22,656,0,502
BOM,LHR,343,spring,First,SkyMind,7149,0.25,1399,1,2579
FRA,DXB,215,winter,Economy,SkyMind,7920,0.54,1755,0,518
SYD,DXB,2,summer,Business,AsiaJet,7639,0.29,1066,0,582
CDG,DXB,121,autumn,Business,SkyMind,1369,0.15,391,1,129
LAX,CDG,103,winter,Business,EuroWings,6942,0.99,1835,1,2700
SIN,SIN,149,winter,Economy,PacificAir,9775,0.9,702,1,3617
NRT,LAX,152,summer,Business,PacificAir,1473,0.64,425,0,695
DXB,LAX,53,summer,Business,AsiaJet,9917,0.89,1275,1,2043
SYD,JFK,166,summer,Economy,EuroWings,10494,0.94,775,0,3944
CDG,CDG,306,summer,Economy,AeroGulf,11656,0.68,1256,1,1998
SYD,CDG,167,autumn,First,PacificAir,1688,0.52,1335,1,386
DXB,FRA,316,winter,Economy,EuroWings,5647,0.88,1114,1,2056
SYD,FRA,364,summer,Business,AeroGulf,3943,0.57,280,1,679
SYD,DXB,295,winter,Economy,AsiaJet,12626,0.13,867,0,2317
BOM,LAX,71,winter,Economy,SkyMind,13101,0.37,460,0,911
LHR,SIN,128,spring,Business,EuroWings,6184,0.45,523,0,1222
DXB,CDG,33,spring,Business,PacificAir,1821,0.94,709,1,636
DXB,FRA,157,summer,Economy,AsiaJet,2523,0.66,1994,0,969
BOM,BOM,330,summer,Economy,EuroWings,7240,0.88,223,0,437
SYD,DXB,266,spring,Economy,AsiaJet,5968,0.76,277,0,1139
LAX,BOM,204,winter,Business,AeroGulf,13423,0.31,429,0,2426
LHR,CDG,195,summer,First,EuroWings,13204,0.72,1062,0,2513
SIN,DXB,109,autumn,Economy,SkyMind,938,0.2,1876,1,353
BOM,LAX,159,summer,Economy,AeroGulf,664,0.41,1349,0,373
CDG,LAX,283,summer,Economy,SkyMind,6178,0.81,262,0,378
LHR,FRA,27,autumn,First,AsiaJet,8335,0.61,1955,1,1776
FRA,BOM,227,summer,Economy,SkyMind,3837,0.83,912,0,425
LHR,SYD,252,winter,First,AeroGulf,3850,0.25,592,1,1404
SYD,DXB,265,autumn,Economy,AeroGulf,1487,0.75,1929,0,386
LAX,DXB,262,autumn,Business,AeroGulf,3029,0.2,977,0,542
BOM,BOM,134,spring,First,AsiaJet,5112,0.55,570,0,461
LHR,FRA,26,winter,Business,PacificAir,12869,0.43,1480,1,2427
JFK,BOM,43,spring,Economy,AsiaJet,12906,0.56,440,0,4730
BOM,DXB,19,winter,Business,AeroGulf,4345,0.14,254,1,123
SIN,BOM,16,summer,First,AsiaJet,6256,0.36,859,1,465
CDG,BOM,105,spring,Economy,EuroWings,8605,0.67,1316,0,1706
LHR,FRA,279,summer,Business,EuroWings,1826,0.56,684,0,763
DXB,FRA,203,summer,First,PacificAir,11978,0.55,1382,0,2231
CDG,JFK,208,spring,First,AsiaJet,8719,0.51,1950,1,639
BOM,DXB,166,spring,First,AsiaJet,10716,0.94,1353,0,774
NRT,JFK,59,summer,Business,EuroWings,7424,0.93,199,1,2889
DXB,BOM,48,summer,First,AeroGulf,5093,0.36,325,1,452
FRA,BOM,148,winter,Economy,SkyMind,7162,0.35,1153,0,2517
LHR,SYD,277,summer,Economy,AeroGulf,693,0.55,834,1,165
JFK,LHR,178,autumn,First,PacificAir,9283,0.1,1345,1,3337
LHR,NRT,289,summer,First,SkyMind,2989,0.3,1139,0,624
LAX,FRA,114,summer,Economy,AeroGulf,10549,0.23,1920,0,1919
FRA,BOM,296,summer,Economy,AsiaJet,13847,0.22,817,1,869
LHR,JFK,218,spring,First,AsiaJet,6901,0.64,557,0,1365
JFK,CDG,266,spring,Economy,EuroWings,8804,0.38,315,1,484
LAX,LHR,162,autumn,First,AsiaJet,10009,0.17,711,1,3624
JFK,BOM,329,summer,Business,AsiaJet,2237,0.89,635,1,810
BOM,LAX,36,winter,First,PacificAir,2561,0.87,1898,1,743
BOM,DXB,75,winter,First,SkyMind,10382,0.86,532,1,3976
JFK,SIN,135,summer,Business,AeroGulf,12360,0.39,1058,0,2286
FRA,CDG,272,summer,First,AeroGulf,6783,0.06,1736,0,2394
FRA,LHR,179,summer,First,PacificAir,10086,0.11,657,1,1884
JFK,CDG,159,summer,Business,SkyMind,11860,0.28,339,0,2178
BOM,SYD,243,summer,Economy,AsiaJet,7340,0.22,915,0,2583
JFK,CDG,301,spring,Economy,PacificAir,4059,0.87,201,0,1430
SIN,FRA,204,autumn,Economy,AsiaJet,5961,0.99,764,0,2298
NRT,FRA,283,spring,Economy,AeroGulf,8099,0.82,1166,1,2907
SYD,BOM,278,winter,Economy,PacificAir,10928,0.73,1690,1,2112
DXB,NRT,143,spring,Business,PacificAir,4383,0.59,1541,0,849
BOM,JFK,8,spring,Business,PacificAir,3751,0.77,420,1,1576
JFK,LHR,116,autumn,First,AeroGulf,5553,0.95,1791,1,2201
SYD,LHR,343,winter,Economy,AeroGulf,12624,0.6,908,1,731
FRA,LHR,272,winter,Business,EuroWings,3514,0.15,512,1,531
JFK,FRA,176,summer,Business,AeroGulf,12178,0.16,1027,1,2226
LAX,NRT,214,autumn,Economy,AeroGulf,1628,0.58,133,0,620
FRA,FRA,215,spring,Business,AsiaJet,7365,0.33,1950,1,488
NRT,SIN,57,spring,First,AeroGulf,6972,0.91,849,1,2734
JFK,LHR,229,spring,First,SkyMind,7916,0.61,544,1,1506
JFK,NRT,300,winter,Economy,AsiaJet,2196,0.68,279,0,509
SIN,SYD,327,winter,Economy,EuroWings,8824,0.01,1954,0,502
NRT,NRT,37,spring,Economy,SkyMind,7907,0.5,1789,1,2957
NRT,BOM,284,winter,First,EuroWings,7745,0.43,816,1,410
BOM,CDG,324,summer,Business,PacificAir,5165,0.71,1391,0,1873
FRA,LAX,224,spring,First,PacificAir,4720,0.38,1657,1,347
CDG,FRA,302,spring,Economy,PacificAir,13822,0.98,1068,0,5002
NRT,NRT,201,summer,Business,AeroGulf,12231,0.67,411,1,4514
LHR,BOM,100,winter,First,AeroGulf,8074,0.66,105,1,3041
NRT,CDG,282,spring,Economy,AsiaJet,11680,0.92,647,1,2100
SYD,SYD,75,summer,Economy,SkyMind,6670,1.0,737,1,2655
JFK,BOM,212,autumn,Business,SkyMind,12994,0.2,557,0,2353
SYD,SIN,191,summer,First,PacificAir,11985,0.81,1864,1,841
DXB,SIN,63,spring,Business,PacificAir,811,0.16,1822,0,303
CDG,CDG,112,summer,Business,AeroGulf,11121,0.46,670,0,2064
DXB,LHR,143,winter,First,EuroWings,10477,0.1,1603,0,654
SYD,LAX,99,spring,First,SkyMind,5934,0.62,167,0,2260
CDG,BOM,265,spring,First,SkyMind,13083,0.47,1943,0,909
FRA,LHR,225,winter,Business,EuroWings,901,0.63,219,1,274
DXB,DXB,75,winter,Business,SkyMind,6054,0.68,1063,0,1279
LAX,FRA,278,winter,First,SkyMind,2096,0.62,1456,0,790
NRT,SIN,198,autumn,First,AeroGulf,621,0.29,947,1,80
SYD,SIN,184,spring,Business,SkyMind,1250,0.84,974,0,309
DXB,LHR,293,spring,First,PacificAir,605,0.55,1046,0,80
BOM,NRT,57,spring,Economy,PacificAir,7434,0.49,1109,1,2786
BOM,JFK,249,summer,First,AsiaJet,9751,0.99,445,0,3603
LAX,JFK,114,spring,Economy,AeroGulf,12859,0.28,1988,0,4719
LHR,FRA,140,spring,Economy,AeroGulf,13355,0.53,1368,1,912
CDG,JFK,359,winter,Business,PacificAir,3738,0.68,1703,0,734
FRA,SIN,41,winter,Business,AeroGulf,1744,0.13,1789,0,646
NRT,NRT,153,winter,Business,AeroGulf,8767,0.35,1964,1,3229
CDG,SIN,232,spring,First,AsiaJet,7365,0.8,1420,1,546
NRT,LAX,105,winter,Business,EuroWings,9701,0.24,1838,0,645
DXB,SIN,106,autumn,First,SkyMind,3782,0.49,1768,1,1529
LHR,SYD,300,winter,Business,AsiaJet,2775,0.63,1033,0,1072
JFK,FRA,130,autumn,Economy,EuroWings,4308,0.67,727,0,321
SYD,NRT,161,summer,Business,SkyMind,9144,0.73,1728,1,665
FRA,FRA,257,autumn,Economy,PacificAir,1265,0.87,713,0,152
LAX,LAX,229,autumn,First,EuroWings,5082,0.39,1483,1,456
LHR,LAX,350,summer,Business,SkyMind,3215,0.71,1471,1,570
FRA,BOM,182,autumn,Business,AsiaJet,1997,0.73,1560,1,420
DXB,CDG,14,spring,Economy,SkyMind,12638,0.3,1595,1,4658
DXB,CDG,100,spring,Business,AeroGulf,12424,0.97,374,1,2472
SIN,LHR,225,winter,First,SkyMind,13617,0.87,729,0,913
LAX,SYD,358,winter,Economy,PacificAir,3338,0.29,1188,0,1192
SIN,LAX,231,winter,First,AsiaJet,6536,0.68,168,0,514
JFK,LAX,53,winter,First,EuroWings,5566,0.72,826,1,1143
FRA,LHR,6,spring,Economy,SkyMind,989,0.43,408,1,169
BOM,LAX,90,winter,First,AsiaJet,11115,0.86,246,1,4169
LAX,SYD,64,autumn,Business,PacificAir,6874,0.69,677,1,1462
NRT,NRT,88,summer,First,EuroWings,2435,0.66,607,1,1041
LHR,NRT,33,autumn,Business,SkyMind,3249,0.22,275,0,591
SIN,CDG,72,summer,Economy,PacificAir,11988,0.41,677,1,769
FRA,BOM,44,spring,Business,AeroGulf,13262,0.43,300,1,4981
BOM,LHR,253,summer,First,AsiaJet,12383,0.73,1141,1,2350
LHR,JFK,107,winter,Business,AsiaJet,9795,0.62,1459,0,1936
LAX,FRA,290,spring,First,SkyMind,8312,0.09,1930,0,1502
NRT,SYD,2,winter,Business,PacificAir,10291,0.31,1250,0,2020
SYD,JFK,136,autumn,Economy,EuroWings,11973,0.47,812,1,751
NRT,DXB,117,autumn,Economy,EuroWings,7964,0.74,1615,1,666
JFK,CDG,121,winter,Business,EuroWings,8277,0.74,1174,1,1616
LHR,SYD,288,summer,Economy,EuroWings,13983,0.49,1762,0,857
JFK,LAX,312,autumn,Business,SkyMind,11852,0.12,1274,1,752
LHR,DXB,94,summer,First,SkyMind,12637,0.29,1284,1,2332
LHR,LAX,7,autumn,Business,AsiaJet,8917,0.25,287,0,586
LHR,FRA,88,winter,First,PacificAir,6786,0.78,329,0,2595
LHR,SYD,182,winter,Business,AeroGulf,13495,0.18,1054,0,4785
BOM,BOM,191,autumn,First,SkyMind,10406,0.46,1733,0,728
NRT,JFK,208,autumn,Economy,EuroWings,4649,0.67,1304,0,872
LAX,NRT,291,summer,Business,AeroGulf,10935,0.96,945,0,4087
NRT,JFK,354,summer,Economy,AsiaJet,6348,1.0,1840,0,375
DXB,SYD,278,summer,Economy,EuroWings,8156,0.95,1593,0,622
BOM,LHR,315,winter,First,PacificAir,11584,0.72,526,1,2024
JFK,CDG,52,autumn,Economy,AeroGulf,2845,0.75,1939,0,741
FRA,FRA,267,spring,First,AsiaJet,6049,0.76,1205,1,473
FRA,LHR,244,summer,Economy,SkyMind,7180,0.86,1527,0,1443
LHR,LAX,182,spring,Economy,PacificAir,9270,0.95,577,1,3403
CDG,CDG,211,winter,Business,EuroWings,2198,0.45,1156,1,813
SIN,NRT,198,summer,Business,AeroGulf,13287,0.42,849,1,883
SIN,CDG,270,summer,First,AsiaJet,11363,0.46,692,1,725
LAX,CDG,33,spring,Economy,AeroGulf,7484,0.66,966,0,1541
FRA,CDG,102,spring,Economy,PacificAir,12993,0.78,1583,0,4828
BOM,FRA,333,autumn,Business,SkyMind,6537,0.87,613,1,1277
JFK,CDG,282,spring,First,SkyMind,11619,0.46,1541,1,858
LAX,LAX,237,winter,Business,PacificAir,5756,0.36,431,0,388
DXB,SYD,216,summer,Economy,EuroWings,7051,0.98,1725,0,565
SYD,DXB,321,spring,First,AeroGulf,778,0.23,1761,0,80
SYD,FRA,302,winter,Economy,EuroWings,1968,0.22,1539,1,193
LHR,LAX,127,spring,Business,AsiaJet,13464,0.72,632,1,990
SYD,CDG,94,spring,First,EuroWings,9632,0.18,104,0,1720
SYD,FRA,74,spring,Business,PacificAir,2818,0.4,383,0,572
LAX,BOM,128,autumn,Economy,SkyMind,5036,0.29,1978,1,912
CDG,JFK,74,summer,Economy,PacificAir,5847,0.17,403,0,2280
FRA,JFK,256,summer,Business,PacificAir,6439,0.58,963,0,1242
FRA,LAX,102,summer,Economy,AeroGulf,2283,0.37,1320,0,187
LAX,LAX,47,autumn,Business,PacificAir,10567,0.46,1377,1,1988
JFK,NRT,165,spring,Business,AsiaJet,7130,0.2,966,1,1356
BOM,NRT,256,summer,First,AeroGulf,13335,0.77,1885,0,4914
SIN,JFK,283,summer,Economy,AeroGulf,3726,0.31,937,1,284
DXB,SYD,248,spring,Economy,EuroWings,12420,0.34,1718,0,4482
SYD,SYD,204,summer,Business,PacificAir,9677,0.25,1871,1,3532
JFK,JFK,86,spring,First,EuroWings,3319,0.43,267,0,1298
SIN,BOM,324,autumn,Business,EuroWings,4470,0.46,105,1,773
JFK,CDG,164,summer,Economy,AeroGulf,10758,0.53,241,1,686
CDG,JFK,57,summer,First,EuroWings,924,0.97,474,1,321
FRA,CDG,206,spring,First,EuroWings,2605,0.9,1248,0,1065
DXB,DXB,148,winter,Business,AeroGulf,2970,0.61,1446,0,314
FRA,CDG,301,autumn,Business,AeroGulf,6394,0.04,494,1,425
SYD,SYD,279,summer,First,SkyMind,4294,0.61,1290,0,1663
FRA,SIN,290,spring,Economy,PacificAir,3391,0.09,1804,0,577
BOM,SIN,21,autumn,Economy,SkyMind,10375,0.71,1147,1,3967
JFK,JFK,137,spring,First,AeroGulf,11865,0.39,1806,0,4381
LAX,NRT,10,winter,Business,AsiaJet,3647,0.84,208,1,885
LHR,DXB,308,summer,Business,EuroWings,12753,0.94,309,0,2345
FRA,CDG,45,winter,Economy,EuroWings,4551,0.42,706,1,915
FRA,LHR,249,summer,Economy,AeroGulf,4151,0.46,1325,1,896
LAX,SIN,30,winter,First,EuroWings,12853,0.59,1533,1,4794
NRT,CDG,225,summer,Economy,SkyMind,13602,0.2,896,0,2493
CDG,CDG,177,spring,Economy,EuroWings,8401,0.93,101,1,634
LHR,FRA,96,autumn,Business,AsiaJet,1674,0.43,1921,1,673
NRT,SYD,17,summer,Business,PacificAir,3449,0.17,842,1,1225
CDG,DXB,28,summer,Economy,SkyMind,10501,0.76,865,1,2155
NRT,CDG,126,spring,Business,PacificAir,9128,0.22,1234,0,1724
SIN,LAX,301,winter,Business,PacificAir,13577,0.14,1709,0,806
BOM,BOM,273,summer,Business,AsiaJet,6616,0.56,175,1,1188
LHR,BOM,187,winter,Economy,AsiaJet,734,0.67,311,0,371
DXB,CDG,142,spring,Business,AsiaJet,8412,0.57,1753,0,1593
LHR,SIN,138,summer,Economy,AsiaJet,5270,0.66,1356,0,428
SIN,DXB,337,autumn,Economy,SkyMind,10837,0.12,286,0,3840
DXB,NRT,229,summer,First,AsiaJet,5628,0.48,1398,1,2090
LAX,NRT,214,spring,First,SkyMind,13714,0.36,409,1,2525
DXB,SYD,274,winter,First,EuroWings,12267,0.97,1065,0,863
NRT,DXB,291,summer,Economy,PacificAir,5356,0.05,987,1,316
BOM,CDG,58,spring,First,EuroWings,12253,0.3,1786,1,2264
LAX,SYD,18,spring,Business,EuroWings,8659,0.94,310,0,3307
LAX,DXB,180,spring,First,AeroGulf,2974,0.98,450,0,1274
BOM,JFK,158,winter,Economy,EuroWings,726,0.82,1924,1,445
CDG,FRA,256,winter,Business,EuroWings,6660,0.08,421,0,1207
CDG,LAX,37,autumn,Business,AeroGulf,11302,0.56,306,1,4153
LAX,BOM,296,autumn,Business,EuroWings,10967,0.4,1213,1,3910
LHR,FRA,262,summer,First,AeroGulf,5301,0.81,757,0,995
JFK,CDG,79,spring,First,SkyMind,10507,0.06,164,0,3844
CDG,BOM,154,autumn,First,PacificAir,5857,0.2,515,0,1103
BOM,LHR,361,winter,First,AsiaJet,8048,0.49,1122,0,409
SYD,SYD,347,spring,Business,EuroWings,12546,0.16,1721,1,775
BOM,LHR,158,summer,Economy,SkyMind,4495,0.69,1415,0,884
NRT,JFK,75,spring,First,PacificAir,1910,0.82,576,1,513
LAX,LHR,55,autumn,Economy,SkyMind,5264,0.7,1564,0,1174
CDG,NRT,206,autumn,Business,AeroGulf,12071,0.44,469,0,4441
FRA,FRA,215,spring,Economy,SkyMind,10537,0.88,772,0,3956
LHR,NRT,9,winter,Economy,EuroWings,1837,0.14,842,0,370
CDG,CDG,106,spring,First,EuroWings,5920,0.26,753,0,1165
SIN,CDG,318,spring,First,AsiaJet,617,0.49,531,0,211
NRT,SYD,245,spring,Business,AsiaJet,2368,0.06,338,1,845
NRT,BOM,307,spring,First,EuroWings,2597,0.1,392,1,455
DXB,SIN,103,spring,Economy,SkyMind,2313,0.4,336,0,920
FRA,LAX,275,winter,Economy,EuroWings,10279,0.94,744,0,3705
NRT,JFK,325,summer,Economy,SkyMind,11944,0.91,1941,0,735
FRA,NRT,338,summer,Economy,EuroWings,9234,0.47,800,0,1745
LAX,JFK,33,autumn,First,PacificAir,2874,0.14,1849,1,500
BOM,LHR,108,winter,Business,SkyMind,2026,0.18,424,1,700
BOM,NRT,269,spring,First,AeroGulf,12259,0.38,1992,1,703
JFK,LAX,73,winter,Economy,AeroGulf,7587,0.21,521,1,1549
LAX,CDG,346,summer,Business,AsiaJet,9961,0.08,529,1,1817
LAX,SIN,181,spring,Business,PacificAir,9293,0.67,453,0,3433
FRA,SYD,268,winter,Economy,AeroGulf,4114,0.58,1778,0,790
SYD,FRA,152,autumn,Economy,EuroWings,2649,0.29,1619,1,1015
CDG,NRT,68,summer,First,AeroGulf,3801,0.78,392,1,386
LAX,SYD,348,spring,Business,EuroWings,9079,0.78,894,0,529
CDG,LHR,197,spring,Business,PacificAir,4180,0.49,723,0,812
JFK,LHR,295,spring,First,AsiaJet,10294,0.1,1380,0,3675
CDG,LAX,32,spring,Economy,AeroGulf,3782,0.92,1536,1,458
LHR,SIN,108,spring,Business,AsiaJet,3196,0.67,480,0,734
LHR,DXB,79,spring,First,PacificAir,13126,0.25,1323,1,2371
SYD,LAX,259,winter,Business,SkyMind,4651,0.61,324,1,1020
BOM,DXB,175,autumn,First,PacificAir,12525,0.41,1002,1,4610
SYD,LHR,15,winter,Business,PacificAir,1805,0.64,1920,1,770
NRT,LAX,51,winter,Economy,PacificAir,13939,0.47,770,1,833
SIN,JFK,107,spring,Economy,SkyMind,1216,0.49,1417,1,507
BOM,DXB,210,spring,Business,SkyMind,6345,0.74,619,1,2412
LAX,JFK,202,winter,Business,PacificAir,6258,0.61,706,1,1232
SYD,LAX,277,summer,Business,SkyMind,4155,0.08,776,1,748
DXB,LHR,218,spring,First,EuroWings,6859,0.07,542,1,389
SIN,NRT,41,spring,Economy,PacificAir,11683,0.31,818,0,2140
SIN,DXB,259,summer,First,AeroGulf,9005,0.43,281,0,1638
FRA,FRA,203,winter,Economy,EuroWings,2780,0.28,1623,0,487
JFK,DXB,336,summer,Economy,PacificAir,3122,0.65,541,0,1119
SIN,SYD,99,spring,First,AeroGulf,9579,0.2,707,0,1834
LAX,FRA,149,autumn,Economy,AeroGulf,4842,0.7,1405,0,376
DXB,FRA,105,summer,Economy,AsiaJet,2989,0.77,1043,0,374
LHR,JFK,203,summer,Business,AsiaJet,2422,0.12,1236,1,490
SYD,DXB,95,spring,First,AeroGulf,6778,0.65,366,1,1310
LAX,DXB,177,summer,First,PacificAir,8615,0.96,1658,1,623
SYD,NRT,65,spring,Economy,PacificAir,8549,0.19,1029,1,3177
DXB,JFK,41,autumn,First,PacificAir,4529,0.91,900,1,1011
SYD,SIN,224,autumn,Economy,PacificAir,3563,0.61,564,0,281
CDG,CDG,67,winter,Economy,AeroGulf,13813,0.59,1092,0,5219
DXB,LHR,255,spring,First,SkyMind,8852,0.05,1509,0,584
DXB,SYD,298,autumn,Economy,SkyMind,10879,0.75,607,0,3962
LHR,NRT,69,spring,Business,PacificAir,11043,0.48,212,0,821
CDG,BOM,171,summer,First,AsiaJet,10175,0.72,1440,0,722
SIN,SIN,101,summer,First,AeroGulf,4392,0.81,231,0,1807
SIN,BOM,140,spring,Economy,SkyMind,2237,0.52,1647,1,396
CDG,SIN,206,spring,First,AeroGulf,4720,0.26,1024,0,310
LAX,NRT,320,summer,First,AsiaJet,7580,0.14,1869,1,1265
DXB,JFK,364,spring,Business,AeroGulf,10600,0.16,1874,0,644
LHR,SIN,307,summer,Business,AsiaJet,10062,0.87,974,1,3651
BOM,LAX,73,winter,First,AsiaJet,10669,0.12,202,0,2017
BOM,NRT,60,winter,Economy,EuroWings,3895,0.38,781,0,1533
CDG,SIN,336,winter,Business,AsiaJet,2954,0.33,1078,0,1045
CDG,SIN,156,spring,Business,EuroWings,12951,0.87,1308,0,2460
BOM,SYD,124,summer,Business,AsiaJet,5457,0.48,165,1,1096
LHR,LHR,14,autumn,Economy,AsiaJet,2787,1.0,234,1,761
LHR,SIN,264,autumn,First,AeroGulf,9928,0.74,1248,1,3633
DXB,JFK,27,summer,First,EuroWings,8650,0.85,156,1,3415
CDG,SYD,245,summer,Business,SkyMind,6792,0.1,1425,1,2413
CDG,SIN,50,summer,First,SkyMind,11866,0.25,889,1,2178
CDG,BOM,187,summer,Business,AeroGulf,9898,0.14,1006,0,598
LHR,NRT,57,summer,Business,SkyMind,9196,0.46,793,0,1929
SYD,LAX,259,autumn,Economy,SkyMind,12459,0.72,1783,1,840
JFK,LAX,155,winter,Economy,AsiaJet,13312,0.17,1896,1,4878
DXB,JFK,34,summer,Business,PacificAir,10095,0.13,1959,1,679
DXB,LAX,26,spring,Economy,PacificAir,10459,0.61,1137,1,2094
LAX,SIN,250,winter,Economy,SkyMind,4233,0.23,998,0,807
JFK,LAX,86,autumn,Economy,AeroGulf,9392,0.48,725,1,1818
BOM,LHR,160,summer,First,AeroGulf,11896,0.05,565,0,649
FRA,NRT,200,spring,First,EuroWings,5613,0.68,1123,0,1120
SYD,CDG,106,autumn,Economy,AeroGulf,12837,0.54,1565,0,879
LHR,JFK,275,winter,First,AeroGulf,3505,0.65,126,0,1337
LHR,LHR,289,winter,Business,AsiaJet,5290,0.28,871,1,331
SIN,DXB,258,spring,Business,AsiaJet,12813,0.28,1507,0,4675
LHR,SYD,220,summer,Economy,SkyMind,12774,0.8,419,1,908
NRT,SIN,15,spring,Economy,AeroGulf,510,0.72,318,1,245
FRA,BOM,21,spring,First,PacificAir,13595,0.58,1855,1,2589
SYD,BOM,334,autumn,Economy,AeroGulf,5721,0.63,1977,0,266
LHR,BOM,59,spring,Economy,AeroGulf,10750,0.09,1293,1,3904
LAX,LHR,360,spring,Business,SkyMind,4177,0.86,1536,1,740
DXB,NRT,82,winter,Business,PacificAir,11511,0.77,1715,1,2318
LHR,BOM,118,autumn,First,SkyMind,9664,0.59,518,0,3609
SYD,FRA,113,summer,First,AeroGulf,7834,0.92,1910,1,2986
NRT,LHR,295,winter,First,PacificAir,12484,0.17,1239,0,805
DXB,LHR,276,spring,Economy,AeroGulf,11146,0.69,705,1,4047
SIN,DXB,257,summer,Economy,SkyMind,5664,0.96,168,0,2099
BOM,CDG,329,autumn,Economy,SkyMind,9533,0.31,1410,0,1744
NRT,NRT,265,winter,Economy,AsiaJet,7360,0.02,782,1,2731
LHR,DXB,235,summer,Business,PacificAir,8605,0.73,1730,0,3218
LAX,BOM,51,spring,First,AsiaJet,13146,0.01,1068,1,4763
DXB,BOM,166,spring,First,PacificAir,784,0.87,560,1,420
DXB,NRT,231,summer,Business,EuroWings,7043,0.06,1102,1,1237
FRA,JFK,221,winter,Business,PacificAir,6070,0.65,248,1,1131
NRT,BOM,271,summer,Economy,AeroGulf,6231,0.38,1858,1,1158
LAX,JFK,84,spring,First,PacificAir,8111,0.2,292,1,608
CDG,SIN,230,autumn,First,AsiaJet,2935,0.9,1356,1,581
NRT,SYD,297,winter,Business,SkyMind,8023,0.75,1840,0,1573
CDG,SYD,222,spring,First,SkyMind,11523,0.34,261,1,659
CDG,SIN,154,spring,Business,PacificAir,13212,0.28,1671,1,835
LAX,LAX,54,summer,First,EuroWings,1529,0.74,1075,0,289
LAX,CDG,119,spring,Business,SkyMind,7084,0.84,1581,0,2675
NRT,BOM,198,winter,Economy,SkyMind,8591,0.72,841,0,1614
SIN,SYD,273,summer,First,SkyMind,4951,0.64,652,0,1870
DXB,SIN,198,autumn,Economy,EuroWings,3466,0.23,261,0,311
CDG,LHR,128,spring,Business,AsiaJet,8255,0.85,252,1,555
SYD,LHR,92,winter,First,PacificAir,1053,0.75,1564,1,240
SYD,BOM,9,winter,First,EuroWings,767,0.52,420,1,192
DXB,BOM,227,autumn,Economy,PacificAir,7635,0.51,1199,1,2811
CDG,DXB,46,winter,Economy,AeroGulf,1740,0.57,479,0,238
BOM,DXB,134,winter,Business,PacificAir,4659,0.83,862,0,931
JFK,SIN,16,autumn,Economy,SkyMind,2989,0.74,889,1,827
DXB,DXB,215,spring,First,EuroWings,8358,0.86,1823,1,1668
SYD,FRA,112,winter,First,EuroWings,11280,0.51,1561,1,4161
SIN,DXB,343,summer,First,AsiaJet,5894,0.62,1913,1,340
NRT,FRA,157,winter,First,AeroGulf,9161,0.85,800,0,3412
LHR,NRT,318,summer,Economy,AsiaJet,3787,0.23,1249,0,561
SYD,DXB,360,winter,Economy,AsiaJet,12628,0.44,851,1,777
DXB,FRA,296,spring,Business,AeroGulf,2519,0.62,1829,0,981
SIN,CDG,198,winter,Economy,SkyMind,10715,0.92,1040,1,776
BOM,SIN,58,summer,Business,EuroWings,10281,0.02,1323,0,617
SYD,FRA,78,winter,Economy,PacificAir,13665,0.21,1348,0,4975
SYD,NRT,242,summer,Economy,AeroGulf,5813,0.23,680,0,1026
SYD,LAX,99,autumn,First,AsiaJet,10752,0.33,1315,0,3917
NRT,LHR,6,winter,Economy,PacificAir,4817,0.28,1645,1,1808
FRA,JFK,279,winter,Business,AeroGulf,6324,0.59,1902,1,1214
JFK,JFK,318,summer,First,AeroGulf,10111,0.89,1369,1,3743
FRA,LAX,212,summer,Economy,SkyMind,9572,0.64,511,1,643
SYD,JFK,273,spring,First,SkyMind,1338,0.24,1896,0,206
BOM,FRA,84,autumn,First,EuroWings,9443,0.86,1647,1,3599
SYD,NRT,112,summer,First,EuroWings,8961,0.63,655,1,769
CDG,CDG,198,spring,Business,PacificAir,12061,0.22,720,1,2153
LAX,CDG,360,summer,Business,EuroWings,5327,0.36,448,1,1963
CDG,CDG,28,autumn,Economy,AeroGulf,7487,0.79,1213,0,1633
NRT,DXB,141,autumn,First,AeroGulf,13403,0.74,1088,1,922
CDG,CDG,173,autumn,Economy,AeroGulf,4003,0.58,1920,0,296
FRA,DXB,20,autumn,Business,AeroGulf,12652,0.14,1585,0,2345
SIN,CDG,117,winter,First,SkyMind,8324,0.8,1415,0,680
CDG,FRA,54,autumn,Business,AeroGulf,2575,0.31,1414,0,268
SIN,CDG,227,autumn,First,AeroGulf,1812,0.77,468,0,517
NRT,JFK,109,spring,First,AeroGulf,2784,0.65,1387,1,646
CDG,JFK,231,autumn,First,AsiaJet,9075,0.26,1395,0,3236
DXB,CDG,320,summer,Economy,PacificAir,12872,0.21,1934,0,4645
CDG,LHR,308,summer,Business,PacificAir,13033,0.13,168,0,2364
CDG,NRT,229,summer,Business,AeroGulf,3308,0.24,243,1,288
DXB,FRA,299,winter,Business,AeroGulf,9495,0.16,155,0,568
SYD,JFK,87,summer,First,PacificAir,13027,0.62,1676,1,2466
FRA,NRT,274,autumn,Economy,EuroWings,9788,0.6,1200,0,1738
NRT,JFK,228,winter,Economy,AsiaJet,12434,0.59,619,1,2331
BOM,LHR,340,autumn,Economy,AsiaJet,13175,0.64,1433,0,971
NRT,SIN,310,spring,Economy,EuroWings,7021,0.81,189,1,2553
FRA,NRT,316,autumn,First,AeroGulf,6855,0.91,475,1,2527
NRT,CDG,71,summer,First,PacificAir,4219,0.23,876,1,281
LHR,LHR,228,spring,Economy,AsiaJet,5271,0.59,1097,1,1899
SIN,JFK,113,spring,Economy,EuroWings,3196,0.08,1317,0,613
SIN,JFK,293,spring,Business,EuroWings,12958,0.12,1706,1,2340
FRA,CDG,305,spring,First,SkyMind,13963,0.65,1921,1,750
FRA,DXB,291,winter,Economy,EuroWings,6296,0.49,436,0,488
BOM,SYD,105,autumn,First,SkyMind,1308,0.76,605,0,418
JFK,BOM,291,spring,Business,SkyMind,10843,0.43,207,1,1981
DXB,SYD,9,winter,Economy,AsiaJet,3793,0.13,706,0,244
SYD,SIN,165,winter,First,AeroGulf,9997,0.87,610,1,763
LAX,SYD,60,winter,First,AeroGulf,3959,0.08,420,1,755
CDG,DXB,312,autumn,First,EuroWings,2919,0.19,1599,1,553
LHR,BOM,106,spring,First,PacificAir,4724,0.28,385,0,1813
LHR,FRA,111,autumn,First,PacificAir,8071,1.0,914,0,3179
DXB,FRA,89,winter,First,SkyMind,6863,0.42,1474,1,1430
CDG,JFK,268,winter,Business,EuroWings,9888,0.5,955,1,591
BOM,LAX,230,autumn,First,EuroWings,5067,0.77,1368,1,1880
DXB,DXB,327,winter,Business,AeroGulf,4024,0.64,686,0,1486
DXB,CDG,71,winter,Business,PacificAir,7251,0.84,461,0,1469
DXB,DXB,119,summer,First,AsiaJet,10217,0.49,1459,0,681
FRA,BOM,351,winter,Economy,EuroWings,6737,0.97,1772,0,439
NRT,JFK,306,autumn,First,EuroWings,10291,0.8,321,1,1936
SYD,SIN,103,spring,Business,AeroGulf,9736,0.4,815,1,734
SIN,CDG,202,spring,First,AsiaJet,10845,0.38,537,1,1993
DXB,SIN,23,autumn,First,AsiaJet,5819,0.93,1106,1,633
DXB,BOM,90,autumn,First,AsiaJet,2367,0.68,672,0,591
FRA,LAX,93,winter,Business,AsiaJet,1875,0.62,547,1,251
JFK,NRT,264,autumn,Business,PacificAir,8630,0.76,1988,0,1575
NRT,DXB,285,autumn,Business,SkyMind,5901,0.56,1385,0,1051
NRT,BOM,171,winter,Economy,AsiaJet,9303,0.16,400,0,617
LAX,LHR,309,summer,Economy,SkyMind,7492,0.32,1700,1,1321
LAX,CDG,221,summer,Economy,SkyMind,3816,0.56,1072,1,1351
LAX,CDG,24,winter,Economy,AeroGulf,13735,0.02,648,1,828
BOM,SYD,202,summer,First,AsiaJet,2098,0.44,1094,1,509
LAX,LAX,124,summer,Economy,PacificAir,5449,0.76,1103,1,337
BOM,DXB,142,winter,Economy,AeroGulf,7072,0.16,1981,0,439
BOM,FRA,52,summer,Economy,AeroGulf,10669,0.06,1357,1,1969
BOM,BOM,70,autumn,First,SkyMind,13849,0.84,1324,1,5098
BOM,NRT,260,summer,Economy,EuroWings,13089,0.62,1524,1,828
NRT,CDG,186,summer,Economy,PacificAir,1138,0.18,713,1,379
FRA,BOM,207,autumn,Economy,AsiaJet,4666,0.81,1233,0,1734
JFK,BOM,293,autumn,Business,AsiaJet,10614,0.66,661,0,1929
SIN,SYD,304,spring,Economy,PacificAir,1145,0.33,607,0,166
LAX,SYD,39,winter,Economy,AsiaJet,6384,0.38,990,1,424
SYD,DXB,348,spring,Economy,EuroWings,7168,0.16,938,0,1289
LAX,BOM,66,spring,First,EuroWings,12961,0.84,898,1,1095
SYD,JFK,13,summer,Economy,AsiaJet,10690,0.51,1795,0,826
BOM,NRT,194,autumn,Economy,AeroGulf,589,0.56,982,1,341
JFK,SIN,316,spring,Business,AsiaJet,11970,0.88,915,1,2229
BOM,FRA,288,winter,Business,AsiaJet,11058,0.02,1334,0,1956
SIN,JFK,133,spring,First,PacificAir,9515,0.07,598,0,599
CDG,FRA,195,summer,First,EuroWings,1050,0.16,1780,0,455
DXB,NRT,322,spring,Economy,AeroGulf,8751,0.03,1312,1,1617
LHR,JFK,78,autumn,Business,PacificAir,5724,0.66,1308,1,2226
SYD,LAX,250,autumn,First,PacificAir,6081,0.63,1436,1,2274
CDG,LAX,232,winter,First,AeroGulf,12914,0.21,553,1,920
FRA,CDG,180,spring,Business,AeroGulf,4678,0.15,1084,1,906
NRT,JFK,177,autumn,Economy,PacificAir,9935,0.15,348,0,1795
SYD,NRT,29,spring,Business,AsiaJet,3979,0.95,1796,1,974
LHR,BOM,166,spring,Economy,AeroGulf,9637,0.69,758,1,3529
FRA,LAX,326,autumn,Economy,SkyMind,10332,0.59,882,0,1996
SIN,JFK,226,autumn,Business,AeroGulf,10644,0.32,774,0,755
NRT,NRT,136,summer,Economy,PacificAir,6591,0.43,788,1,2457
BOM,LHR,187,summer,First,SkyMind,3133,0.09,329,1,686
CDG,LHR,55,winter,Business,PacificAir,7290,1.0,1799,1,2910
CDG,LHR,2,winter,First,EuroWings,4001,0.76,323,1,1645
NRT,CDG,319,winter,Economy,EuroWings,1389,0.62,1859,1,568
FRA,JFK,17,spring,Economy,AsiaJet,9265,0.59,1867,0,744
NRT,FRA,59,winter,Business,AeroGulf,9204,0.5,153,1,1824
DXB,NRT,88,autumn,Business,PacificAir,7746,0.26,1159,0,1385
SIN,BOM,223,winter,Economy,SkyMind,4660,0.23,1688,0,1663
LAX,NRT,272,spring,Business,AeroGulf,10656,0.55,799,1,2034
LHR,LHR,58,summer,Economy,AsiaJet,4551,0.07,581,0,1740
CDG,CDG,192,spring,First,PacificAir,2730,0.07,685,1,1063
LHR,LHR,50,autumn,Business,PacificAir,5685,0.56,1423,1,2302
LAX,BOM,213,winter,First,EuroWings,7875,0.92,388,0,616
NRT,LHR,230,winter,Business,AsiaJet,6697,0.91,1551,0,1331
LAX,SYD,154,autumn,First,PacificAir,2783,0.01,410,0,957
FRA,SIN,273,winter,Economy,EuroWings,5484,0.11,557,1,966
NRT,SIN,46,summer,Economy,EuroWings,1111,0.58,1679,0,119
LAX,BOM,362,spring,Economy,SkyMind,9129,0.85,150,0,533
LHR,SIN,306,spring,Economy,AsiaJet,13914,0.95,1632,0,4952
SYD,BOM,118,autumn,Business,AsiaJet,10151,0.86,1222,0,837
BOM,LAX,176,summer,First,PacificAir,7337,0.68,441,0,565
JFK,BOM,68,autumn,Business,SkyMind,7606,0.2,662,0,403
DXB,SIN,251,autumn,Business,AeroGulf,7775,0.07,1082,0,463
LHR,NRT,230,summer,Economy,PacificAir,9215,0.05,1770,0,656
FRA,CDG,200,autumn,Business,EuroWings,4077,0.61,1848,1,321
NRT,LAX,146,spring,First,AeroGulf,6986,0.04,1508,1,1214
LAX,NRT,51,winter,Business,AeroGulf,13587,0.74,1776,0,916
NRT,LHR,186,spring,First,PacificAir,12090,0.71,556,1,2192
DXB,SYD,320,winter,Economy,SkyMind,2761,0.08,1427,1,1023
DXB,CDG,199,winter,Economy,AsiaJet,1523,0.91,1749,1,193
LHR,JFK,145,spring,Business,SkyMind,10271,0.52,850,0,692
DXB,BOM,59,autumn,First,PacificAir,9013,0.9,951,1,1827
BOM,JFK,195,summer,Economy,AsiaJet,11818,0.9,1810,1,827
LHR,FRA,143,winter,Economy,AeroGulf,11523,0.2,1682,0,2049
BOM,SIN,223,summer,Business,EuroWings,7735,0.38,365,0,1452
NRT,LAX,100,summer,First,SkyMind,12967,0.13,125,1,735
DXB,SIN,26,winter,Economy,AsiaJet,11119,0.77,1173,1,4179
SIN,LHR,14,summer,Economy,SkyMind,11672,0.5,1042,1,4396
LHR,LAX,122,summer,First,AsiaJet,4257,0.93,740,0,1737
CDG,FRA,265,autumn,Business,EuroWings,8568,0.21,464,0,1593
NRT,BOM,7,summer,Business,PacificAir,9141,0.69,1954,1,1955
LAX,SIN,219,spring,Economy,PacificAir,1784,0.99,1268,1,222
JFK,CDG,220,winter,Economy,AsiaJet,12210,0.67,244,0,2278
NRT,CDG,183,autumn,Business,AsiaJet,2160,0.07,266,0,774
FRA,LHR,108,spring,Business,PacificAir,5853,0.59,1166,0,453
SYD,LAX,347,summer,Economy,AeroGulf,1403,0.18,1071,1,457
LAX,CDG,124,summer,First,AeroGulf,9869,0.03,1676,1,602
JFK,NRT,170,spring,First,AeroGulf,9021,0.33,1138,0,3318
SIN,LHR,257,spring,Economy,EuroWings,9328,0.27,228,0,604
DXB,FRA,9,autumn,Economy,AsiaJet,10581,0.79,157,1,4043
LHR,DXB,280,summer,Economy,SkyMind,6510,0.37,153,1,1243
JFK,SYD,125,summer,Economy,SkyMind,10559,0.73,1347,1,3946
FRA,SIN,162,summer,Business,AsiaJet,11207,0.02,1838,1,655
SYD,SYD,36,spring,First,PacificAir,912,0.01,232,1,284
SYD,NRT,4,summer,First,AsiaJet,7139,0.03,1697,1,1216
DXB,DXB,87,winter,First,AeroGulf,4333,0.22,1366,0,383
LAX,NRT,264,winter,Business,AeroGulf,2915,0.37,309,0,520
JFK,SIN,91,autumn,Economy,SkyMind,3086,0.61,341,0,1202
JFK,DXB,295,autumn,First,AsiaJet,6071,0.99,482,1,400
LHR,FRA,58,spring,First,SkyMind,10256,0.35,1333,1,3766
JFK,LHR,140,winter,Business,PacificAir,13302,0.06,314,0,891
CDG,LAX,172,spring,Economy,EuroWings,9172,0.19,1367,1,1664
FRA,DXB,260,autumn,Economy,EuroWings,7057,0.9,1194,0,1479
SIN,FRA,25,spring,Economy,PacificAir,10967,0.7,913,0,2172
LHR,SIN,198,spring,First,AeroGulf,6780,0.79,1213,0,2652
BOM,BOM,67,summer,Business,AeroGulf,12532,0.12,1572,0,826
DXB,NRT,118,autumn,First,AeroGulf,12003,0.13,1279,0,2204
FRA,FRA,280,summer,Business,SkyMind,3382,0.11,1501,1,1304
BOM,SYD,6,autumn,Business,SkyMind,12435,0.86,183,0,4786
LHR,LHR,97,summer,First,EuroWings,3019,0.21,1548,1,259
LAX,SIN,72,autumn,Business,AeroGulf,13305,0.64,762,1,2664
SIN,SIN,258,autumn,Business,AeroGulf,4900,0.52,1795,0,1784
SIN,DXB,38,winter,Business,PacificAir,9346,0.54,1053,1,1777
SYD,BOM,296,autumn,Economy,EuroWings,10669,0.2,1609,0,617
JFK,JFK,56,spring,Economy,SkyMind,680,0.64,181,1,372
FRA,SIN,103,winter,Economy,EuroWings,4625,0.04,900,1,913
JFK,LHR,103,summer,Economy,AeroGulf,3519,0.99,1309,1,1453
SIN,FRA,216,spring,First,AeroGulf,1264,0.03,188,0,340
FRA,NRT,21,spring,First,SkyMind,4635,0.05,259,1,281
JFK,NRT,115,autumn,First,SkyMind,11058,0.32,1107,0,678
FRA,JFK,210,autumn,Economy,EuroWings,11990,0.83,469,1,800
BOM,BOM,291,spring,First,AsiaJet,11471,0.26,661,1,4092
LAX,DXB,203,winter,Economy,AeroGulf,13679,0.47,278,1,802
NRT,LHR,323,spring,Economy,AeroGulf,11063,0.02,831,0,758
JFK,DXB,188,spring,Business,AsiaJet,5538,0.08,1328,1,1971
SYD,CDG,151,autumn,Business,EuroWings,13854,0.61,1654,1,1009
JFK,SIN,191,autumn,Economy,PacificAir,7299,0.19,614,0,2643
CDG,FRA,214,autumn,Business,PacificAir,3890,0.69,215,1,262
SIN,DXB,42,summer,Business,AeroGulf,10474,0.79,1470,0,4005
SYD,SYD,194,spring,Business,PacificAir,13472,0.85,500,1,2524
CDG,LAX,250,spring,Business,EuroWings,1564,0.13,398,1,564
SYD,NRT,81,summer,First,PacificAir,2956,0.46,768,0,1178
SIN,SYD,41,spring,Business,SkyMind,6181,0.95,1876,1,2437
CDG,SIN,20,spring,Economy,EuroWings,1846,0.77,609,0,248
FRA,SIN,9,spring,Business,AsiaJet,10919,0.12,1231,1,3963
SYD,SIN,313,winter,Business,AeroGulf,7497,0.5,1935,0,2768
FRA,NRT,124,summer,First,EuroWings,9874,0.92,151,0,729
BOM,BOM,203,summer,First,PacificAir,4632,0.44,1107,0,900
FRA,SIN,78,spring,First,EuroWings,2953,0.84,1476,1,1336
LAX,SYD,210,autumn,Business,AsiaJet,1038,0.5,639,1,121
JFK,LAX,18,spring,Economy,EuroWings,11115,0.11,311,0,2036
NRT,CDG,236,spring,First,AsiaJet,2803,0.15,1232,0,1027
FRA,SIN,319,winter,Business,AsiaJet,6921,0.05,1945,1,1213
JFK,NRT,200,winter,Business,EuroWings,748,0.2,869,1,246
NRT,BOM,349,autumn,Business,AeroGulf,13480,0.89,1493,1,4815
LHR,SIN,282,winter,First,AeroGulf,9732,0.65,831,1,1814
JFK,SIN,252,spring,Business,PacificAir,1891,0.74,628,0,447
SYD,SYD,340,spring,First,EuroWings,2672,0.62,1363,0,533
BOM,CDG,239,winter,Business,EuroWings,1835,0.39,823,1,682
NRT,DXB,269,winter,Economy,SkyMind,2759,0.22,1525,0,1065
JFK,LAX,119,summer,Economy,AeroGulf,7115,0.93,1112,0,630
SIN,NRT,282,spring,Business,AsiaJet,6034,0.51,1919,0,400
JFK,FRA,337,autumn,First,SkyMind,9191,0.48,895,1,395
JFK,LHR,345,winter,Business,EuroWings,1310,1.0,1303,1,447
LAX,NRT,7,winter,Economy,SkyMind,5484,0.38,1395,1,1022
SIN,BOM,273,summer,Business,AeroGulf,7848,0.85,1028,0,566
CDG,CDG,253,summer,First,EuroWings,8056,0.86,184,1,2984
JFK,BOM,342,winter,First,AeroGulf,4213,0.23,1896,1,709
BOM,NRT,128,autumn,First,SkyMind,4204,0.09,1618,0,284
SIN,SIN,92,autumn,First,PacificAir,1710,0.98,1424,1,456
BOM,FRA,306,winter,Economy,AsiaJet,4245,0.43,520,0,732
LHR,JFK,6,summer,First,AsiaJet,10678,0.0,309,0,605
LAX,LHR,74,spring,First,PacificAir,8291,0.5,1431,1,644
LHR,LAX,56,spring,Economy,PacificAir,1991,0.62,161,1,944
JFK,DXB,295,summer,First,PacificAir,7801,0.78,104,1,1419
JFK,FRA,310,spring,Economy,AeroGulf,12962,0.94,595,0,886
NRT,LHR,238,summer,First,EuroWings,6960,0.92,1230,0,516
JFK,CDG,22,autumn,First,PacificAir,3548,0.94,1646,1,915
BOM,CDG,41,spring,First,AeroGulf,5419,0.03,1977,1,980
FRA,DXB,346,winter,First,SkyMind,13718,0.71,1850,1,2470
SYD,BOM,266,winter,Business,SkyMind,3434,0.23,1597,0,246
DXB,SIN,258,spring,Business,PacificAir,6610,0.19,830,0,450
CDG,SYD,48,winter,First,SkyMind,13056,0.8,1510,0,4864
LHR,FRA,298,summer,First,PacificAir,2317,0.42,278,0,430
BOM,LAX,139,summer,First,SkyMind,7113,0.92,1613,0,681
FRA,LHR,202,winter,Business,SkyMind,4819,0.04,1951,0,303
BOM,SYD,140,spring,First,EuroWings,1775,0.8,1189,1,481
SYD,DXB,142,spring,Economy,EuroWings,7731,0.14,1820,1,547
BOM,JFK,286,spring,Business,SkyMind,11714,0.18,628,1,2095
DXB,SIN,233,autumn,Business,EuroWings,3377,0.48,1510,0,252
BOM,JFK,316,spring,Business,PacificAir,4514,0.4,486,0,869
DXB,BOM,158,spring,First,AsiaJet,4587,0.49,651,1,970
JFK,SYD,38,summer,Economy,PacificAir,1647,0.94,435,0,233
SIN,JFK,75,autumn,Business,EuroWings,737,0.66,687,0,253
JFK,SYD,321,summer,Economy,AeroGulf,2622,0.29,1954,0,904
LHR,LHR,175,winter,Economy,SkyMind,8109,0.17,857,1,2939
JFK,JFK,39,winter,Economy,EuroWings,5095,0.42,1174,1,983
LAX,SYD,73,spring,First,EuroWings,10237,0.45,740,1,3826
LHR,FRA,58,autumn,First,EuroWings,4483,0.6,406,0,428
NRT,NRT,363,winter,First,PacificAir,13055,0.27,1383,1,828
JFK,LAX,89,spring,Business,SkyMind,8634,0.77,820,0,1776
LAX,BOM,273,autumn,Business,AsiaJet,6106,0.1,310,1,407
SYD,CDG,134,winter,Economy,EuroWings,9678,0.56,1767,1,670
FRA,SIN,143,winter,Business,AeroGulf,2123,0.62,1554,1,882
JFK,JFK,95,autumn,First,SkyMind,11813,0.21,1034,0,732
LHR,CDG,156,autumn,First,AsiaJet,12418,0.83,1719,0,819
LHR,LAX,201,autumn,First,AeroGulf,7726,0.62,148,0,2912
NRT,NRT,160,autumn,First,AsiaJet,12593,0.65,540,0,2372
LAX,SYD,211,winter,Economy,AsiaJet,1222,0.5,345,0,208
LHR,SYD,172,autumn,Business,SkyMind,1595,0.91,650,0,745
LHR,SYD,70,summer,First,PacificAir,4327,0.69,551,1,1713
BOM,LAX,319,summer,Economy,AeroGulf,4785,0.38,1268,0,198
JFK,LHR,314,winter,Business,EuroWings,1495,0.24,754,1,80
JFK,BOM,145,winter,Economy,AsiaJet,6181,0.07,346,1,1090
CDG,LHR,167,spring,First,AeroGulf,5161,0.17,460,1,967
CDG,DXB,319,winter,First,SkyMind,1492,0.99,767,1,613
CDG,FRA,117,autumn,First,AeroGulf,3283,0.41,115,1,318
NRT,CDG,185,autumn,Business,EuroWings,8847,0.9,489,0,3348
SIN,LHR,203,winter,First,EuroWings,10587,0.17,447,0,1926
LAX,NRT,162,summer,Business,SkyMind,6182,0.43,1027,1,1270
SIN,DXB,309,spring,Economy,AeroGulf,10468,0.96,380,0,3847
DXB,SYD,338,winter,Business,PacificAir,6461,0.09,1674,0,400
BOM,DXB,188,winter,Economy,PacificAir,5268,0.59,244,0,430
BOM,BOM,43,spring,Business,AsiaJet,6260,0.92,145,1,2477
JFK,NRT,201,summer,First,AsiaJet,5704,0.95,562,0,1151
LAX,NRT,231,winter,First,AeroGulf,10808,0.85,920,1,3880
SYD,JFK,4,summer,Economy,AsiaJet,8052,0.86,1493,1,3134
SYD,LHR,240,autumn,Business,EuroWings,11112,0.65,1430,1,821
NRT,CDG,206,summer,Business,SkyMind,8746,0.22,1525,0,1610
JFK,SIN,331,autumn,Economy,AsiaJet,584,0.73,593,1,130
FRA,FRA,94,spring,Business,PacificAir,6476,0.98,1655,0,656
NRT,SIN,232,winter,Business,EuroWings,8647,0.53,1466,0,1632
JFK,CDG,363,autumn,Economy,PacificAir,7584,0.26,232,1,1326
JFK,LHR,347,summer,Economy,AsiaJet,11580,0.57,1635,1,704
DXB,LHR,349,winter,Economy,AsiaJet,13379,0.69,1441,1,2360
SIN,FRA,160,autumn,Business,EuroWings,3279,0.21,1994,1,634
LAX,FRA,113,autumn,Economy,PacificAir,6555,0.72,367,0,2467
CDG,SIN,252,summer,Economy,SkyMind,3169,0.59,692,1,671
CDG,CDG,222,autumn,Economy,SkyMind,12528,0.61,769,0,4556
CDG,LHR,346,spring,Economy,EuroWings,1508,0.31,1078,1,506
NRT,SYD,94,autumn,First,AsiaJet,2864,0.16,323,1,1061
LHR,BOM,167,summer,First,EuroWings,4186,0.62,1011,0,370
NRT,LAX,138,winter,First,PacificAir,7268,0.59,101,0,485
FRA,CDG,348,summer,Economy,SkyMind,13039,0.34,1071,0,2325
JFK,LHR,361,summer,Business,AsiaJet,2699,0.3,736,0,977
FRA,CDG,210,winter,First,PacificAir,10051,0.35,1364,1,1920
LHR,BOM,256,autumn,Economy,SkyMind,1409,0.49,216,1,171
SIN,FRA,73,spring,First,SkyMind,3939,0.97,1899,1,972
FRA,DXB,214,summer,First,AeroGulf,6382,0.76,1672,0,1223
LAX,CDG,266,summer,Economy,AsiaJet,3413,0.85,536,1,658
SYD,DXB,360,spring,Economy,EuroWings,5195,0.51,410,0,1838
FRA,CDG,151,summer,First,AeroGulf,1506,0.53,1339,0,617
LAX,FRA,235,winter,Economy,SkyMind,7614,0.2,1684,1,2793
JFK,SIN,216,autumn,First,AsiaJet,11744,0.72,1112,0,4289
LHR,JFK,304,winter,First,AsiaJet,13911,0.42,316,0,938
LAX,JFK,109,summer,First,AeroGulf,1643,0.74,670,0,778
CDG,SIN,345,winter,First,PacificAir,8052,0.41,1695,0,2915
FRA,JFK,300,summer,Business,PacificAir,13090,0.11,444,0,4709
SIN,LAX,349,autumn,Business,EuroWings,11912,0.17,177,0,776
SIN,SIN,320,winter,Economy,AsiaJet,1724,0.81,1242,1,407
FRA,DXB,296,winter,Business,AeroGulf,12570,0.26,1553,0,710
FRA,SIN,120,spring,Business,SkyMind,13814,0.26,1991,1,4990
CDG,DXB,328,spring,Economy,PacificAir,4995,0.93,1442,0,1858
SYD,FRA,98,summer,First,AeroGulf,8759,0.66,1762,1,717
FRA,FRA,210,winter,Business,EuroWings,12941,0.11,1330,1,2328
NRT,JFK,32,autumn,Business,EuroWings,9706,0.14,1795,1,583
BOM,SIN,330,autumn,Business,AsiaJet,681,0.27,1445,0,80
FRA,SIN,226,spring,Business,EuroWings,13312,0.59,696,1,4933
DXB,LAX,215,spring,First,EuroWings,6832,0.75,1127,1,504
DXB,CDG,123,spring,Economy,PacificAir,12807,0.27,768,1,758
SIN,JFK,147,autumn,Business,PacificAir,5446,0.87,1300,1,488
BOM,SYD,340,autumn,Business,EuroWings,7950,0.11,1472,1,518
BOM,SIN,52,autumn,Business,AsiaJet,3445,0.21,1914,0,255
CDG,SYD,180,summer,Business,PacificAir,10749,0.97,998,0,855
NRT,LHR,290,winter,Economy,PacificAir,11439,0.13,409,0,4169
FRA,SYD,187,summer,First,EuroWings,10572,0.89,1887,1,3933
FRA,BOM,337,winter,Economy,AsiaJet,12294,0.7,1203,1,4444
LHR,SYD,108,winter,Business,EuroWings,9346,0.07,143,0,3287
NRT,CDG,126,winter,Business,SkyMind,4186,0.48,1015,1,405
NRT,SIN,261,spring,Economy,SkyMind,2788,0.52,1606,1,195
LHR,LAX,194,winter,First,AsiaJet,10891,0.93,552,1,764
BOM,DXB,297,spring,First,SkyMind,3331,0.42,1107,1,195
FRA,NRT,34,winter,First,AsiaJet,12100,0.45,829,1,4501
NRT,DXB,276,summer,First,SkyMind,10927,0.11,1322,1,3885
NRT,FRA,182,summer,Economy,AeroGulf,11203,0.64,1815,0,719
DXB,DXB,239,winter,Economy,PacificAir,9413,0.21,1331,1,583
DXB,CDG,322,summer,First,EuroWings,3748,0.08,293,1,196
DXB,CDG,348,summer,Economy,AsiaJet,9892,1.0,1135,0,624
BOM,SYD,146,winter,Economy,SkyMind,13668,0.27,1053,0,2479
FRA,FRA,44,winter,Business,AeroGulf,11154,0.14,816,0,2124
LHR,LAX,359,spring,Economy,SkyMind,13365,0.7,1512,0,2443
BOM,CDG,304,summer,Economy,AeroGulf,9001,0.82,1971,0,1695
CDG,LHR,291,summer,First,EuroWings,1525,0.06,1249,0,80
NRT,SIN,295,winter,Economy,PacificAir,4912,0.11,447,0,421
CDG,LAX,259,autumn,First,PacificAir,6402,0.09,1195,1,370
SIN,LHR,19,spring,Business,AeroGulf,10224,0.05,539,0,1818
JFK,SYD,215,spring,Business,SkyMind,13807,0.66,831,0,2601
SIN,SIN,211,autumn,Economy,PacificAir,4143,0.59,401,0,333
LAX,FRA,231,spring,Economy,SkyMind,9059,0.66,1707,0,1662
BOM,CDG,339,spring,First,AsiaJet,5150,0.51,448,1,1974
BOM,DXB,5,summer,Business,SkyMind,11344,0.82,220,1,2333
DXB,BOM,311,summer,First,AsiaJet,1749,0.55,885,1,339
NRT,CDG,269,winter,Economy,AsiaJet,3483,0.92,1423,1,819
CDG,SYD,162,winter,Business,PacificAir,5075,0.49,654,0,1035
LAX,CDG,216,spring,Economy,AsiaJet,11720,0.79,307,1,799
FRA,SYD,274,autumn,Business,SkyMind,11826,0.41,573,0,4402
FRA,NRT,324,winter,First,EuroWings,7947,0.44,313,1,524
CDG,JFK,100,winter,Economy,SkyMind,12787,0.85,1458,1,2517
DXB,CDG,171,autumn,Economy,AeroGulf,9631,0.11,176,0,1731
DXB,FRA,252,spring,Business,AeroGulf,4609,0.56,1273,0,884
SYD,LAX,169,spring,First,SkyMind,12929,0.73,351,1,2424
JFK,CDG,38,winter,Business,AeroGulf,4523,0.75,671,1,1087
SYD,LAX,228,spring,Business,EuroWings,12383,0.59,312,1,4443
NRT,LHR,125,spring,Business,AeroGulf,8469,0.45,1698,1,665
DXB,DXB,278,winter,Economy,PacificAir,1089,0.26,597,1,170
BOM,SIN,285,winter,First,EuroWings,2282,0.91,1915,0,878
LAX,NRT,137,summer,First,PacificAir,5068,0.37,804,1,358
CDG,FRA,108,summer,First,PacificAir,9899,0.8,128,1,736
LHR,SYD,68,spring,Business,EuroWings,4912,0.03,996,1,336
LAX,BOM,104,autumn,First,PacificAir,13232,0.23,1636,0,2430
LHR,DXB,246,summer,First,AeroGulf,11035,0.35,172,1,1987
CDG,CDG,165,spring,Economy,SkyMind,9538,0.67,888,0,3551
FRA,DXB,192,autumn,Economy,EuroWings,11116,0.32,305,0,4012
SIN,BOM,195,summer,Economy,SkyMind,5180,0.04,1791,0,289
CDG,DXB,132,summer,Business,EuroWings,9490,0.17,1781,1,1665
SIN,SIN,296,spring,Economy,EuroWings,970,0.26,1988,0,80
JFK,JFK,144,winter,First,PacificAir,12601,0.18,151,1,813
BOM,LHR,219,winter,Economy,SkyMind,5327,0.2,1102,1,1943
NRT,BOM,26,autumn,Business,AeroGulf,5567,0.77,421,1,1307
DXB,CDG,251,winter,Economy,SkyMind,10786,0.41,726,1,4052
BOM,SIN,95,spring,First,EuroWings,3494,0.41,1349,0,696
JFK,JFK,354,summer,Economy,AeroGulf,3629,0.97,1723,0,184
SIN,CDG,200,autumn,Economy,PacificAir,6667,0.45,1185,1,517
LAX,CDG,103,winter,Economy,AeroGulf,1813,0.93,118,1,325
JFK,NRT,193,summer,Business,AeroGulf,11570,0.3,1893,0,2181
NRT,JFK,2,spring,Business,SkyMind,12207,0.4,1833,0,871
BOM,FRA,247,spring,Business,EuroWings,7046,0.4,410,1,1297
CDG,LAX,91,summer,Business,EuroWings,9739,0.55,690,1,1867
JFK,CDG,45,spring,Business,EuroWings,9779,0.58,1564,0,3694
BOM,NRT,3,spring,Economy,AsiaJet,8434,0.25,622,1,569
NRT,SYD,336,summer,Economy,PacificAir,12373,0.79,755,0,4534
CDG,DXB,64,winter,Business,SkyMind,5858,0.5,1879,1,1113
JFK,SYD,135,autumn,Business,EuroWings,782,0.01,184,1,109
BOM,DXB,291,summer,Economy,AeroGulf,8109,0.59,1057,1,428
SIN,LAX,278,summer,First,AsiaJet,12340,0.8,1662,1,2285
LAX,CDG,176,winter,Economy,PacificAir,1898,0.25,1913,1,136
NRT,SYD,282,autumn,Business,EuroWings,3233,0.04,102,1,508
DXB,SYD,120,spring,Economy,AsiaJet,4567,0.81,870,1,334
LAX,DXB,262,winter,Business,PacificAir,2857,0.98,1366,1,199
BOM,LHR,174,autumn,Economy,AeroGulf,11627,0.08,504,0,2107
NRT,FRA,118,summer,Economy,AsiaJet,12510,0.94,1166,1,4664
JFK,JFK,341,autumn,Economy,SkyMind,3738,0.36,1833,0,627
LAX,BOM,185,winter,First,PacificAir,10464,0.94,1724,0,834
SYD,LAX,243,spring,Economy,AsiaJet,12769,0.65,332,1,2301
BOM,BOM,214,autumn,Economy,AsiaJet,12794,0.89,607,1,2447
JFK,CDG,121,autumn,First,PacificAir,8489,0.79,1928,0,1642
CDG,LHR,63,summer,Economy,AsiaJet,7710,0.03,1473,1,413
SIN,LHR,149,autumn,First,AsiaJet,1287,0.07,1563,0,445
JFK,FRA,276,summer,First,PacificAir,11916,0.53,1674,0,4359
SIN,SYD,29,winter,First,AeroGulf,8734,0.13,1015,0,491
LHR,LAX,299,spring,Economy,SkyMind,12988,0.46,1956,0,4715
NRT,CDG,225,winter,Business,PacificAir,11634,0.95,1286,0,2155
BOM,DXB,173,autumn,Economy,EuroWings,6284,0.29,1422,1,1137
NRT,LAX,244,autumn,Business,AsiaJet,5143,0.49,1085,0,1920
LHR,SYD,321,summer,Business,SkyMind,4821,0.38,120,0,1857
SYD,JFK,131,summer,First,SkyMind,12597,0.63,1133,1,4610
BOM,LHR,352,winter,First,PacificAir,5228,0.19,144,0,979
SIN,JFK,20,winter,First,EuroWings,6140,0.26,704,1,1163
JFK,LHR,81,winter,First,EuroWings,3910,0.86,1126,1,411
BOM,FRA,293,spring,Economy,AeroGulf,1858,0.81,142,0,212
FRA,LHR,294,summer,Economy,EuroWings,9896,0.79,1303,1,1785
LHR,SIN,235,winter,Business,PacificAir,12296,0.77,396,0,2237
SYD,CDG,301,summer,Economy,SkyMind,11685,0.46,476,1,748
FRA,JFK,221,winter,Economy,SkyMind,10933,0.73,1230,1,822
BOM,LAX,170,spring,Business,EuroWings,1037,0.39,1036,1,286
NRT,NRT,46,summer,Economy,AsiaJet,12703,0.1,816,0,4528
SYD,NRT,60,summer,Economy,AeroGulf,4368,0.39,1900,1,853
LAX,SYD,96,summer,First,EuroWings,5076,0.16,1553,0,1911
BOM,LAX,269,summer,First,PacificAir,5025,0.39,735,0,1014
NRT,DXB,31,spring,Business,AeroGulf,4083,0.3,1236,0,338
SIN,LAX,324,winter,First,EuroWings,8398,0.6,476,1,495
JFK,LHR,116,spring,Economy,AeroGulf,1850,0.36,146,1,266
CDG,JFK,62,summer,First,AsiaJet,9636,0.71,1791,1,1907
SIN,NRT,146,autumn,First,PacificAir,4356,0.51,1407,1,845
SIN,FRA,331,spring,Business,EuroWings,10515,0.92,430,1,1879
SYD,SIN,362,autumn,Economy,SkyMind,3125,0.09,335,1,1065
FRA,NRT,53,summer,Business,PacificAir,12590,0.69,961,1,2584
NRT,FRA,51,summer,Economy,AsiaJet,12179,0.67,1774,1,4628
DXB,NRT,169,spring,Economy,AsiaJet,12898,0.95,384,1,4763
NRT,NRT,357,autumn,Economy,SkyMind,4807,0.37,853,1,1819
CDG,FRA,357,spring,First,PacificAir,9542,0.31,1563,0,601
DXB,FRA,195,spring,Business,EuroWings,3425,0.17,1372,1,1280
JFK,FRA,83,spring,Economy,SkyMind,13774,0.27,815,1,4985
CDG,NRT,134,summer,First,EuroWings,9687,0.5,811,0,650
SYD,LHR,268,winter,Business,AeroGulf,7214,0.84,1180,0,2661
SYD,DXB,81,autumn,First,EuroWings,7697,0.28,536,1,1352
SYD,FRA,219,winter,First,AeroGulf,6506,0.16,1197,0,1165
LAX,BOM,2,winter,Economy,EuroWings,13453,0.27,218,1,887
LHR,JFK,309,summer,Business,AeroGulf,9041,0.1,670,0,612
JFK,SYD,251,summer,First,PacificAir,2037,0.93,1414,0,789
SYD,BOM,236,summer,First,AsiaJet,11669,0.87,1047,1,4333
CDG,CDG,156,spring,First,PacificAir,3228,0.31,1927,0,1112
DXB,CDG,37,summer,First,SkyMind,7881,0.25,1456,1,598
FRA,JFK,229,summer,Economy,PacificAir,4846,0.91,157,1,1801
SYD,LAX,145,summer,Economy,PacificAir,2866,0.0,599,0,522
LHR,JFK,325,summer,Business,AsiaJet,13994,0.6,830,1,2558
SIN,NRT,56,winter,First,PacificAir,7528,0.92,1867,0,2954
SYD,CDG,121,winter,Economy,SkyMind,10928,0.51,1381,1,752
SIN,DXB,314,summer,Business,PacificAir,7368,0.0,895,1,1264
CDG,LAX,211,winter,Business,PacificAir,4375,0.22,581,0,245
LAX,SYD,260,summer,Economy,PacificAir,11786,0.92,1592,1,2250
NRT,DXB,103,autumn,Economy,PacificAir,6541,0.02,425,0,2329
JFK,CDG,305,spring,First,AsiaJet,4101,0.39,1186,0,1490
CDG,SYD,235,summer,Economy,AsiaJet,4674,0.79,1303,1,290
SIN,NRT,38,winter,Economy,SkyMind,13333,0.84,1951,0,5068
LAX,NRT,301,spring,Economy,SkyMind,1423,0.48,330,1,80
LHR,SYD,108,winter,Business,SkyMind,1118,0.23,1981,1,161
FRA,JFK,224,autumn,Economy,PacificAir,4900,0.6,1287,0,898
NRT,JFK,293,autumn,Business,EuroWings,6842,0.26,1483,0,1297
LAX,DXB,184,spring,Business,PacificAir,11954,0.26,1333,1,4342
FRA,BOM,155,autumn,Economy,EuroWings,3803,0.81,1569,1,340
SYD,LHR,32,summer,Business,SkyMind,11293,0.15,654,1,2153
NRT,JFK,234,autumn,First,PacificAir,9739,0.01,522,1,3503
BOM,SYD,250,winter,First,SkyMind,10390,0.34,1256,0,3754
LHR,FRA,58,summer,Business,AsiaJet,6080,0.49,829,0,1263
SIN,FRA,333,winter,Economy,SkyMind,10922,0.71,302,1,3876
CDG,BOM,163,spring,Economy,PacificAir,8100,0.78,789,0,1461
SYD,LAX,17,spring,Business,AsiaJet,10560,0.66,883,0,880
BOM,BOM,254,spring,Economy,AsiaJet,11346,0.63,1590,1,4100
SIN,SYD,146,winter,Business,EuroWings,8622,0.67,1687,0,681
LAX,FRA,229,winter,First,AeroGulf,582,0.27,552,1,137
SYD,DXB,240,spring,Business,AsiaJet,592,0.38,1706,0,80
LHR,DXB,286,winter,Business,AeroGulf,7260,0.62,1126,1,1377
LAX,BOM,346,spring,First,SkyMind,11848,0.07,1212,0,4245
SYD,SYD,16,spring,First,SkyMind,7875,0.3,1174,1,2867
NRT,LHR,75,winter,Business,AsiaJet,8337,0.41,1576,1,3046
JFK,LAX,260,summer,First,EuroWings,7224,0.53,771,1,392
LAX,FRA,361,spring,First,SkyMind,3548,0.49,1120,1,234
SYD,SYD,4,autumn,Economy,AeroGulf,1967,0.72,579,1,284
JFK,LAX,251,summer,First,AsiaJet,10716,0.47,1256,0,1971
NRT,DXB,85,summer,First,AsiaJet,13561,0.9,1370,0,5079
JFK,JFK,63,summer,Business,EuroWings,12509,0.38,985,0,797
JFK,FRA,100,summer,First,AsiaJet,5989,0.53,1806,0,1117
SYD,LHR,322,spring,Business,PacificAir,3198,0.0,1846,1,318
LAX,CDG,243,spring,Economy,AeroGulf,9483,0.31,495,1,1735
NRT,FRA,295,spring,Business,PacificAir,975,0.87,258,0,492
SIN,SIN,162,autumn,Business,PacificAir,9195,0.33,564,1,665
SIN,LHR,178,spring,Economy,AeroGulf,730,0.25,1273,0,285
JFK,LHR,328,spring,Economy,AsiaJet,7521,0.54,670,0,476
BOM,CDG,328,autumn,First,AsiaJet,10278,0.08,1113,1,1860
FRA,LAX,252,spring,Business,PacificAir,10466,0.53,1431,0,3909
DXB,CDG,42,winter,Business,AeroGulf,11782,0.3,658,0,828
JFK,SIN,242,winter,Business,SkyMind,7333,0.38,1621,0,438
LHR,LAX,342,spring,Economy,AeroGulf,2756,0.79,1996,1,1024
SYD,LHR,91,summer,Business,PacificAir,4470,0.66,1081,0,993
CDG,CDG,28,spring,First,AeroGulf,12918,0.45,1120,0,4716
DXB,SYD,155,autumn,Economy,AeroGulf,5338,0.58,1428,1,445
JFK,JFK,119,summer,Business,SkyMind,883,0.77,1435,1,540
SIN,SIN,220,autumn,Economy,EuroWings,11855,0.75,642,1,4314
FRA,SYD,347,winter,Economy,EuroWings,11101,0.19,346,1,1965
SYD,LAX,264,autumn,Economy,SkyMind,1260,0.3,798,1,309
JFK,NRT,121,spring,Business,AeroGulf,5743,0.35,1358,1,2119
SIN,LHR,46,winter,Business,PacificAir,4452,0.19,1961,1,802
SYD,BOM,280,summer,First,SkyMind,1442,0.01,1455,0,304
SIN,LAX,115,spring,Economy,EuroWings,3195,0.17,1294,1,255
LAX,LHR,168,winter,Business,EuroWings,1796,0.81,1598,0,459
CDG,FRA,246,summer,Business,SkyMind,11094,0.55,692,0,4103
LHR,FRA,280,winter,First,AeroGulf,2647,0.34,941,1,1036
DXB,DXB,234,summer,Business,AsiaJet,7374,0.61,1488,0,503
BOM,SIN,22,summer,Business,PacificAir,10331,0.74,1128,0,927
JFK,DXB,202,autumn,Business,AsiaJet,4896,0.35,615,1,419
SYD,DXB,68,spring,Economy,PacificAir,1108,0.47,586,0,414
SIN,NRT,136,summer,First,AsiaJet,1381,0.06,754,0,456
JFK,SYD,231,summer,First,AsiaJet,10942,0.6,997,0,1922
LAX,JFK,58,autumn,First,PacificAir,11784,0.36,1556,1,781
CDG,SYD,15,summer,Business,PacificAir,10851,0.43,411,1,2016
CDG,NRT,264,summer,Business,EuroWings,7816,0.42,1624,1,1401
CDG,FRA,170,winter,Business,AeroGulf,11120,0.63,1771,0,4158
JFK,BOM,291,spring,Economy,AeroGulf,13542,0.57,1907,0,2384
CDG,SYD,169,autumn,Economy,EuroWings,11693,0.42,1378,1,775
SIN,DXB,48,autumn,First,AsiaJet,13994,0.02,823,1,851
LHR,DXB,96,summer,Economy,PacificAir,5391,0.62,1403,0,2073
JFK,SYD,327,summer,Economy,SkyMind,6980,0.88,862,0,2546
SIN,CDG,44,autumn,Business,AsiaJet,8005,0.77,1094,0,2973
DXB,LAX,353,summer,Business,AeroGulf,2494,0.98,1434,0,118
SYD,BOM,240,summer,First,PacificAir,1823,0.14,793,0,747
NRT,CDG,291,winter,Business,EuroWings,8268,0.22,308,1,449
LAX,CDG,283,autumn,Business,AsiaJet,13009,0.54,1448,1,2461
CDG,LAX,70,summer,Economy,SkyMind,1511,0.24,817,0,531
BOM,SIN,253,spring,First,AsiaJet,7403,0.03,849,0,2591
LAX,LAX,66,summer,Economy,EuroWings,12730,0.4,1614,0,4633
CDG,BOM,327,winter,First,SkyMind,1188,0.29,1951,1,136
SYD,JFK,336,winter,First,AsiaJet,4568,0.26,258,1,801
CDG,SIN,285,autumn,Business,EuroWings,12905,0.95,1655,0,4725
CDG,SYD,31,winter,Economy,AsiaJet,12961,0.24,560,0,2402
LHR,JFK,214,winter,Economy,PacificAir,9934,0.13,1123,0,3589
NRT,JFK,181,spring,Business,AsiaJet,3947,0.13,153,1,320
CDG,BOM,202,winter,First,EuroWings,8397,0.81,492,1,1658
FRA,NRT,68,summer,First,AeroGulf,7755,0.71,343,1,1512
NRT,NRT,25,winter,First,EuroWings,10736,0.13,1797,0,3887
SIN,BOM,248,spring,First,AsiaJet,8575,0.22,1839,0,1651
CDG,CDG,337,autumn,Business,PacificAir,9132,0.75,843,1,581
CDG,NRT,343,spring,First,AeroGulf,9916,0.27,1459,1,1714
BOM,DXB,160,summer,Economy,EuroWings,2962,0.98,1316,1,626
BOM,NRT,280,summer,First,AeroGulf,5623,0.54,1267,1,1094
FRA,BOM,257,autumn,First,PacificAir,13737,0.19,937,0,2524
DXB,LAX,111,spring,First,SkyMind,4678,0.86,1335,0,1817
LHR,CDG,47,spring,Business,AeroGulf,13776,0.32,1001,0,5080
DXB,FRA,179,autumn,First,EuroWings,6649,0.29,390,0,1321
FRA,JFK,36,autumn,Business,PacificAir,11444,0.33,1740,1,2222
SYD,BOM,198,autumn,Economy,EuroWings,2252,0.77,1622,0,321
BOM,NRT,42,autumn,First,PacificAir,13134,0.17,230,1,4801
JFK,LHR,332,summer,First,EuroWings,5129,0.38,1400,1,1847
JFK,DXB,90,summer,Economy,PacificAir,11694,0.03,1514,0,4196
SYD,BOM,345,autumn,First,AsiaJet,6416,0.83,1457,1,1167
BOM,LHR,68,winter,First,EuroWings,5046,0.34,377,1,1855
CDG,JFK,70,autumn,Business,PacificAir,11908,0.25,241,0,757
BOM,LAX,110,winter,Business,SkyMind,3859,0.58,1980,0,416
LHR,DXB,351,winter,Economy,PacificAir,5513,0.7,166,0,258
SYD,BOM,22,spring,Business,SkyMind,12634,0.81,1512,0,909
NRT,LHR,277,winter,Business,AeroGulf,11988,0.35,1832,1,786
CDG,BOM,195,winter,Economy,PacificAir,13741,0.81,982,0,5042
SYD,LHR,45,winter,Economy,AeroGulf,8104,0.46,1182,0,1483
LAX,SYD,111,summer,First,AeroGulf,13001,0.1,1869,0,2357
SYD,JFK,209,spring,First,AsiaJet,4514,0.85,492,1,911
DXB,SIN,230,spring,First,PacificAir,1399,0.55,608,0,291
NRT,DXB,178,winter,First,AsiaJet,1689,0.6,275,1,734
SIN,FRA,250,summer,Business,AsiaJet,1152,0.94,1225,1,436
BOM,DXB,328,autumn,Business,AeroGulf,8496,0.56,136,1,3076
SYD,FRA,11,summer,Economy,EuroWings,1482,0.01,1447,1,81
SIN,BOM,252,spring,Economy,AeroGulf,1075,0.87,1015,1,276
JFK,BOM,344,winter,Business,AeroGulf,9024,0.28,696,0,3166
CDG,LHR,235,summer,First,SkyMind,4807,0.5,533,0,1757
BOM,SIN,136,winter,First,EuroWings,8980,0.2,595,1,3271
JFK,LHR,254,autumn,First,AeroGulf,7253,0.3,1659,1,1359
NRT,BOM,54,summer,First,EuroWings,10905,0.69,991,1,2231
FRA,SYD,129,autumn,Economy,SkyMind,10865,0.43,1834,0,775
DXB,SYD,226,autumn,Business,EuroWings,12525,0.63,1105,0,846
FRA,FRA,20,spring,Economy,PacificAir,8240,0.82,1249,1,790
FRA,JFK,100,spring,Business,SkyMind,1555,0.34,404,1,338
BOM,NRT,290,winter,First,EuroWings,6526,0.57,355,1,504
SYD,DXB,57,autumn,Economy,AsiaJet,4869,0.78,1515,0,545
BOM,FRA,226,autumn,Business,EuroWings,1824,0.72,686,1,716
LHR,SIN,141,spring,Business,SkyMind,4095,0.54,1620,1,932
SYD,SIN,125,autumn,Business,AsiaJet,4327,0.38,721,1,356
SIN,DXB,309,summer,Business,EuroWings,11354,0.41,1580,0,809
LHR,SYD,52,autumn,First,EuroWings,2823,0.43,1129,1,633
LAX,NRT,134,autumn,First,SkyMind,13818,0.35,1675,1,867
NRT,DXB,292,spring,Business,AsiaJet,2382,0.7,948,1,432
SYD,NRT,153,spring,Business,AsiaJet,11755,0.13,1049,1,2120
SIN,BOM,347,winter,Business,EuroWings,1653,0.97,1840,0,283
FRA,FRA,186,spring,First,PacificAir,3870,0.78,1488,1,410
SIN,BOM,239,summer,Economy,SkyMind,8788,0.3,756,1,556
JFK,LHR,183,autumn,Business,SkyMind,776,0.04,1430,1,80
DXB,DXB,351,winter,Economy,AeroGulf,5904,0.71,1125,0,1081
LHR,LHR,3,autumn,First,AsiaJet,11539,0.73,1281,1,915
LAX,CDG,284,spring,First,AsiaJet,5792,0.96,1027,1,2125
DXB,NRT,196,autumn,First,AeroGulf,9023,0.25,917,1,1672
NRT,SIN,166,autumn,First,EuroWings,10944,0.08,327,0,667
LHR,BOM,290,summer,First,EuroWings,4698,0.92,1322,0,934
SIN,NRT,340,autumn,Economy,SkyMind,11743,0.26,1887,0,738
SYD,SIN,141,summer,Economy,EuroWings,4196,0.72,1523,0,906
NRT,BOM,111,autumn,Economy,PacificAir,13742,0.06,182,1,4894
DXB,DXB,261,spring,Economy,PacificAir,11099,0.76,1074,1,2168
JFK,LAX,188,winter,Business,PacificAir,3702,0.13,1562,1,607
FRA,LHR,344,spring,First,AeroGulf,2586,0.7,540,0,471
LAX,BOM,358,winter,Economy,PacificAir,806,0.53,1585,0,80
DXB,LAX,273,autumn,Economy,AeroGulf,1383,0.96,1168,0,341
FRA,FRA,185,spring,Business,SkyMind,7163,0.04,1559,0,442
SIN,BOM,287,summer,Business,SkyMind,6689,0.29,810,0,1214
NRT,LAX,92,spring,First,PacificAir,4789,0.07,274,1,378
FRA,SIN,194,summer,First,AeroGulf,4089,0.88,1668,0,424
JFK,LHR,360,autumn,Business,PacificAir,4141,0.59,483,1,234
JFK,JFK,349,autumn,Business,EuroWings,7836,0.53,1989,0,517
DXB,BOM,338,winter,Business,AeroGulf,13036,0.13,507,0,2427
CDG,NRT,311,spring,First,AeroGulf,5608,0.49,1670,1,1086
SIN,SIN,329,autumn,Business,AeroGulf,2662,0.4,291,1,164
BOM,JFK,47,winter,Economy,AeroGulf,7209,0.32,1208,1,436
CDG,JFK,144,winter,First,EuroWings,11839,0.77,955,1,866
JFK,FRA,149,autumn,First,PacificAir,13980,0.06,1736,0,5076
SYD,FRA,350,summer,Economy,SkyMind,5667,0.65,563,0,2009
JFK,SYD,323,summer,Economy,AsiaJet,11475,0.82,1439,0,2094
LAX,BOM,353,winter,First,AsiaJet,3641,0.91,820,0,1315
BOM,NRT,120,autumn,First,AeroGulf,6631,0.75,128,0,2607
JFK,BOM,134,spring,Business,AeroGulf,5103,0.28,1397,0,452
LHR,LAX,197,spring,Business,SkyMind,654,0.6,1309,0,180
JFK,SIN,37,winter,Economy,AsiaJet,4130,0.14,1171,1,1520
SIN,LHR,187,spring,Economy,AeroGulf,9152,0.12,366,0,3369
JFK,NRT,213,autumn,Economy,EuroWings,1896,0.64,486,1,794
LAX,LHR,110,spring,Economy,AsiaJet,9482,0.85,781,1,743
FRA,FRA,187,spring,Business,EuroWings,7297,0.07,1269,1,1428
LHR,LHR,78,autumn,First,SkyMind,7094,0.11,1139,0,2542
BOM,CDG,298,summer,Business,SkyMind,4209,0.57,1420,1,819
SYD,FRA,330,summer,Economy,AsiaJet,2367,0.22,1112,0,474
DXB,FRA,125,winter,Business,PacificAir,10380,0.61,548,1,3842
CDG,DXB,316,autumn,Economy,AsiaJet,1076,0.21,1678,1,230
CDG,LHR,320,summer,Business,EuroWings,7763,0.12,1550,1,517
LAX,NRT,314,spring,First,PacificAir,4264,0.55,446,1,1570
FRA,FRA,2,winter,Economy,EuroWings,11235,0.86,386,0,4324
BOM,NRT,334,autumn,Business,EuroWings,9053,0.69,1616,1,3281
SYD,FRA,71,autumn,Economy,EuroWings,956,0.82,1407,0,582
SYD,JFK,212,winter,First,AeroGulf,11941,0.27,1099,1,738
NRT,NRT,8,summer,Economy,PacificAir,12916,0.89,1686,1,1020
LHR,LAX,184,winter,First,AeroGulf,4061,0.38,1662,0,788
FRA,LHR,164,winter,Business,AeroGulf,3610,0.85,1644,1,1499
NRT,CDG,269,autumn,First,EuroWings,4029,0.47,476,1,1400
DXB,BOM,295,autumn,Economy,SkyMind,5407,0.27,1503,1,943
FRA,JFK,358,spring,Business,AsiaJet,5468,0.26,521,0,443
CDG,LHR,81,winter,Economy,SkyMind,9041,0.57,1031,0,3401
LHR,DXB,262,autumn,Economy,EuroWings,11384,0.08,1951,0,2035
DXB,DXB,275,autumn,Business,AsiaJet,5047,0.93,863,1,411
DXB,SIN,105,autumn,First,AsiaJet,4583,0.27,844,1,843
DXB,CDG,309,autumn,First,EuroWings,608,0.34,318,0,80
SIN,SYD,28,winter,Business,AeroGulf,8251,0.23,156,1,576
NRT,BOM,47,winter,Business,AsiaJet,1731,0.0,786,0,586
NRT,BOM,313,summer,Economy,AsiaJet,1076,0.69,213,0,99
DXB,FRA,55,winter,Economy,AsiaJet,740,0.59,1853,1,433
CDG,DXB,79,autumn,Business,AsiaJet,11330,0.81,1369,0,877
JFK,BOM,1,spring,Business,PacificAir,8066,0.04,574,1,2830
SIN,FRA,168,winter,Economy,AeroGulf,6309,0.93,1191,1,2423
NRT,DXB,23,summer,Economy,PacificAir,10733,0.33,1942,0,2046
SIN,JFK,228,winter,First,PacificAir,7221,0.91,157,0,1332
SIN,NRT,298,autumn,Business,EuroWings,870,0.11,403,0,243
FRA,FRA,260,summer,Economy,AeroGulf,6554,0.74,1097,1,403
DXB,FRA,264,autumn,First,SkyMind,10844,0.58,1438,0,3989
LHR,BOM,164,autumn,Economy,AeroGulf,597,0.36,1199,1,80
LHR,BOM,10,winter,Business,SkyMind,6106,0.08,402,0,2262
LHR,CDG,116,winter,First,AsiaJet,12883,0.6,1010,0,915
FRA,SIN,158,summer,Economy,SkyMind,10640,0.03,1746,0,1907
DXB,SIN,356,summer,Business,SkyMind,8656,0.5,1747,0,449
FRA,BOM,272,summer,Business,SkyMind,10187,0.6,833,1,1839
BOM,JFK,158,summer,Business,AsiaJet,10785,0.73,817,1,810
DXB,BOM,320,spring,Business,AsiaJet,11629,0.99,1707,0,2192
BOM,SIN,364,summer,First,PacificAir,10770,0.26,1599,0,594
DXB,FRA,202,winter,Economy,SkyMind,2955,0.32,962,0,1163
FRA,LAX,121,spring,Economy,AeroGulf,3946,0.34,101,0,339
JFK,LHR,139,autumn,Business,EuroWings,10097,0.73,1970,0,1952
LAX,FRA,162,autumn,Economy,PacificAir,5311,0.93,1824,0,1074
BOM,DXB,208,summer,Business,SkyMind,8327,0.97,1163,0,595
LHR,SIN,55,autumn,Economy,PacificAir,3191,0.95,1806,0,1481
SIN,LAX,339,spring,Economy,SkyMind,11437,0.88,1171,0,713
BOM,SYD,260,winter,Economy,SkyMind,1472,0.99,811,0,240
LAX,LAX,44,winter,First,PacificAir,11440,0.38,156,1,2171
SYD,LAX,159,spring,Business,SkyMind,10204,0.95,1635,0,3811
DXB,FRA,304,summer,First,SkyMind,8306,0.76,1831,0,3057
BOM,LAX,355,summer,Economy,EuroWings,3423,0.17,111,0,1341
DXB,LAX,98,summer,First,AeroGulf,5501,0.05,557,0,1959
LAX,SYD,26,spring,First,AsiaJet,1308,0.21,1447,1,182
BOM,BOM,359,summer,First,EuroWings,7976,0.78,790,1,2884
SIN,LHR,198,winter,Economy,AsiaJet,13386,0.63,1709,1,4832
FRA,LAX,97,spring,First,AsiaJet,13754,0.22,640,1,4926
SIN,LHR,239,spring,Economy,AeroGulf,6463,0.74,1215,1,1217
SIN,BOM,12,autumn,Business,EuroWings,6435,0.14,1920,1,1216
CDG,LHR,45,autumn,Economy,SkyMind,4730,0.82,438,1,1110
LHR,BOM,9,summer,Economy,AeroGulf,827,0.79,1494,0,450
SIN,JFK,1,summer,Economy,SkyMind,12986,0.97,1742,0,1101
SIN,LHR,327,winter,Business,SkyMind,1182,0.15,858,1,80
BOM,CDG,210,summer,Business,SkyMind,12023,0.91,355,0,2280
LHR,CDG,54,winter,Economy,SkyMind,623,0.34,1624,0,228
BOM,DXB,104,summer,Economy,EuroWings,1253,0.42,1221,1,628
FRA,SYD,152,winter,Business,AsiaJet,8614,0.47,1169,1,1647
LHR,DXB,10,spring,Business,AsiaJet,2106,0.63,1143,0,495
LAX,SIN,40,winter,Economy,EuroWings,7025,0.99,1182,1,1519
LAX,CDG,44,summer,Business,AsiaJet,4078,0.6,339,1,934
CDG,BOM,268,autumn,Economy,AeroGulf,5166,0.93,475,0,428
FRA,BOM,278,summer,Economy,SkyMind,7708,0.26,1159,1,2826
NRT,FRA,155,spring,Economy,SkyMind,10160,0.4,1636,1,653
SYD,SYD,82,autumn,Business,SkyMind,3345,0.5,957,1,650
BOM,NRT,197,winter,Business,PacificAir,3438,0.32,486,0,1311
BOM,CDG,52,autumn,Business,AeroGulf,13957,0.98,911,0,5215
JFK,BOM,223,summer,Economy,PacificAir,10618,0.73,282,1,756
JFK,JFK,59,autumn,Economy,EuroWings,6819,0.48,415,1,564
NRT,CDG,294,autumn,First,PacificAir,2927,0.75,1510,0,547
NRT,SIN,276,summer,Economy,AsiaJet,8856,0.47,184,1,560
LHR,JFK,334,summer,Economy,AsiaJet,10201,0.02,1570,0,1846
NRT,JFK,276,spring,First,AeroGulf,8656,0.54,1717,0,1566
DXB,SIN,357,autumn,Economy,PacificAir,7407,0.63,1794,0,1268
SYD,CDG,110,winter,Economy,PacificAir,13402,0.98,1883,0,5028
SYD,DXB,30,summer,Business,SkyMind,8232,0.04,1351,0,2977
DXB,LHR,107,autumn,First,AeroGulf,6386,0.51,928,0,559
JFK,SIN,297,summer,Business,SkyMind,12784,0.1,1172,0,733
BOM,FRA,340,spring,First,AeroGulf,11502,0.15,911,0,4197
LAX,LAX,327,summer,Economy,AeroGulf,9892,0.61,1047,0,555
JFK,BOM,319,summer,First,PacificAir,5668,0.23,1922,1,961
CDG,FRA,95,spring,Business,SkyMind,13922,0.75,939,1,2657
CDG,BOM,285,summer,Economy,EuroWings,3781,0.51,956,0,1347
CDG,SYD,207,spring,Business,SkyMind,9310,0.22,1044,1,519
NRT,CDG,333,autumn,First,EuroWings,3212,0.49,401,1,302
CDG,SYD,172,autumn,First,AsiaJet,5454,0.0,1049,0,1940
CDG,CDG,79,autumn,First,AeroGulf,13966,0.86,823,0,2831
FRA,JFK,250,winter,Business,SkyMind,4223,0.01,750,0,711
CDG,CDG,218,summer,Economy,AeroGulf,2186,0.01,715,1,80
BOM,SYD,339,spring,Economy,SkyMind,7940,0.61,1188,0,2936
CDG,CDG,57,summer,Business,AsiaJet,2106,0.97,1592,0,967
JFK,LHR,147,winter,Business,SkyMind,13424,0.86,1780,1,2577
SYD,CDG,234,summer,Business,AsiaJet,12624,0.25,471,1,2231
CDG,LHR,17,winter,Economy,AeroGulf,12584,0.2,639,1,810
LAX,DXB,197,summer,First,PacificAir,12495,0.63,1717,0,4516
SIN,FRA,189,winter,Business,EuroWings,13002,0.82,1600,1,895
DXB,FRA,132,spring,Business,AeroGulf,10045,0.36,1453,0,647
CDG,FRA,248,summer,First,PacificAir,4739,0.43,108,1,1758
LAX,NRT,150,summer,Economy,AeroGulf,9310,0.12,261,1,3404
BOM,SIN,202,spring,Business,AeroGulf,5603,0.15,1527,1,1040
LHR,LAX,213,spring,Business,SkyMind,9045,0.57,834,1,3349
JFK,LAX,217,autumn,Business,AsiaJet,780,0.1,742,0,80
BOM,LAX,6,winter,First,AsiaJet,12069,0.2,740,1,761
LAX,JFK,158,spring,First,SkyMind,5432,0.23,927,0,2018
BOM,FRA,349,autumn,First,SkyMind,4050,0.44,964,0,243
FRA,JFK,75,winter,First,AeroGulf,2459,0.05,1429,0,893
DXB,JFK,251,autumn,Economy,AsiaJet,889,0.5,747,0,226
JFK,FRA,304,summer,First,AeroGulf,5683,0.93,1013,0,1017
BOM,NRT,46,winter,Business,PacificAir,4367,0.02,1921,0,1648
DXB,CDG,342,summer,Business,PacificAir,4860,0.63,196,1,291
SYD,CDG,348,summer,Business,SkyMind,2553,0.84,1972,0,937
SIN,JFK,315,summer,Business,AsiaJet,5508,0.31,589,1,1993
SYD,LHR,229,summer,Economy,PacificAir,8859,0.13,620,1,1641
SIN,CDG,182,summer,Economy,AsiaJet,6816,0.04,377,0,2476
BOM,SIN,83,summer,Economy,AsiaJet,13637,0.64,1005,1,2600
CDG,LAX,145,autumn,Economy,EuroWings,2666,0.55,601,0,651
FRA,LHR,50,autumn,Economy,PacificAir,8606,0.23,1092,1,2997
FRA,SIN,100,winter,Economy,PacificAir,12961,0.83,595,0,4908
BOM,LHR,343,winter,First,AeroGulf,11698,0.74,1610,0,4270
DXB,NRT,220,winter,Economy,AeroGulf,6772,0.28,422,1,2379
LAX,JFK,139,summer,Economy,AsiaJet,686,0.75,1332,0,309
LAX,SIN,14,summer,Business,SkyMind,5682,0.24,108,0,2167
CDG,LAX,13,autumn,Business,AeroGulf,12738,0.68,1426,1,2517
LAX,FRA,344,autumn,Economy,AeroGulf,11632,0.12,1931,0,2017
CDG,NRT,250,winter,First,AsiaJet,9989,0.69,1415,1,698
CDG,LAX,336,spring,First,PacificAir,3145,0.24,1782,0,622
SIN,NRT,172,spring,First,AeroGulf,13796,0.57,1477,1,889
JFK,FRA,319,summer,First,SkyMind,1716,0.17,1125,0,646
JFK,LAX,359,summer,Economy,AsiaJet,5127,0.73,1598,1,293
LHR,BOM,106,summer,First,PacificAir,11691,0.06,1974,0,4265
SIN,DXB,189,autumn,Economy,EuroWings,1705,0.17,772,0,315
LAX,JFK,17,summer,Economy,SkyMind,7203,0.18,1631,0,454
SYD,NRT,50,summer,Economy,PacificAir,727,0.04,163,1,270
JFK,JFK,249,summer,Economy,AsiaJet,3113,0.75,1890,0,1125
BOM,FRA,227,spring,Economy,EuroWings,13401,0.98,509,0,908
LAX,DXB,79,spring,Business,SkyMind,2636,0.78,1754,1,359
DXB,LHR,272,winter,Economy,AeroGulf,7811,0.86,1234,1,2921
DXB,LHR,213,summer,Economy,AeroGulf,12423,0.01,1541,0,4485
LAX,SIN,17,autumn,Economy,SkyMind,7458,0.12,1826,1,1305
LAX,CDG,346,spring,Business,AeroGulf,749,0.56,1331,0,345
SYD,LHR,251,winter,Business,AsiaJet,2772,0.98,1849,1,329
JFK,CDG,340,summer,Economy,SkyMind,11642,0.66,191,1,4210
SIN,DXB,84,spring,First,SkyMind,6538,0.37,1201,1,2401
SYD,BOM,197,autumn,Economy,AeroGulf,3518,0.15,1641,0,205
LAX,JFK,265,autumn,First,SkyMind,13460,0.15,1169,0,2424
BOM,BOM,18,autumn,First,EuroWings,2715,0.36,1911,0,1094
BOM,JFK,221,autumn,Economy,SkyMind,2657,0.71,724,0,228
DXB,DXB,331,summer,First,AeroGulf,2296,0.03,1651,1,95
CDG,SIN,235,winter,Business,AeroGulf,3744,0.85,350,0,366
CDG,JFK,176,winter,Economy,AeroGulf,8546,0.94,1577,0,671
NRT,BOM,72,autumn,Business,AeroGulf,796,0.89,555,0,304
DXB,DXB,91,summer,Business,AsiaJet,2427,0.91,1888,1,365
JFK,LAX,322,winter,Economy,AeroGulf,2756,0.02,1040,1,1000
SIN,LAX,23,winter,Economy,EuroWings,7921,0.98,1373,0,1665
FRA,CDG,213,winter,Economy,SkyMind,5701,0.37,1683,1,448
SYD,NRT,294,autumn,Business,PacificAir,1957,0.87,1748,1,762
NRT,NRT,128,summer,Economy,PacificAir,4046,0.19,871,1,754
LHR,CDG,59,autumn,Business,AsiaJet,13815,0.45,1299,1,5082
JFK,SYD,324,summer,First,PacificAir,7861,0.04,709,1,1438
DXB,BOM,85,spring,Economy,AeroGulf,11819,0.04,1083,0,714
CDG,JFK,229,summer,Business,PacificAir,11000,0.94,976,1,4061
BOM,FRA,268,summer,Economy,EuroWings,4164,0.81,806,1,367
SIN,DXB,112,autumn,Business,AeroGulf,10281,0.53,1535,1,1889
LHR,NRT,116,autumn,Business,PacificAir,8154,0.53,1537,0,535
SIN,DXB,238,spring,First,AeroGulf,595,0.75,384,1,152
FRA,LHR,52,autumn,Economy,AsiaJet,4432,0.34,760,1,1803
SIN,BOM,84,summer,Business,EuroWings,10051,0.76,1933,1,822
NRT,JFK,111,winter,Economy,SkyMind,7412,0.49,574,1,640
JFK,FRA,200,autumn,Business,AeroGulf,6640,0.64,995,0,463
LAX,SIN,219,winter,First,EuroWings,2239,0.96,1123,0,486
SYD,CDG,229,winter,Business,AsiaJet,12486,0.47,405,0,4570
LAX,BOM,317,winter,Business,AsiaJet,1852,0.42,956,0,730
SYD,DXB,21,autumn,Economy,EuroWings,5424,0.91,993,1,517
FRA,LHR,176,summer,First,PacificAir,6257,0.9,614,0,2381
SIN,CDG,56,winter,Business,EuroWings,2042,0.99,548,0,617
NRT,BOM,291,spring,Economy,PacificAir,13713,0.55,890,0,2467
SYD,BOM,300,autumn,Business,PacificAir,5744,0.34,974,1,334
CDG,JFK,295,winter,Economy,EuroWings,11359,0.24,872,0,737
LAX,SIN,143,winter,First,AsiaJet,1330,0.03,322,1,268
JFK,FRA,226,autumn,First,SkyMind,2105,0.73,1404,1,502
BOM,SIN,8,summer,Economy,SkyMind,5145,0.23,902,1,1010
FRA,SIN,124,spring,First,EuroWings,11439,0.61,846,0,763
SIN,LHR,246,winter,Economy,AeroGulf,12502,0.92,676,0,2361
LAX,CDG,101,spring,Economy,EuroWings,8437,0.95,1330,0,664
DXB,BOM,323,autumn,First,SkyMind,7352,0.0,1930,0,1307
NRT,LAX,350,summer,First,EuroWings,13819,0.32,827,1,2439
SIN,DXB,93,autumn,Economy,AsiaJet,13350,0.84,1502,0,4963
NRT,DXB,254,summer,Economy,SkyMind,7016,0.54,581,0,1316
CDG,LAX,80,winter,First,SkyMind,721,0.81,1746,0,210
DXB,SIN,298,winter,First,SkyMind,4451,0.85,373,1,803
BOM,SYD,31,winter,Economy,AsiaJet,9222,0.44,380,1,3497
JFK,LHR,330,summer,Economy,SkyMind,6993,0.36,1120,1,1263
SYD,FRA,299,autumn,Economy,AeroGulf,12818,0.46,1479,1,2305
SYD,DXB,282,winter,First,SkyMind,10073,0.65,1508,0,1803
LAX,SYD,12,summer,Business,EuroWings,4617,0.37,1057,1,290
SYD,CDG,127,winter,Economy,AeroGulf,5908,0.77,1260,1,1202
BOM,JFK,360,autumn,Business,PacificAir,1253,0.9,1292,0,160
SIN,FRA,187,spring,First,SkyMind,13001,0.28,1986,0,2416
FRA,SIN,69,spring,Business,PacificAir,13499,0.96,1401,0,5094
SIN,DXB,329,autumn,Business,PacificAir,1688,0.62,329,1,197
FRA,SYD,11,winter,Economy,AsiaJet,7608,0.88,1617,1,723
BOM,LAX,303,winter,Business,EuroWings,7987,0.1,293,0,2844
SIN,DXB,23,spring,First,EuroWings,9100,0.25,588,1,522
SIN,LHR,337,spring,Economy,PacificAir,11177,0.32,1808,0,4071
FRA,LHR,333,spring,Business,AsiaJet,1296,0.3,1399,0,176
JFK,CDG,209,spring,Business,AeroGulf,5645,0.17,988,1,340
JFK,NRT,215,summer,Business,SkyMind,7177,0.87,1338,0,1482
SIN,CDG,123,autumn,Business,AeroGulf,1360,0.42,1775,0,358
LHR,DXB,73,winter,Economy,SkyMind,4671,0.96,301,1,530
JFK,CDG,210,winter,Economy,PacificAir,8675,0.58,991,1,1682
LHR,CDG,311,autumn,Economy,AsiaJet,865,0.14,675,1,207
CDG,SYD,274,winter,First,AsiaJet,2014,0.55,771,1,845
JFK,LHR,94,winter,First,EuroWings,5436,0.99,1185,0,516
LHR,CDG,236,spring,Economy,EuroWings,3434,0.57,1256,1,659
LAX,LAX,154,winter,Economy,AeroGulf,10275,0.0,219,1,3652
BOM,LAX,274,autumn,First,EuroWings,998,0.93,911,0,127
NRT,LHR,213,autumn,Business,SkyMind,11933,0.23,1280,0,2170
LAX,NRT,128,autumn,Economy,AsiaJet,1869,0.69,1412,0,383
NRT,SYD,233,winter,Economy,AsiaJet,9943,0.52,1978,0,1813
NRT,NRT,41,summer,Business,PacificAir,9390,0.33,1479,1,1850
SIN,JFK,289,spring,First,PacificAir,8616,0.28,1136,1,1580
JFK,DXB,43,autumn,First,AeroGulf,11419,0.93,917,1,967
FRA,SYD,270,summer,Economy,PacificAir,10942,0.91,1582,0,721
LAX,BOM,314,winter,Business,SkyMind,11185,0.51,511,0,3953
SIN,CDG,28,spring,First,EuroWings,8823,0.26,1625,0,3241
SYD,SYD,270,summer,Business,EuroWings,5864,0.1,1630,0,2170
NRT,LAX,74,winter,Business,AeroGulf,590,0.16,1863,0,80
SYD,LHR,145,winter,Economy,EuroWings,12586,0.52,1397,1,886
BOM,NRT,162,summer,Business,AsiaJet,11889,0.31,330,1,679
BOM,JFK,246,summer,Business,EuroWings,971,0.04,1068,0,179
FRA,LHR,270,autumn,Business,PacificAir,6584,0.46,1701,0,458
CDG,JFK,211,spring,Business,AsiaJet,9957,0.75,327,1,676
NRT,SIN,280,spring,Business,PacificAir,13289,0.89,529,1,2577
LHR,LHR,223,autumn,Economy,PacificAir,11500,0.59,244,1,4184
BOM,LHR,360,spring,First,AeroGulf,4982,0.72,260,0,1767
NRT,BOM,70,spring,First,AeroGulf,5626,0.36,966,0,2122
BOM,JFK,20,winter,Business,AsiaJet,1611,0.5,388,0,394
CDG,JFK,121,summer,Economy,EuroWings,1097,0.73,1475,1,271
BOM,SIN,173,autumn,Economy,SkyMind,9599,0.73,183,1,1788
DXB,NRT,34,summer,Business,EuroWings,11606,0.42,1025,1,848
LAX,JFK,71,spring,Business,AsiaJet,11908,0.54,633,0,4402
LAX,CDG,33,spring,First,SkyMind,8118,0.92,224,1,1797
JFK,FRA,262,autumn,First,PacificAir,1854,0.63,280,0,364
NRT,JFK,272,summer,First,PacificAir,8377,0.64,1084,0,3100
SYD,BOM,109,winter,Business,SkyMind,12638,0.78,1616,0,4739
BOM,SIN,23,summer,First,PacificAir,11927,0.12,529,0,726
SYD,NRT,146,summer,Economy,EuroWings,11396,0.52,1167,1,4152
JFK,JFK,14,autumn,Economy,AeroGulf,2889,0.96,942,0,710
SYD,NRT,306,winter,Business,EuroWings,4575,0.36,469,1,319
DXB,SYD,317,summer,Business,PacificAir,12342,0.29,1029,0,4514
NRT,JFK,36,summer,First,AeroGulf,963,0.6,1919,1,140
LAX,JFK,271,spring,Economy,EuroWings,12630,0.22,518,1,2271
LHR,DXB,261,spring,First,PacificAir,1572,0.56,1063,0,297
JFK,LHR,53,winter,Economy,EuroWings,5946,0.16,876,0,1138
LAX,SIN,48,summer,First,PacificAir,973,0.58,1486,0,309
JFK,LAX,11,summer,Business,AsiaJet,5483,0.6,1401,1,569
BOM,JFK,258,spring,Economy,SkyMind,1438,0.42,1568,1,103
CDG,FRA,343,winter,Economy,PacificAir,1810,0.38,1340,0,270
SYD,NRT,280,autumn,Economy,EuroWings,7691,0.25,1208,0,455
NRT,LAX,210,spring,First,PacificAir,2840,0.33,892,1,535
FRA,SIN,324,summer,First,PacificAir,4020,0.5,1612,0,766
SYD,SIN,335,autumn,First,EuroWings,4556,0.25,1460,0,1627
FRA,CDG,12,summer,Economy,EuroWings,1586,0.78,178,0,343
FRA,SYD,251,summer,Business,AeroGulf,13355,0.71,1036,0,4834
JFK,CDG,323,summer,First,PacificAir,12221,0.27,1642,1,2194
NRT,SIN,160,winter,Economy,AsiaJet,8197,0.1,1950,1,2928
CDG,SYD,36,autumn,First,SkyMind,13661,0.0,1859,0,2416
LAX,FRA,149,summer,Economy,PacificAir,7604,0.6,1579,0,1538
SIN,JFK,198,winter,Economy,EuroWings,7232,0.21,806,1,1294
BOM,JFK,246,autumn,First,AeroGulf,759,0.01,388,0,80
BOM,SYD,204,spring,Economy,PacificAir,2156,0.36,1607,0,487
FRA,CDG,44,winter,First,AsiaJet,11647,0.96,1076,1,2387
CDG,LHR,315,autumn,Economy,EuroWings,12971,0.69,1060,1,888
BOM,DXB,319,summer,Business,AsiaJet,11811,0.86,1479,1,765
NRT,CDG,206,summer,Business,AsiaJet,6790,0.14,971,1,1210
DXB,LAX,241,winter,Business,SkyMind,6413,0.07,1951,1,494
SIN,JFK,41,spring,Business,SkyMind,8473,0.01,180,1,1556
CDG,LAX,76,winter,First,PacificAir,1091,0.96,1245,1,613
LAX,CDG,202,spring,Economy,SkyMind,6367,0.3,669,0,425
SIN,SIN,363,spring,Economy,PacificAir,10124,0.46,911,0,3654
CDG,FRA,95,winter,Business,PacificAir,13805,0.39,1756,1,2559
FRA,FRA,28,winter,Business,EuroWings,11179,0.73,601,0,804
NRT,FRA,144,winter,Economy,EuroWings,6077,0.31,1171,1,502
LAX,LHR,59,autumn,Economy,AeroGulf,728,0.54,1760,1,265
FRA,LAX,129,autumn,Economy,SkyMind,11471,1.0,1032,1,891
CDG,NRT,342,winter,Business,AeroGulf,10060,0.44,764,0,715
JFK,NRT,1,autumn,Economy,AsiaJet,2124,0.55,508,1,257
LHR,LHR,287,autumn,Business,PacificAir,7590,0.5,924,1,2797
JFK,NRT,22,spring,Business,PacificAir,4479,0.8,1136,0,992
CDG,CDG,226,summer,Business,EuroWings,1239,0.27,1968,1,269
FRA,LHR,204,summer,Economy,AsiaJet,7021,0.17,1903,0,1296
BOM,DXB,187,autumn,Business,PacificAir,3674,0.75,323,0,369
BOM,CDG,284,spring,First,PacificAir,5549,0.42,326,1,421
NRT,LAX,332,winter,Economy,AsiaJet,3147,0.91,1087,1,184
DXB,LAX,27,spring,Economy,AsiaJet,10762,0.64,1487,0,2185
DXB,LAX,343,spring,Economy,PacificAir,6936,0.56,290,1,2581
SYD,NRT,129,summer,Economy,AsiaJet,5886,0.07,861,1,1060
LHR,FRA,363,winter,Business,SkyMind,5071,0.73,801,1,913
SIN,DXB,95,summer,First,AsiaJet,7094,0.69,1123,0,2682
FRA,JFK,66,autumn,Business,AeroGulf,13685,0.64,567,1,963
NRT,BOM,177,summer,First,AeroGulf,10726,0.27,127,1,625
BOM,LAX,275,spring,Economy,PacificAir,13072,0.95,1562,1,2462
FRA,SIN,156,winter,Business,PacificAir,7980,0.32,1346,0,2825
LAX,JFK,19,winter,Business,EuroWings,1685,0.15,1083,1,311
DXB,LHR,320,winter,Business,AsiaJet,1089,0.99,1838,0,230
LAX,NRT,58,summer,First,AeroGulf,4717,0.75,1165,0,1952
NRT,LHR,273,summer,First,EuroWings,8148,0.41,1312,0,2937
SIN,LAX,198,summer,Economy,PacificAir,1635,0.94,1715,0,248
FRA,FRA,79,autumn,Business,SkyMind,3920,0.09,137,0,722
NRT,LAX,41,summer,Economy,AsiaJet,11250,0.09,1460,0,4121
LAX,JFK,226,autumn,First,EuroWings,501,0.68,1232,0,276
BOM,SIN,261,summer,Economy,SkyMind,1391,0.18,1749,0,557
FRA,LAX,245,autumn,Business,PacificAir,8382,0.92,1487,0,3080
NRT,DXB,23,spring,Business,AeroGulf,13586,0.84,1256,1,2630
FRA,SYD,197,spring,First,EuroWings,13416,0.31,1463,0,2476
NRT,LHR,236,winter,First,EuroWings,13248,0.89,1811,0,2454
DXB,LAX,126,spring,Economy,PacificAir,8562,0.04,609,1,3091
LAX,JFK,266,winter,Business,PacificAir,11691,0.55,262,1,762
JFK,CDG,324,autumn,Economy,AeroGulf,4053,0.94,403,0,1552
DXB,NRT,140,winter,First,AeroGulf,6569,0.86,846,1,1380
NRT,LHR,316,spring,First,AeroGulf,12349,0.36,881,1,2203
FRA,LAX,127,autumn,Economy,SkyMind,9663,0.18,153,0,1717
JFK,JFK,286,winter,Business,SkyMind,7457,0.21,1277,0,546
CDG,CDG,114,autumn,First,PacificAir,12841,0.51,473,0,796
SYD,LAX,325,autumn,Economy,EuroWings,12434,0.6,976,0,2235
SIN,BOM,13,spring,Business,SkyMind,4704,0.03,1550,0,1734
SIN,FRA,228,autumn,Economy,PacificAir,8971,0.41,849,0,1742
LHR,NRT,9,summer,First,SkyMind,6284,0.83,1165,0,1364
LHR,CDG,146,spring,Business,AeroGulf,2198,0.44,827,0,212
SYD,JFK,163,winter,First,PacificAir,13868,0.17,706,0,816
NRT,NRT,223,summer,First,AeroGulf,11579,0.95,1781,1,811
NRT,CDG,216,spring,First,AsiaJet,3384,0.27,1738,1,178
LHR,JFK,169,autumn,First,EuroWings,11977,0.8,917,1,2247
SYD,FRA,26,winter,First,AeroGulf,4079,0.19,736,1,1559
LHR,LHR,125,autumn,Economy,EuroWings,7695,0.42,441,1,1446
NRT,FRA,300,autumn,First,PacificAir,2751,0.49,760,0,567
NRT,LAX,250,winter,First,AsiaJet,5140,0.5,261,0,1889
JFK,SYD,10,winter,First,EuroWings,2856,0.52,1340,0,597
LHR,SIN,105,spring,Business,SkyMind,13315,0.22,139,0,4898
JFK,JFK,106,spring,First,PacificAir,10623,0.52,1754,1,682
NRT,SIN,1,autumn,Business,AsiaJet,3914,0.48,1746,0,348
CDG,LAX,182,spring,Economy,SkyMind,9700,0.21,897,0,603
SIN,LAX,302,summer,First,SkyMind,13404,0.99,809,1,4926
SYD,CDG,141,winter,Economy,AsiaJet,6208,0.87,728,0,1251
LHR,LAX,230,autumn,Economy,AeroGulf,2578,0.89,1616,1,207
CDG,LAX,64,summer,First,AsiaJet,4695,0.69,124,0,460
LAX,CDG,78,summer,Economy,AsiaJet,3214,0.16,1064,1,605
FRA,NRT,232,winter,First,AsiaJet,7447,0.57,1408,1,485
NRT,JFK,87,spring,Economy,EuroWings,1838,0.82,166,0,308
SIN,DXB,183,summer,Business,AeroGulf,13282,0.04,796,0,4727
LAX,SIN,319,autumn,Business,PacificAir,4189,0.5,402,0,686
CDG,DXB,146,summer,Business,SkyMind,7114,0.4,1118,0,2739
SIN,DXB,317,winter,First,EuroWings,1241,0.21,577,0,87
DXB,CDG,92,spring,Economy,AeroGulf,1233,0.38,1339,1,167
LAX,NRT,123,spring,Business,AsiaJet,8339,0.98,204,1,1656
FRA,SYD,276,autumn,First,EuroWings,2306,0.72,756,1,235
JFK,DXB,64,autumn,Business,EuroWings,13785,0.3,1556,1,5010
CDG,DXB,332,autumn,Business,SkyMind,11070,0.61,1744,0,3862
DXB,BOM,219,autumn,First,PacificAir,11957,0.25,1173,1,2153
CDG,CDG,192,autumn,Business,AeroGulf,2253,0.61,1335,0,478
JFK,BOM,107,summer,First,AeroGulf,7858,0.9,701,1,653
JFK,CDG,247,summer,Business,AeroGulf,6357,0.56,488,0,1188
SYD,CDG,57,winter,First,AsiaJet,1524,0.73,1392,0,426
LAX,FRA,45,spring,Business,AsiaJet,10174,0.45,1314,0,691
CDG,SYD,86,summer,Economy,EuroWings,6264,0.52,1418,0,480
DXB,LHR,38,autumn,Economy,PacificAir,5709,0.7,1063,1,2161
LAX,JFK,182,winter,First,SkyMind,11257,0.81,528,1,4076
NRT,SIN,164,autumn,First,SkyMind,4054,0.66,116,1,843
LHR,DXB,245,spring,Economy,PacificAir,10471,0.98,1355,1,730
JFK,LAX,323,autumn,First,AeroGulf,12408,0.82,542,1,2305
NRT,LAX,126,winter,Business,PacificAir,6716,0.78,1478,1,2558
LHR,SIN,207,winter,Business,SkyMind,5318,0.85,1116,0,1007
JFK,DXB,267,winter,Business,AsiaJet,10808,0.28,1715,1,3816
BOM,DXB,354,spring,Business,PacificAir,5066,0.43,1694,0,1783
CDG,CDG,87,summer,Business,EuroWings,11231,0.56,1475,0,2170
LHR,LHR,145,summer,Business,AsiaJet,5825,0.46,1604,0,2252
LHR,DXB,122,winter,Business,EuroWings,11657,0.85,477,1,4368
DXB,FRA,98,summer,First,EuroWings,11452,0.03,491,0,633
SYD,LHR,289,spring,Economy,PacificAir,7394,0.21,129,1,1300
CDG,SYD,133,autumn,Business,EuroWings,11146,0.88,230,1,2131
CDG,SIN,337,spring,Business,AeroGulf,7582,0.06,500,1,1345
NRT,SYD,318,summer,First,PacificAir,12446,0.23,222,0,4545
JFK,SYD,65,spring,First,SkyMind,10637,0.35,150,0,3975
BOM,SIN,199,autumn,Economy,AeroGulf,3868,0.75,1019,1,1486
JFK,LHR,125,spring,Economy,AsiaJet,3129,0.56,1715,1,682
NRT,LAX,346,summer,First,PacificAir,7442,0.95,1886,0,421
BOM,FRA,208,autumn,Business,SkyMind,9220,0.23,1315,1,1603
JFK,FRA,208,summer,Business,SkyMind,4732,0.87,173,1,1053
NRT,JFK,300,autumn,Business,PacificAir,7161,0.28,1502,0,1187
CDG,DXB,121,winter,Business,AeroGulf,8377,0.25,1626,1,460
DXB,BOM,142,autumn,Business,SkyMind,10163,0.5,1595,1,2010
LHR,SIN,347,summer,First,PacificAir,6775,0.07,210,1,408
SYD,LAX,57,winter,Economy,PacificAir,10727,0.38,1834,1,683
LAX,BOM,304,winter,Economy,EuroWings,12726,0.36,1491,1,2342
FRA,SYD,145,summer,First,PacificAir,10059,0.16,276,1,1878
SIN,LAX,44,summer,Business,SkyMind,2219,0.86,1143,1,559
NRT,LHR,132,spring,First,EuroWings,9733,0.39,304,0,3551
SIN,SIN,81,summer,Economy,SkyMind,3987,0.98,640,0,511
JFK,NRT,353,autumn,Economy,AeroGulf,8675,0.9,1645,1,1529
FRA,NRT,30,winter,Economy,AeroGulf,6344,0.19,1132,0,447
LHR,DXB,341,spring,Economy,SkyMind,9251,0.51,1999,1,3411
JFK,LAX,209,spring,First,AsiaJet,10256,0.6,1698,1,3649
LHR,LAX,243,spring,Business,AsiaJet,13715,0.82,1156,0,2533
BOM,NRT,183,winter,Business,AsiaJet,11916,0.89,251,0,861
DXB,FRA,158,spring,First,SkyMind,6975,0.62,179,1,2526
NRT,JFK,146,winter,Business,PacificAir,6369,0.04,1667,0,2273
DXB,BOM,340,winter,Business,EuroWings,6962,0.48,1639,0,479
NRT,SYD,354,spring,Business,PacificAir,2300,0.88,1825,0,800
JFK,NRT,233,winter,Business,SkyMind,11962,0.71,945,1,720
LAX,DXB,92,spring,Economy,PacificAir,10503,0.87,225,1,2142
DXB,SYD,329,summer,Business,AeroGulf,5575,0.67,607,0,376
FRA,DXB,172,autumn,First,EuroWings,11773,0.04,474,1,2122
DXB,DXB,190,summer,Economy,SkyMind,4762,0.97,1088,1,420
BOM,LAX,31,autumn,Economy,EuroWings,646,0.92,633,0,536
JFK,CDG,109,winter,First,AsiaJet,4328,0.13,250,1,821
SYD,SYD,272,winter,Business,AsiaJet,13232,0.11,317,0,834
FRA,LHR,95,spring,Economy,AeroGulf,2617,0.54,381,0,556
NRT,BOM,77,summer,First,SkyMind,5947,0.76,404,0,440
LHR,SYD,151,summer,First,AsiaJet,5514,0.38,1807,1,428
SYD,NRT,142,winter,Business,EuroWings,11355,0.14,1874,1,2124
SYD,BOM,231,summer,Business,EuroWings,6447,0.51,761,1,1205
JFK,LHR,258,autumn,First,AeroGulf,818,0.34,1743,1,221
CDG,CDG,128,winter,Business,AsiaJet,12661,0.35,1318,1,4609
NRT,SIN,348,spring,First,PacificAir,12823,0.64,1549,0,773
DXB,SYD,224,spring,Business,AsiaJet,6249,0.89,1687,0,565
DXB,CDG,184,winter,Business,AeroGulf,754,0.56,753,1,204
LHR,CDG,280,winter,First,AsiaJet,10028,0.69,1187,1,632
SYD,NRT,293,spring,First,SkyMind,5557,0.66,272,1,278
JFK,NRT,29,autumn,Business,AeroGulf,9026,0.55,803,0,727
LAX,LHR,298,summer,First,PacificAir,11783,0.31,1793,1,2102
JFK,SYD,18,winter,Economy,EuroWings,4893,0.38,496,1,409
FRA,SYD,131,winter,Business,AsiaJet,1544,0.32,1789,1,138
SIN,BOM,269,autumn,Economy,EuroWings,13265,0.92,843,1,4825
BOM,SIN,106,spring,Economy,AeroGulf,2291,0.83,1283,0,995
SIN,LAX,157,winter,Economy,EuroWings,3019,0.58,1553,1,640
SYD,FRA,59,autumn,First,SkyMind,1461,0.91,150,1,375
NRT,JFK,92,winter,Business,AeroGulf,4249,0.89,1338,1,530
CDG,JFK,260,autumn,Business,AeroGulf,5065,0.93,1925,0,1936
BOM,LHR,51,autumn,Economy,AsiaJet,8016,0.22,719,1,1563
SIN,FRA,133,spring,First,AeroGulf,3314,0.72,983,0,776
CDG,SYD,167,summer,Business,SkyMind,1089,0.61,1839,1,189
FRA,FRA,297,spring,Business,AsiaJet,2488,0.73,1850,1,1009
LHR,LHR,5,autumn,Business,SkyMind,11531,0.26,1663,1,4162
LAX,SYD,136,summer,Economy,PacificAir,4365,0.69,374,1,1667
LAX,JFK,226,summer,Economy,AsiaJet,11125,0.41,787,1,673
FRA,DXB,184,spring,Economy,AeroGulf,3489,0.83,965,0,317
FRA,BOM,91,spring,Economy,AeroGulf,12640,0.8,683,1,972
CDG,BOM,308,winter,Economy,AeroGulf,6165,0.21,461,0,2173
CDG,FRA,189,summer,Business,PacificAir,5041,0.18,499,1,958
FRA,DXB,303,autumn,Economy,SkyMind,2460,0.72,1706,1,154
SYD,CDG,338,winter,First,AeroGulf,12886,0.55,894,1,768
SIN,SIN,322,winter,Economy,EuroWings,9346,0.56,662,1,1712
SYD,NRT,133,winter,Economy,AeroGulf,1578,0.75,1207,1,511
FRA,BOM,172,winter,Economy,AsiaJet,3574,0.85,1689,1,1385
DXB,BOM,250,spring,Business,AsiaJet,10047,0.24,1758,0,621
SYD,SYD,61,summer,Business,EuroWings,5529,0.56,326,1,2076
DXB,NRT,50,winter,First,PacificAir,10150,0.83,116,1,787
BOM,CDG,223,summer,Business,AsiaJet,7886,0.87,319,0,2886
FRA,BOM,172,autumn,Economy,PacificAir,11974,0.29,683,1,4368
CDG,NRT,319,summer,First,PacificAir,13604,0.1,551,1,2473
DXB,JFK,225,spring,First,EuroWings,5256,0.23,725,1,376
DXB,LAX,191,summer,First,AsiaJet,6875,0.95,569,0,1335
SIN,LAX,359,autumn,Economy,AeroGulf,5195,0.46,450,0,962
SYD,FRA,265,autumn,Business,PacificAir,1419,0.42,1764,1,295
NRT,DXB,244,winter,Business,PacificAir,10438,0.01,1228,1,624
NRT,SYD,79,autumn,Economy,AsiaJet,2258,0.05,1393,1,762
